packet_id,super_state,mc_state,ctrl_mode,rpm,accel_avg,accel_mad,iq_avg,iq_mad,iq_target,id_avg,id_min,id_max,if_avg,if_mad,field_pwm_avg,field_pwm_mad,vbus_avg,vbus_min,vbus_max,duty_avg,duty_max,if_min,stator_fw_id,speed_target,speed_i_term,i_bus
570,0,0,10,-0.052080903,-4.752344608,178.6525726,0,0,0,0,0,0,0.006534589,0.001997757,0,0,12.99777699,12.99524307,13.00129032,0.015441838,0.016580883,0,0,0,0,0
571,0,0,10,-0.20736441,-26.80380821,202.9866028,0,0,0,0,0,0,0.006063782,0.002135653,0,0,12.99815941,12.99500465,13.00147724,0.015032806,0.016064264,0.002066541,0,0,0,0
572,0,0,10,0.253352582,29.72892189,161.5495148,0,0,0,0,0,0,0.005148733,0.001977765,0,0,12.99733353,12.99162197,13.00159359,0.015302103,0.016455166,0,0,0,0,0
573,0,0,10,-0.274012625,-31.84723473,190.7202301,0,0,0,0,0,0,0.005313808,0.001853889,0,0,12.99742699,12.99468613,13.00050259,0.015380041,0.016308492,0,0,0,0,0
574,0,0,10,0.24110429,27.99401665,144.4607391,0,0,0,0,0,0,0.00468864,0.001933875,0,0,12.99725437,12.99212265,13.00088501,0.015358935,0.016540784,0,0,0,0,0
575,0,0,10,-0.434740067,-46.35853195,240.2876282,0,0,0,0,0,0,0.005137064,0.002636202,0,0,12.99693584,12.99202251,13.00031567,0.015320659,0.016226681,0,0,0,0,0
576,0,0,10,0.044913121,5.499092579,128.8398438,0,0,0,0,0,0,0.004457192,0.001640402,0,0,12.99658966,12.99193478,13.00099182,0.01519553,0.016422683,0,0,0,0,0
577,0,0,10,0.020190042,-1.641507864,135.0869904,0,0,0,0,0,0,0.003684396,0.002183423,0,0,12.99681091,12.98959064,13.00045586,0.015433005,0.016203636,0,0,0,0,0
578,0,0,10,-0.104696549,-19.63087845,186.6322632,0,0,0,0,0,0,0.005407093,0.002180846,0,0,12.99487686,12.99065304,13.00185013,0.01556016,0.016559981,0.002066541,0,0,0,0
579,0,0,10,-0.011256676,0.821097553,124.1626968,0,0,0,0,0,0,0.004623953,0.002452526,0,0,12.99765873,12.99339485,13.00142384,0.015323495,0.015968425,0,0,0,0,0
580,0,0,10,0.009800659,-8.611474991,122.4685135,0,0,0,0,0,0,0.004557798,0.0022762,0,0,12.99685097,12.99312592,12.99946404,0.015352267,0.01645142,0.002066541,0,0,0,0
581,0,0,10,-0.024878182,-5.342193127,138.4834137,0,0,0,0,0,0,0.004704266,0.001891571,0,0,12.99767113,12.98560524,13.00177097,0.015520176,0.016672421,0,0,0,0,0
582,0,0,10,-0.141155601,-10.61069107,82.47795868,0,0,0,0,0,0,0.004351014,0.00150258,0,0,12.99702072,12.99324322,12.99995613,0.015332749,0.017166084,0.002066541,0,0,0,0
583,0,0,10,-0.077394009,-13.29335213,179.2837982,0,0,0,0,0,0,0.004357812,0.002365192,0,0,12.99830341,12.9928236,13.00229645,0.015293267,0.016180161,0,0,0,0,0
584,0,0,10,-0.132150859,-16.35022736,134.3714447,0,0,0,0,0,0,0.004668653,0.002236202,0,0,12.9955492,12.99233246,12.99825478,0.015528825,0.016530868,0.002066541,0,0,0,0
585,0,0,10,0.404466689,40.2543869,127.9213028,0,0,0,0,0,0,0.003743461,0.001634445,0,0,12.99561024,12.98718452,13.00478077,0.015132035,0.015882215,0,0,0,0,0
586,0,0,10,0.138446763,14.37120533,77.71257782,0,0,0,0,0,0,0.006036733,0.002436026,0,0,12.99538136,12.99154663,13.00060844,0.015121621,0.016206995,0,0,0,0,0
587,0,0,10,0.027186055,2.901361227,287.3843689,0,0,0,0,0,0,0.006701129,0.002571276,0,0,12.99481297,12.98792267,13.00244236,0.01530456,0.016052045,0,0,0,0,0
588,0,0,10,0.516922057,51.16553879,235.7575989,0,0,0,0,0,0,0.006512474,0.00313859,0,0,12.99676323,12.99231148,12.99944878,0.015392122,0.016025042,0,0,0,0,0
589,0,0,10,0.185759231,13.97458363,302.8250122,0,0,0,0,0,0,0.006479593,0.002288654,0,0,12.99683189,12.99052334,13.00060844,0.015014925,0.016298968,0.002066541,0,0,0,0
590,0,0,10,0.241646498,14.02374744,143.1270447,0,0,0,0,0,0,0.005416971,0.002343147,0,0,12.99765015,12.99320126,13.00284672,0.015641671,0.016554033,0,0,0,0,0
591,0,0,10,0.274733126,19.07300186,200.8522491,0,0,0,0,0,0,0.005514389,0.001748704,0,0,12.99787903,12.99090099,12.99986744,0.01520604,0.016309083,0,0,0,0,0
592,0,0,10,-0.100665659,-19.90995789,162.2400513,0,0,0,0,0,0,0.005097448,0.002206896,0,0,12.99751186,12.99135494,13.00054169,0.015748486,0.016824728,0.002065236,0,0,0,0
593,0,0,10,0.089722939,5.290989399,179.2130585,0,0,0,0,0,0,0.004667666,0.001707046,0,0,12.99782753,12.99458122,13.00032997,0.015352357,0.016121523,0.002066541,0,0,0,0
594,0,0,10,0.142695576,12.01235962,86.58290863,0,0,0,0,0,0,0.004421196,0.002561364,0,0,12.99727249,12.99551964,13.00031376,0.015419611,0.016129186,0,0,0,0,0
595,0,0,10,0.291380852,29.13533211,148.2599792,0,0,0,0,0,0,0.004007962,0.002284737,0,0,12.99602509,12.99224663,13.00013161,0.015407054,0.016435063,0,0,0,0,0
596,0,0,10,-0.160649404,-22.49287033,114.5894699,0,0,0,0,0,0,0.005345819,0.002695073,0,0,12.9976244,12.99445629,13.00199032,0.015420033,0.016458448,0,0,0,0,0
597,0,0,10,-0.126321957,-18.29001999,170.8014984,0,0,0,0,0,0,0.004586563,0.00191037,0,0,12.99576664,12.98958588,13.00104809,0.015413975,0.016593957,0,0,0,0,0
598,0,0,10,-0.114766277,-10.59726334,132.9205627,0,0,0,0,0,0,0.004776496,0.002186479,0,0,12.99645615,12.99230671,13.00159264,0.015373191,0.016607672,0,0,0,0,0
599,0,0,10,0.03162872,2.473397017,143.5735779,0,0,0,0,0,0,0.00489688,0.002283367,0,0,12.99762726,12.99417686,13.00048828,0.015241137,0.016468989,0,0,0,0,0
600,0,0,10,-0.070634827,-10.58307076,144.6905823,0,0,0,0,0,0,0.005079611,0.00228372,0,0,12.99697495,12.99183178,12.99977493,0.015323317,0.016810298,0.002066541,0,0,0,0
601,0,0,10,0.119154744,11.4947567,187.1524811,0,0,0,0,0,0,0.005776179,0.001993536,0,0,12.99754047,12.99421597,13.00121021,0.015258453,0.016320929,0,0,0,0,0
602,0,0,10,0.431967169,33.3682785,222.1353149,0,0,0,0,0,0,0.007641419,0.001884221,0,0,12.99810219,12.99568844,12.9998045,0.015322116,0.016325502,0.002066541,0,0,0,0
603,3,0,10,12.8089695,547.7922363,177.8437347,0,0,0,0,0,0,0.094252221,0.037143007,0.26533398,0.084638804,12.99617767,12.99218464,12.99951744,0.016023416,0.017588446,0.002066541,0,0,0,0
604,3,0,10,15.31058693,115.9514542,232.7085266,0,0,0,0,0,0,0.175155491,0.034631651,0.352624893,0.041576285,12.99664593,12.98971653,13.00025368,0.016232049,0.017855413,0.143231034,0,0,0,0
605,3,0,10,14.77588463,-10.25795078,210.6034393,0,0,0,0,0,0,0.241939798,0.029938266,0.414766878,0.029221607,12.9944849,12.99082088,13.00034904,0.0164377,0.017860344,0.211607054,0,0,0,0
606,3,0,10,13.75718307,-66.57420349,197.9728546,0,0,0,0,0,0,0.303567261,0.027635422,0.472622871,0.026244743,12.99635124,12.99013996,13.00058174,0.016546248,0.017901786,0.275573224,0,0,0,0
607,3,0,10,12.1063118,-67.70825195,176.1631622,0,0,0,0,0,0,0.362269402,0.026397223,0.528957546,0.025314633,12.99402618,12.99150085,12.99694347,0.016912876,0.01770913,0.337333202,0,0,0,0
608,3,0,10,6.725067139,-125.4931793,364.1346436,0,0,0,0,0,0,0.417637259,0.025368096,0.584020197,0.024655888,12.99342823,12.98709774,12.99721336,0.016798826,0.01783794,0.390269548,0,0,0,0
609,3,0,10,2.753565073,-4.495530128,338.7598267,0,0,0,0,0,0,0.475035608,0.025982952,0.637175083,0.02383852,12.99009132,12.98306084,12.99796772,0.017221857,0.018413069,0.441000998,0,0,0,0
610,4,2,1,150.7206421,6766.102051,11865.02637,34.65472031,20.35016823,34.17196655,0.097083278,-10.58604717,7.301998138,0.573195577,0.050961476,0.682483792,0.019086299,12.92719841,12.75474167,12.99726009,0.092266373,0.39578563,0.502760947,0,336.9113464,0.000373425,4.231616974
611,4,2,1,92.29101563,-2660.275391,5038.804199,57.10306931,9.000019073,56.8599205,0.523562968,-0.004458047,0.899835944,0.459752768,0.076843075,0.755434573,0.03511424,12.85718918,12.82327461,12.87660694,0.145655766,0.17485103,0.354979068,0,345.9327087,0.000500722,7.080506325
612,4,2,1,47.84136963,-1374.640381,1914.889038,59.79786301,1.885298848,59.61824036,-0.256695569,-0.931543648,0.646520078,0.508892238,0.082880132,0.813775241,0.0214737,12.89668274,12.86565971,12.92092323,0.101709157,0.138652638,0.346155494,0,354.9168701,0.000649665,4.656061649
613,4,2,1,42.04861832,-388.6439209,532.2243652,59.53831482,0.346020997,59.95358658,-0.515910029,-1.012297869,-0.186565667,0.655538201,0.050041575,0.846261263,0.018434469,12.85925484,12.82940483,12.90330219,0.133630902,0.161961451,0.637308061,0,363.8856506,0.00066063,6.480967999
614,4,2,1,40.06626129,-108.5530243,162.6184387,60.30936432,0.342049778,59.99435806,-0.166097686,-0.789845347,0.797755659,0.588427246,0.038254999,0.914282799,0.027382141,12.85883141,12.82329082,12.87945271,0.130689621,0.169153839,0.533640265,0,372.805542,0.000656026,5.755260944
615,4,2,1,40.95960236,44.37979889,76.75567627,59.5942421,0.335270107,59.99931717,0.28290987,0.095768362,0.773821354,0.764390767,0.067897379,0.942421734,0.014600991,12.85656548,12.83219433,12.88548088,0.124757782,0.146054819,0.65274775,0,381.7760925,0.000673605,6.000573158
616,4,2,1,43.91411209,150.2730865,51.0463295,60.45743942,0.423601091,59.99991989,0.033056874,-0.507720292,0.992213666,0.748074055,0.021202324,0.988762915,0.018348716,12.83355141,12.8120451,12.84706783,0.136326611,0.160980761,0.723329961,0,390.7617188,0.000687833,6.362283707
617,4,2,1,48.45145035,228.1872559,36.3684082,59.78760529,0.327088714,59.99998474,-0.601231754,-1.051081896,-0.093997538,0.865303695,0.048546165,0.998388648,0.004985651,12.84979439,12.83725834,12.86733532,0.118858278,0.127723604,0.771856487,0,399.730072,0.000694939,5.70965147
618,4,2,1,54.09081268,285.2098999,29.28587532,60.07362366,0.202467933,59.99998474,-0.148234114,-0.868828535,0.285816878,0.907712996,0.025037855,0.999687672,0.001041098,12.84439278,12.832304,12.85629272,0.124017179,0.136818737,0.888759017,0,408.7134094,0.000699823,5.977351665
619,4,2,1,60.61590576,327.9272156,21.49388313,59.90979767,0.214691326,59.99998474,0.316869915,0.131697133,0.632632613,0.996289432,0.034790851,0.999862731,0.000318606,12.83354282,12.82158756,12.86110306,0.129765496,0.139637232,0.941695392,0,417.7367859,0.000714365,6.269159317
620,4,2,1,67.71337891,358.9431152,19.13644028,60.07151794,0.122100063,59.99998474,-0.416880816,-1.039321065,0.373782396,1.059008837,0.031385653,0.99990809,0.000178413,12.83564854,12.8289423,12.84064484,0.128989935,0.13922374,1.025512338,0,426.6691895,0.000710392,5.854670525
621,4,2,1,75.32411194,382.6304626,13.98398209,59.95162201,0.089264229,59.99998474,-0.491291404,-1.12001121,-0.152451813,1.126781225,0.027496191,0.999889255,0.000191741,12.82714748,12.81000233,12.83845043,0.123794712,0.125500679,1.104918242,0,435.7008667,0.000740396,6.033655643
622,4,2,1,83.21234894,399.4641418,14.35768032,59.97917938,0.079669125,59.99998474,-0.108446047,-0.415095687,0.184376761,1.201714039,0.033987809,0.999848485,0.000220053,12.82346344,12.81746483,12.82715034,0.122590706,0.124929704,1.149032354,0,444.6208191,0.000713657,6.088519573
623,4,2,1,91.41819,412.8605347,10.36135864,60.06182098,0.122317299,59.99998474,-0.191701144,-0.560325325,1.045961738,1.260800838,0.027519962,0.999808609,0.000322511,12.81601429,12.81023121,12.82259178,0.12716879,0.133658126,1.239465356,0,453.5914917,0.000716844,6.069665909
624,4,2,1,99.73396301,421.9248657,12.49084949,59.85025787,0.138429821,59.99998474,-0.558342338,-0.841098547,0.013139646,1.326160192,0.029245574,0.99981457,0.000265181,12.81233406,12.80300522,12.83399773,0.123635978,0.123982824,1.294607878,0,462.5745544,0.000716158,6.034373283
625,4,2,1,108.0949097,428.5618591,32.01872635,59.9034462,0.156397626,59.99998474,-0.130663037,-0.541665554,0.354561508,1.389380932,0.028266184,0.999926448,0.000141721,12.8040905,12.79732609,12.81395817,0.125765055,0.129614562,1.360779047,0,471.60849,0.000735269,6.194794655
626,4,2,1,116.7940674,436.647644,9.925703049,60.05241776,0.107782573,59.99998474,-0.367028296,-0.599149942,0.08053676,1.445261121,0.024503889,0.999957383,8.38E-05,12.79401779,12.78056812,12.80400085,0.126086965,0.131245121,1.418127894,0,480.6308289,0.000745822,6.170082092
627,4,2,1,125.4266434,439.4919434,12.38262653,59.92635345,0.12997061,59.99998474,-0.590847433,-0.881716907,0.198747128,1.502409816,0.025498908,0.999889255,0.000173679,12.79782009,12.78772163,12.81105137,0.119807459,0.120218337,1.475475311,0,489.6147156,0.000771381,5.899915218
628,4,2,1,134.2128448,443.1841736,8.458673477,59.90272903,0.113416456,59.99998474,-0.165552214,-0.471309274,0.217212155,1.554658055,0.022705181,0.999910593,0.000158518,12.79380322,12.78657246,12.79848671,0.123664737,0.131039456,1.530619264,0,498.5838318,0.000748408,6.010049343
629,4,2,1,142.9251862,444.6117859,13.15075111,60.08558655,0.095505074,59.99998474,-0.616061807,-0.988097966,-0.162893087,1.605916381,0.023421716,0.999872923,0.000156157,12.79352379,12.78660679,12.80281162,0.124102056,0.134391069,1.574733257,0,507.5687561,0.000772322,5.910428047
630,4,2,1,151.540802,446.1687622,45.15417099,59.91094971,0.135852545,59.99998474,-0.558552802,-1.137286186,-0.03894943,1.658400416,0.02271061,0.999837577,0.00021564,12.79018211,12.77970886,12.80346394,0.117637612,0.119429432,1.634287,0,516.5380249,0.000740785,5.733049393
631,4,2,1,160.5073547,450.8453064,11.63294506,59.8350563,0.138466433,59.99998474,-0.153746918,-0.44571048,0.157278717,1.692313433,0.014274058,0.999962866,8.44E-05,12.77957249,12.77042198,12.78865242,0.130784169,0.143030092,1.678401113,0,525.5613403,0.000749648,6.12598753
632,4,2,1,169.2957764,450.2236023,15.08036518,59.97935486,0.200811595,59.99998474,-0.622131765,-1.048540354,-0.261807263,1.73104012,0.018177703,0.999917209,0.000107142,12.77595425,12.76161957,12.78242111,0.125408486,0.143810824,1.70486927,0,534.5441284,0.000774269,5.770413399
633,4,2,1,178.2295074,451.899353,9.954726219,59.86286545,0.126140326,59.99998474,-0.583973467,-1.11130178,-0.159772918,1.764972568,0.015167206,0.999824226,0.000197471,12.77469158,12.76545429,12.78458405,0.121617034,0.12270315,1.753394485,0,543.5131836,0.000751658,5.939468861
634,4,2,1,187.0180359,451.363678,16.37861633,59.96059418,0.07812319,59.99998474,-0.363743007,-0.665215552,-0.020905944,1.80134654,0.017260741,0.99983722,0.000221321,12.77183437,12.76467037,12.78009701,0.132187024,0.13630864,1.775451541,0,552.4324341,0.000721757,6.345163822
635,4,2,1,195.9651489,453.1050415,10.89978886,59.92814255,0.111865476,59.99998474,-0.649485171,-1.186718345,0.296833754,1.832422018,0.013670949,0.999870181,0.000183937,12.78375626,12.76834679,12.79153728,0.121842213,0.133609876,1.817359328,0,561.4023438,0.000723055,5.717983246
636,4,2,1,204.7502747,452.3825378,17.94149971,59.86245728,0.098731346,59.99998474,-0.596507251,-1.20157969,-0.208138928,1.861190915,0.014690212,0.99985075,0.000196146,12.7920475,12.78526592,12.79983616,0.12036968,0.122655705,1.83721149,0,570.3855591,0.000721882,5.835927963
637,4,2,1,213.7079773,454.1732788,11.87321663,60.0193634,0.074795999,59.99998474,-0.408084482,-0.766248465,0.596887648,1.89567697,0.014580438,0.999864042,0.000180469,12.78810978,12.78110218,12.79756355,0.129086316,0.133523181,1.883531809,0,579.3560791,0.000723475,5.828792572
638,4,2,1,222.4878082,453.2971802,19.5113163,59.8246727,0.113608964,59.99998474,-0.816352606,-1.073837638,-0.266646355,1.919382095,0.011882853,0.999917746,0.000139202,12.78798771,12.78343678,12.79427624,0.127899423,0.13326098,1.90779376,0,588.3392334,0.00072231,5.832852364
639,4,2,1,231.4548645,455.1825867,12.86303234,59.88912582,0.130121425,59.99998474,-0.732234359,-1.11817646,-0.06620156,1.945602894,0.011297445,0.999840319,0.000227111,12.78426075,12.77752304,12.79384327,0.122626528,0.123425618,1.934261918,0,597.3097534,0.000724147,5.886515617
640,4,2,1,240.2284088,454.1721191,21.10171509,59.94522858,0.152763188,59.99998474,-0.536690116,-0.848900616,-0.005261439,1.963974476,0.008915186,0.999893367,0.00016435,12.77142143,12.76258659,12.78669834,0.137219548,0.144714475,1.954112768,0,606.3596191,0.00077618,6.377252102
641,4,2,1,248.8008728,459.9813232,100.2573318,59.90654755,0.244613171,59.99998474,-0.784571826,-1.376186132,0.093672134,1.989251733,0.010469787,0.999921381,0.000136696,12.779603,12.75500107,12.78785706,0.12558639,0.140888587,1.976169705,0,615.3295288,0.000746473,5.733289719
642,4,2,1,257.4960327,458.4957275,84.34745789,59.86198807,0.142537594,59.99998474,-0.569831312,-1.134883761,-0.024683155,2.01554513,0.013139574,0.999765515,0.000257267,12.77472591,12.7634697,12.78905201,0.123878092,0.128605962,1.989405751,0,624.3485718,0.000743949,5.943516254
643,4,2,1,266.6635742,462.9154968,19.58026314,59.90416336,0.120092101,59.99998474,-0.517393172,-0.797691226,0.603474379,2.036948919,0.008954896,0.999933302,0.000129334,12.76389217,12.75630093,12.76794815,0.138446361,0.145213187,2.031313658,0,633.369873,0.000752677,5.965154171
644,4,2,1,275.2512207,464.7413635,111.84758,59.79663467,0.189833716,59.99998474,-0.8902843,-1.344659925,-0.113520131,2.056489468,0.00939331,0.999830008,0.000194229,12.75997066,12.75253105,12.76497936,0.127320781,0.144352838,2.037930965,0,642.3562622,0.000747891,5.685587406
645,4,2,1,283.966156,468.8649597,125.8444901,59.70986176,0.18414402,59.99998474,-0.72629565,-1.128116369,-0.374691397,2.063297033,0.004347429,0.999979377,6.49E-05,12.75582981,12.74984074,12.7617321,0.129593804,0.135327473,2.055575609,0,651.3775024,0.000772186,6.094605446
646,4,2,1,292.9770203,466.2572632,35.08924484,59.99993896,0.148126632,59.99998474,-0.619426131,-0.899214089,0.43587774,2.080494642,0.00785296,0.999944985,0.000101571,12.76957703,12.75025845,12.78380203,0.134737149,0.140090957,2.066604137,0,660.3978882,0.000777371,5.956130981
647,4,2,1,301.6080017,462.7859497,89.81182861,59.93052292,0.158064306,59.99998474,-0.754554629,-1.805978775,-0.052084275,2.098717451,0.009507716,0.999899268,0.000115747,12.77494717,12.76517487,12.78556919,0.126982719,0.134825677,2.082043886,0,669.3671875,0.000745988,5.700521946
648,4,2,1,310.8687439,468.2410278,21.84039879,59.80071259,0.159337908,59.99998474,-0.726143956,-1.225042939,-0.323420882,2.11149621,0.005597033,0.999964356,8.28E-05,12.77584076,12.76540947,12.78619003,0.135582596,0.144416228,2.10630703,0,678.3898315,0.000752635,5.974695683
649,4,2,1,319.7307434,463.9875183,27.86411858,59.82009506,0.18107523,59.99998474,-0.859491765,-1.224427581,0.033346519,2.126065016,0.005463721,0.999949813,0.000102318,12.77467442,12.76077843,12.77992153,0.135569021,0.144065976,2.119541883,0,687.3735962,0.000777819,5.802453041
650,4,2,1,328.8306274,464.8139648,17.71884155,59.88254547,0.118222848,59.99998474,-0.815901279,-1.374708891,0.222167581,2.140105009,0.006357684,0.999972761,5.59E-05,12.76129818,12.75420666,12.77215385,0.130238891,0.134835795,2.128364086,0,696.3426514,0.000754051,5.976690769
651,4,2,1,337.6299744,461.9688416,29.33307266,59.86915588,0.101859093,59.99998474,-0.777866125,-1.064617753,-0.131899923,2.150686264,0.005683371,0.999910712,0.000106566,12.76056957,12.75167465,12.77576542,0.138304219,0.143222377,2.143803835,0,705.2627563,0.000726107,6.159615993
652,4,2,1,346.6972656,463.7169495,18.9956913,59.86105728,0.189397782,59.99998474,-0.977868378,-1.566153288,0.249489188,2.164181232,0.004857569,0.999960423,8.60E-05,12.75346947,12.74429321,12.75988197,0.140187383,0.14334321,2.157037258,0,714.2962036,0.000754147,5.836900234
653,4,2,1,355.4583435,461.2548828,31.15262604,59.84669876,0.170099765,59.99998474,-0.964856863,-1.378694892,-0.154804811,2.172276497,0.003167238,0.999964297,8.02E-05,12.74893475,12.73475933,12.75492096,0.131595701,0.138767883,2.163655758,0,723.2164917,0.000726249,5.776828289
654,4,2,1,364.5111694,463.529541,20.17377281,59.95035553,0.142659217,59.99998474,-0.738599896,-1.200489044,0.350150973,2.179962158,0.003893455,0.999967456,6.19E-05,12.749547,12.73564243,12.75810432,0.13673231,0.140980288,2.172478199,0,732.1865234,0.000727817,6.134273529
655,4,2,1,373.2485657,461.2612915,32.88606262,60.01633453,0.196916133,59.99998474,-0.967379093,-1.499910712,-0.341337383,2.18917799,0.005370236,0.999906361,0.000117346,12.76008606,12.75726795,12.76743126,0.138825744,0.144230992,2.179094315,0,741.1700439,0.000726362,5.98208952
656,4,2,1,381.6741333,470.1329041,161.3019409,59.84647369,0.165015399,59.99998474,-1.134263873,-1.768403411,0.174161017,2.195003986,0.003956144,0.999962151,9.41E-05,12.76784992,12.76172543,12.77698326,0.140401125,0.143974334,2.187917709,0,750.204834,0.000747675,5.900319099
657,4,2,1,390.2917175,469.6482849,144.124649,59.81914139,0.186370388,59.99998474,-1.069361091,-1.700148225,0.015392144,2.201512098,0.002702205,0.999975204,6.38E-05,12.76279068,12.75272751,12.76960373,0.138779104,0.142285109,2.19674015,0,759.2263794,0.000750134,5.937216282
658,4,2,1,399.6185608,473.6730957,31.0185318,59.8812561,0.154153153,59.99998474,-0.89702785,-1.335213304,-0.066539608,2.20936799,0.003560175,0.999944448,8.70E-05,12.75774479,12.74232483,12.76628113,0.138755322,0.142278731,2.19674015,0,768.2471924,0.0007564,5.939577103
659,4,2,1,408.4446411,468.2069397,36.17706299,59.89993286,0.12090499,59.99998474,-0.9429003,-1.547418475,-0.100841001,2.216123581,0.003536619,0.999969363,4.89E-05,12.75189877,12.74407291,12.76116943,0.142118543,0.14616704,2.209974766,0,777.1669922,0.000727796,5.848240376
660,4,2,1,417.5845947,469.5157166,22.73549652,59.93148041,0.161175296,59.99998474,-1.104132295,-1.747782111,-0.270287395,2.218882561,0.002500351,0.999990225,2.47E-05,12.73814678,12.72864723,12.74556065,0.142403141,0.151986137,2.209976196,0,786.1375122,0.000729511,5.829695225
661,4,2,1,426.3469849,466.0585938,37.29458618,59.89207077,0.137989104,59.99998474,-1.057899237,-1.774433494,0.027775649,2.220767975,0.002968722,0.999994457,1.25E-05,12.74722385,12.73834324,12.75751686,0.137446612,0.141263321,2.209974766,0,795.1228027,0.000729956,5.980447769
662,4,2,1,434.8122253,465.8284912,55.0098114,59.97102356,0.156293005,59.99998474,-0.881148577,-1.369573712,-0.199601457,2.228583813,0.004682365,0.999931037,6.42E-05,12.75165844,12.7432642,12.76589108,0.146294743,0.152446568,2.218798399,0,804.1426392,0.000729164,6.132061481
663,4,2,1,444.0284729,473.1629944,27.55316925,59.97395325,0.15252389,59.99998474,-1.123998404,-1.71275568,-0.236028969,2.230208874,0.00369112,0.999983072,4.34E-05,12.75978947,12.75595474,12.76824188,0.149737477,0.16049467,2.218797207,0,813.1765747,0.000756846,5.867179871
664,4,2,1,452.827301,469.5312195,39.98062134,59.84475327,0.183242515,59.99998474,-1.309793949,-1.993268967,-0.542491615,2.229309082,0.002347787,0.999997854,9.46E-06,12.75208378,12.73999023,12.77015686,0.138532192,0.141829193,2.225414515,0,822.0969238,0.000729303,5.97411108
665,4,2,1,461.9802246,471.506012,25.34858894,59.84178162,0.201745585,59.99998474,-1.09514451,-1.416070342,0.221042618,2.234094381,0.003438824,0.999999762,1.64E-06,12.74368286,12.73130512,12.75836945,0.149724141,0.156778306,2.22761941,0,831.0675659,0.000730573,6.301975727
666,4,2,1,470.7187195,467.836853,41.32866669,59.97287369,0.209647432,59.99998474,-1.370119095,-2.06152153,0.026956011,2.239833117,0.002705706,0.99999547,1.21E-05,12.73062038,12.72084141,12.7443428,0.15455687,0.166707233,2.236444235,0,840.0505981,0.000729424,5.982618332
667,4,2,1,479.840271,470.4805298,26.5241127,59.8224144,0.239991456,59.99998474,-1.468923092,-1.923137069,-0.667156756,2.233832598,0.003997709,0.999999464,2.54E-06,12.73865318,12.73052502,12.75009823,0.13953954,0.145651877,2.225414515,0,849.0211792,0.000730809,5.906517029
668,4,2,1,488.5429077,467.2272339,43.13537979,59.84671783,0.172892869,59.99998474,-0.949097157,-1.555744529,0.265583843,2.236925125,0.003532519,0.999999762,5.27E-07,12.74387932,12.73741627,12.75843811,0.151689708,0.164739132,2.22761941,0,858.0045776,0.000729785,6.308083534
669,4,2,1,497.6512451,470.365448,27.69608879,60.12290192,0.235264972,59.99998474,-1.263180614,-2.184864759,-0.487475753,2.239071608,0.003164197,0.999999762,2.74E-07,12.75634289,12.74552059,12.76635265,0.159700379,0.176009804,2.232031822,0,867.0393066,0.000755456,5.898207664
670,4,2,1,506.3305359,467.2575378,44.85503387,59.78399658,0.235350877,59.99998474,-1.427145004,-2.27440691,-0.442609489,2.241505861,0.002544213,0.999991655,2.25E-05,12.74915886,12.73386288,12.77081966,0.139243603,0.147843719,2.234238148,0,876.0230103,0.000781342,5.754562855
671,4,2,1,515.4351807,470.7158203,28.78167915,59.89800644,0.23370263,59.99998474,-1.023934484,-1.554531097,0.222974449,2.242292881,0.002453926,0.999998987,4.76E-06,12.73402309,12.72123623,12.75781345,0.156811759,0.168993443,2.234238148,0,884.9918213,0.000757354,6.399288177
672,4,2,1,524.0985107,467.6313782,46.50046539,59.96746063,0.30323413,59.99998474,-1.345767856,-2.109267473,-0.019369571,2.24277854,0.002062637,0.999999762,8.52E-07,12.72859192,12.7092638,12.74128437,0.162438616,0.183087632,2.23864913,0,893.9122314,0.00073043,5.71393013
673,4,2,1,533.2045288,471.3354797,29.84760666,59.74517822,0.208762795,59.99998474,-1.395648003,-2.537453651,-0.481021583,2.243723869,0.002145668,0.999999762,3.13E-07,12.74729538,12.73674107,12.7567625,0.137521595,0.153819829,2.23865056,0,902.9459839,0.000757706,5.615785122
674,4,2,1,541.8552246,468.1914368,48.12453079,59.82859421,0.262328625,59.99998474,-0.913039088,-1.575625896,0.157010928,2.243567705,0.002293636,0.99999088,1.37E-05,12.74128151,12.73641682,12.75355244,0.167750627,0.192380607,2.236444235,0,911.866394,0.000730821,6.382004738
675,4,2,1,550.96521,472.0746765,30.87725258,59.91361237,0.272544682,59.99998474,-1.782064438,-2.576616526,-0.850335598,2.241817713,0.002750228,0.999998868,3.91E-06,12.74717331,12.73329258,12.7583065,0.162654519,0.192544669,2.232031822,0,920.8371582,0.000732181,5.735111237
676,4,2,1,559.6057739,468.8775024,49.75329208,59.62585449,0.212628067,59.99998474,-1.579575658,-2.25283289,-0.671975613,2.238839626,0.002920951,0.999999762,7.66E-07,12.7440691,12.72741508,12.75992775,0.141776696,0.147215486,2.234238148,0,929.8863525,0.000782446,5.897784233
677,4,2,1,568.7212524,472.8958435,31.89565659,60.18766785,0.407490343,59.99998474,-1.207401276,-1.792707562,-0.325393677,2.23815608,0.002054374,0.999999762,3.03E-07,12.70384693,12.67896938,12.72363853,0.178127095,0.195335329,2.234236717,0,938.8540649,0.00075835,6.750056267
678,4,2,1,577.352356,469.5973816,51.35872269,59.84131622,0.364943981,59.99998474,-1.702996135,-2.905925989,-0.283369571,2.241723537,0.003888031,0.999999762,2.46E-07,12.74512005,12.71666241,12.76331711,0.150384381,0.184142113,2.229825735,0,947.8388672,0.000782536,5.3271842
679,4,2,1,586.4741821,473.7543945,32.90460587,59.6907959,0.216234162,59.99998474,-1.17473495,-2.278977156,0.031935766,2.2458601,0.003029078,0.999996603,7.15E-06,12.74456406,12.7361517,12.76256657,0.152872473,0.17542474,2.23864913,0,956.7446899,0.000732972,6.054545879
680,4,2,1,595.0975952,470.3908997,52.96339035,60.14840317,0.369286776,59.99998474,-1.611298442,-2.543861866,-0.496866375,2.242624044,0.002629035,0.999999583,1.70E-06,12.7301054,12.71648788,12.74020386,0.181227416,0.196370363,2.236444235,0,965.7924805,0.000782948,6.361441612
681,4,2,1,603.237915,471.4463196,183.8965454,59.82555389,0.309256941,59.99998474,-1.597958922,-2.847171545,-0.239477381,2.249209404,0.00334087,0.999998093,4.99E-06,12.7424469,12.73452568,12.77141857,0.145429403,0.153205097,2.24306035,0,974.7614746,0.000753725,5.526703835
682,4,2,1,612.6943359,483.6946411,44.9895668,60.01382446,0.391923726,59.99998474,-1.044731259,-1.686318517,-0.147002622,2.247447491,0.002796348,0.999999762,1.05E-06,12.70310783,12.67917442,12.73280144,0.172979206,0.188479319,2.240854263,0,983.7851563,0.000760081,6.617890835
683,4,2,1,621.413269,477.0846558,55.62898254,59.97317886,0.405966252,59.99998474,-1.784203529,-2.546923637,-0.597916663,2.2514956,0.003407505,0.999999762,3.37E-07,12.73736,12.7047863,12.75672913,0.168376729,0.197428286,2.236444235,0,992.7677612,0.000785235,5.765374184
684,4,2,1,629.6986084,476.3243408,80.21675873,59.75576782,0.306787282,59.99998474,-1.559646368,-2.408673286,-0.461425215,2.255378246,0.004103105,0.999982476,3.79E-05,12.74154949,12.73083782,12.76480389,0.15980567,0.167257696,2.247471571,0,1001.723816,0.000734885,6.037654877
685,4,2,1,639.0744019,486.6548157,39.7810936,60.14174652,0.344490111,59.99998474,-1.404839158,-2.36435318,-0.726857066,2.251766443,0.004684362,0.999997854,8.89E-06,12.728158,12.70324993,12.74135017,0.173140824,0.185629085,2.240854263,0,1010.694519,0.000735667,6.194672108
686,4,2,1,647.8459473,481.1519165,57.38336563,59.77344894,0.359259635,59.99998474,-1.771793008,-2.652898312,-0.563195884,2.259026289,0.003613528,0.999999762,1.57E-06,12.72480392,12.70551109,12.74292374,0.167493597,0.178477392,2.254088879,0,1019.677979,0.000734441,5.838643551
687,4,2,1,657.1233521,483.6763,36.09666061,59.90393448,0.354047269,59.99998474,-1.723690033,-2.378231764,-0.654159784,2.255542517,0.002992424,0.999999762,4.01E-07,12.71564579,12.69471455,12.72703552,0.166957274,0.175617784,2.249677658,0,1028.64856,0.000735473,6.216411591
688,4,2,1,665.2078857,491.5044861,288.9777832,59.84910202,0.361162871,59.99998474,-1.475322485,-2.545323133,-0.744078338,2.256274939,0.002843896,0.999999762,2.58E-07,12.73211861,12.72317791,12.74298286,0.172389343,0.185952842,2.249677658,0,1037.69812,0.000757702,5.978646755
689,4,2,1,673.6328125,502.1146545,320.8494263,59.92244339,0.3606565,59.99998474,-2.011015654,-2.733217239,-1.047464132,2.253919363,0.002221173,0.999999762,2.41E-07,12.72908115,12.71565247,12.74004269,0.174645379,0.190814406,2.247471571,0,1046.718506,0.000782116,6.074984074
690,4,2,1,682.7832642,495.2590332,86.01374054,59.88691711,0.265272111,59.99998474,-1.716034293,-2.462444067,-0.686263621,2.258804083,0.002731025,0.999999762,2.39E-07,12.72573185,12.71369648,12.74792576,0.164377362,0.168582454,2.251883984,0,1055.73999,0.000788259,5.948636055
691,4,2,1,692.2196045,493.0256958,39.63593674,59.88559341,0.334673882,59.99998474,-1.775708318,-2.865996361,-0.797757506,2.252191067,0.00396287,0.999999762,2.38E-07,12.70322514,12.68046188,12.72109699,0.18489708,0.194238693,2.24306035,0,1064.64502,0.000737269,6.395306587
692,4,2,1,700.9960327,485.1547546,61.21065521,59.90002441,0.284204006,59.99998474,-1.74363482,-2.911581039,-0.607216299,2.257197618,0.003214905,0.999999762,2.38E-07,12.73265743,12.70754433,12.75310326,0.167434663,0.181892738,2.245266676,0,1073.694702,0.000788041,5.7276721
693,4,2,1,710.3173218,487.5004272,38.79479599,59.7724762,0.339891702,59.99998474,-1.680624485,-2.441698551,-0.989222527,2.252351284,0.004108426,0.999999762,2.38E-07,12.72502232,12.70626163,12.75109386,0.183010966,0.194270715,2.24306035,0,1082.664673,0.000762242,6.24543047
694,4,2,1,718.9949341,481.407135,63.27900696,60.04212952,0.355989277,59.99998474,-1.806554675,-2.818746805,-1.0381881,2.259160519,0.00330126,0.999999762,2.38E-07,12.7221632,12.70402813,12.74415016,0.173505768,0.187223479,2.249677658,0,1091.647217,0.000787482,5.883354664
695,4,2,1,728.2557373,485.0383911,40.30703354,59.76280212,0.345730484,59.99998474,-1.875313401,-2.667760611,-1.011345506,2.256216049,0.003733856,0.999999762,2.38E-07,12.7033844,12.68194199,12.72955036,0.181709453,0.190610185,2.245265245,0,1100.616821,0.000763805,6.184446812
696,4,2,1,736.8765869,479.7369995,65.25193024,60.05190277,0.364235699,59.99998474,-1.682488561,-2.731629372,-0.785363376,2.260158539,0.002777232,0.999999762,2.38E-07,12.72422791,12.70422077,12.7403307,0.17703183,0.18383868,2.254090309,0,1109.536255,0.000736129,5.995184422
697,4,2,1,744.8781128,482.6714478,247.7931366,59.90286636,0.433814079,59.99998474,-2.058192253,-3.083109617,-0.926684678,2.256240368,0.003434183,0.999999762,2.38E-07,12.72303772,12.70636845,12.74510384,0.186234102,0.196527317,2.249677658,0,1118.570923,0.000759632,6.194957733
698,4,2,1,754.5041504,495.0591431,57.34029007,59.93046951,0.343334228,59.99998474,-1.796548963,-2.84317565,-1.028856874,2.261968374,0.002845024,0.999994755,1.21E-05,12.71820164,12.70614624,12.74211407,0.17665866,0.182878196,2.258500099,0,1127.592041,0.000762005,5.877178669
699,4,2,1,763.2120972,486.1017761,68.45394135,59.98732376,0.474439144,59.99998474,-2.124025822,-2.955881834,-0.989368021,2.256540775,0.003144366,0.999999344,2.75E-06,12.70173359,12.67464638,12.71170807,0.187460572,0.199070677,2.249677658,0,1136.512695,0.000739008,6.430092335
700,4,2,1,772.52948,489.2319336,42.67617798,59.82746506,0.400162488,59.99998474,-1.721667528,-2.713639259,-1.106238365,2.260162115,0.004459641,0.999999762,5.64E-07,12.72564602,12.71387768,12.73766708,0.185560107,0.198717535,2.251883984,0,1145.480957,0.000738305,5.890154839
701,4,2,1,781.1582031,483.0872192,69.01025391,60.11022568,0.41273123,59.99998474,-1.939007759,-3.13790822,-1.06141293,2.258484364,0.003824309,0.999999762,2.78E-07,12.71736717,12.69951534,12.73304462,0.185089678,0.197339058,2.251883984,0,1154.466187,0.000741208,6.075713158
702,4,2,1,790.430542,487.5106812,43.9727478,59.73860168,0.388950676,59.99998474,-2.064356804,-3.292090178,-0.815644324,2.261523247,0.002693251,0.999999762,2.43E-07,12.70123482,12.67637634,12.73572636,0.1883495,0.198745951,2.258500099,0,1163.434326,0.000738353,6.207555771
703,4,2,1,799.0119019,481.9382935,70.92510986,59.96346664,0.523083329,59.99998474,-1.837320328,-3.214812517,-1.015509248,2.258365393,0.00258387,0.999999762,2.39E-07,12.71312904,12.67714596,12.72967911,0.188377738,0.201681465,2.251883984,0,1172.41748,0.000737448,6.015982628
704,4,2,1,807.0620728,482.2478027,103.5084152,60.02495193,0.467801988,59.99998474,-1.979968786,-2.905696154,-1.169640779,2.258539438,0.002458264,0.999999762,2.38E-07,12.72142506,12.71261024,12.73839474,0.190996245,0.201926991,2.251883984,0,1181.441284,0.000741108,6.208306789
705,4,2,1,815.3187256,491.5719604,110.2165985,59.87952042,0.422309726,59.99998474,-2.266288996,-3.251686811,-0.76063031,2.257962465,0.002575073,0.999999762,2.38E-07,12.716012,12.69430447,12.73098755,0.189157873,0.202850819,2.251883984,0,1190.460449,0.000740864,6.096894264
706,4,2,1,824.9525757,504.5998535,51.92486954,59.93826294,0.464631438,59.99998474,-1.921135068,-3.187147617,-1.156037927,2.254188299,0.004174676,0.999999762,2.38E-07,12.69563389,12.67105103,12.71872234,0.195610136,0.207531691,2.245266676,0,1199.430786,0.000741301,6.202741146
707,4,2,1,833.7755737,496.0731812,73.56118774,60.09476089,0.373688579,59.99998474,-1.934761167,-3.316110373,-1.129195213,2.25540185,0.002855615,0.999999762,2.38E-07,12.71637058,12.69189644,12.73270702,0.190695286,0.205217108,2.245266676,0,1208.414185,0.000740013,5.978684425
708,4,2,1,841.8474121,512.9686279,372.4302979,60.17081451,0.519533813,59.99998474,-2.23758769,-3.416132689,-1.196427941,2.250435352,0.003429085,0.999999762,2.38E-07,12.7109127,12.69204235,12.7306242,0.194779456,0.209585518,2.24306035,0,1217.450684,0.000764139,6.267807484
709,4,2,1,851.6975708,510.1001282,71.58583069,59.81113434,0.410872042,59.99998474,-2.175238848,-3.250647783,-1.232957721,2.251272202,0.003354587,0.999999762,2.38E-07,12.69652176,12.6601696,12.72996044,0.19780235,0.209809661,2.24306035,0,1226.468506,0.000766574,6.241518497
710,4,2,1,860.4781494,496.4871826,77.00276184,59.94618225,0.533132136,59.99998474,-2.083468676,-3.253521204,-1.187922716,2.248304129,0.003028319,0.999999762,2.38E-07,12.70562267,12.67267799,12.72664928,0.19714278,0.209922329,2.23864913,0,1235.388672,0.000740497,6.076207161
711,4,2,1,868.4940796,492.3214111,254.8430023,60.10050964,0.498020828,59.99998474,-2.002707958,-3.154178619,-1.13762188,2.250575304,0.003243295,0.999999762,2.38E-07,12.71501732,12.70403194,12.73078632,0.200250089,0.210868329,2.240855455,0,1244.422363,0.000762589,6.123632908
712,4,2,1,878.3518677,508.4344788,62.90138245,60.16362762,0.473517567,59.99998474,-2.201267958,-3.604861259,-1.163169622,2.256631374,0.00315152,0.999999762,2.38E-07,12.70757771,12.68232918,12.72607803,0.196283802,0.216331407,2.251883984,0,1253.444336,0.000765513,6.035582542
713,4,2,1,886.3118286,514.9785156,391.2410583,60.00589752,0.564695656,59.99998474,-2.305090189,-3.645644665,-1.173378587,2.255185604,0.004032323,0.999999762,2.38E-07,12.69196224,12.66037846,12.71178818,0.19907856,0.213185355,2.247471571,0,1262.429688,0.000767331,6.340950489
714,4,2,1,894.6917725,526.9699707,431.5226746,59.87934113,0.493870348,59.99998474,-2.382256031,-3.773492336,-0.654143453,2.257151365,0.004459843,0.999999762,2.38E-07,12.70858002,12.69592381,12.72872448,0.207131043,0.222621441,2.247471571,0,1271.450073,0.000792617,6.464235783
715,4,2,1,903.1922607,534.3496094,439.9453125,59.93293762,0.573488533,59.99998474,-2.415224314,-3.762010336,-0.81274426,2.259490013,0.002944329,0.999999762,2.38E-07,12.70992565,12.68703461,12.7248106,0.203947112,0.222386658,2.249677658,0,1280.470947,0.000792542,6.048787117
716,4,2,1,912.6053467,521.3981934,115.2562943,59.7401619,0.567481458,59.99998474,-2.193084002,-3.647983074,-0.798416197,2.258573055,0.003152787,0.999996781,8.64E-06,12.68990231,12.65927601,12.71439171,0.206046358,0.219508514,2.251883984,0,1289.493164,0.000794851,6.274026871
717,4,2,1,922.3591309,516.0129395,52.07403183,59.90236664,0.602839887,59.99998474,-2.067684412,-3.38274312,-1.05650413,2.257146835,0.002307343,0.999999642,1.83E-06,12.70833969,12.67896843,12.72525978,0.21172294,0.229163915,2.249679089,0,1298.461182,0.000768677,6.20635128
718,4,2,1,931.1982422,503.6916809,80.75614166,59.94556046,0.679011643,59.99998474,-2.301471233,-3.782518864,-1.255249023,2.257249117,0.002356061,0.999999762,4.32E-07,12.71319962,12.68204594,12.73317051,0.207236961,0.224485472,2.245266676,0,1307.446289,0.000793283,5.88087368
719,4,2,1,940.7372437,505.4414978,50.94468689,59.94285583,0.502960265,59.99998474,-2.092279434,-3.717097521,-0.985361576,2.255900383,0.003790412,0.999999762,2.62E-07,12.68472958,12.65681362,12.71096516,0.207273975,0.219171494,2.249677658,0,1316.351929,0.000743604,6.197223186
720,4,2,1,949.4043579,496.2461243,83.26177979,60.17671585,0.549884021,59.99998474,-2.034122705,-3.678629398,-1.075704336,2.255259514,0.003323417,0.999999762,2.41E-07,12.70437908,12.68421555,12.72919559,0.212858811,0.226535469,2.249677658,0,1325.335083,0.000742569,6.188482761
721,4,2,1,958.8303223,500.3079529,52.8408432,60.13116074,0.548907101,59.99998474,-2.182663202,-3.999290705,-0.992932379,2.257128716,0.004393535,0.999999762,2.39E-07,12.70667744,12.67943096,12.72560024,0.212120429,0.233139619,2.245266676,0,1334.305542,0.00074332,5.88413763
722,4,2,1,1101.267944,7946.891113,6487.23291,59.15788651,1.744740844,59.99998474,-0.928788781,-11.43718052,5.045676708,2.254157066,0.007540489,0.999999762,2.38E-07,12.61318016,12.4941988,12.71823692,0.299690932,0.432037413,2.240854263,0,1343.288818,0.005128045,11.07830048
723,4,2,1,1424.488159,10564.95801,7858.357422,10.01114559,18.04709816,10.43915272,-0.783122063,-12.57351017,6.945509434,2.336061239,0.028216785,0.991812825,0.002707456,12.75377369,12.4871645,12.81911469,0.340592891,0.447040707,2.251883984,0,1352.260376,0.006575129,2.310780048
724,4,2,1,1496.236084,4506.665527,2942.237793,1.315374494,4.48090744,1.269156933,0.121224783,-1.860011935,4.160698414,2.343843222,0.007965486,0.995034158,0.001873292,12.80733585,12.79259014,12.82841206,0.315651566,0.330733329,2.335699558,0,1361.307007,0.002546016,0.304671586
725,4,2,1,1530.739502,1606.571533,1815.636963,0.045031738,1.067496181,0.154299825,0.308080614,-1.551627278,2.186563015,2.33953166,0.003359437,0.999170721,0.001560348,12.80931282,12.79909611,12.82776642,0.295118213,0.31104973,2.333493471,0,1370.212769,-0.003488664,-0.000215167
726,4,2,1,1530.567505,48.39082336,957.8766479,-0.142970994,0.557356954,0.01875926,0.130672261,-1.199850559,1.570369005,2.33373189,0.003648455,0.999894142,0.0003957,12.82072639,12.80982018,12.82913208,0.275849164,0.286368936,2.326876163,0,1379.195923,-0.009826885,-0.042198233
727,4,2,1,1504.59314,-1345.29895,886.7362061,-0.081939913,0.445020914,0.002280688,0.135189205,-1.402914047,1.520983338,2.329503298,0.002333636,0.999987245,7.38E-05,12.81562233,12.80744743,12.82472229,0.256691277,0.268265575,2.318053722,0,1388.16626,-0.015311412,-0.02614098
728,4,2,1,1453.992432,-2311.167725,707.5338135,0.000434789,0.424036711,0.000277278,-0.031283386,-1.223921299,1.520287752,2.326453686,0.003494577,0.99999845,1.21E-05,12.82395363,12.81567574,12.83032417,0.237109676,0.248457953,2.320260048,0,1397.151367,-0.018818403,-0.006199753
729,4,2,1,1402.997925,-2628.96167,625.8965454,0.094751261,0.440111071,0.435032248,-0.161137283,-1.206351638,1.095942497,2.322608709,0.00490533,0.999999762,1.84E-06,12.82382011,12.81641102,12.83022308,0.224303097,0.233792037,2.30923152,0,1406.119751,-0.01999576,0.015554857
730,4,2,1,1369.566528,-925.2210693,1458.804199,11.27964497,4.121478081,11.52809525,0.366167128,-0.977171898,2.301640749,2.303721189,0.008999073,0.999999762,4.33E-07,12.77654934,12.75809193,12.81622887,0.279059231,0.309206098,2.291586876,0,1415.167969,-0.01865045,2.749444485
731,4,2,1,1447.296875,2961.673584,1543.298706,2.701780558,4.11801672,2.516818762,-0.155965984,-2.074953794,1.422513127,2.31485343,0.007063613,0.999999762,2.62E-07,12.80507755,12.76115131,12.82097626,0.28994441,0.331323653,2.291585684,0,1424.189941,-0.018226925,0.68332839
732,4,2,1,1446.474731,120.3852692,1213.781006,0.229441345,1.242223382,0.305986404,0.350662619,-1.575321674,1.9794451,2.315999269,0.003017455,0.999999762,2.41E-07,12.81875229,12.80966091,12.83287334,0.264925539,0.285691589,2.30923152,0,1433.095093,-0.01905177,0.047538169
733,4,2,1,1436.963989,-735.204895,903.4368286,0.14683044,0.435154974,0.221830055,0.034266658,-1.343942881,1.202719688,2.31678462,0.003355668,0.999999762,2.39E-07,12.82409286,12.81567764,12.83678341,0.247821838,0.26228556,2.30923152,0,1442.078247,-0.019359706,0.025398247
734,4,2,1,1416.370239,-515.5709839,1060.334229,8.225207329,3.507222652,8.328497887,0.113862507,-1.432459354,1.750386834,2.307941437,0.004292499,0.999999762,2.38E-07,12.78938961,12.77013969,12.8251667,0.280865788,0.305123478,2.300409079,0,1451.048828,-0.018399712,2.010964632
735,4,2,1,1472.170898,2334.980957,1440.81897,2.631540775,3.269562721,2.231455326,-0.206060052,-1.887971163,2.401798248,2.311293125,0.004484083,0.999999762,2.38E-07,12.80975437,12.78100681,12.82609081,0.28921473,0.326433033,2.287174463,0,1460.033936,-0.017832529,0.661828339
736,4,2,1,1465.787598,-354.719696,1225.995605,0.359852552,1.061505318,0.271292835,0.204570338,-1.506868005,1.584836006,2.310652733,0.001804105,0.999999762,2.38E-07,12.82046795,12.81012344,12.83034611,0.263540745,0.282855541,2.307025194,0,1469.067383,-0.018188672,0.086230271
737,4,2,1,1462.168091,-262.7753296,731.9782715,2.666712046,1.229094744,2.562613964,-0.161527738,-1.41922164,1.303831935,2.310776949,0.002137331,0.999999762,2.38E-07,12.81569481,12.79973888,12.83162498,0.269070119,0.280595303,2.304820299,0,1478.088013,-0.017818628,0.610493839
738,4,2,1,1461.94458,313.8987427,798.1229248,6.824282169,1.72353816,6.758841515,0.103954323,-1.537456036,2.46377182,2.305657387,0.004189616,0.999999762,2.38E-07,12.79179192,12.78404999,12.80813217,0.294391006,0.312718064,2.295998096,0,1487.061523,-0.016840715,1.714258313
739,4,2,1,1505.667847,1743.371948,1052.86084,1.727967262,2.263460636,1.424153328,-0.062359743,-1.703361869,1.821311831,2.309504986,0.004353998,0.999999762,2.38E-07,12.81326771,12.79181194,12.82234955,0.287681341,0.32449311,2.287174463,0,1496.055176,-0.016520992,0.434623092
740,4,2,1,1489.727661,-794.5355835,1103.938477,1.510528684,1.372317433,1.669865489,0.411361724,-1.55494988,1.902084947,2.308827877,0.004060285,0.999999762,2.38E-07,12.81738853,12.80990887,12.82994843,0.27230069,0.286361933,2.295996666,0,1505.103394,-0.016564414,0.342109293
741,4,2,1,1501.682617,438.9571228,868.1810913,3.004276276,1.151030898,3.012941599,0.002001825,-1.657688141,1.858261704,2.306990862,0.003522266,0.999999762,2.38E-07,12.81169605,12.795784,12.82167816,0.284788996,0.298418373,2.291586876,0,1514.008301,-0.015963387,0.72549051
742,4,2,1,1499.055054,31.01289749,819.0229492,5.319940567,1.35118854,5.700064182,0.29428646,-1.725431919,2.028659344,2.303390741,0.00463971,0.999999762,2.38E-07,12.79705715,12.78713989,12.81002235,0.298960149,0.321981996,2.293791771,0,1523.057007,-0.015197591,1.340193629
743,4,2,1,1536.194092,1350.68335,852.2530518,1.387607217,1.986681819,1.272021532,-0.251692116,-1.856395841,1.451217532,2.307210207,0.003234363,0.999999762,2.38E-07,12.8154459,12.7929287,12.82551765,0.289067447,0.321707428,2.298202991,0,1532.078979,-0.014870171,0.350179553
744,4,2,1,1519.692017,-386.2526245,1043.487915,4.093648911,2.262399673,4.422632694,0.100256175,-1.408130765,2.332988739,2.301836491,0.005981535,0.999999762,2.38E-07,12.80718899,12.79012966,12.82638931,0.292482942,0.316221476,2.287174463,0,1540.985352,-0.014482874,1.032319784
745,4,2,1,1545.479492,859.8417969,907.935791,1.687078953,1.804021597,1.532814145,-0.305139571,-1.547613382,1.678124547,2.303934813,0.003013315,0.999999762,2.38E-07,12.81385231,12.79430962,12.82669926,0.287483335,0.312889189,2.291586876,0,1550.031982,-0.014005707,0.419038713
746,4,2,1,1538.853149,334.9417114,1180.969604,5.612504482,2.014501572,5.558746815,-0.103443198,-1.879319787,2.349712372,2.294601679,0.006078622,0.999999762,2.38E-07,12.80016136,12.79063225,12.81442165,0.303546786,0.32787174,2.282763243,0,1558.937622,-0.013293229,1.46167326
747,4,2,1,1565.687378,702.1088867,1110.523071,1.290836096,1.827681065,0.994471788,-0.014396123,-1.622812629,1.709738851,2.304375172,0.005240588,0.999999762,2.38E-07,12.81249142,12.80491447,12.82397747,0.288776815,0.320843309,2.291585684,0,1567.920654,-0.013016718,0.325886786
748,4,2,1,1559.581299,289.9071045,1064.919922,4.694379807,1.833881736,4.748283386,0.174667045,-1.803507209,2.26699543,2.300456285,0.004212189,0.999999762,2.38E-07,12.80580902,12.79253578,12.81978512,0.302346587,0.322638214,2.291585684,0,1576.891602,-0.012421514,1.207944274
749,4,2,1,1573.330688,22.02672005,1168.13269,1.527122736,1.382080197,1.875950575,0.053571254,-1.557785034,1.824191451,2.307442427,0.004207991,0.999999762,2.38E-07,12.81140423,12.80516911,12.82575035,0.292897493,0.317687362,2.298202991,0,1585.876953,-0.012064362,0.384567946
750,4,2,1,1582.294067,975.9386597,1192.500366,4.823461056,1.824201584,4.833673477,-0.152412623,-1.670947194,2.549140692,2.300578356,0.005054147,0.999999762,2.38E-07,12.80048084,12.78613281,12.81235218,0.313076198,0.332857668,2.284968138,0,1594.908813,-0.011274019,1.283253551
751,4,2,1,1593.661133,40.30142212,1084.426514,1.777670741,1.657693982,1.724738479,0.004532034,-1.710438371,1.529880881,2.306098938,0.003981498,0.999999762,2.38E-07,12.81311798,12.80284882,12.82890892,0.293988526,0.309872299,2.295998096,0,1603.829102,-0.011088441,0.449218214
752,4,2,1,1603.471436,951.8337402,1004.412903,3.936960697,1.542165041,3.685977221,0.004266681,-1.990663052,2.522147417,2.302002192,0.004803171,0.999999762,2.38E-07,12.80427837,12.7892313,12.8193531,0.309355587,0.32948941,2.289380789,0,1612.799438,-0.010422034,1.037377238
753,4,2,1,1601.417725,-388.9460144,951.0286255,3.164985418,1.841505051,3.700366259,0.158595815,-1.946035743,1.776919246,2.303828478,0.004569932,0.999999762,2.38E-07,12.80646324,12.79723072,12.81873417,0.304995239,0.321960986,2.293791771,0,1621.847412,-0.010032035,0.824165165
754,4,2,1,1630.449707,1556.94165,954.4200439,2.807320356,2.143284082,2.430386782,-0.236012444,-1.650569439,2.350677729,2.301089525,0.005637026,0.999999762,2.38E-07,12.80871677,12.78660965,12.8245306,0.31238696,0.337747008,2.278352261,0,1630.870239,-0.009396989,0.750058174
755,4,2,1,1618.486694,-518.2253418,1005.319702,3.55385685,2.068288326,3.903093576,0.41804412,-1.548849225,2.722456455,2.303380013,0.004259197,0.999999762,2.38E-07,12.80613518,12.78895664,12.82100296,0.30733043,0.321047485,2.295998096,0,1639.891235,-0.009055292,0.919587135
756,4,2,1,1645.68103,1043.605103,880.9978027,1.979906797,1.92453444,1.82616508,-0.208934769,-1.924424052,1.741845965,2.302784443,0.00368214,0.999999762,2.38E-07,12.81108665,12.7929039,12.820858,0.309448212,0.336589307,2.287174463,0,1648.847046,-0.008543074,0.526805162
757,4,2,1,1639.104858,250.8533325,1139.408447,5.210431099,2.04614377,5.190759659,-0.012530305,-1.661496282,2.391716242,2.299810648,0.00489323,0.999999762,2.38E-07,12.79855347,12.78625298,12.81204319,0.319601297,0.341431856,2.289379358,0,1657.817505,-0.007941047,1.423209667
758,4,2,1,1660.036865,390.0753479,1158.36731,1.275195956,1.793970823,1.295026064,0.238435954,-1.821320772,2.043914795,2.304964066,0.004439295,0.999999762,2.38E-07,12.81009674,12.80249977,12.82357979,0.306364179,0.336309254,2.291585684,0,1666.802734,-0.00762358,0.3360295
759,4,2,1,1662.13916,642.8834839,1046.118774,4.647821903,1.630914807,4.566698551,-0.156900615,-1.979325414,2.694523335,2.29512763,0.006076453,0.999999762,2.38E-07,12.80252934,12.78832722,12.81470776,0.323689014,0.342898548,2.280558348,0,1675.770996,-0.006978136,1.282941818
760,4,2,1,1670.759766,-71.68510437,1005.35022,2.535079718,1.833419919,2.621860027,0.207465261,-1.84163475,2.179543734,2.299928904,0.005379899,0.999999762,2.38E-07,12.80631733,12.79558754,12.82045174,0.311617017,0.324584842,2.287174463,0,1684.754395,-0.006670778,0.672620714
761,4,2,1,1688.007568,1183.726318,948.3547363,3.380073786,2.010494947,3.274215937,-0.14331457,-2.151607513,2.777933121,2.295903206,0.004631583,0.999999762,2.38E-07,12.80313683,12.78808689,12.81639004,0.325603575,0.347699463,2.282763243,0,1693.724731,-0.006017503,0.938658655
762,4,2,1,1684.764771,-183.7917023,862.7880249,3.760900736,2.16358614,3.828561544,0.117777586,-1.945537806,2.27829361,2.302967787,0.003495642,0.999999762,2.38E-07,12.80374432,12.78941631,12.81593895,0.319322467,0.332383722,2.291586876,0,1702.70813,-0.005668997,1.02922821
763,4,2,1,1709.294189,1097.113159,902.8602295,2.159781933,2.038534641,1.928840876,-0.195440784,-2.154556513,3.135721922,2.304786205,0.004036122,0.999999762,2.38E-07,12.80781269,12.78926754,12.81812668,0.32149902,0.348989397,2.287174463,0,1711.678589,-0.005160571,0.600446463
764,4,2,1,1702.834717,202.395752,1103.196411,5.077693462,2.104026556,4.998212337,-0.077310927,-1.990535259,2.257145643,2.298359871,0.006229888,0.999999762,2.38E-07,12.79733181,12.78152943,12.81360531,0.329432279,0.352851063,2.287174463,0,1720.663696,-0.004623354,1.434483051
765,4,2,1,1721.066284,240.0072479,1198.517822,1.366215944,1.673869133,1.655044198,0.08709947,-2.025290728,1.938397408,2.304477215,0.004627203,0.999999762,2.38E-07,12.80771542,12.79340744,12.81939888,0.318645716,0.34571898,2.291586876,0,1729.631958,-0.004307205,0.374272078
766,4,2,1,1728.725098,967.4599609,1202.088745,4.725873947,1.498175859,4.373227119,-0.172836602,-1.915596247,2.408164501,2.296423435,0.006281404,0.999999762,2.38E-07,12.79927158,12.78378773,12.81000042,0.335017383,0.354262739,2.280558348,0,1738.615234,-0.003648118,1.349457383
767,4,2,1,1731.056641,-245.7980042,995.2137451,2.85202384,1.615678787,3.036533117,0.164563552,-1.844104648,1.969154716,2.304482937,0.004394515,0.999999762,2.38E-07,12.80541039,12.79529095,12.8176527,0.326010615,0.342155457,2.293791771,0,1747.649048,-0.003331746,0.791809142
768,4,2,1,1752.502808,1070.837891,1110.276733,2.891575336,1.86043334,2.484295368,-0.132073328,-2.210010052,2.344821453,2.299977064,0.006626737,0.999999762,2.38E-07,12.80448341,12.78592014,12.81608391,0.33228603,0.356445581,2.278352261,0,1756.569458,-0.002775092,0.823776305
769,4,2,1,1746.576294,-30.28660965,1064.418701,4.623630047,2.030303001,4.878837585,0.048945982,-2.097193241,2.646889448,2.296473503,0.007817612,0.999999762,2.38E-07,12.79769516,12.78588676,12.81253624,0.337307721,0.360280603,2.282764673,0,1765.539795,-0.002306588,1.333979368
770,4,2,1,1767.854004,446.9299011,1133.211914,1.615721822,1.749351978,1.595846295,0.191023126,-2.031218767,1.914184093,2.304835081,0.005228706,0.999999762,2.38E-07,12.80680656,12.78996944,12.81820488,0.327188373,0.35425064,2.291585684,0,1774.523315,-0.001949194,0.452711195
771,4,2,1,1772.682373,830.1644897,1133.880493,4.606324673,1.490035772,4.532236576,-0.255940855,-2.32546401,2.680340528,2.298705339,0.00542612,0.999999762,2.38E-07,12.7974596,12.78377819,12.81141663,0.343686074,0.363101959,2.289379358,0,1783.495483,-0.001332994,1.347694755
772,4,2,1,1776.348145,-239.6857758,1006.967957,2.756519794,1.534456491,3.201060057,0.262907118,-1.995104194,2.489121914,2.298710585,0.006997623,0.999999762,2.38E-07,12.8047924,12.79373169,12.82011604,0.334310025,0.351094335,2.284968138,0,1792.477783,-0.001026775,0.779093564
773,4,2,1,1797.383179,1031.987183,1040.786133,2.832839727,1.867977977,2.493076563,-0.143691972,-2.210300684,2.464655876,2.299110651,0.004959946,0.999999762,2.38E-07,12.8022995,12.78736782,12.8136797,0.340215743,0.366422296,2.282763243,0,1801.44812,-0.000482625,0.826186955
774,4,2,1,1793.005005,91.64678955,1066.719238,4.694437027,2.025076866,4.80874157,-0.13667208,-2.036828518,2.504164696,2.293370962,0.00791287,0.999999762,2.38E-07,12.79660034,12.78503513,12.81226921,0.345438153,0.369496346,2.278352261,0,1810.431396,-2.08E-05,1.387321949
775,4,2,1,1810.515747,237.2365112,1189.519897,1.682838202,1.539962888,1.902142048,0.049382068,-2.121200562,2.158859491,2.301097631,0.005618903,0.999999762,2.38E-07,12.80443573,12.79061508,12.81278992,0.336907119,0.362968177,2.280558348,0,1819.464966,0.000320242,0.485398442
776,4,2,1,1820.531616,989.407959,1097.901611,4.248628616,1.546683788,4.03544569,0.06095501,-2.088701963,3.195185184,2.297674656,0.004114666,0.999999762,2.38E-07,12.79651928,12.78199673,12.80700397,0.34996298,0.36937353,2.284968138,0,1828.385376,0.000917548,1.263133645
777,4,2,1,1821.435181,-115.263298,888.5609741,3.582976341,1.902213335,3.641746283,0.004799671,-2.057701588,2.065595388,2.302763462,0.004113249,0.999999762,2.38E-07,12.80087471,12.78603172,12.81589127,0.344616592,0.358569086,2.295998096,0,1837.420288,0.00124402,1.056941032
778,4,2,1,1844.162598,1053.59314,863.5542603,2.351338625,1.846508026,2.15588069,-0.339198351,-2.270750046,3.162819147,2.30287385,0.005471732,0.999999762,2.38E-07,12.80336094,12.78770161,12.81426048,0.346398562,0.373414785,2.289379358,0,1846.341431,0.001710172,0.6965186
779,4,2,1,1842.45874,569.020752,1139.427002,4.703591824,1.774093032,4.794769764,0.084668092,-2.192290068,2.85281682,2.298159838,0.004821889,0.999999762,2.38E-07,12.79741287,12.78376579,12.81001377,0.355544299,0.374979228,2.287174463,0,1855.310059,0.002230094,1.420683146
780,4,2,1,1851.646484,-10.83250141,977.6713257,2.755669832,1.646568775,2.869182825,0.302728117,-2.00297451,2.31127429,2.306158543,0.005505975,0.999999762,2.38E-07,12.79872704,12.78678322,12.81026554,0.346005738,0.3607122,2.298202991,0,1864.293091,0.002534423,0.803730786
781,4,2,1,1870.105347,1142.739258,1010.589233,3.209461689,1.666359186,2.839915752,-0.217139021,-2.003707886,3.126841784,2.300810337,0.004945881,0.999999762,2.38E-07,12.79929066,12.7831583,12.81241417,0.354647726,0.376760364,2.287174463,0,1873.263672,0.00306771,0.970251501
782,4,2,1,1865.511353,87.07796478,1068.090332,4.715322018,1.952446461,4.824059963,-0.085067883,-2.406003237,2.74458313,2.298462391,0.006106832,0.999999762,2.38E-07,12.7946825,12.78356552,12.80793953,0.358287215,0.381642938,2.282763243,0,1882.247192,0.003498883,1.440939426
783,4,2,1,1881.362305,156.2246704,1141.368408,2.097058058,1.444047689,2.257511139,-0.127259731,-2.063833237,1.772215366,2.304139376,0.005898644,0.999999762,2.38E-07,12.799263,12.7835989,12.81018448,0.351955831,0.371969283,2.287174463,0,1891.281006,0.003841375,0.620411396
784,4,2,1,1893.836548,964.5111694,889.2952271,3.746155024,1.635659814,3.679076195,-0.112120368,-2.314055443,2.856321096,2.299119711,0.004743861,0.999999762,2.38E-07,12.79473305,12.78143406,12.80857277,0.361904055,0.379401058,2.284968138,0,1900.292114,0.004384457,1.150113821
785,4,2,1,1890.298218,-285.0752258,938.7153931,4.043638229,1.719870925,4.341380119,0.436557412,-2.042218208,3.064430475,2.296394348,0.006419105,0.999999762,2.38E-07,12.79350185,12.78127575,12.81157875,0.360803604,0.384692997,2.278352261,0,1909.273926,0.004753086,1.227472425
786,4,2,1,1912.006958,506.8934021,1052.773071,2.129095554,1.661958456,2.03286767,0.112988025,-2.423355818,2.060606956,2.300702572,0.004241329,0.999999762,2.38E-07,12.79571247,12.78464794,12.80648518,0.355992675,0.381751359,2.287174463,0,1918.230835,0.005131769,0.645270586
787,4,2,1,1919.896118,923.8157959,1056.249023,4.240596294,1.423111677,3.986972094,0.017291304,-2.239831686,2.946016073,2.293035269,0.005744447,0.999999762,2.38E-07,12.79356956,12.78410339,12.80630302,0.366507709,0.386607856,2.27393961,0,1927.265747,0.005666861,1.320127964
788,4,2,1,1918.807861,-259.5641785,1000.106812,3.910482883,1.876476645,3.937177658,0.289416045,-2.358932495,3.372341394,2.299128294,0.005810639,0.999999762,2.38E-07,12.79389,12.78305244,12.80757713,0.363015413,0.377362549,2.289379358,0,1936.287354,0.006001986,1.198412538
789,4,2,1,1940.479736,686.4058838,970.0743408,2.357021332,1.598667383,2.192293406,-0.108725332,-2.232851982,2.209536314,2.303345203,0.00474804,0.999999762,2.38E-07,12.79633331,12.78316307,12.80952168,0.362154424,0.389916062,2.282763243,0,1945.208374,0.006404565,0.7289446
790,4,2,1,1946.120728,875.6166382,1126.796387,4.447503567,1.236722112,4.181218624,-0.113431238,-2.380253315,2.47826004,2.298718929,0.005535229,0.999999762,2.38E-07,12.79171371,12.78466225,12.80378628,0.372972161,0.392739981,2.282763243,0,1954.176758,0.006918986,1.409194112
791,4,2,1,1948.137573,-78.59875488,818.2037354,3.830247641,1.737956285,3.878972292,0.180673689,-2.012980461,2.393480062,2.298766375,0.005808771,0.999999762,2.38E-07,12.79119682,12.77529812,12.80753899,0.367997885,0.380048662,2.287174463,0,1963.159668,0.007237138,1.198535919
792,4,2,1,1967.811523,727.8141479,974.0929565,2.476459503,1.554539204,2.273558378,-0.167458758,-2.396078587,2.608086824,2.302853107,0.005715027,0.999999762,2.38E-07,12.7947197,12.78277969,12.8040266,0.367465734,0.395736843,2.280558348,0,1972.181519,0.007651157,0.777729511
793,4,2,1,1972.977661,860.6498413,1125.757813,4.54764986,1.226519704,4.34920311,-0.14582184,-2.523627281,2.576971054,2.295247078,0.00562388,0.999999762,2.38E-07,12.78917885,12.77975368,12.80106068,0.377540976,0.397908539,2.282764673,0,1981.216553,0.008162764,1.460150957
794,4,2,1,1974.684082,-127.9724045,927.2969971,3.88959384,1.712757468,3.815432549,0.209172621,-2.47683692,2.894089937,2.298020601,0.004338581,0.999999762,2.38E-07,12.79141235,12.78281498,12.80466461,0.372841865,0.38489458,2.287174463,0,1990.200073,0.008484248,1.226707578
795,4,2,1,1994.30896,631.3261108,964.4970093,2.413728714,1.534922957,2.261693001,0.060057916,-2.301000118,2.968060017,2.300411463,0.007016753,0.999999762,2.38E-07,12.79297924,12.7852087,12.80389404,0.371977657,0.400085837,2.282762051,0,1999.169189,0.008866563,0.757257938
796,4,2,1,2001.071899,890.8856812,1012.220276,4.322728157,1.343160152,4.049593449,0.02780956,-2.60279274,2.992841721,2.295989752,0.005548817,0.999999762,2.38E-07,12.78757095,12.77846527,12.79374695,0.381023973,0.398399055,2.27394104,0,2008.191895,0.009367711,1.401664019
797,4,2,1,1999.769531,-249.5436249,918.0549316,4.005218029,1.601378679,4.365886211,0.504032135,-2.3708148,3.332010508,2.292065382,0.006483396,0.999999762,2.38E-07,12.7892971,12.77596664,12.80532646,0.380568802,0.398713529,2.278352261,0,2017.212524,0.00970523,1.28170228
798,4,2,1,2019.567749,422.6345215,1051.478394,2.218339443,1.54317224,2.324515343,0.101750039,-2.478392124,2.392281294,2.294651985,0.005435786,0.999999762,2.38E-07,12.79088211,12.78138065,12.8010149,0.376895875,0.40287891,2.282763243,0,2026.235107,0.010056922,0.708512247
799,4,2,1,2029.61499,947.6286621,907.5362549,3.813612938,1.578116775,3.703175545,-0.135287389,-2.577402592,3.251518965,2.293213129,0.005212095,0.999999762,2.38E-07,12.79114056,12.77941132,12.80197716,0.386670977,0.405827969,2.278352261,0,2035.156494,0.010543473,1.251691699
800,4,2,1,2028.825928,25.97047043,1019.023315,4.370168686,1.67912674,4.53415823,0.080278002,-2.302345514,2.947749853,2.295272112,0.006416826,0.999999762,2.38E-07,12.78645515,12.77322292,12.79710484,0.387662828,0.409804493,2.282763243,0,2044.188232,0.010900397,1.439448118
801,4,2,1,2044.165771,237.2940979,1022.09729,2.661121607,1.428942323,2.796460152,-0.162031904,-2.65655303,2.501619339,2.302118301,0.006377864,0.999999762,2.38E-07,12.79106426,12.78164101,12.80124855,0.382863343,0.401493162,2.289380789,0,2053.108643,0.011223017,0.868356287
802,4,2,1,2058.182617,957.201416,1048.666138,3.501868963,1.477463484,3.125432014,-0.091973513,-2.294350624,3.718916416,2.299019814,0.006025712,0.999999762,2.38E-07,12.79092979,12.77859592,12.79973316,0.388103276,0.409381717,2.280557156,0,2062.14209,0.011685726,1.157196879
803,4,2,1,2058.096191,341.2277222,1024.516968,4.787318707,1.634092093,4.752246857,0.224864632,-2.488999605,3.451863766,2.293792248,0.006288427,0.999999762,2.38E-07,12.78572273,12.77505779,12.7948885,0.392826051,0.412372142,2.278352261,0,2071.146729,0.012100184,1.590704799
804,4,2,1,2067.2771,-73.32201385,996.5272217,3.025022268,1.382959485,3.276493311,0.172073588,-2.821517706,2.21465826,2.299819708,0.006248646,0.999999762,2.38E-07,12.78990936,12.78503513,12.79927444,0.387945235,0.40698114,2.289379358,0,2080.06665,0.012390974,0.991156518
805,4,2,1,2086.802246,982.6171265,884.3286743,2.886066675,1.667480707,2.766659021,-0.325702608,-2.66563344,3.534867764,2.2982409,0.006766617,0.999999762,2.38E-07,12.78916359,12.77758884,12.80303764,0.392051607,0.414620459,2.278352261,0,2089.099609,0.0128184,0.962341666
806,4,2,1,2090.173584,778.8892212,1056.952759,4.532383442,1.279479861,4.333944798,-0.290795565,-2.814064264,3.178150654,2.296524525,0.006073827,0.999999762,2.38E-07,12.78772354,12.78076267,12.79805183,0.398598105,0.418793976,2.282764673,0,2098.019043,0.01325136,1.535935879
807,4,2,1,2090.774414,-239.5704346,954.6177979,4.00728035,1.61613369,4.128954411,0.471789062,-2.423489571,3.47919631,2.297417164,0.006446201,0.999999762,2.38E-07,12.78615379,12.77684021,12.80283451,0.395032346,0.406842619,2.287174463,0,2106.98999,0.013561227,1.325360179
808,4,2,1,2108.359863,324.1459961,1031.170654,2.466505289,1.446680546,2.629960537,0.026880793,-2.8598032,2.487939119,2.299438,0.004924056,0.999999762,2.38E-07,12.7877636,12.78018665,12.79389763,0.394359261,0.421803653,2.284969568,0,2115.973145,0.013908789,0.824748635
809,4,2,1,2122.203369,1135.397583,983.9006348,3.745238066,1.472525835,3.585914373,-0.445220023,-2.694577694,3.13182807,2.2948246,0.007206667,0.999999762,2.38E-07,12.78475189,12.77516174,12.79062366,0.403008372,0.424083948,2.278352261,0,2124.943848,0.014370097,1.277693868
810,4,2,1,2121.102783,262.250061,981.793396,4.695877552,1.619717002,4.641374588,0.248675466,-2.578320503,3.036257029,2.29217124,0.005734251,0.999999762,2.38E-07,12.78468227,12.77373981,12.79667091,0.403798461,0.42600444,2.280558348,0,2133.990723,0.014737491,1.60306561
811,4,2,1,2130.607666,-66.96452332,977.1990356,3.084632397,1.284687161,3.322974682,0.228288695,-2.410914421,2.697750807,2.295778751,0.005569908,0.999999762,2.38E-07,12.78771496,12.77754021,12.79768181,0.399275839,0.418641627,2.282764673,0,2142.896484,0.01501557,1.039020658
812,4,2,1,2148.835449,853.6526489,860.5107422,3.019033432,1.572220206,2.753853083,-0.333009154,-2.449388981,3.349713326,2.297204256,0.006780754,0.999999762,2.38E-07,12.78672504,12.7747736,12.80102158,0.402829498,0.424182504,2.282764673,0,2151.944824,0.015424941,1.032623529
813,4,2,1,2154.583496,854.920105,980.5090942,4.339559078,1.278296828,4.116696358,0.098198496,-2.697077751,2.921289206,2.293808699,0.007052521,0.999999762,2.38E-07,12.78427124,12.77203369,12.78905106,0.409381777,0.43053934,2.278352261,0,2160.901367,0.015856752,1.504192114
814,4,2,1,2155.470459,-1.884818196,1024.762329,4.238970757,1.591782212,4.48123312,0.18423295,-2.619568586,3.914270639,2.292809963,0.007159917,0.999999762,2.38E-07,12.78432369,12.77297497,12.79550552,0.409866542,0.429661244,2.280558348,0,2169.87207,0.016174022,1.470579386
815,4,2,1,2169.348877,178.8618164,943.6008911,3.040812969,1.495815396,3.142692804,0.180265188,-2.572789907,2.841214418,2.298457146,0.004884372,0.999999762,2.38E-07,12.78503227,12.77921486,12.79638481,0.406693459,0.422061414,2.287174463,0,2178.854736,0.016491275,1.044050694
816,4,2,1,2185.532471,971.0020752,941.9897461,3.084125519,1.660471082,2.955960751,-0.132787272,-2.674263,3.582906246,2.296475887,0.004553961,0.999999762,2.38E-07,12.78548717,12.77597237,12.79261303,0.411260307,0.431965679,2.280558348,0,2187.825928,0.016901007,1.076226473
817,4,2,1,2189.119629,726.6223755,1075.945923,4.530706406,1.258885026,4.423084259,-0.197190717,-2.384763002,3.728453875,2.292400599,0.004207751,0.999999762,2.38E-07,12.78235531,12.77196312,12.78853798,0.416778237,0.43313992,2.280558348,0,2196.80957,0.01729566,1.603658557
818,4,2,1,2191.079102,-97.60098267,955.0353394,3.984555006,1.352595091,4.445646763,0.403246433,-2.439931393,3.978001833,2.293137312,0.007411114,0.999999762,2.38E-07,12.78087616,12.76959801,12.79387188,0.416804463,0.438143462,2.278352261,0,2205.843262,0.017607503,1.390640974
819,4,2,1,2206.489258,215.3065338,1052.961792,2.804037333,1.372392774,2.905587673,-0.11376068,-3.022255421,2.510938883,2.296621799,0.005170406,0.999999762,2.38E-07,12.78377819,12.77282333,12.79719067,0.413020462,0.430058181,2.284968138,0,2214.865967,0.0179078,0.984829545
820,4,2,1,2221.047607,936.7495117,952.2080688,3.303688288,1.552597761,3.222429991,-0.065004893,-2.866848469,3.036292076,2.294035673,0.005928051,0.999999762,2.38E-07,12.7823801,12.76496315,12.79036713,0.417580545,0.440745234,2.276145935,0,2223.849121,0.018312369,1.172675371
821,4,2,1,2224.978027,718.7764282,1099.973145,4.620100975,1.340262651,4.540281296,-0.321092814,-2.679923058,3.952064514,2.290723562,0.007266614,0.999999762,2.38E-07,12.78191376,12.77434444,12.78960037,0.423503578,0.440628439,2.278352261,0,2232.818604,0.018705778,1.663328886
822,4,2,1,2227.55957,-76.21833038,987.3657227,4.019678116,1.373513818,4.397066116,0.318857223,-2.290474892,3.556392908,2.292895555,0.005918597,0.999999762,2.38E-07,12.78184795,12.77022743,12.79864597,0.422008365,0.444855809,2.282763243,0,2241.739014,0.018997427,1.427728057
823,4,2,1,2242.326904,224.1699219,900.0740967,3.174106121,1.423081636,3.094763994,0.104309045,-2.837779045,3.099633694,2.295740128,0.004354062,0.999999762,2.38E-07,12.78246689,12.77398682,12.7902832,0.418909043,0.437659979,2.287174463,0,2250.773438,0.019301163,1.127464652
824,4,2,1,2257.17041,898.458313,880.1707764,3.214762449,1.489346027,3.128485918,-0.269623339,-3.191917181,3.833599091,2.296038389,0.006014844,0.999999762,2.38E-07,12.78382778,12.77192688,12.79380417,0.423767567,0.44501856,2.280558348,0,2259.797607,0.019682847,1.15525651
825,4,2,1,2262.609863,815.373291,966.6335449,4.425807953,1.260385275,4.240041733,0.103729822,-2.697461605,3.60354352,2.290932894,0.006965798,0.999999762,2.38E-07,12.77863026,12.76400566,12.79082012,0.428694874,0.446830034,2.276145935,0,2268.782715,0.020080702,1.603410244
826,4,2,1,2265.455322,185.0052032,1012.150513,4.547165871,1.587523937,4.571717262,-0.064370275,-3.142172575,4.029643059,2.294233799,0.007321058,0.999999762,2.38E-07,12.78036022,12.7715435,12.7989397,0.430107594,0.448337346,2.280558348,0,2277.802002,0.020399751,1.660819054
827,4,2,1,2275.546387,-1.629039168,941.2214966,3.189047813,1.328647256,3.465008974,0.250899434,-2.969234705,3.246582031,2.293886662,0.007216124,0.999999762,2.38E-07,12.77978039,12.7652092,12.78786182,0.426824987,0.442401916,2.276145935,0,2286.708252,0.020675713,1.147294283
828,4,2,1,2291.607422,623.8104858,901.2250366,2.913702011,1.417072654,2.808147907,0.005626218,-2.91697073,3.674540043,2.291735172,0.005523656,0.999999762,2.38E-07,12.78121471,12.76512718,12.78807735,0.427433848,0.453128427,2.278352261,0,2295.756104,0.021021822,1.056007743
829,4,2,1,2302.052246,1058.243896,991.5422363,3.948768377,1.460928202,3.846479654,-0.480523556,-3.134882212,3.67678833,2.2894876,0.006492449,0.999999762,2.38E-07,12.77959442,12.76447105,12.78582478,0.435506761,0.455184668,2.27393961,0,2304.662598,0.021422017,1.458421826
830,4,2,1,2304.706055,528.7459106,1061.828247,4.555877209,1.462260485,4.572682381,0.024075111,-2.761882067,3.623906374,2.285588264,0.006081508,0.999999762,2.38E-07,12.77887249,12.76543903,12.78829098,0.437488526,0.454354405,2.278352261,0,2313.648438,0.021752441,1.688118935
831,4,2,1,2308.719238,-169.279541,979.3302612,3.963252306,1.45830667,4.04743576,0.460080177,-2.638161659,3.929510832,2.289845467,0.005574266,0.999999762,2.38E-07,12.77779293,12.76502228,12.78638744,0.434426159,0.445706278,2.280558348,0,2322.617432,0.022027327,1.443609715
832,4,2,1,2323.888428,259.0102539,982.1239014,3.087594748,1.256755114,3.144087315,-0.180006713,-3.017529726,2.859480143,2.294377327,0.005295051,0.999999762,2.38E-07,12.78047848,12.77042961,12.78782558,0.434344083,0.457384706,2.276145935,0,2331.601074,0.022330649,1.140139461
833,4,2,1,2338.511475,925.8660889,890.7160645,3.391420364,1.516694784,3.12613821,-0.280326337,-2.905421972,3.760730982,2.294685364,0.006840285,0.999999762,2.38E-07,12.77989388,12.76252651,12.78627968,0.43870306,0.458425909,2.280558348,0,2340.572021,0.022700757,1.262058973
834,4,2,1,2344.165771,784.1694336,920.6385498,4.130278587,1.347912788,4.084064484,-0.006777295,-2.799576998,3.209545612,2.292160511,0.005886422,0.999999762,2.38E-07,12.77741623,12.76042652,12.78570271,0.443133354,0.46265167,2.280558348,0,2349.555664,0.02306076,1.551737905
835,4,2,1,2347.645752,314.1247559,957.7764282,4.806363106,1.531681418,4.736532688,0.226637721,-3.005239964,3.412358999,2.289064169,0.006800896,0.999999762,2.38E-07,12.77386284,12.75999165,12.7836132,0.443962634,0.46208483,2.278352261,0,2358.59082,0.023383921,1.803919315
836,4,2,1,2356.139648,38.26430511,811.8348999,3.96659112,1.498142838,3.921222448,0.087513819,-2.768762827,3.066545725,2.296592951,0.007672378,0.999999762,2.38E-07,12.77282524,12.76264954,12.78493977,0.44246918,0.456568748,2.282764673,0,2367.611084,0.023659946,1.490024447
837,4,2,1,2369.050293,256.7716064,1044.83606,2.957300663,1.360453129,3.214309931,-0.128691763,-3.104272842,3.257954597,2.292360067,0.00629913,0.999999762,2.38E-07,12.77628708,12.76766586,12.78508282,0.443372726,0.466713905,2.276145935,0,2376.531494,0.023959374,1.113255501
838,4,2,1,2383.290527,883.2601318,903.8034058,3.364680529,1.439750195,3.141369581,-0.296126038,-2.989772797,3.039042473,2.290974855,0.006100782,0.999999762,2.38E-07,12.77637291,12.75943089,12.78539467,0.44716242,0.468855023,2.278352261,0,2385.502686,0.024311446,1.277331948
839,4,2,1,2389.186768,779.0495605,861.4483032,4.113490105,1.393915415,4.092803001,-0.026134877,-2.553349733,3.62618947,2.288491488,0.006056468,0.999999762,2.38E-07,12.7736721,12.76325893,12.78693771,0.451911271,0.469410688,2.276145935,0,2394.486328,0.024667531,1.572803617
840,4,2,1,2394.288574,450.3813782,1036.643188,4.597175598,1.449364305,4.709111691,0.193446741,-3.251475573,3.970851898,2.287122726,0.006642574,0.999999762,2.38E-07,12.77254868,12.76358032,12.78422451,0.453514665,0.47013694,2.27394104,0,2403.457275,0.02497836,1.75987339
841,4,2,1,2398.916016,-162.0260925,891.3365479,4.019652843,1.42369175,4.096681118,0.547817409,-2.751909256,3.947548628,2.285627604,0.005117093,0.999999762,2.38E-07,12.77313042,12.76152039,12.78594875,0.451225966,0.460195124,2.276145935,0,2412.50415,0.025251267,1.5144279
842,4,2,1,2412.970459,169.1018829,936.5078125,3.425179005,1.290942311,3.274514437,0.232133433,-3.146421671,3.216500998,2.29057312,0.006344565,0.999999762,2.38E-07,12.77239418,12.76226807,12.7835741,0.44983393,0.471915275,2.271734715,0,2421.473145,0.025533617,1.298118114
843,4,2,1,2426.960693,673.25177,960.4951782,3.264647245,1.355565548,3.09274888,-0.047494967,-3.025624275,4.109007359,2.290853262,0.006604936,0.999999762,2.38E-07,12.77095795,12.75632572,12.78263855,0.453089505,0.475258768,2.278352261,0,2430.496094,0.025861504,1.24983263
844,4,2,1,2436.133057,873.5724487,928.1966553,3.990284204,1.239884377,3.656905174,-0.096386522,-2.662169456,3.656377316,2.290282726,0.005218363,0.999999762,2.38E-07,12.7716608,12.7577486,12.78028584,0.457882971,0.476563781,2.276145935,0,2439.415771,0.026213856,1.545835137
845,4,2,1,2442.205566,718.3164673,972.8768311,4.645278454,1.196136951,4.457360268,-0.098720461,-3.197389126,3.080277443,2.285587549,0.007020637,0.999999762,2.38E-07,12.76912212,12.75677013,12.7808218,0.461479604,0.479722708,2.27393961,0,2448.452393,0.026548309,1.821006536
846,4,2,1,2446.381104,218.9020386,943.9542847,4.696146011,1.551010609,4.719389915,0.048609558,-2.828160524,3.142871618,2.282754421,0.007508178,0.999999762,2.38E-07,12.76870441,12.75842571,12.78275776,0.462778211,0.482832074,2.269528627,0,2457.471924,0.026844613,1.839456201
847,4,2,1,2455.631348,31.00001144,803.6459351,3.961377382,1.486709237,3.91414237,0.111625068,-3.008940697,2.930945873,2.287329674,0.005551727,0.999999762,2.38E-07,12.76650524,12.75706196,12.78272152,0.460153818,0.472826511,2.276145935,0,2466.493164,0.027101014,1.547695756
848,4,2,1,2468.158203,272.4279785,873.2062378,3.362143517,1.413839817,3.353196383,0.06282153,-2.980824471,3.542450428,2.288977146,0.004734282,0.999999762,2.38E-07,12.767663,12.75781918,12.78029919,0.460799664,0.483113021,2.276145935,0,2475.413818,0.027387789,1.313336134
849,4,2,1,2481.268066,682.4654541,872.6580811,3.269367695,1.349327564,3.087179899,-0.039809197,-2.977376461,3.365246058,2.286805153,0.004711844,0.999999762,2.38E-07,12.7691927,12.75322914,12.77783966,0.462982088,0.484271735,2.271733522,0,2484.384766,0.027700171,1.281434655
850,4,2,1,2490.070801,824.8677979,1032.698486,3.952142954,1.367841125,3.734296322,-0.058621038,-2.826636314,3.881408453,2.284179926,0.004925742,0.999999762,2.38E-07,12.77176762,12.75460148,12.78373814,0.467258751,0.4852162,2.271733522,0,2493.431396,0.028036265,1.560009718
851,4,2,1,2497.391357,785.6951294,1048.396362,4.478114128,1.194525957,4.201550484,0.04330869,-3.345510721,4.590282917,2.282231808,0.004967309,0.999999762,2.38E-07,12.76667118,12.75393009,12.78005409,0.471329272,0.488162339,2.271733522,0,2502.337891,0.028353836,1.780675292
852,4,2,1,2501.555664,329.1563416,990.6123657,4.778900623,1.511051655,4.707007885,0.190604001,-3.242002726,3.813934803,2.282607079,0.00511954,0.999999762,2.38E-07,12.76594257,12.75438118,12.780756,0.47199747,0.49060905,2.271733522,0,2511.385986,0.028638642,1.90722096
853,4,2,1,2508.064941,-49.05496597,978.8251343,3.99389267,1.307260275,4.485085487,0.445249856,-2.879596472,4.126137733,2.285886526,0.006115677,0.999999762,2.38E-07,12.76439285,12.75421619,12.7776432,0.472749084,0.491808355,2.276145935,0,2520.408447,0.028908698,1.575078249
854,4,2,1,2519.487793,42.6397171,892.935791,3.462943316,1.15402317,3.771651506,0.082689501,-3.597262859,2.934262514,2.288147211,0.005923636,0.999999762,2.38E-07,12.76797962,12.75917625,12.77938271,0.471453428,0.485476375,2.27393961,0,2529.429932,0.02917866,1.381579995
855,4,2,1,2531.429688,273.1363831,1069.752441,3.222836733,1.172909021,3.298196077,-0.044428315,-3.207415819,4.106678963,2.286585093,0.004869735,0.999999762,2.38E-07,12.76293468,12.75248241,12.77366447,0.473215401,0.49149543,2.271734715,0,2538.45166,0.029474622,1.289701104
856,4,2,1,2545.447998,810.4224243,900.5556641,3.436282635,1.381271243,3.269569159,-0.393267483,-3.205228567,3.686410427,2.28552103,0.005476934,0.999999762,2.38E-07,12.76610374,12.75193405,12.7810688,0.475656837,0.495601386,2.269528627,0,2547.409912,0.029785598,1.385002732
857,4,2,1,2553.145996,803.5690918,1022.653809,3.998191833,1.279669881,3.758269548,-0.098776497,-3.341446161,3.845936298,2.2834723,0.005087587,0.999999762,2.38E-07,12.76808548,12.75805759,12.77878284,0.478635192,0.49881804,2.271733522,0,2556.441895,0.030100754,1.625682473
858,4,2,1,2560.293457,738.2702026,950.2254639,4.495607853,1.250317693,4.269480228,0.129313082,-3.510901928,4.276701927,2.282960415,0.004162928,0.999999762,2.38E-07,12.7628355,12.75259018,12.77387619,0.481471807,0.497599214,2.276145935,0,2565.46167,0.030412553,1.851760745
859,4,2,1,2566.724365,507.2934265,1072.663086,4.526619434,1.351487994,4.641383171,-0.028824547,-3.312568665,4.504588604,2.279410601,0.00402961,0.999999762,2.38E-07,12.76517868,12.74846458,12.77514648,0.484675586,0.503495395,2.269528627,0,2574.483887,0.030697081,1.861637473
860,4,2,1,2572.734619,143.4757996,1039.252197,4.359843731,1.384368062,4.556595325,-0.060120292,-3.538444281,4.115672112,2.279983997,0.00542981,0.999999762,2.38E-07,12.76147556,12.74817562,12.77662563,0.485810995,0.505775154,2.267322302,0,2583.468018,0.030962609,1.794070005
861,4,2,1,2582.811035,102.0570831,837.8178711,3.925421,1.417841554,4.056710243,0.145489499,-2.943884611,3.628424644,2.28523612,0.005561115,0.999999762,2.38E-07,12.76314068,12.75245953,12.78043461,0.483871609,0.494001418,2.271734715,0,2592.374268,0.031210704,1.606915951
862,4,2,1,2593.114258,137.6339569,994.0626831,3.596298695,1.20497179,3.50282383,0.3273215,-3.098997116,3.788202286,2.28813076,0.005460521,0.999999762,2.38E-07,12.76228619,12.74935627,12.78086472,0.483186215,0.507428885,2.276145935,0,2601.35791,0.031473607,1.461121917
863,4,2,1,2604.922607,413.1273193,1004.889832,3.287452221,1.280935407,3.352022886,0.016009863,-3.561949253,3.343918324,2.285984278,0.00462101,0.999999762,2.38E-07,12.76136112,12.74555588,12.77435684,0.486170202,0.505665779,2.269528627,0,2610.329102,0.031766657,1.35103035
864,4,2,1,2617.040039,781.8065796,814.6374512,3.622895956,1.233098269,3.409983397,-0.391233265,-3.566570044,4.477249146,2.285590649,0.005929863,0.999999762,2.38E-07,12.76242924,12.7490263,12.77839088,0.489014387,0.507348657,2.27393961,0,2619.314453,0.032065459,1.501889229
865,4,2,1,2624.920898,776.7528687,1031.302124,4.095673084,1.233590841,3.811349154,-0.054449555,-3.482671022,4.351655483,2.284510851,0.00567132,0.999999762,2.38E-07,12.76259327,12.74699593,12.77388763,0.492030412,0.512180805,2.267323732,0,2628.283447,0.032370817,1.70461905
866,4,2,1,2632.993164,751.0786743,901.4976196,4.215486526,1.29031229,4.268529415,-0.082594089,-3.496370316,4.224869728,2.281163931,0.004532388,0.999999762,2.38E-07,12.76031208,12.74576378,12.77260876,0.495686263,0.508946419,2.271733522,0,2637.26709,0.032660015,1.769160032
867,4,2,1,2639.812256,591.4463501,985.6221313,4.659566879,1.25568831,4.571522236,-0.247304395,-3.228414774,4.046618462,2.281530619,0.004874068,0.999999762,2.38E-07,12.75952053,12.74542904,12.77148628,0.497695684,0.515749991,2.271733522,0,2646.238281,0.03293616,1.966439366
868,4,2,1,2646.675537,376.9476624,1018.920959,4.723598957,1.26309967,4.678914547,0.302860051,-3.608839273,4.74220705,2.278571606,0.004920901,0.999999762,2.38E-07,12.75765133,12.74356365,12.77142429,0.498683691,0.517690599,2.269528627,0,2655.22168,0.033205967,1.98320508
869,4,2,1,2653.783203,101.5243835,956.7554932,4.262070656,1.231131792,4.544406414,0.128968626,-3.335416794,3.876807213,2.279504061,0.004675363,0.999999762,2.38E-07,12.758214,12.74678516,12.77077579,0.499663651,0.515241802,2.269528627,0,2664.192139,0.033454403,1.795757174
870,4,2,1,2662.874023,9.308989525,863.1704102,4.080882549,1.407866836,4.062957287,0.201892406,-3.12983036,3.720007896,2.284093142,0.00471715,0.999999762,2.38E-07,12.75705147,12.74427032,12.7685957,0.498093694,0.513028622,2.271734715,0,2673.23877,0.03370158,1.715889692
871,4,2,1,2673.112793,65.26932526,956.2907715,3.594654083,1.263369679,3.820976019,0.255331695,-3.519178867,3.551244259,2.285239935,0.005222565,0.999999762,2.38E-07,12.75872612,12.74107552,12.7675705,0.499244422,0.516871333,2.271734715,0,2682.145264,0.033957101,1.510036588
872,4,2,1,2684.810547,304.1083374,921.0922241,3.423949957,1.29183805,3.595414877,-0.111051805,-3.401479721,3.909894705,2.286276102,0.005240753,0.999999762,2.38E-07,12.75849056,12.74115753,12.76785946,0.501184881,0.521503568,2.271733522,0,2691.128662,0.034228645,1.452354312
873,4,2,1,2696.287842,542.1157837,884.4424438,3.41522789,1.337215781,3.402137518,0.036093816,-3.490341902,3.403408051,2.283910275,0.004958194,0.999999762,2.38E-07,12.75494957,12.7385664,12.76771832,0.502748966,0.52065593,2.262912512,0,2700.162109,0.034506451,1.441985607
874,4,2,1,2706.848145,731.0799561,867.4521484,3.628278732,1.291140079,3.488527536,-0.286434352,-3.684880257,4.365317822,2.283244133,0.00436563,0.999999762,2.38E-07,12.75775146,12.74379253,12.77228451,0.505133629,0.522233963,2.269528627,0,2709.183594,0.034786306,1.549327016
875,4,2,1,2716.05957,820.375,970.1115112,3.806512117,1.375449777,3.771969557,-0.106860258,-3.573261499,4.555864811,2.281803131,0.004093774,0.999999762,2.38E-07,12.75806808,12.7363596,12.76828861,0.508165896,0.526723921,2.271733522,0,2718.205811,0.035067711,1.638408899
876,4,2,1,2725.329102,905.5960083,898.727478,4.237452507,1.140986562,3.962136507,-0.273204148,-3.370802402,4.454984188,2.281082869,0.0051212,0.999999762,2.38E-07,12.75741386,12.74513626,12.76957703,0.510417938,0.530100286,2.269528627,0,2727.191162,0.035343263,1.831392288
877,4,2,1,2732.181396,731.5317993,862.1959839,4.29771328,1.39976263,4.288888931,-0.116407543,-3.660822392,3.651310682,2.279957771,0.003750379,0.999999762,2.38E-07,12.75591278,12.73572922,12.7689352,0.513315558,0.526584148,2.271733522,0,2736.211914,0.035613224,1.868405223
878,4,2,1,2740.248047,678.0131836,983.1956787,4.679150581,1.082287788,4.528810978,0.015635442,-3.962082624,4.544900417,2.278186798,0.004558024,0.999999762,2.38E-07,12.75542831,12.74001312,12.77030087,0.514782786,0.531715989,2.267323732,0,2745.233887,0.035876062,2.036567926
879,4,2,1,2747.150146,485.427948,943.446106,4.649264336,1.231817842,4.641496181,-0.165009275,-3.432406664,4.324032307,2.279515028,0.004275908,0.999999762,2.38E-07,12.75440216,12.73625851,12.76872635,0.517440617,0.533591628,2.269528627,0,2754.140137,0.036135826,2.038035154
880,4,2,1,2754.967285,345.4975281,990.7774658,4.6328969,1.255162597,4.688575745,0.3556647,-3.713063478,4.848783016,2.280616522,0.004922855,0.999999762,2.38E-07,12.75420952,12.74222565,12.77200127,0.518080592,0.535777509,2.265117407,0,2763.123047,0.036379889,2.017367601
881,4,2,1,2762.663574,209.1615143,920.5322876,4.607075214,1.303615212,4.657394409,-0.076952972,-3.677531242,3.573183298,2.280683756,0.006104786,0.999999762,2.38E-07,12.75236034,12.73957729,12.76808929,0.519469976,0.536619961,2.269528627,0,2772.093506,0.036635004,2.02736187
882,4,2,1,2770.598877,49.29391861,1001.525818,4.240437031,1.231943727,4.657674313,0.225121513,-3.186769009,4.299405098,2.283633947,0.007017396,0.999999762,2.38E-07,12.75164032,12.73769665,12.76441002,0.520846069,0.540208578,2.271733522,0,2781.140869,0.036887549,1.861841917
883,4,2,1,2779.06958,-80.73199463,1020.522095,4.255502701,1.238187909,4.254872799,0.359557241,-3.555902004,4.867215157,2.28433609,0.005721596,0.999999762,2.38E-07,12.75148487,12.74021816,12.76532078,0.519484162,0.535542071,2.27393961,0,2790.097168,0.037127491,1.854521155
884,4,2,1,2790.680664,158.2286987,872.0727539,3.899554253,1.146472573,4.114881516,-0.074294783,-3.427286386,4.118188858,2.283606768,0.004876141,0.999999762,2.38E-07,12.75139713,12.73706913,12.76764393,0.522394478,0.541759133,2.27393961,0,2799.068359,0.037381437,1.724646449
885,4,2,1,2799.79834,99.59587097,944.2501221,3.576725483,1.193671703,3.917005539,0.101482928,-3.831837893,4.513482094,2.281987667,0.005757997,0.999999762,2.38E-07,12.75345421,12.73773003,12.76426315,0.522713721,0.54428035,2.267322302,0,2808.053467,0.037620693,1.575875044
886,4,2,1,2809.878174,199.4342957,949.2799683,3.822400331,1.242720842,3.742699623,0.252892137,-3.60089922,4.285223007,2.284425974,0.006214275,0.999999762,2.38E-07,12.75181103,12.73255539,12.76453781,0.523127854,0.542704344,2.271733522,0,2817.022461,0.0378673,1.681637287
887,4,2,1,2820.402344,332.2095032,939.6087646,3.626811504,1.2497679,3.690525532,-0.097515568,-3.689369202,4.25232935,2.284685135,0.003950801,0.999999762,2.38E-07,12.7527504,12.73861599,12.764678,0.525547802,0.542674065,2.27393961,0,2826.005859,0.038116779,1.614488244
888,4,2,1,2829.067627,298.4979858,1020.891052,3.504490376,1.173089504,3.592381001,-0.048706751,-3.825237751,4.440316677,2.287801266,0.005031899,0.999999762,2.38E-07,12.75196743,12.73623276,12.7696619,0.527533948,0.545224249,2.269528627,0,2834.977051,0.038367663,1.561264753
889,4,2,1,2840.222656,515.5571289,850.9508667,3.526708364,1.24768436,3.540335655,0.069756627,-3.995773792,4.700047493,2.285837412,0.005745744,0.999999762,2.38E-07,12.75175858,12.73715496,12.76137257,0.528925657,0.549776673,2.27393961,0,2843.960693,0.038620748,1.574297786
890,4,2,1,2849.631836,582.527832,896.3540649,3.770087719,1.125554681,3.62762332,0.085046507,-3.715419292,4.74164772,2.281437397,0.005838701,0.999999762,2.38E-07,12.74893665,12.73681831,12.75897884,0.530815959,0.547958672,2.267322302,0,2852.99585,0.038880855,1.688906312
891,4,2,1,2859.80957,699.9118652,940.9919434,3.853188515,1.170398593,3.616734505,-0.141705811,-3.252929926,4.204948425,2.281415224,0.005365949,0.999999762,2.38E-07,12.74793911,12.73178101,12.76276684,0.532454967,0.552902758,2.267322302,0,2862.016602,0.039135206,1.739665151
892,4,2,1,2869.00415,741.6281128,817.4954224,3.828591585,1.202118754,3.67854929,-0.337443352,-3.689121008,3.915420771,2.280848742,0.00442963,0.999999762,2.38E-07,12.74965668,12.73633957,12.76290226,0.535358012,0.549527168,2.267323732,0,2870.937256,0.03938048,1.73374629
893,4,2,1,2878.790527,844.5245972,838.0829468,3.841411352,1.24140501,3.748684406,-0.328779757,-3.835554838,4.869887829,2.281048775,0.004046998,0.999999762,2.38E-07,12.74893188,12.72834492,12.75558853,0.537701428,0.557655156,2.269528627,0,2879.908203,0.039631687,1.746966243
894,4,2,1,2886.859619,771.1167603,905.0725098,3.922273636,1.347468257,3.961047173,-0.267229021,-3.51294136,3.663351297,2.282530546,0.004564054,0.999999762,2.38E-07,12.75089741,12.73568916,12.76392555,0.539589405,0.553350329,2.271733522,0,2888.891846,0.039872676,1.794465303
895,4,2,1,2895.801758,774.803894,859.0942383,3.98464036,1.25386107,3.974076986,0.033781394,-3.812763929,4.618830681,2.279488325,0.00436535,0.999999762,2.38E-07,12.74682999,12.73179245,12.75779438,0.541180611,0.559868276,2.267322302,0,2897.862793,0.040117044,1.82162714
896,4,2,1,2904.187012,706.3602905,857.4767456,4.112664223,1.209744453,3.999475241,0.085267588,-3.59176898,3.932285309,2.281686306,0.004566966,0.999999762,2.38E-07,12.7458353,12.73101997,12.75831699,0.542197287,0.557537556,2.269528627,0,2906.909424,0.04035249,1.882626772
897,4,2,1,2913.161377,728.8414917,1059.875366,4.226988792,1.180930972,3.993157387,-0.154418111,-3.561100483,4.91523838,2.279627085,0.004150832,0.999999762,2.38E-07,12.7458744,12.72850418,12.75786304,0.543976784,0.56417644,2.262911081,0,2915.816162,0.040592764,1.945052743
898,4,2,1,2921.723633,721.0789795,955.2408447,4.432812691,1.078883529,4.134542942,-0.106741779,-3.911048651,4.667167664,2.280865669,0.005731535,0.999999762,2.38E-07,12.74643421,12.73320484,12.75475883,0.545701385,0.563812017,2.267322302,0,2924.799561,0.0408401,2.044994116
899,4,2,1,2931.979004,839.9198608,780.4677734,4.353984356,1.109536529,4.085020065,-0.146615848,-3.847724676,3.729097128,2.279382706,0.00382499,0.999999762,2.38E-07,12.7443018,12.72339249,12.75785923,0.547982931,0.562737823,2.269528627,0,2933.770752,0.041085463,2.020541906
900,4,2,1,2940.849854,804.8900757,776.6404419,4.42548418,1.084265113,4.082355976,-0.165684178,-3.542933226,3.474926472,2.279771805,0.006226373,0.999999762,2.38E-07,12.74402523,12.72950554,12.75884724,0.548767447,0.563821375,2.262911081,0,2942.820068,0.041313618,2.058453083
901,4,2,1,2950.338623,866.2728882,837.9596558,4.410307884,1.128785491,4.204685688,-0.257633656,-3.640157461,4.303178787,2.278921127,0.004261182,0.999999762,2.38E-07,12.7445488,12.72700405,12.75553322,0.551001787,0.566552043,2.269528627,0,2951.84082,0.041550919,2.059790373
902,4,2,1,2959.074219,842.2516479,882.7967529,4.385991573,1.144168019,4.164202213,-0.295889139,-3.650522947,4.373206139,2.2789855,0.004408195,0.999999762,2.38E-07,12.74311543,12.72401047,12.75570774,0.553056538,0.570821524,2.269528627,0,2960.746582,0.041779496,2.057121754
903,4,2,1,2967.956543,814.494751,785.7564697,4.383987904,1.132383704,4.100418568,-0.234769568,-3.606462002,3.630226612,2.27936244,0.004898815,0.999999762,2.38E-07,12.7418232,12.72727489,12.75524998,0.554184496,0.571178138,2.269528627,0,2969.795654,0.042011511,2.059252024
904,4,2,1,2976.729004,782.3302002,788.6948242,4.288519859,1.061701775,4.159286976,-0.129533038,-4.006483078,3.64584446,2.282024145,0.005060797,0.999999762,2.38E-07,12.7414341,12.72234154,12.75723076,0.555982172,0.570596933,2.271734715,0,2978.817139,0.042237911,2.015729904
905,4,2,1,2985.320557,736.4065552,837.6166382,4.398198605,0.966118574,4.089504242,-0.069005385,-3.791628122,3.867042065,2.281529903,0.004082366,0.999999762,2.38E-07,12.74224949,12.72848797,12.75215626,0.55683881,0.570422471,2.27393961,0,2987.722168,0.042460244,2.072926521
906,4,2,1,2993.757813,686.619751,949.043396,4.272963047,1.143600583,4.101984024,0.001994741,-3.794552326,4.969753742,2.280459642,0.005008919,0.999999762,2.38E-07,12.74088383,12.72573948,12.75309277,0.559172153,0.57595855,2.262912512,0,2996.704834,0.042689946,2.015909672
907,4,2,1,3002.934082,704.4125977,1040.695068,4.292750835,1.202465534,4.144493103,-0.01036256,-3.989975929,5.024754047,2.279222727,0.005204679,0.999999762,2.38E-07,12.74087048,12.72625351,12.74961853,0.560617089,0.580446422,2.265117407,0,3005.738281,0.042923953,2.034828424
908,4,2,1,3012.38916,727.6397705,798.789978,4.250335693,1.186723113,4.087435722,-0.021306159,-3.764036894,4.46312952,2.278732538,0.004570744,0.999999762,2.38E-07,12.74068356,12.7249918,12.75204754,0.561793745,0.578156948,2.269528627,0,3014.658936,0.043147996,2.022354841
909,4,2,1,3022.339844,803.8066406,905.2450562,4.015511513,1.335493088,4.024415493,-0.117481485,-3.959586382,4.156293869,2.278671503,0.004583352,0.999999762,2.38E-07,12.74088097,12.72421837,12.75035191,0.564022601,0.579341173,2.267322302,0,3023.630127,0.043370117,1.914199471
910,4,2,1,3031.410156,799.7833252,919.9401245,4.037601471,1.338488102,3.969756365,-0.284096956,-3.909038544,4.792171001,2.27710557,0.005616172,0.999999762,2.38E-07,12.74128532,12.72477818,12.75285053,0.565326571,0.584069848,2.260704994,0,3032.61377,0.043587465,1.934471965
911,4,2,1,3040.519531,794.6577759,811.0599365,3.977623701,1.214036822,3.840666533,-0.301225364,-4.027300358,3.897029877,2.279396296,0.00493085,0.999999762,2.38E-07,12.74036121,12.72270203,12.75427246,0.566821098,0.581283689,2.260706186,0,3041.584961,0.043807559,1.905495405
912,4,2,1,3049.178711,723.1036377,860.6317139,3.944442987,1.201965928,3.759491682,-0.410705894,-4.001565933,5.160982132,2.282202482,0.004672397,0.999999762,2.38E-07,12.74000835,12.72336769,12.75223732,0.567176521,0.585774541,2.269528627,0,3050.570313,0.044017956,1.898177505
913,4,2,1,3057.138916,629.916687,922.824646,3.978714705,1.151908875,3.854236603,-0.058423899,-4.078201771,3.935713053,2.280822992,0.004319129,0.999999762,2.38E-07,12.73638058,12.71783447,12.75147057,0.568981886,0.586320639,2.267322302,0,3059.539307,0.044239167,1.913149357
914,4,2,1,3065.929932,604.4284668,786.3026733,3.911353111,1.118949652,3.816542864,0.130473405,-3.761311531,4.317367554,2.281531096,0.004514107,0.999999762,2.38E-07,12.73647118,12.71905136,12.74808693,0.570643961,0.587483704,2.271733522,0,3068.523193,0.044461712,1.885923266
915,4,2,1,3073.498047,436.4237671,945.123291,3.822930336,1.153751969,3.782432318,-0.023650927,-3.916200876,5.172842503,2.279938936,0.004228305,0.999999762,2.38E-07,12.73602676,12.72687912,12.75143528,0.571733773,0.592369616,2.265117407,0,3077.494385,0.044675481,1.849709988
916,4,2,1,3081.405273,316.7184448,1007.651917,3.727733135,1.157928467,3.829027891,-0.24022688,-4.420694828,4.755892754,2.281481743,0.005046193,0.999999762,2.38E-07,12.73748875,12.72246075,12.74553394,0.573725581,0.592825413,2.269528627,0,3086.477783,0.044889238,1.810389638
917,4,2,1,3090.100586,317.6426697,864.8594971,4.006566525,1.164495707,4.023621082,0.064544693,-4.186728477,3.728643179,2.280575275,0.004138761,0.999999762,2.38E-07,12.73571301,12.71742344,12.74811268,0.575157464,0.588872969,2.267322302,0,3095.44873,0.045108497,1.947333336
918,4,2,1,3097.905273,193.0750427,910.5631104,3.933849812,1.114829063,3.983449459,0.405916095,-3.9426651,4.213502884,2.281080246,0.004893492,0.999999762,2.38E-07,12.73529434,12.71694469,12.74765873,0.576815128,0.592927873,2.267322302,0,3104.432129,0.045323972,1.904610991
919,4,2,1,3105.941406,107.9970016,898.5795288,3.955284595,1.0560112,4.219233036,-0.037112694,-3.86716032,4.054912567,2.280212641,0.005093097,0.999999762,2.38E-07,12.73549652,12.72310448,12.74551487,0.578986108,0.59297657,2.260706186,0,3113.466797,0.045535993,1.936363935
920,4,2,1,3114.727295,138.3965759,785.8839722,4.371127129,1.198228478,4.372910976,0.14481242,-4.618482113,4.30365181,2.281137705,0.004816285,0.999999762,2.38E-07,12.72949123,12.709445,12.74187851,0.5804739,0.590285957,2.271734715,0,3122.487061,0.045759473,2.174906015
921,4,2,1,3121.799316,-20.19966888,850.6002808,4.444255829,1.118709564,4.523364067,0.608040571,-4.002150536,4.497064114,2.278574467,0.00495366,0.999999762,2.38E-07,12.72977543,12.71411419,12.74323559,0.583441198,0.596334875,2.267322302,0,3131.51001,0.045983881,2.1713202
922,4,2,1,3132.368164,186.553299,902.2025757,4.561547279,1.171432495,4.756700993,0.086189516,-4.193916798,4.118840218,2.277909517,0.005294772,0.999999762,2.38E-07,12.72973919,12.71094513,12.74536896,0.586513817,0.599234104,2.267322302,0,3140.429932,0.046205364,2.25800395
923,4,2,1,3142.0625,276.986908,888.2590942,4.867589951,1.371340513,4.830287933,0.192057714,-4.387822151,4.451225758,2.277409077,0.004392283,0.999999762,2.38E-07,12.72999191,12.71434116,12.73926258,0.587816656,0.603956282,2.267322302,0,3149.401123,0.046422314,2.414186954
924,4,2,1,3153.111084,491.7856445,1065.842163,4.657037258,1.268839598,4.796518803,0.079734765,-4.200054646,5.337863922,2.275201797,0.004397939,0.999999762,2.38E-07,12.73218155,12.71798992,12.74608707,0.59088403,0.608801425,2.267322302,0,3158.384766,0.046630338,2.326048374
925,4,2,1,3162.841064,570.3928833,982.2369385,4.818814754,1.041571975,4.785337925,-0.372851253,-3.864139795,4.95133543,2.275434017,0.005380567,0.999999762,2.38E-07,12.72898102,12.70922375,12.74219322,0.592195213,0.607230246,2.265117407,0,3167.355957,0.04684379,2.422694921
926,4,2,1,3173.18335,678.40979,877.9143066,4.708805084,1.163721323,4.520809174,0.179285839,-4.003864288,4.367624283,2.277085781,0.004498778,0.999999762,2.38E-07,12.72874737,12.70787716,12.74835777,0.593241811,0.604733944,2.262912512,0,3176.3396,0.047047224,2.356333494
927,4,2,1,3183.2146,760.0403442,939.934082,4.545608044,1.259408593,4.535627365,-0.258257359,-4.144854546,5.18213892,2.278800249,0.00536979,0.999999762,2.38E-07,12.72796059,12.71547508,12.74386406,0.594893992,0.61102134,2.267322302,0,3185.310791,0.047246471,2.289063931
928,4,2,1,3192.173828,702.9321289,1002.093628,4.416644096,1.047845483,4.199273109,-0.050763343,-3.777043581,4.629500866,2.279949188,0.004927528,0.999999762,2.38E-07,12.7311182,12.71570587,12.74019146,0.594981611,0.611197829,2.271733522,0,3194.294678,0.04744358,2.221337318
929,4,2,1,3202.110596,765.8535156,756.723877,4.196260452,1.242457747,4.071208954,-0.273082197,-4.177441597,4.735602856,2.280119658,0.003890691,0.999999762,2.38E-07,12.72947216,12.70642662,12.74108887,0.59626478,0.613512218,2.269528627,0,3203.265625,0.047640607,2.114787817
930,4,2,1,3209.863037,600.2336426,939.0604858,3.983406067,1.078938365,3.983563185,0.0239971,-3.69381547,4.941732883,2.280146599,0.004064657,0.999999762,2.38E-07,12.72737217,12.70782471,12.7393856,0.597464144,0.613766134,2.269528627,0,3212.313232,0.047840964,2.004374266
931,4,2,1,3216.710938,333.1551819,984.7379761,3.871646881,1.079894066,3.878608704,-0.104623184,-4.316057205,5.559893608,2.279573679,0.004980021,0.999999762,2.38E-07,12.72929382,12.71401691,12.74322414,0.597917914,0.615190983,2.260706186,0,3221.281982,0.048035923,1.95776403
932,4,2,1,3224.235596,218.8092346,896.3648682,4.079399586,1.133915901,4.067993641,0.231423005,-4.401696205,4.401257038,2.277019024,0.004464393,0.999999762,2.38E-07,12.7281971,12.70931435,12.73809242,0.599203825,0.613980293,2.260706186,0,3230.23999,0.048236996,2.056792259
933,4,2,1,3232.347168,178.6923065,923.9022217,4.13647604,1.079236865,4.380814552,-0.065254949,-3.558080673,5.208552837,2.27687335,0.005226783,0.999999762,2.38E-07,12.72515488,12.70834255,12.73724365,0.602644742,0.619346082,2.265117407,0,3239.223633,0.048449289,2.107149839
934,4,2,1,3239.323975,6.243231297,822.2409058,4.430442333,1.09622395,4.600693703,0.655396938,-4.497493744,5.393271446,2.278295994,0.00583466,0.999999762,2.38E-07,12.7254343,12.70821285,12.74066639,0.604282439,0.623927593,2.265117407,0,3248.194824,0.048652258,2.241535664
935,4,2,1,3249.566895,216.7672729,929.0496826,4.896089554,1.18927443,4.837002754,0.051415548,-4.463567734,4.840184212,2.279912472,0.005512904,0.999999762,2.38E-07,12.72398949,12.69817638,12.73572063,0.607309937,0.622073531,2.269528627,0,3257.180664,0.048865795,2.518366814
936,4,2,1,3260.744141,452.1105042,950.5040894,4.792225838,1.034134746,4.793875217,-0.203095406,-4.034022808,4.801548958,2.27976203,0.00400998,0.999999762,2.38E-07,12.72617531,12.70834255,12.73693371,0.610268235,0.624487281,2.271733522,0,3266.200439,0.049076758,2.47888422
937,4,2,1,3272.015381,661.2269287,1004.80542,4.851125717,0.972343266,4.64069891,-0.007773208,-3.585548162,5.641954422,2.277350664,0.006276594,0.999999762,2.38E-07,12.72249985,12.70931911,12.73317814,0.611020148,0.627125323,2.267322302,0,3275.171631,0.049276847,2.504037142
938,4,2,1,3283.495361,857.1433105,1004.408386,4.506756783,1.076195359,4.411350727,-0.620452225,-3.501266479,5.457893848,2.278794765,0.005122736,0.999999762,2.38E-07,12.72438145,12.70925808,12.73894024,0.612476945,0.62880981,2.262911081,0,3284.155273,0.049465127,2.339779854
939,4,2,1,3292.308838,776.7832031,1036.357788,4.186649323,1.229690909,4.242765903,-0.364971817,-3.946936846,5.777788639,2.277374983,0.004450357,0.999999762,2.38E-07,12.72300816,12.70781136,12.73221397,0.613081336,0.631496668,2.265117407,0,3293.126465,0.049645994,2.174505234
940,4,2,1,3300.074219,597.2142334,991.52948,4.023735046,1.053767681,4.041275024,-0.060081258,-3.463796616,5.641860008,2.278332233,0.005775745,0.999999762,2.38E-07,12.7213335,12.70605373,12.73531818,0.613601744,0.632146657,2.265117407,0,3302.111816,0.049825754,2.082322359
941,4,2,1,3306.766357,340.6092834,1042.650269,3.984726667,1.10121572,4.070053577,-0.341068745,-3.313359976,5.749194145,2.280339479,0.004554435,0.999999762,2.38E-07,12.7221117,12.70146465,12.73251629,0.614200115,0.633332193,2.269528627,0,3311.081055,0.050009351,2.077328682
942,4,2,1,3313.012207,126.3334503,939.9052734,4.208925724,0.971362054,4.320741177,-0.094333231,-3.710197449,5.020615578,2.281971216,0.005522952,0.999999762,2.38E-07,12.72180653,12.70934582,12.73175716,0.616456568,0.632502496,2.267323732,0,3320.128906,0.050209843,2.196140289
943,4,2,1,3320.205566,4.786490917,845.1217651,4.506865025,1.062501192,4.659254551,0.514764369,-4.002747536,4.682949543,2.279271603,0.004748522,0.999999762,2.38E-07,12.71991825,12.70433807,12.73537922,0.619189441,0.633592188,2.267322302,0,3329.0354,0.05041286,2.34005022
944,4,2,1,3330.999268,266.9934998,822.9251709,4.999061108,1.305936694,4.962938786,0.404820442,-4.633898258,4.297107697,2.278718472,0.004133215,0.999999762,2.38E-07,12.71871567,12.70409298,12.73023033,0.622175336,0.639129281,2.271733522,0,3338.019043,0.050622649,2.62107873
945,4,2,1,3343.185791,591.5325317,1017.22467,4.864850044,1.142432928,4.848443985,-0.322507799,-4.50847435,5.622470379,2.274906635,0.005121185,0.999999762,2.38E-07,12.716856,12.70138645,12.73250484,0.625163615,0.641840637,2.262912512,0,3346.990234,0.050823089,2.580237627
946,4,2,1,3354.11377,720.152832,933.2581787,4.600503922,1.18581152,4.595173359,-0.362387866,-4.264487743,4.97844696,2.275051832,0.004912219,0.999999762,2.38E-07,12.7175703,12.70312595,12.72974777,0.625466704,0.637833595,2.265117407,0,3355.973633,0.050996564,2.438305378
947,4,2,1,3364.191162,774.5632324,856.9470825,4.317581654,1.285425067,4.348442554,0.032543525,-4.412136555,3.525025606,2.274987936,0.003626249,0.999999762,2.38E-07,12.71630287,12.70064545,12.72703648,0.62630564,0.642883003,2.262912512,0,3364.94458,0.051171422,2.29066658
948,4,2,1,3372.196045,595.9607544,961.1012573,4.01151371,1.162858963,4.007758617,0.053991657,-3.575066805,5.839937687,2.277757406,0.005456669,0.999999762,2.38E-07,12.71497726,12.70087433,12.72736263,0.626319528,0.644595087,2.260706186,0,3373.929932,0.051339038,2.117163897
949,4,2,1,3377.877441,290.7151794,840.9447632,4.270679474,1.132718205,4.185491562,0.326578557,-4.672971249,3.955662727,2.27737236,0.003710808,0.999999762,2.38E-07,12.71529675,12.69449234,12.72714233,0.627306461,0.642584026,2.265117407,0,3382.961914,0.051526394,2.259879112
950,4,2,1,3385.134521,164.7845612,863.6069336,4.430083275,1.093505144,4.429952621,-0.010169523,-3.560297728,5.707204819,2.276519775,0.00438359,0.999999762,2.38E-07,12.71549416,12.69936752,12.72708225,0.629890203,0.649538219,2.260706186,0,3391.88208,0.051722962,2.364087582
951,4,2,1,3393.806641,218.2683868,999.1586914,4.778975964,1.212393165,4.824184418,-0.028101726,-4.557269573,5.64816761,2.275492668,0.00509573,0.999999762,2.38E-07,12.71344185,12.70044708,12.72906303,0.633702934,0.650698841,2.262912512,0,3400.853271,0.051923912,2.565796375
952,4,2,1,3405.383789,507.9877625,892.2302856,4.908290863,1.11760807,4.843791962,-0.195765972,-4.461627483,3.829646349,2.273859739,0.005057769,0.999999762,2.38E-07,12.71309853,12.6915493,12.72381973,0.636552274,0.650892854,2.260706186,0,3409.838867,0.05212082,2.648472548
953,4,2,1,3417.120117,734.3592529,958.0148315,4.65760231,1.149155259,4.654955387,-0.386351049,-4.278594971,5.467570305,2.272512197,0.006115376,0.999999762,2.38E-07,12.71121693,12.69340611,12.72631836,0.637208164,0.652742684,2.260706186,0,3418.807861,0.052297689,2.516556978
954,4,2,1,3427.419922,789.2587891,954.8255615,4.277474403,1.198581696,4.27752924,-0.428054541,-3.659093618,5.733252525,2.272880793,0.004537073,0.999999762,2.38E-07,12.71227455,12.69037342,12.72640514,0.637630463,0.654996157,2.260706186,0,3427.79126,0.052463647,2.307882786
955,4,2,1,3433.501465,417.7674561,1008.255005,3.916368484,1.211779118,3.921582937,-0.050997935,-4.592023849,4.687373161,2.274399519,0.005114341,0.999999762,2.38E-07,12.71148109,12.68851471,12.7246294,0.637736261,0.654936254,2.260706186,0,3436.762451,0.052622505,2.112814903
956,4,2,1,3439.066162,113.9049301,950.8691406,4.085290432,1.070461631,4.379701138,0.273656994,-4.664613247,5.035606861,2.276306391,0.004968436,0.999999762,2.38E-07,12.71197128,12.69410706,12.72898102,0.639473855,0.654212296,2.267322302,0,3445.748047,0.052802261,2.20378232
957,4,2,1,3446.904541,114.5218124,956.7861938,4.61125946,1.19776094,4.946653366,0.433020145,-4.444592953,5.780955791,2.27322197,0.005293962,0.999999762,2.38E-07,12.70675945,12.68740845,12.72132683,0.643630803,0.661120832,2.258501291,0,3454.717041,0.053009111,2.498035669
958,4,2,1,3459.118164,475.2875977,984.9935913,4.852730274,1.235971689,4.868889809,0.049393035,-4.038322926,5.323507309,2.273708582,0.005685826,0.999999762,2.38E-07,12.70986652,12.68803787,12.72375774,0.646072149,0.664005995,2.265117407,0,3463.700684,0.053200647,2.65436697
959,4,2,1,3470.456787,681.9610596,858.2588501,4.71775198,1.195034623,4.681231022,-0.020494496,-4.519939423,4.641805649,2.27111721,0.003710897,0.999999762,2.38E-07,12.70475006,12.68496323,12.72418308,0.647223353,0.663155496,2.260706186,0,3472.671875,0.053376678,2.585058689
960,4,2,1,3481.267334,773.7709961,946.0169678,4.346619606,1.262940288,4.331087112,-0.39753601,-4.543463707,4.042664528,2.273196936,0.003839558,0.999999762,2.38E-07,12.71009064,12.6879015,12.72400951,0.647072375,0.667077065,2.262912512,0,3481.655273,0.053535622,2.381680489
961,4,2,1,3486.69043,353.4437561,1048.151978,4.10118103,1.130735874,4.016509533,-0.144048795,-4.638306141,4.008236885,2.273642778,0.005017811,0.999999762,2.38E-07,12.70531082,12.68059444,12.71921158,0.647409678,0.666636109,2.256295204,0,3490.626465,0.053696226,2.247649431
962,4,2,1,3493.119385,150.703598,898.1229248,4.307474613,0.992223322,4.590985298,-0.109444208,-4.221127033,4.29314518,2.271899939,0.005873321,0.999999762,2.38E-07,12.70559692,12.6836586,12.71683502,0.649662137,0.665822625,2.260706186,0,3499.610352,0.053878527,2.369590521
963,4,2,1,3501.750977,208.7826233,948.1842041,4.81899786,1.217163444,4.833508015,-0.010702886,-4.574307919,4.924673557,2.271966219,0.005508523,0.999999762,2.38E-07,12.70420647,12.68671608,12.71957684,0.653316438,0.671244383,2.260706186,0,3508.581055,0.054071169,2.66585803
964,4,2,1,3514.395264,598.8336792,1041.668213,5.031130791,1.145801067,4.887471676,-0.222876891,-4.366865158,5.774388313,2.270808458,0.005397798,0.999999762,2.38E-07,12.70164108,12.68602562,12.71634293,0.655050099,0.673291445,2.262911081,0,3517.627686,0.054252557,2.795055151
965,4,2,1,3525.250977,750.1879883,903.9958496,4.796076775,1.098660827,4.446732521,-0.185740694,-4.741166592,5.867174625,2.27303195,0.004686883,0.999999762,2.38E-07,12.69895935,12.6836977,12.71444416,0.655658424,0.673936844,2.262912512,0,3526.53418,0.054427292,2.667283535
966,4,2,1,3534.299072,624.4230347,943.7072144,4.205052853,1.201619983,4.199383736,0.071134977,-4.564043999,5.002946377,2.272045612,0.004450755,0.999999762,2.38E-07,12.70102406,12.68108368,12.71943283,0.65613699,0.672453344,2.260706186,0,3535.51709,0.05457712,2.332373857
967,4,2,1,3538.48291,154.4613037,1022.469666,4.234512806,1.092154503,4.215605259,0.295909166,-4.627666473,4.197167397,2.27158618,0.00518552,0.999999762,2.38E-07,12.70272541,12.68276501,12.71638107,0.657061756,0.673090816,2.260706186,0,3544.488281,0.054741353,2.343340874
968,4,2,1,3546.301514,143.2215881,1047.839233,4.598339081,1.13364923,4.967653275,0.191086739,-4.272632122,5.825644493,2.269822359,0.005492295,0.999999762,2.38E-07,12.69957352,12.68487358,12.71469021,0.661556184,0.679631472,2.260706186,0,3553.471924,0.054935642,2.566082716
969,4,2,1,3559.024902,561.3728027,971.5620117,4.993019104,1.049408197,4.886665821,-0.29690659,-4.985754013,4.496268749,2.269824028,0.005397598,0.999999762,2.38E-07,12.69847393,12.68224621,12.71565914,0.663599849,0.675961554,2.258501291,0,3562.506836,0.055120748,2.8132689
970,4,2,1,3570.058594,696.5436401,961.855896,4.775903702,1.08907187,4.432366848,-0.063616976,-4.669194221,5.964301109,2.27034235,0.005268137,0.999999762,2.38E-07,12.69845772,12.68268299,12.71712589,0.662631273,0.676595271,2.260706186,0,3571.528076,0.0552768,2.693118334
971,4,2,1,3578.91333,599.7800903,980.890686,4.28281498,1.131257176,4.329299927,0.054813631,-4.416420937,5.166428566,2.273663282,0.004620187,0.999999762,2.38E-07,12.69847965,12.68315887,12.71350193,0.664464653,0.68103677,2.262912512,0,3580.486084,0.055431616,2.404990196
972,4,2,1,3583.34375,156.9287872,901.2203979,4.155581951,1.011454582,4.53678894,0.142928958,-4.236428261,5.952966213,2.269956827,0.006345315,0.999999762,2.38E-07,12.6995163,12.68048382,12.71402073,0.666095793,0.686778486,2.254088879,0,3589.5354,0.055603802,2.336174488
973,4,2,1,3592.105713,239.2693176,1015.989502,4.847555161,1.198616147,4.97351265,-0.101941749,-4.82224369,5.885482788,2.268902302,0.006031304,0.999999762,2.38E-07,12.69570827,12.68121433,12.71100235,0.670386791,0.690399885,2.256295204,0,3598.554932,0.05579409,2.753291607
974,4,2,1,3605.403809,660.7319946,970.1276855,4.920450687,1.106104136,4.844882011,0.10931693,-4.641385078,5.316614628,2.268951654,0.006219349,0.999999762,2.38E-07,12.69649124,12.67569828,12.71760941,0.671628475,0.685597658,2.256295204,0,3607.461426,0.055958852,2.794977665
975,4,2,1,3616.133789,769.1334229,987.663208,4.455101013,1.254905462,4.593964577,-0.17324543,-4.920125008,6.296434879,2.268421412,0.005039562,0.999999762,2.38E-07,12.69677353,12.67778778,12.71243668,0.672060013,0.68947947,2.258501291,0,3616.444824,0.056107789,2.53720665
976,4,2,1,3621.861572,362.8344116,862.3115234,4.177725792,1.275839567,4.238164902,-0.152108595,-4.308871746,5.18983984,2.271343231,0.00540984,0.999999762,2.38E-07,12.69580173,12.67349339,12.71043968,0.671971262,0.680574119,2.258500099,0,3625.479248,0.056256611,2.384986401
977,4,2,1,3626.072266,-45.88992691,1023.093262,4.461513996,1.198266983,4.558158398,0.638433576,-4.929129124,6.503448963,2.269762278,0.005371849,0.999999762,2.38E-07,12.69533539,12.67752743,12.71060658,0.675071597,0.690862596,2.260706186,0,3634.487549,0.056428663,2.513872385
978,4,2,1,3638.749756,469.2282104,1026.666382,5.046521187,1.117312789,5.01284647,-0.033759695,-4.83803606,5.297317028,2.267013311,0.006155762,0.999999762,2.38E-07,12.69133854,12.67490578,12.70728016,0.6800102,0.697194457,2.256295204,0,3643.459229,0.056632742,2.904104948
979,4,2,1,3652.062012,777.4714355,844.56073,4.650477886,1.169063687,4.497663498,-0.294177562,-4.940824986,5.260850906,2.266529799,0.006576026,0.999999762,2.38E-07,12.69382763,12.67259216,12.7087183,0.67887342,0.697259426,2.251882792,0,3652.442627,0.056782112,2.674713373
980,4,2,1,3660.36792,584.7839355,966.4650879,4.086640358,1.191117525,4.232276917,0.102895945,-4.72339201,5.593532562,2.268559217,0.004706182,0.999999762,2.38E-07,12.6933012,12.67372227,12.71407509,0.679358006,0.697061718,2.254088879,0,3661.41333,0.056909122,2.342375278
981,4,2,1,3664.772949,193.0238953,1002.968811,4.423504353,1.200063705,4.749382973,-0.114424944,-4.507098675,5.961495876,2.267567396,0.005568821,0.999999762,2.38E-07,12.69257832,12.67329311,12.70879936,0.681435406,0.697065771,2.254090309,0,3670.395752,0.05706894,2.552764654
982,4,2,1,3674.37915,361.0837708,1070.935425,4.94423151,1.322399497,5.157253265,0.289558589,-4.766713619,6.05832386,2.26418376,0.005671289,0.999999762,2.38E-07,12.68909645,12.67118454,12.70337677,0.685780048,0.703763247,2.251883984,0,3679.366699,0.057242718,2.857871532
983,4,2,1,3687.453369,726.1690674,999.5384521,4.642886162,1.338238478,4.781380177,-0.420555234,-5.020053864,5.030482292,2.269186497,0.005582872,0.999999762,2.38E-07,12.68965816,12.66837025,12.70632076,0.686612248,0.704100311,2.258500099,0,3688.349609,0.057381954,2.696712732
984,4,2,1,3696.878662,661.7559204,844.62677,4.219597816,1.283414721,4.179457188,0.112233736,-4.829854965,5.200523853,2.27079916,0.004280624,0.999999762,2.38E-07,12.69054317,12.6720953,12.70723915,0.685849965,0.708817184,2.260706186,0,3697.320557,0.057516415,2.439055681
985,4,2,1,3700.651367,148.3042908,902.8681641,4.061288357,1.214880228,4.499945641,0.102560535,-4.639716625,5.194969177,2.269846678,0.004677915,0.999999762,2.38E-07,12.69382858,12.67246342,12.70875168,0.68806839,0.708398044,2.256295204,0,3706.303467,0.057660639,2.355477571
986,4,2,1,3710.570557,363.9517822,956.5316772,5.108169079,1.244262099,5.031626701,0.366167456,-5.21506691,5.732876301,2.267183781,0.006798882,0.999999762,2.38E-07,12.69025517,12.6717968,12.70643711,0.691250324,0.708046317,2.254088879,0,3715.338379,0.057836387,2.978878498
987,4,2,1,3724.779785,857.3493042,1092.911255,4.820568562,1.237759113,4.792319298,-0.440741003,-5.117210865,6.559216022,2.269098043,0.005620417,0.999999762,2.38E-07,12.68772888,12.66604328,12.70284176,0.693635762,0.710202456,2.256295204,0,3724.359131,0.057985071,2.832733393
988,4,2,1,3732.645996,601.758728,1073.313477,4.17156744,1.34443295,4.10522604,0.053634949,-4.97886467,6.592039108,2.270975351,0.005447515,0.999999762,2.38E-07,12.68925667,12.67488384,12.70442772,0.692327201,0.708865345,2.258501291,0,3733.380615,0.058094729,2.434810162
989,4,2,1,3736.688232,164.22789,1034.840698,4.505483627,1.2412498,4.722675323,-0.038423032,-4.570362568,7.417822838,2.270898104,0.00450604,0.999999762,2.38E-07,12.68859196,12.67034531,12.70399475,0.694253981,0.708974361,2.254088879,0,3742.299561,0.058238298,2.654390097
990,4,2,1,3747.92627,500.787262,1104.354614,4.734494209,1.207317472,5.096473217,0.056411497,-4.893932343,6.237019539,2.268739223,0.00441424,0.999999762,2.38E-07,12.68464375,12.66810322,12.70292187,0.699895918,0.712306619,2.258501291,0,3751.270508,0.058405705,2.80551672
991,4,2,1,3759.807617,712.534729,877.7666016,4.579096794,1.190615892,4.541839123,-0.058252741,-5.089585781,5.434457779,2.270300388,0.004740479,0.999999762,2.38E-07,12.68595028,12.66883755,12.70240021,0.698809087,0.720400453,2.256295204,0,3760.31958,0.058534063,2.697975636
992,4,2,1,3766.674561,375.1247864,1134.261719,4.079526424,1.184667349,4.045345306,-0.209431902,-5.445755959,5.956307888,2.27069664,0.004677182,0.999999762,2.38E-07,12.68523788,12.66457176,12.70275974,0.698547661,0.718024254,2.256295204,0,3769.28833,0.05863934,2.409885883
993,4,2,1,3770.890869,29.70572281,812.6958008,4.921300888,1.145775199,4.761686325,0.512327075,-6.022747993,5.94171524,2.268018007,0.004424401,0.999999762,2.38E-07,12.68310642,12.66560841,12.70249844,0.701200604,0.719455183,2.258501291,0,3778.272705,0.058788989,2.909202099
994,4,2,1,3785.176758,619.3119507,1037.936646,5.053282261,1.243822932,4.876802921,-0.028308779,-5.345126629,5.903232574,2.266875029,0.006166205,0.999999762,2.38E-07,12.68258095,12.66513062,12.70225143,0.704561234,0.72127831,2.249679089,0,3787.293457,0.05894585,3.017122984
995,4,2,1,3797.233643,797.0753174,808.0912476,4.454115391,1.215413451,4.324656487,-0.591845214,-4.768341064,4.60828352,2.271210194,0.004614887,0.999999762,2.38E-07,12.6840868,12.66779423,12.69835186,0.704513967,0.71913892,2.258501291,0,3796.262451,0.059061419,2.65502429
996,4,2,1,3799.602783,108.1016693,1089.358276,4.118198395,1.233820319,4.33907795,0.273711294,-5.043213844,5.201931477,2.27223897,0.005960413,0.999999762,2.38E-07,12.68350124,12.66236019,12.70589924,0.705948591,0.727460086,2.256295204,0,3805.285156,0.05918175,2.447195053
997,4,2,1,3808.895508,281.9717407,1029.819946,4.936426163,1.376851916,4.993998528,0.321846545,-4.895915508,5.536682606,2.268853903,0.006042656,0.999999762,2.38E-07,12.68037605,12.66093159,12.69497871,0.710237384,0.72950834,2.258500099,0,3814.269775,0.059350453,2.953531027
998,4,2,1,3823.877197,833.6278076,1063.853027,4.682705402,1.213557124,4.611245155,-0.480691016,-5.51938343,7.101216316,2.267724991,0.006271491,0.999999762,2.38E-07,12.67920685,12.66377449,12.69541645,0.711017847,0.724201858,2.247472763,0,3823.239014,0.059479222,2.820729733
999,4,2,1,3829.283203,352.3339539,1066.352539,4.1519804,1.092396498,4.109701157,-0.290774375,-5.132424831,4.895680428,2.267715454,0.006128348,0.999999762,2.38E-07,12.68109703,12.66454124,12.69974995,0.710073531,0.730139673,2.245266676,0,3832.15918,0.059583396,2.496297359
1000,4,2,1,3834.173584,9.554084778,994.8216553,4.23055315,1.195200086,4.536015034,0.505996406,-4.795492172,7.246740341,2.266147852,0.005360043,0.999999762,2.38E-07,12.68004894,12.66308689,12.69698429,0.714364707,0.733528793,2.251883984,0,3841.130127,0.059718564,2.532263279
1001,4,2,1,3848.306885,636.9693604,1143.750366,5.022123337,1.092431068,4.876832008,0.264388859,-5.278493881,6.879001141,2.266778946,0.00546617,0.999999762,2.38E-07,12.67543793,12.66135406,12.69260883,0.716776252,0.730802476,2.258500099,0,3850.17749,0.059878677,3.036813259
1002,4,2,1,3859.911865,750.1602173,1049.813721,4.271194935,1.316940069,4.010924816,-0.334382415,-5.380455494,5.409599304,2.268249512,0.0054026,0.999999762,2.38E-07,12.67595959,12.65575218,12.6936779,0.716058195,0.737456441,2.254088879,0,3859.08374,0.059989404,2.590376854
1003,4,2,1,3862.918457,178.6652222,939.5046997,4.410969734,1.176655769,4.607773781,-0.09185753,-5.207883835,5.04457283,2.267730474,0.005365091,0.999999762,2.38E-07,12.67700768,12.66295052,12.69579411,0.717787147,0.732655048,2.256295204,0,3868.066895,0.060112949,2.683970213
1004,4,2,1,3873.540283,446.523407,1001.523315,4.803358078,1.164731979,4.947690487,-0.070682786,-4.378477573,6.886716366,2.265713692,0.005100755,0.999999762,2.38E-07,12.67830467,12.65536594,12.6925211,0.722675622,0.741337419,2.254088879,0,3877.037842,0.060263846,2.93687129
1005,4,2,1,3886.93335,782.9882202,970.6624756,4.212153435,1.281645179,4.426112652,-0.222955793,-5.000603199,5.019733429,2.267063618,0.004679721,0.999999762,2.38E-07,12.67895317,12.66050243,12.69298172,0.723054647,0.739383459,2.254088879,0,3886.086426,0.060372546,2.574252605
1006,4,2,1,3890.220947,144.3888092,1048.213257,4.354932785,1.115453482,4.287862301,0.358054876,-5.166431904,4.403962135,2.268477917,0.004876851,0.999999762,2.38E-07,12.67834759,12.66298103,12.69137859,0.721198082,0.734523296,2.258500099,0,3895.055908,0.060471781,2.65433979
1007,4,2,1,3900.606934,444.2723694,1130.404297,5.018065929,1.261668086,5.055789471,0.274722159,-5.450875282,7.075004101,2.266381741,0.005113904,0.999999762,2.38E-07,12.67456341,12.65717888,12.68887806,0.727233529,0.740748346,2.249677658,0,3904.077393,0.060623378,3.079115152
1008,4,2,1,3913.119629,710.2234497,1046.579834,4.510386944,1.308166504,4.5000453,0.006744826,-5.193707466,6.151961803,2.269761562,0.005389465,0.999999762,2.38E-07,12.6728344,12.65084076,12.68497372,0.727285683,0.746105552,2.251883984,0,3913.098389,0.060731094,2.766684771
1009,4,2,1,3918.541992,291.9113159,1063.82312,4.201082706,1.148778319,4.417828083,0.288279772,-5.38947773,5.084199905,2.27210784,0.005690404,0.999999762,2.38E-07,12.6726675,12.65155125,12.68650246,0.727186143,0.748205423,2.251883984,0,3922.018311,0.060837392,2.567429781
1010,4,2,1,3926.129883,293.9102783,1047.990479,5.065376282,1.380146027,4.96876955,0.290995777,-5.306639671,5.377359867,2.265957355,0.006150809,0.999999762,2.38E-07,12.67101002,12.65395164,12.68672657,0.731294453,0.751360714,2.254088879,0,3931.053467,0.060994383,3.122111797
1011,4,2,1,3939.747803,682.7390137,1096.719238,4.389846325,1.333294392,4.475610256,-0.083373174,-5.347519875,5.283900738,2.266741276,0.004995347,0.999999762,2.38E-07,12.67224598,12.65490723,12.68572426,0.732302368,0.744479179,2.256295204,0,3940.037354,0.06110847,2.712990999
1012,4,2,1,3945.251465,291.6511841,953.918335,4.444898605,1.205078006,4.458175182,0.040623061,-5.262524128,5.579380035,2.267777681,0.004170527,0.999999762,2.38E-07,12.6706953,12.65566635,12.68678474,0.731801391,0.74430114,2.258500099,0,3948.943848,0.061214071,2.75056529
1013,4,2,1,3953.813965,345.8612976,1081.029297,4.742516041,1.317752719,4.739351273,0.247436821,-5.324745178,6.224133968,2.266419649,0.00584895,0.999999762,2.38E-07,12.66932678,12.65281296,12.68500614,0.73688221,0.748465955,2.256295204,0,3957.92749,0.061363235,2.942146778
1014,4,2,1,3966.061279,608.1189575,1075.27063,4.452419758,1.344416499,4.47913456,-0.067141123,-5.408957481,4.188077927,2.267014027,0.005154233,0.999999762,2.38E-07,12.67147636,12.65249443,12.6853466,0.737145364,0.747215509,2.256295204,0,3966.947266,0.061471708,2.772340536
1015,4,2,1,3971.795166,269.2562866,1030.368774,4.431752682,1.229385138,4.598433971,0.320594966,-5.099610806,4.619051456,2.269213676,0.004512203,0.999999762,2.38E-07,12.66806126,12.64995003,12.68366718,0.73800087,0.755426109,2.258501291,0,3975.918701,0.061591491,2.752686262
1016,4,2,1,3981.791992,464.6355896,865.7792969,4.776891708,1.106493115,4.966094971,0.142907277,-4.978102207,4.781487465,2.264074802,0.005088874,0.999999762,2.38E-07,12.66896248,12.64704227,12.68403053,0.742984414,0.761257529,2.254088879,0,3984.967529,0.061747797,2.992826939
1017,4,2,1,3993.803711,607.6975708,977.4970093,4.227643013,1.098704696,4.235918522,0.057016231,-4.960100651,5.126111031,2.267468691,0.0044657,0.999999762,2.38E-07,12.67174244,12.65020466,12.68276215,0.741100073,0.759088457,2.256295204,0,3993.934814,0.061828174,2.640033722
1018,4,2,1,3997.603027,123.8774414,886.6174316,4.291736603,1.111477733,4.461308956,0.320826799,-4.615848541,6.653533936,2.265399218,0.005413678,0.999999762,2.38E-07,12.66793156,12.64677525,12.67925644,0.742078245,0.757538974,2.254088879,0,4002.920166,0.061935209,2.678025484
1019,4,2,1,4009.936768,606.8755493,1076.474731,4.924022675,1.41787529,5.071395874,-0.05961353,-5.986503601,6.708361626,2.263428211,0.003851814,0.999999762,2.38E-07,12.66550636,12.64379025,12.68182945,0.747036695,0.757131815,2.251883984,0,4011.82666,0.062094755,3.111982822
1020,4,2,1,4020.913818,653.8724365,968.8779297,4.192364693,1.191101432,4.351502895,-0.306705415,-5.002939224,4.931929588,2.266297817,0.004502785,0.999999762,2.38E-07,12.66890049,12.64060783,12.68532372,0.74741745,0.766723573,2.254088879,0,4020.874268,0.062196892,2.642103195
1021,4,2,1,4026.130615,285.5089417,780.8668823,4.586446285,0.996124804,4.589382648,-0.29227823,-5.153899193,6.345611572,2.268718243,0.004206789,0.999999762,2.38E-07,12.66555405,12.6394434,12.68027687,0.746901512,0.754860699,2.254088879,0,4029.84375,0.062295474,2.952593327
1022,4,2,1,4037.911621,655.4705811,810.8858032,5.130489349,1.063477635,4.723995209,0.019387579,-5.371246815,5.623386383,2.264453411,0.004847184,0.999999762,2.38E-07,12.66580391,12.64135551,12.6900034,0.749424338,0.767135262,2.254088879,0,4038.866211,0.0624336,3.32958436
1023,4,2,1,4046.715088,499.9715576,693.5531616,4.391541481,1.022844195,4.224699497,0.056257591,-4.709642887,6.294890404,2.26444459,0.005685349,0.999999762,2.38E-07,12.66466713,12.63257504,12.68534946,0.74975884,0.758954406,2.251882792,0,4047.886963,0.062527686,2.936913252
1024,4,2,1,4052.661865,273.7756042,876.5151367,4.774502754,1.24298048,4.767990589,0.012169457,-5.506249905,5.437873363,2.264406919,0.004827479,0.999999762,2.38E-07,12.6639719,12.63811398,12.68371773,0.752169132,0.770096123,2.251882792,0,4056.908691,0.062643848,3.208973408
1025,4,2,1,4065.81543,695.142395,871.8679199,4.39087677,1.200774431,4.540124416,-0.302166641,-5.699768543,5.937999249,2.264217854,0.005520187,0.999999762,2.38E-07,12.66561413,12.63404846,12.68481636,0.7565642,0.766772926,2.251883984,0,4065.916992,0.06276489,2.81679225
1026,4,2,1,4071.566895,319.8698425,777.7070923,4.582535267,1.054171562,4.493847847,-0.040795743,-4.55331707,5.932448864,2.265327454,0.005359767,0.999999762,2.38E-07,12.66082096,12.63302135,12.67352104,0.755654812,0.772649586,2.240854263,0,4074.952148,0.062870897,2.931843281
1027,4,2,1,4081.384033,493.9417725,810.9437256,4.569281101,1.117145538,4.823541164,0.220066085,-5.367585659,6.649664879,2.262518644,0.004921867,0.999999762,2.38E-07,12.66268539,12.64293766,12.67903233,0.760790646,0.777203083,2.251883984,0,4083.873779,0.063004628,2.924955845
1028,4,2,1,4091.899658,592.4407349,864.0966187,4.337512016,1.123539686,4.549625874,-0.198218003,-4.702578068,6.572775841,2.265328646,0.004590072,0.999999762,2.38E-07,12.66266537,12.63318634,12.67797852,0.760969341,0.771803796,2.251883984,0,4092.842773,0.063117355,2.79182601
1029,4,2,1,4098.191406,314.8462219,794.3030396,4.503795147,0.977132499,4.666240215,-0.124458902,-4.67947197,5.683821201,2.264074326,0.004106743,0.999999762,2.38E-07,12.66127586,12.63556767,12.67636967,0.761981547,0.779829979,2.254088879,0,4101.826172,0.063229501,2.89992404
1030,4,2,1,4110.50293,670.7012939,792.625,4.71245718,0.939510822,4.637039661,0.036731988,-5.422305584,6.578436375,2.263038874,0.004195542,0.999999762,2.38E-07,12.66156769,12.63472176,12.68039417,0.764241099,0.779905438,2.251883984,0,4110.79541,0.063346013,3.042652607
1031,4,2,1,4117.916016,449.4473267,942.895752,4.232786655,1.167065144,4.497517109,0.232829556,-5.574775219,5.937721252,2.264867306,0.003974096,0.999999762,2.38E-07,12.65880489,12.6325922,12.68148899,0.765680015,0.775636196,2.254088879,0,4119.77832,0.063441448,2.729028463
1032,4,2,1,4125.17041,392.7833557,810.6549072,4.678087711,1.064587951,5.061719894,-0.099494986,-5.366391659,6.791137218,2.262175798,0.004971079,0.999999762,2.38E-07,12.65870094,12.6341486,12.67299843,0.769181252,0.784866214,2.251882792,0,4128.80127,0.063582763,3.041406631
1033,4,2,1,4136.542969,523.7701416,1057.935181,4.528399467,1.197620511,4.457808018,0.139209703,-5.307734013,6.313298225,2.262803078,0.004472581,0.999999762,2.38E-07,12.65915966,12.61624718,12.67288685,0.767451823,0.775881946,2.251883984,0,4137.833008,0.06368342,2.928645372
1034,4,2,1,4141.811523,177.3503265,780.7235718,4.423601627,0.977883101,4.686763287,0.063178852,-4.829772472,6.442091465,2.262981892,0.004789241,0.999999762,2.38E-07,12.6569643,12.63329029,12.67370796,0.770166516,0.781648755,2.251883984,0,4146.753418,0.06379275,2.878365517
1035,4,2,1,4155.388672,705.2603149,1006.813721,4.983163357,1.111580133,4.733341694,-0.252446115,-5.632519722,6.145040989,2.261956692,0.005384383,0.999999762,2.38E-07,12.65810776,12.6296854,12.67500973,0.77247268,0.781720042,2.245266676,0,4155.720215,0.063929163,3.261485815
1036,4,2,1,4163.445801,491.0721741,939.7317505,4.212625504,1.200959802,4.416397572,0.145567492,-5.033420086,6.777124405,2.263635874,0.006069401,0.999999762,2.38E-07,12.65637398,12.6360054,12.67752838,0.773555696,0.783102453,2.245265245,0,4164.703125,0.064017892,2.744343042
1037,4,2,1,4170.25,395.0649109,781.4416504,4.831847191,1.116706491,5.060165882,-0.145472005,-5.336796761,5.428272247,2.261814356,0.004405916,0.999999762,2.38E-07,12.65452099,12.63560581,12.67186546,0.776447117,0.792822778,2.24306035,0,4173.672363,0.064147264,3.174664974
1038,4,2,1,4181.170898,518.7785034,1013.54126,4.43091011,1.133347034,4.513783455,0.186614141,-5.702413559,5.94455719,2.262771845,0.00450003,0.999999762,2.38E-07,12.65493393,12.62242126,12.67249298,0.777602553,0.788801074,2.249679089,0,4182.654785,0.064256504,2.895598173
1039,4,2,1,4187.534668,266.0298462,991.5716553,4.420032501,1.068654299,4.709649563,-0.065117858,-5.619922161,6.511612415,2.262202024,0.004455443,0.999999762,2.38E-07,12.65283012,12.62642002,12.67294693,0.779074013,0.785601258,2.254088879,0,4191.624023,0.064368315,2.90213418
1040,4,2,1,4199.932129,626.5723877,873.8319092,4.66246891,1.043579221,4.729168415,0.171882287,-5.190453529,6.878587723,2.259608746,0.004261905,0.999999762,2.38E-07,12.65442848,12.63234711,12.67424107,0.78123337,0.792878389,2.249679089,0,4200.609863,0.064487584,3.066513538
1041,4,2,1,4206.383301,300.3417664,688.8460083,4.307862282,0.933961809,4.472834587,-0.075389385,-5.303766727,5.376493931,2.261259556,0.005020706,0.999999762,2.38E-07,12.64176178,12.57851505,12.67127991,0.782185435,0.798487604,2.24306035,0,4209.641602,0.06457898,2.847782612
1042,4,2,1,4216.880859,551.2127075,739.5048828,4.699966908,1.052195191,4.849283218,0.246234536,-5.3534832,5.774276257,2.262093306,0.004266,0.999999762,2.38E-07,12.65087795,12.61895752,12.67105198,0.785764635,0.80160737,2.249677658,0,4218.562012,0.064706333,3.116502285
1043,4,2,1,4226.891113,562.9083252,713.5134277,4.456066132,1.102504969,4.488800526,-0.459858537,-5.483401299,5.610481262,2.264255762,0.003705761,0.999999762,2.38E-07,12.65309906,12.62065697,12.66587257,0.784251213,0.801323056,2.254088879,0,4227.53125,0.064792737,2.962104559
1044,4,2,1,4230.859863,146.8848877,758.9750366,4.646738052,1.022521496,4.917348385,0.511133552,-5.207582474,6.109124184,2.26303196,0.004608811,0.999999762,2.38E-07,12.64843082,12.62015057,12.67192936,0.788503885,0.804675758,2.251883984,0,4236.514648,0.06491717,3.073948145
1045,4,2,1,4245.651367,682.8164673,826.5414429,4.694872856,0.986056089,4.61303997,-0.320460528,-5.733553886,6.108201504,2.261646748,0.005907483,0.999999762,2.38E-07,12.65076733,12.63077164,12.66236687,0.787845314,0.805723011,2.251883984,0,4245.549805,0.065028161,3.137713194
1046,4,2,1,4250.170898,195.8882141,684.1177979,4.34860611,0.892737031,4.587863922,0.0372613,-5.234649658,5.599087715,2.261892557,0.005824816,0.999999762,2.38E-07,12.65137005,12.62440777,12.66918373,0.789886534,0.810085535,2.247472763,0,4254.532715,0.065121628,2.902019978
1047,4,2,1,4263.286133,662.5844727,678.4735107,4.88197422,0.932116389,4.737643719,0.116140381,-5.604233742,5.360274315,2.259349585,0.004112537,0.999999762,2.38E-07,12.64955997,12.62216854,12.66601467,0.79169929,0.810910881,2.251882792,0,4263.5,0.06523443,3.267071724
1048,4,2,1,4269.52002,312.4027405,732.7391357,4.244457245,0.894638479,4.461181164,-0.146501571,-4.791678905,5.498921394,2.262261391,0.00514853,0.999999762,2.38E-07,12.64652634,12.62386322,12.66832447,0.793385923,0.810388029,2.247471571,0,4272.484863,0.065320246,2.850576162
1049,4,2,1,4280.330566,604.2463989,1025.446655,4.915084362,1.311080217,4.967592716,-0.019966738,-5.171319485,6.301345825,2.259433508,0.004603688,0.999999762,2.38E-07,12.64898014,12.62726688,12.6691885,0.795828581,0.80616504,2.247471571,0,4281.389648,0.065440029,3.3218925
1050,4,2,1,4289.146484,482.292511,1126.264282,4.354292393,1.247213006,4.457946301,0.245312005,-5.361724377,6.791662693,2.262148857,0.003958168,0.999999762,2.38E-07,12.64683437,12.61878204,12.66240501,0.796740115,0.804378808,2.254088879,0,4290.4375,0.065524198,2.904746294
1051,4,2,1,4295.772461,360.5405273,1099.760742,4.949974537,1.150889754,5.129693985,-0.071908839,-6.322892666,6.098209381,2.258559465,0.004123102,0.999999762,2.38E-07,12.643713,12.61240292,12.66491508,0.799628317,0.814531863,2.247472763,0,4299.341797,0.065643273,3.342152834
1052,4,2,1,4308.535156,632.3274536,823.8100586,4.706874371,1.240742683,4.522331715,-0.24427177,-5.368786812,5.320251465,2.258737087,0.004013679,0.999999762,2.38E-07,12.6494236,12.61941624,12.67071724,0.798566937,0.80774349,2.251883984,0,4308.391602,0.065731868,3.196341991
1053,4,2,1,4311.951172,113.9960938,1051.292847,4.593010902,1.128837824,4.790000916,0.532494485,-5.297674179,6.873320103,2.257487535,0.00471035,0.999999762,2.38E-07,12.64337063,12.61503506,12.67135239,0.802613318,0.812955976,2.247471571,0,4317.412109,0.06583076,3.079388618
1054,4,2,1,4325.822754,594.2796631,797.6443481,4.742154598,0.960347891,4.56773138,-0.074038364,-6.05561161,5.539636612,2.262728691,0.004361036,0.999999762,2.38E-07,12.7012291,12.66311455,12.76780224,0.799095154,0.817126989,2.254088879,0,4326.315918,0.065930054,3.212523699
1055,4,2,1,4331.64502,276.7766113,902.5335083,4.443537235,0.908387184,4.709495068,-0.184086069,-5.198312759,6.237845421,2.263347626,0.004534434,0.999999762,2.38E-07,12.70395088,12.68110371,12.72671223,0.801707208,0.814348996,2.251883984,0,4335.296875,0.066028528,3.011080503
1056,4,2,1,4344.464355,659.6226196,956.9728394,4.674951553,1.06714654,4.624976635,-0.138389945,-6.017020702,6.905900478,2.262943983,0.004844005,0.999999762,2.38E-07,12.71191216,12.67608356,12.72842979,0.802876413,0.818416417,2.251883984,0,4344.266113,0.066127248,3.175337553
1057,4,2,1,4349.086914,178.5922241,944.8692017,4.362933159,1.032066226,4.636662483,0.345148772,-5.188096523,5.816166401,2.266137123,0.005489327,0.999999762,2.38E-07,12.7174654,12.68593502,12.74000263,0.803224146,0.814486146,2.251883984,0,4353.249023,0.066205174,2.951078653
1058,4,2,1,4362.057129,674.6813965,954.9147339,4.844532013,0.87618506,4.793587685,0.133434132,-6.153837681,6.723252773,2.265450239,0.005809445,0.999999762,2.38E-07,12.71898937,12.69131947,12.73758411,0.806406498,0.822585881,2.249677658,0,4362.218262,0.066324063,3.293527126
1059,4,2,1,4368.34375,298.6376038,989.6417847,4.59922266,1.232099175,4.497712135,0.142619684,-5.410846233,6.664431095,2.269111395,0.004435598,0.999999762,2.38E-07,12.7267971,12.69837475,12.75011921,0.805290282,0.813753903,2.256295204,0,4371.268066,0.066398859,3.134318829
1060,4,2,1,4379.76709,619.6447144,874.5968018,4.81924963,1.0583179,4.735680103,-0.476323962,-6.175102234,5.201568127,2.268589735,0.005583856,0.999999762,2.38E-07,12.73756313,12.71082211,12.75372982,0.807681203,0.821474433,2.254088879,0,4380.172363,0.066501237,3.309916973
1061,4,2,1,4385.928711,322.0002747,838.9311523,4.595250607,1.01277256,4.678877354,-0.173782319,-6.2558074,6.032595634,2.271520853,0.005094061,0.999999762,2.38E-07,12.73656368,12.70401669,12.75392151,0.80919826,0.821153104,2.265117407,0,4389.219238,0.066599339,3.137977362
1062,4,2,1,4397.171875,610.9892578,1090.427612,4.981412411,1.138007879,5.001965523,-0.195094705,-6.070123672,7.113170147,2.267858267,0.004935271,0.999999762,2.38E-07,12.74657345,12.7193079,12.76236153,0.811435163,0.823572218,2.258501291,0,4398.123047,0.066721186,3.411122799
1063,4,2,1,4405.072754,380.6463013,944.5383911,4.442532539,1.046944141,4.492181778,-0.017054239,-5.382626057,5.528436184,2.272598982,0.005110456,0.999999762,2.38E-07,12.75096321,12.72114372,12.77490044,0.81061852,0.827382743,2.260706186,0,4407.170898,0.066794395,3.04649806
1064,4,2,1,4414.931152,594.5159302,950.7800903,4.968637943,1.244798064,5.03049469,-0.103343561,-5.909789562,5.762522221,2.271498442,0.005355825,0.999999762,2.38E-07,12.75801659,12.73067093,12.77727032,0.813525498,0.825035453,2.258501291,0,4416.075195,0.06691397,3.436777353
1065,4,2,1,4424.027832,503.0896912,759.539917,4.289067268,1.051781535,4.555608749,0.208857983,-5.869343758,5.858075619,2.27599597,0.004351584,0.999999762,2.38E-07,12.76077557,12.73173046,12.78137779,0.814707518,0.831423819,2.262912512,0,4425.125488,0.067001872,2.950161457
1066,4,2,1,4432.9375,597.5570068,943.2623901,4.881302834,1.161579013,5.03953886,0.18328163,-5.494202614,6.928421497,2.276407242,0.003838295,0.999999762,2.38E-07,12.77105522,12.74308777,12.78530693,0.817241907,0.83335501,2.267322302,0,4434.092285,0.067120023,3.372056246
1067,4,2,1,4442.163574,509.0545654,782.7216797,4.320916653,1.134381652,4.526442051,0.050268337,-6.312544346,6.609012127,2.277984858,0.004350408,0.999999762,2.38E-07,12.77546692,12.75612926,12.79297256,0.816992223,0.829362571,2.267323732,0,4443.076172,0.067198299,2.966402292
1068,4,2,1,4450.484863,549.0393677,1040.005249,4.832595825,1.093905807,4.988069057,0.241135091,-5.300693512,6.788207531,2.27409935,0.004332514,0.999999762,2.38E-07,12.78313351,12.76109314,12.80045795,0.820068896,0.836710691,2.265117407,0,4451.97998,0.067310862,3.339392662
1069,4,2,1,4460.336426,520.4260254,774.9620361,4.467993259,1.1857723,4.496032715,0.162073612,-6.340397358,6.862797737,2.279537439,0.00479851,0.999999762,2.38E-07,12.7861805,12.76213455,12.80433941,0.818665028,0.832267582,2.267322302,0,4461.027832,0.067387491,3.077589035
1070,4,2,1,4468.449219,551.434021,959.9069824,4.843420029,1.202099681,5.046721935,0.136843368,-5.139162064,6.550831318,2.279299021,0.005229042,0.999999762,2.38E-07,12.79448891,12.76930714,12.81267834,0.821993351,0.837828457,2.265117407,0,4469.931641,0.067497455,3.369232893
1071,4,2,1,4477.396973,481.1815491,784.9188843,4.370090008,0.947632134,4.728689194,0.176228091,-5.927690029,5.983824253,2.282213926,0.005705833,0.999999762,2.38E-07,12.80123329,12.77868271,12.81889057,0.822219908,0.842090189,2.271733522,0,4478.914551,0.067589357,3.03581357
1072,4,2,1,4486.768066,606.2717896,942.2619629,4.973565578,1.185428739,5.108682156,-0.100355916,-6.005502224,7.466447353,2.280742645,0.005501292,0.999999762,2.38E-07,12.81209946,12.78005886,12.83569431,0.823738813,0.833793461,2.271733522,0,4487.883789,0.067716032,3.48478961
1073,4,2,1,4494.93457,380.9656372,984.2672119,4.45396328,1.089742303,4.49841547,0.004731262,-5.481183529,6.455963612,2.283327818,0.004318448,0.999999762,2.38E-07,12.81563091,12.78523064,12.8336792,0.822524667,0.842573106,2.269528627,0,4496.933105,0.067788094,3.095167637
1074,4,2,1,4504.702148,582.6334229,1066.980103,4.842012405,0.988409638,5.02012825,-0.297231466,-6.319108009,6.856750011,2.283391237,0.004537923,0.999999762,2.38E-07,12.82568645,12.79776669,12.84310055,0.826162279,0.84199971,2.27393961,0,4505.901367,0.067904472,3.373198032
1075,4,2,1,4512.251953,351.5847168,802.7263184,4.444526672,1.063374639,4.644043922,-0.233244017,-6.218405247,7.591300011,2.289039373,0.006708257,0.999999762,2.38E-07,12.82943439,12.80678368,12.84919167,0.826182663,0.836170256,2.276145935,0,4514.884277,0.06798701,3.097247839
1076,4,2,1,4523.605957,663.6864624,963.753418,4.963874817,1.11619544,4.870317936,-0.418206275,-5.466314793,7.069071293,2.289066076,0.006986985,0.999999762,2.38E-07,12.84092999,12.81177044,12.86213017,0.827582657,0.838832557,2.278352261,0,4523.788086,0.068098485,3.496575832
1077,4,2,1,4529.438477,272.9623108,999.3810425,4.774747372,1.099481821,4.657444954,0.11854472,-5.895508289,6.460844517,2.292009592,0.005443657,0.999999762,2.38E-07,12.84692192,12.81578541,12.86425591,0.826572359,0.841446996,2.276145935,0,4532.770996,0.068177007,3.332433939
1078,4,2,1,4541.245605,640.4567261,933.4645386,4.961636066,1.06206882,4.913438797,0.207839802,-5.762302876,5.562090874,2.29004693,0.006088366,0.999999762,2.38E-07,12.85678577,12.82828236,12.87711239,0.830392361,0.848585367,2.27393961,0,4541.740234,0.068298981,3.47215724
1079,4,2,1,4545.999512,164.7637024,989.6362915,4.6089468,1.130106926,4.894853115,0.39593783,-5.923890591,6.213858128,2.293364525,0.006322813,0.999999762,2.38E-07,12.86711884,12.83781242,12.88771248,0.830040574,0.849686027,2.278352261,0,4550.723145,0.068390653,3.224926233
1080,4,2,1,4559.949707,681.7115479,948.3962402,4.585319042,0.998231828,4.808634281,-0.276042521,-5.855783463,5.235696316,2.297509193,0.006674437,0.999999762,2.38E-07,12.8758564,12.84859848,12.8912487,0.832571447,0.848632336,2.282764673,0,4559.692383,0.068501145,3.215487242
1081,4,2,1,4564.679199,259.0921326,991.4065552,4.724873543,1.119309425,4.945148945,0.032900758,-5.763631344,5.772417545,2.301990032,0.007159895,0.999999762,2.38E-07,12.88580894,12.84963512,12.9033823,0.832410395,0.849462807,2.284968138,0,4568.674316,0.068599299,3.33283639
1082,4,2,1,4576.722656,550.7282104,1003.312317,4.69892025,0.860676467,4.681699276,0.013725198,-6.023589134,5.27571249,2.30143714,0.007835762,0.999999762,2.38E-07,12.90016365,12.87129498,12.91972637,0.833221555,0.848929286,2.282763243,0,4577.643555,0.068707019,3.300266027
1083,4,2,1,4581.658203,173.4793243,946.5943604,4.690570354,1.116286635,5.044589996,0.547590494,-5.578391075,5.71007061,2.302813292,0.006820585,0.999999762,2.38E-07,12.90764618,12.87654686,12.92998219,0.83595401,0.852600515,2.284968138,0,4586.62793,0.068811268,3.297448874
1084,4,2,1,4595.833984,640.7078247,965.588501,4.506278515,1.057898521,4.699528217,-0.309325725,-5.730962276,6.203121662,2.306258678,0.00522558,0.999999762,2.38E-07,12.92344379,12.89015198,12.94614124,0.835457265,0.856110275,2.284968138,0,4595.658691,0.068904229,3.170300484
1085,4,2,1,4601.542969,398.2310791,974.8752441,5.166713238,1.276994586,5.107156277,0.087017849,-5.659823895,6.641718388,2.307873964,0.006008674,0.999999762,2.38E-07,12.93097019,12.89752388,12.94758511,0.836763442,0.851472557,2.289379358,0,4604.577637,0.069017805,3.670678854
1086,4,2,1,4612.831543,503.4456482,757.8529663,4.546325207,1.209569931,4.59546566,0.186102256,-5.660338402,6.745356083,2.312889099,0.004826191,0.999999762,2.38E-07,12.93890858,12.917099,12.95926571,0.835915148,0.846480727,2.302614212,0,4613.611328,0.069089189,3.366753817
1087,4,2,1,4622.008789,623.0529785,1068.051758,5.077475548,0.759686649,5.050342083,-0.538882077,-6.242234707,6.679592133,2.310728073,0.005009214,0.999999762,2.38E-07,12.94973087,12.92395401,12.9627161,0.838874817,0.855345726,2.300409079,0,4622.630859,0.06920141,3.663918734
1088,4,2,1,4628.308105,262.2515259,1022.377563,4.867248058,1.200328827,4.680038929,0.330429256,-6.072554111,6.227369785,2.313791275,0.004492745,0.999999762,2.38E-07,12.95464134,12.92414665,12.97352982,0.837499201,0.858191848,2.293791771,0,4631.652832,0.06927713,3.444906473
1089,4,2,1,4639.918457,611.8643799,987.8394165,4.86839819,1.448990941,4.99723959,0.026206058,-5.247771263,6.771859646,2.315452337,0.003978028,0.999999762,2.38E-07,12.96055984,12.92890072,12.98104,0.841694236,0.854361176,2.298202991,0,4640.572754,0.069395006,3.479753733
1090,4,2,1,4645.938965,278.1355591,838.4673462,4.763192654,1.152713299,4.916549206,-0.052530762,-6.317879677,7.479416847,2.317884445,0.005474702,0.999999762,2.38E-07,12.96507931,12.93844032,12.98167419,0.842108369,0.851282179,2.30923152,0,4649.539551,0.069484346,3.403246641
1091,4,2,1,4658.129395,567.2007446,988.192749,4.502141476,1.170380592,4.632172585,0.028037699,-6.09023571,6.182640553,2.320508242,0.005301241,0.999999762,2.38E-07,12.97448826,12.94139671,12.99274445,0.843439519,0.861445963,2.307026625,0,4658.522461,0.069575638,3.196764946
1092,4,2,1,4663.599609,333.5541077,1004.626038,5.2088027,1.119972587,5.365199089,0.072113954,-6.028814316,7.670854092,2.318980455,0.005692066,0.999999762,2.38E-07,12.97170067,12.94469738,12.99080086,0.845669091,0.854938745,2.302615404,0,4667.491699,0.069695115,3.710773468
1093,4,2,1,4675.76416,534.5183105,1003.441467,4.4909482,0.931634843,4.546569824,0.297741175,-5.683352947,6.798874855,2.321586609,0.004616006,0.999999762,2.38E-07,12.97627544,12.94992447,12.99427032,0.846934259,0.865365624,2.30923152,0,4676.474121,0.069789849,3.186127663
1094,4,2,1,4684.469238,569.8508301,1060.073364,4.935572147,1.279334307,5.123312473,-0.322646677,-5.39640522,6.094163895,2.320138693,0.005265681,0.999999762,2.38E-07,12.98195648,12.95739555,12.99453449,0.848166525,0.86921984,2.304820299,0,4685.445313,0.069892101,3.535553455
1095,4,2,1,4691.403809,288.32901,972.9452515,4.639874935,0.980681241,4.753932953,0.367238164,-5.852539063,6.596670628,2.326656818,0.004933249,0.999999762,2.38E-07,12.98371983,12.95782852,13.00098324,0.848684669,0.870512128,2.31364274,0,4694.492188,0.069969624,3.308516264
1096,4,2,1,4703.109375,613.9071655,914.593811,4.965874672,1.295918703,4.941471577,-0.260032624,-6.590385437,7.60148716,2.325464249,0.004159844,0.999999762,2.38E-07,12.99034214,12.96781635,13.00403023,0.849884331,0.865438044,2.30923152,0,4703.396484,0.070072934,3.575721502
1097,4,2,1,4707.005859,115.806221,923.5799561,4.821072102,1.027492166,5.009226799,0.686299086,-5.911840916,7.038756847,2.326850653,0.005008261,0.999999762,2.38E-07,12.98943615,12.96405888,13.00611973,0.852346063,0.868805826,2.31364274,0,4712.378906,0.070170246,3.437403202
1098,4,2,1,4720.958984,565.831604,911.1819458,4.69468832,1.08523488,4.825558662,-0.285501331,-6.456961155,6.316892624,2.325048923,0.004682967,0.999999762,2.38E-07,12.99778557,12.97007179,13.01297092,0.852053344,0.865986586,2.31364274,0,4721.348633,0.070262663,3.377609491
1099,4,2,1,4728.282227,500.4106445,1051.744873,5.02671957,1.029209137,5.127659798,0.213388085,-6.266346931,7.651754856,2.325399399,0.004222725,0.999999762,2.38E-07,12.99554634,12.96725178,13.01213264,0.8567698,0.86855197,2.31364274,0,4730.33252,0.070383094,3.612821579
1100,4,2,1,4737.403809,355.0404968,931.6879272,4.730624676,1.064068913,4.570458412,-0.616219521,-5.75300312,6.372941017,2.328504086,0.006549248,0.999999762,2.38E-07,12.99856663,12.97089577,13.0154953,0.853131056,0.859778702,2.31364274,0,4739.363281,0.070445634,3.524504185
1101,4,2,1,4747.456055,587.881958,913.2756348,4.968345642,1.325297832,5.09756422,0.081782714,-6.250331879,6.82941103,2.32758379,0.004537378,0.999999762,2.38E-07,12.9981966,12.97443962,13.0198431,0.858076453,0.874285638,2.320260048,0,4748.38623,0.070555866,3.631421089
1102,4,2,1,4752.388672,193.164978,869.1669922,4.930153847,1.131469607,5.111739635,0.421313226,-6.550283909,7.121378899,2.331587791,0.00500208,0.999999762,2.38E-07,13.00052452,12.97811794,13.02003574,0.859656572,0.873396993,2.315847635,0,4757.303711,0.070661977,3.580464363
1103,4,2,1,4766.339844,595.9216919,924.3109131,4.548949242,0.816259205,4.814493656,-0.4175933,-6.278004169,6.85276413,2.330435276,0.004956002,0.999999762,2.38E-07,13.01068878,12.98495102,13.02883816,0.860040963,0.874968648,2.318053722,0,4766.273438,0.07074374,3.29708147
1104,4,2,1,4774.23291,573.8960571,1055.658569,4.780741215,1.091703892,5.083390236,0.133223951,-6.155236244,6.761167526,2.328323364,0.004977818,0.999999762,2.38E-07,13.01095676,12.98105526,13.02612209,0.864026964,0.879151523,2.318053722,0,4775.258789,0.070849575,3.47559309
1105,4,2,1,4781.450684,346.6668091,747.3269653,4.878956795,1.22026217,4.926541805,-0.036419451,-6.020884514,6.843600273,2.331165075,0.004966167,0.999999762,2.38E-07,13.00908184,12.98206234,13.02927876,0.86299777,0.872196019,2.318053722,0,4784.289551,0.070936307,3.591000795
1106,4,2,1,4793.594727,655.288269,851.1328125,4.59126997,1.064133167,4.921806335,-0.206078604,-6.449187279,8.26722908,2.330549717,0.003722105,0.999999762,2.38E-07,13.01456451,12.99417591,13.0307188,0.865917981,0.880924165,2.320260048,0,4793.208984,0.071028285,3.33217001
1107,4,2,1,4796.900391,84.54837036,904.9084473,4.486254692,1.068930626,4.697712898,0.479643703,-5.638834,6.524503708,2.332197189,0.005066809,0.999992549,1.12E-05,13.01730442,12.99196148,13.03431225,0.865350723,0.880061507,2.320260048,0,4800,0.071092092,3.249979496
1108,4,2,1,4801.73584,56.84131622,916.1824951,3.652412891,1.056088805,3.715703249,-0.033672091,-6.04767704,6.716832161,2.336563587,0.004565909,0.999979675,2.24E-05,13.04108238,13.01501083,13.06116581,0.855134487,0.873433053,2.324672461,0,4800,0.071025796,2.649702072
1109,4,2,1,4796.675293,-48.61727905,1116.607056,5.359753609,1.285456181,5.492420197,-0.148479834,-6.025049686,7.277351379,2.330392599,0.005282797,0.999997616,7.63E-06,13.03466606,13.00805378,13.05970573,0.859484792,0.873224318,2.318053722,0,4800,0.071119644,3.904561758
1110,4,2,1,4797.327148,-109.8220062,1008.359924,4.181176186,1.340309501,4.598479748,0.28238529,-5.789553165,5.899945736,2.335606575,0.005029533,0.999999762,1.48E-06,13.03341675,12.99483395,13.05011559,0.861792684,0.883262575,2.324672461,0,4800,0.071210332,3.013030291
1111,4,2,1,4802.026367,251.3742828,935.1734619,4.30817461,1.244793057,4.294365406,-0.405453712,-6.383867264,7.44298315,2.336853266,0.00462025,0.999999762,3.89E-07,13.04944324,13.02415562,13.06842232,0.856811047,0.871791422,2.329082251,0,4800,0.071230732,3.14097333
1112,4,2,1,4795.248535,-234.495697,969.1549683,4.830937862,0.955467224,5.314836502,0.057628907,-6.733145714,6.606204033,2.335453987,0.004717153,0.999999762,2.57E-07,13.04280186,13.0075264,13.07062912,0.860436022,0.872690916,2.324672461,0,4800,0.071309827,3.521644354
1113,4,2,1,4800.048828,105.5659943,953.795166,4.32474041,0.901212037,4.468522072,0.308776617,-5.876889706,6.641755581,2.338402987,0.005783779,0.999999762,2.41E-07,13.04793167,13.02247906,13.07170963,0.859623671,0.876588941,2.326877356,0,4800,0.071367234,3.10500145
1114,4,2,1,4800.856934,202.3197937,1011.418152,4.495892525,1.113801003,4.63515377,-0.305733889,-5.397910118,7.058350563,2.33696723,0.005728554,0.999999762,2.39E-07,13.05858135,13.03274536,13.07603741,0.858965516,0.876917481,2.322466135,0,4800,0.071410269,3.268385172
1115,4,2,1,4795.592285,-305.0361633,998.2310791,4.606841564,1.060088158,4.858535767,0.151282698,-6.543196201,6.843569279,2.33707428,0.00594963,0.99998945,2.75E-05,13.05875683,13.0290699,13.07886124,0.857016921,0.872587085,2.315850258,0,4800,0.071453385,3.440108061
1116,4,2,1,4799.753906,101.3569183,975.4625244,4.504621029,0.922380507,4.584336281,0.19133082,-6.227410316,6.896243572,2.341520786,0.004974151,0.999997497,8.24E-06,13.06525135,13.03958893,13.07772255,0.858022392,0.87290895,2.329082251,0,4800,0.07152237,3.256238461
1117,4,2,1,4797.637207,-67.39620209,989.9039917,4.68379879,1.091205597,4.974496365,-0.144403249,-5.838645458,6.934803963,2.342392683,0.005481345,0.999997616,7.04E-06,13.06772518,13.04159546,13.08368587,0.858318269,0.872845888,2.331288576,0,4800,0.071583137,3.40024662
1118,4,2,1,4798.692383,-8.999319077,794.512085,4.436625481,1.172808647,4.640296936,0.118908502,-5.967365742,6.792864323,2.341498375,0.004716868,0.999999762,1.40E-06,13.06791496,13.03773499,13.08866596,0.857352197,0.869911253,2.331288576,0,4800,0.071632847,3.236530066
1119,4,2,1,4800.229492,222.0640564,1019.419434,4.880125046,1.034153461,4.791334152,0.111750498,-6.217954636,7.595126629,2.341063738,0.004435169,0.999991715,1.59E-05,13.07305717,13.04606247,13.08897114,0.858269751,0.875001848,2.331288576,0,4800,0.071714178,3.521529198
1120,4,2,1,4797.071289,-191.7261963,907.5739746,4.366588116,1.054995656,4.676605701,-0.264064133,-5.597064018,5.713180542,2.343535662,0.004398936,0.999998987,3.96E-06,13.07922745,13.05351353,13.09663486,0.856321812,0.867540002,2.329082251,0,4800,0.071752623,3.154258013
1121,4,2,1,4800.124023,166.3473511,827.7327271,5.110827923,1.513572574,4.724974632,-0.031574707,-5.866373062,6.088238239,2.343408346,0.003775603,0.999999762,7.55E-07,13.0832777,13.05083084,13.10089684,0.854323983,0.864284039,2.333494663,0,4800,0.071824573,3.732136726
1122,4,2,1,4797.679688,-31.12656784,999.4813232,5.024933815,1.075749755,5.041854382,0.360651106,-6.097890854,6.843852997,2.345349073,0.005061483,0.999984205,2.69E-05,13.08758354,13.05549335,13.11044788,0.857251406,0.874238551,2.333493471,0,4800,0.071892679,3.629650593
1123,4,2,1,4797.860352,-129.1843872,1034.836548,4.361968994,0.961026192,4.583535194,-0.189864457,-6.204166412,6.223120689,2.348022223,0.004788567,0.999993861,1.69E-05,13.09367466,13.06480789,13.11522675,0.855320573,0.871942937,2.335699558,0,4800,0.071928725,3.139441729
1124,4,2,1,4800.020996,190.1323242,918.2166138,4.730666637,1.316038251,4.878852367,-0.036543678,-6.358567238,7.81946516,2.347065926,0.004514,0.999999285,3.54E-06,13.09728622,13.07264328,13.11158562,0.857239783,0.872053444,2.335699558,0,4800,0.072013855,3.445747614
1125,4,2,1,4795.657715,-277.7409363,829.0679321,4.748544216,1.051890969,4.841201305,0.467018455,-6.133495808,7.389969349,2.348185062,0.00408877,0.999999762,6.68E-07,13.09963799,13.06487846,13.12017345,0.85562098,0.866030395,2.340112209,0,4800,0.072062798,3.430544376
1126,4,2,1,4800.577637,161.6499481,949.5358887,4.458612919,0.908607841,4.649477482,-0.448288888,-6.105395794,6.148993969,2.350871563,0.004927104,0.999979913,4.01E-05,13.11015129,13.08656883,13.12660599,0.854836762,0.869680107,2.333494663,0,4800,0.072113752,3.207542181
1127,4,2,1,4798.991211,97.43334198,1073.633301,4.763220787,1.04688561,4.964235306,0.112321936,-5.8425951,6.497601509,2.350770235,0.005213931,0.99995631,7.07E-05,13.11171436,13.07891464,13.12628651,0.857254922,0.870426834,2.340112209,0,4800,0.072186232,3.446832895
1128,4,2,1,4797.741211,-122.8086853,910.8287964,4.676524639,1.180660009,4.610173702,0.077508181,-6.201375961,6.514462471,2.351121187,0.004786592,0.999994755,1.92E-05,13.11112213,13.08174801,13.12848854,0.853621244,0.860479474,2.340112209,0,4800,0.072228111,3.395021677
1129,4,2,1,4800.70166,188.7374573,927.7224731,4.509073257,1.175491095,4.727835178,-0.331246763,-6.021452904,7.639932632,2.350939751,0.003731543,0.999999344,3.61E-06,13.12271595,13.10346699,13.14113426,0.854670823,0.873137772,2.340112209,0,4800,0.07227888,3.248985767
1130,4,2,1,4795.036621,-354.0324402,914.5462036,4.523069382,1.056059122,4.832484245,0.534045279,-5.050339699,7.30039835,2.352282286,0.004925669,0.999999762,6.68E-07,13.1240406,13.08709717,13.14458084,0.855597377,0.867695987,2.342318296,0,4800,0.072332449,3.224741936
1131,4,2,1,4800.467773,151.3852844,855.5512085,4.498821735,1.16597712,4.514433861,-0.435635209,-6.0735569,5.905432701,2.355869532,0.005257016,0.999944746,5.53E-05,13.13132381,13.09668827,13.15032578,0.85305655,0.869728744,2.346729517,0,4800,0.072386898,3.266799212
1132,4,2,1,4798.815918,100.4988556,1105.779541,5.062669277,1.084813833,5.208124638,-0.158740222,-6.058964729,6.75849247,2.353866339,0.005304696,0.999993324,2.02E-05,13.13382244,13.09861279,13.15859032,0.854580164,0.870761871,2.342318296,0,4800,0.072462879,3.669282436
1133,4,2,1,4796.763184,-216.5337067,1028.738281,4.473369122,0.706985652,4.607496738,0.446151733,-6.550051212,6.719584942,2.355764866,0.00563662,0.999992013,2.20E-05,13.14108849,13.11288834,13.16748142,0.852973938,0.870730639,2.340112209,0,4800,0.072501905,3.188139439
1134,4,2,1,4801.645996,326.7692566,938.1538086,4.721616268,1.198139906,4.736441612,-0.454252422,-5.996355534,7.892433167,2.357022762,0.005081321,0.999999046,4.62E-06,13.14702415,13.11950874,13.16770554,0.853717804,0.871870279,2.342317104,0,4800,0.07258153,3.414862156
1135,4,2,1,4796.822266,-156.9762421,966.7504272,4.970924854,1.009312272,5.044398308,0.237135708,-6.285179615,6.130675316,2.356246233,0.005014787,0.999999762,8.34E-07,13.15042305,13.12514305,13.16791534,0.853443563,0.870098531,2.346728086,0,4800,0.072630852,3.620872021
1136,4,2,1,4799.500977,9.50015831,950.7146606,4.658003807,1.105736136,4.355137825,0.680245638,-5.389077663,6.758789539,2.359835863,0.004928448,0.999982536,3.33E-05,13.15871048,13.13219166,13.18008327,0.849711716,0.86347121,2.346729517,0,4800,0.072657488,3.495425701
1137,4,2,1,4799.664551,193.1960907,974.3660278,5.277413368,1.197996616,5.132596493,-0.284585297,-5.879591942,7.490468025,2.360128403,0.004749453,0.99997133,4.99E-05,13.16167259,13.13459873,13.17770958,0.852715313,0.86730516,2.348934412,0,4800,0.07275106,3.854991436
1138,4,2,1,4796.369629,-234.3176422,938.0903931,4.486804962,1.094275713,4.865136623,0.12054421,-6.665526867,7.875088692,2.361021996,0.004288882,0.999996543,1.30E-05,13.16690254,13.13932896,13.18314552,0.85223639,0.863645256,2.353345633,0,4800,0.072795354,3.237252474
1139,4,2,1,4799.254883,31.10801697,933.4573975,4.553385735,0.848249495,4.541488171,0.134888276,-6.21552515,7.085700035,2.361553669,0.003970164,0.99999392,1.42E-05,13.1782217,13.15246868,13.19419098,0.851118207,0.864664853,2.348934412,0,4800,0.072845407,3.255342722
1140,4,2,1,4797.395508,-73.42321777,1016.05896,4.916462421,1.205730677,5.107447624,-0.127424255,-6.062092304,6.635708332,2.360921383,0.004558081,0.999999285,3.20E-06,13.17904091,13.14246368,13.20030212,0.852319717,0.868484378,2.351140738,0,4800,0.072917402,3.540604591
1141,4,2,1,4799.28418,15.69014645,788.0048218,4.523750782,1.123070955,4.596457958,0.229244083,-6.030237198,6.619286537,2.362992048,0.004491844,0.999999762,6.27E-07,13.18377113,13.14821339,13.20399475,0.849913061,0.861723781,2.355550528,0,4800,0.072955124,3.270734072
1142,4,2,1,4800.084961,204.1619263,1038.917603,5.134296417,1.109575748,4.884716034,0.127911583,-6.015462875,7.247908115,2.364639521,0.004461891,0.999980271,5.32E-05,13.19153309,13.16454601,13.20788002,0.850978315,0.867708981,2.351140738,0,4800,0.073032945,3.684535503
1143,4,2,1,4797.118652,-163.289505,877.7834473,4.557898521,1.160249472,4.803981781,-0.195662916,-5.264544487,6.037082195,2.365943193,0.004023964,0.999977171,4.35E-05,13.19518089,13.16734695,13.21304226,0.850662589,0.86434114,2.348934412,0,4800,0.073081806,3.282143354
1144,4,2,1,4800.440918,152.6873169,883.7088013,4.534468174,1.353122711,4.676241398,-0.130502924,-6.245866299,6.57835865,2.367245436,0.005577256,0.999888539,0.000113891,13.20545387,13.17296124,13.2261076,0.849921584,0.864923477,2.353345633,0,4800,0.073133677,3.281953573
1145,4,2,1,4797.822754,-51.63539124,1033.933228,5.083636284,1.054470778,4.909138203,0.283253938,-6.098257542,7.000927925,2.367183447,0.004221203,0.999936879,0.000122514,13.21001148,13.18548679,13.23187447,0.849781156,0.867448449,2.355550528,0,4800,0.073188052,3.64580369
1146,4,2,1,4798.170898,-122.7238693,1023.094604,4.337128639,0.836233795,4.488868713,-0.070172518,-5.903137207,6.429867744,2.369835377,0.004403518,0.999979377,5.98E-05,13.21417046,13.19018841,13.23412037,0.848580003,0.866297185,2.35996151,0,4800,0.073217504,3.086081028
1147,4,2,1,4800.129883,200.2667847,962.3513184,5.410973072,1.622684479,4.95915699,0.301969945,-6.615272045,5.872106075,2.368103504,0.004283096,0.999997497,1.23E-05,13.21809387,13.1924572,13.23416615,0.848057985,0.866434336,2.357756615,0,4800,0.073300362,3.907857656
1148,4,2,1,4795.433105,-315.0709229,892.6932983,4.899944782,1.047379851,4.889474869,0.486003071,-6.325625896,6.349131584,2.371010542,0.004366305,0.999998152,6.18E-06,13.22399998,13.19653702,13.2494297,0.84807843,0.861653149,2.362167835,0,4800,0.073345922,3.498657227
1149,4,2,1,4800.548828,161.5764008,937.1018677,4.50261116,0.915407479,4.737515926,-0.435392886,-5.997411728,5.881232738,2.374251842,0.005025508,0.999993861,1.42E-05,13.2331295,13.20277786,13.25036526,0.848502874,0.863829851,2.362167835,0,4800,0.073398553,3.214158058
1150,4,2,1,4799.963379,157.5398712,1083.306519,4.843206882,1.112652421,4.943151474,0.140724301,-5.659669876,7.227152348,2.373111486,0.004575041,0.999983191,3.04E-05,13.23901653,13.2010746,13.25786495,0.849717081,0.863434136,2.362167835,0,4800,0.073458299,3.491487503
1151,4,2,1,4797.430664,-193.663269,986.5257568,4.735194206,1.028334856,4.523631573,0.188629806,-6.345016479,6.991173744,2.377088547,0.004481614,0.999985874,3.34E-05,13.24453545,13.21575356,13.26194859,0.84410882,0.85750109,2.366580248,0,4800,0.073474392,3.569777727
1152,4,2,1,4801.367188,264.6266479,898.555481,4.878490448,0.970708191,4.762916565,-0.864618063,-5.848576546,5.737720013,2.374512672,0.006232447,0.999998271,7.50E-06,13.25318813,13.22729015,13.27232361,0.845981836,0.860573053,2.362167835,0,4800,0.073540136,3.632882833
1153,4,2,1,4796.147949,-255.6595306,863.7800293,4.741854191,1.1351192,4.893675804,0.405956864,-5.176578522,6.820839882,2.37601018,0.00600928,0.999989212,1.29E-05,13.25547409,13.22223949,13.27427864,0.847756684,0.864645481,2.364374161,0,4800,0.073589318,3.41049099
1154,4,2,1,4799.84375,74.81710815,927.6863403,4.70352459,1.090811729,4.624804497,0.184236929,-6.195624828,7.596830368,2.37695837,0.004670186,0.999998748,4.14E-06,13.26248646,13.23522949,13.28360558,0.845947921,0.85577625,2.366580248,0,4800,0.073628001,3.368993759
1155,4,2,1,4800.208496,151.4430237,1051.08374,4.557758331,1.016877532,4.853458405,-0.390919745,-6.463815689,7.992085457,2.37807107,0.004640516,0.999976575,4.28E-05,13.27161503,13.24850845,13.2870903,0.847447693,0.867082894,2.362167835,0,4800,0.073682144,3.244588614
1156,4,2,1,4796.575684,-239.9813232,912.5290527,4.51839304,1.02995491,4.719833374,0.2059284,-5.582977772,6.146481037,2.381179571,0.00509676,0.999991417,1.78E-05,13.27550602,13.24812317,13.29378319,0.845792949,0.862054706,2.364374161,0,4800,0.073725738,3.223331213
1157,4,2,1,4800.975586,230.1772919,908.1108398,4.754796028,1.163306594,4.679498672,-0.245381594,-6.247821808,7.217575073,2.382733345,0.00494514,0.999998987,4.22E-06,13.28214836,13.25169563,13.30235291,0.84533906,0.865406692,2.370991468,0,4800,0.073786572,3.423275471
1158,4,2,1,4797.233887,-145.2868805,1079.809937,4.83974123,1.018390656,5.063090324,0.010539618,-6.30792284,6.601664543,2.38041544,0.004257553,0.999999762,7.86E-07,13.28913307,13.25858498,13.31193256,0.845510066,0.863278151,2.370992661,0,4800,0.07382796,3.452122927
1159,4,2,1,4799.916992,49.28479767,1002.1922,4.389753819,1.090815902,4.410057545,0.170155376,-5.984155178,5.807079792,2.384926319,0.005274704,0.999931455,7.55E-05,13.29333878,13.26642418,13.31663227,0.844872475,0.863872647,2.366580248,0,4800,0.073858254,3.103617191
1160,4,2,1,4800.999512,260.2473755,954.2839966,4.91023922,1.135122418,4.843096733,-0.359124541,-6.349244118,7.746435642,2.38334918,0.005182019,0.999991655,2.58E-05,13.30102253,13.26998329,13.32270622,0.845387995,0.859596074,2.370992661,0,4800,0.073926523,3.540467501
1161,4,2,1,4796.038574,-300.41922,928.713501,4.515629768,1.030347109,4.886454582,0.132378295,-6.495845318,7.471908569,2.384892225,0.004126462,0.999989569,2.94E-05,13.30515099,13.27244759,13.32799244,0.844060361,0.855763555,2.373196363,0,4800,0.073950633,3.220664501
1162,4,2,1,4800.003418,92.53025055,1000.137024,4.55681181,1.031244516,4.542898655,0.166765332,-6.238361835,6.10438633,2.386874676,0.003971627,0.999983311,3.83E-05,13.31587982,13.29062557,13.33145714,0.843820453,0.858081639,2.377607584,0,4800,0.074001059,3.228966236
1163,4,2,1,4797.678223,-62.47383118,1015.794861,4.898552895,1.194500089,5.122240543,-0.151705012,-5.666339397,7.126660824,2.385708094,0.004850284,0.999968469,4.93E-05,13.31681252,13.28150463,13.33334541,0.844928145,0.85966152,2.373196363,0,4800,0.074062303,3.505403757
1164,4,2,1,4799.310547,-2.247061014,870.9899292,4.555961132,1.073503494,4.573166847,0.036879856,-6.249157906,7.348552227,2.387548208,0.004989214,0.999996185,1.36E-05,13.32196522,13.29469776,13.34174538,0.842480838,0.854300082,2.375402689,0,4800,0.074091807,3.262017727
1165,4,2,1,4800.943848,204.0937653,1019.323608,4.705826283,1.010244489,4.787935257,0.133969054,-6.244099617,7.670310497,2.386753082,0.0050055,0.999998689,4.15E-06,13.32947159,13.30677605,13.34965801,0.843628824,0.862686098,2.370991468,0,4800,0.074136272,3.330724955
1166,4,2,1,4797.329102,-192.3944702,896.6085205,4.568805218,0.913081765,4.708686352,-0.122186109,-4.951372147,5.651894569,2.390843868,0.004549376,0.999988735,1.64E-05,13.33842468,13.29844284,13.35861969,0.842097402,0.861593366,2.382019997,0,4800,0.074166767,3.251682997
1167,4,2,1,4800.275391,127.5223618,878.1566772,4.541232586,1.251494288,4.67511797,-0.03474544,-6.620754719,6.960424423,2.39040637,0.005311593,0.999996781,6.15E-06,13.34425926,13.30422497,13.35921288,0.842398703,0.856325805,2.377608776,0,4800,0.074215606,3.255329609
1168,4,2,1,4797.784668,-52.82810211,1011.469055,5.136494637,1.12438798,4.987190247,0.254888535,-6.038486004,6.311473846,2.388088703,0.004309453,0.999999642,1.52E-06,13.34743786,13.31583595,13.36484528,0.842475235,0.860928714,2.377607584,0,4800,0.074269682,3.655401468
1169,4,2,1,4798.289063,-126.3218994,1033.833008,4.380504608,0.815595448,4.608747005,-0.157602102,-5.920028687,6.760131359,2.39098382,0.004914405,0.999987781,1.48E-05,13.35356712,13.32592392,13.3748045,0.841077268,0.85939306,2.375402689,0,4800,0.0742893,3.093963146
1170,4,2,1,4800.844727,217.2890015,899.5391846,4.581494808,1.193697929,4.815509319,0.049715675,-6.394341946,7.94968462,2.392858267,0.005113041,0.99999851,4.77E-06,13.36303425,13.33080578,13.38470554,0.842853785,0.859118223,2.384224892,0,4800,0.074353635,3.265786409
1171,4,2,1,4795.76709,-304.8877563,900.4212036,4.714186668,1.174208522,4.887983799,0.342551649,-6.65413475,7.882824421,2.395377398,0.004070928,0.999987483,3.18E-05,13.36673641,13.33786678,13.38655853,0.840591908,0.851601183,2.386431217,0,4800,0.074386127,3.35154295
1172,4,2,1,4800.859863,174.0068207,981.5944214,4.448413372,0.965135336,4.6398139,-0.368756652,-6.148669243,6.967820644,2.396533728,0.005164693,0.999982595,2.24E-05,13.37617207,13.35178471,13.3933897,0.840763927,0.85549438,2.384226084,0,4800,0.074434862,3.143199921
1173,4,2,1,4799.495117,106.2401428,1043.778564,4.843180656,1.014928222,5.018811226,0.158279285,-6.03953886,6.480988503,2.39409709,0.00467006,0.999996722,8.60E-06,13.37686253,13.34677124,13.39076519,0.842586458,0.856116831,2.382021189,0,4800,0.074496061,3.442063332
1174,4,2,1,4798.371094,-130.7496185,894.7219849,4.592607498,1.212462664,4.534006596,-0.02812016,-6.26010561,7.573032856,2.397288561,0.004610801,0.999999642,1.82E-06,13.38415146,13.35128784,13.40616417,0.838266134,0.845869899,2.384224892,0,4800,0.074507132,3.275992632
1175,4,2,1,4800.291992,144.5222015,947.5293579,4.913538456,1.202739358,4.893127441,-0.223060638,-6.081354618,7.405376911,2.398842096,0.004772529,0.999950171,9.57E-05,13.39170265,13.36290932,13.4123621,0.839173198,0.857626617,2.386431217,0,4800,0.074554622,3.488092184
1176,4,2,1,4795.733887,-306.4093933,923.7877808,4.538280487,0.967626274,4.859371662,0.617202222,-5.151832581,7.647256851,2.400156498,0.00485904,0.999985814,3.71E-05,13.3912859,13.35338879,13.41171169,0.841349006,0.855596185,2.390842199,0,4800,0.074605636,3.176207304
1177,4,2,1,4800.669922,153.2128143,833.3179932,4.460734367,1.170715928,4.616976738,-0.466744155,-6.409262657,5.808235645,2.402899027,0.004805175,0.999998271,7.98E-06,13.40008831,13.35555363,13.4200449,0.839093029,0.852909446,2.388637304,0,4800,0.074650727,3.183113337
1178,4,2,1,4799.297363,119.1607285,1070.279419,5.157947063,1.169842243,5.242099285,-0.176056549,-6.211010933,6.664872646,2.399594307,0.004716597,0.999999762,1.37E-06,13.40685749,13.37745667,13.42613125,0.839750707,0.855749905,2.390842199,0,4800,0.07471513,3.680075407
1179,4,2,1,4797.163086,-215.286499,1002.937927,4.554200172,0.861225009,4.628102779,0.483998001,-6.011811733,6.648996353,2.402791262,0.004171489,0.99999243,1.75E-05,13.41034794,13.38014889,13.43162632,0.838276923,0.855102777,2.39084363,0,4800,0.074736409,3.194059849
1180,4,2,1,4801.796387,315.0386353,952.0737305,4.640424728,1.267337203,4.87462616,-0.475964338,-6.139671326,7.328364372,2.404687405,0.004852427,0.999969125,6.38E-05,13.41750622,13.38788319,13.43672085,0.839735568,0.86005789,2.393048525,0,4800,0.074804686,3.292510033
1181,4,2,1,4796.259277,-232.5956116,778.4660645,4.826347351,1.078795671,5.088415146,0.479384333,-6.43031311,7.653712749,2.404001951,0.005330348,0.999996364,1.52E-05,13.42027378,13.38954926,13.43559456,0.839559019,0.855351388,2.393048525,0,4800,0.074847467,3.432168007
1182,4,2,1,4799.949219,37.8552742,967.9702148,4.422460079,0.885256112,4.566103458,0.27750349,-6.025359154,7.216716766,2.406718016,0.003909795,0.999965429,6.96E-05,13.42502308,13.39655018,13.44689465,0.838054061,0.849126518,2.39525342,0,4800,0.074868418,3.100649357
1183,4,2,1,4800.565918,174.0836487,1026.124512,4.715453625,0.944018245,4.935118198,-0.341060221,-6.073892117,7.478030205,2.405606985,0.004504712,0.999973059,5.19E-05,13.43470001,13.40769672,13.45491123,0.838861048,0.854013145,2.39525342,0,4800,0.074917763,3.328075647
1184,4,2,1,4796.59375,-246.3520508,880.5814209,4.596518517,1.205821395,4.861533642,0.30080986,-5.992956161,6.945618153,2.406299591,0.005243705,0.999992549,2.30E-05,13.43729305,13.40564632,13.46038914,0.837133288,0.847047329,2.397459507,0,4800,0.074955933,3.261713266
1185,4,2,1,4799.975098,60.19252777,945.1870117,4.890474319,1.117020726,4.525024414,0.250328422,-6.275192738,7.808590889,2.406785965,0.005024243,0.999995828,1.14E-05,13.44531822,13.41568279,13.46077633,0.833838642,0.852317691,2.393048525,0,4800,0.074992016,3.631746531
1186,4,2,1,4797.731934,-105.26828,1042.757446,4.803866863,1.028942823,4.95092535,-0.146367505,-6.304972649,7.273850918,2.408663273,0.005245188,0.999999464,2.40E-06,13.44785404,13.41337681,13.4676857,0.837061644,0.853527784,2.39966464,0,4800,0.075038224,3.403504372
1187,4,2,1,4799.565918,53.8850441,756.6836548,4.529920578,1.179808974,4.741204739,0.081006154,-5.463763237,6.648599148,2.411037207,0.005296849,0.999999762,5.11E-07,13.4483614,13.41257858,13.47068787,0.837130249,0.848073006,2.397459507,0,4800,0.075084724,3.21794486
1188,4,2,1,4801.141113,257.8737488,1051.329102,5.261609554,1.115478992,4.976698875,-0.045549225,-6.162576199,6.47374773,2.409356117,0.005433493,0.99998337,2.49E-05,13.45642567,13.42191315,13.47978306,0.835882723,0.853704929,2.397459507,0,4800,0.075142309,3.738044024
1189,4,2,1,4796.69043,-273.9689331,948.9683838,4.392375469,0.957354486,4.826229095,-0.039152015,-6.349628925,6.57497263,2.413098812,0.003977963,0.999972343,4.53E-05,13.46442795,13.43414021,13.49023533,0.835777819,0.85138917,2.401870728,0,4800,0.075156882,3.08437562
1190,4,2,1,4800.389648,135.493515,1011.388916,4.719742775,1.20445013,4.645756245,0.107296243,-5.758174419,7.767423153,2.413344622,0.004749548,0.999996722,1.22E-05,13.47183418,13.43547344,13.49037933,0.835489392,0.853443742,2.401870728,0,4800,0.075212665,3.330143452
1191,4,2,1,4797.294434,-77.68643188,914.0855103,5.062518597,1.141269922,5.172084808,0.099747725,-6.29006052,7.643323421,2.414788723,0.005386761,0.999964654,7.85E-05,13.47374344,13.44095421,13.49275398,0.836890638,0.849259377,2.401870728,0,4800,0.075278051,3.598324537
1192,4,2,1,4798.490723,-98.53736877,1003.41095,4.603027344,0.804621339,4.728644371,-0.11983303,-6.440094471,6.920528412,2.416866779,0.004035641,0.999982417,4.91E-05,13.47777557,13.44905186,13.5025692,0.834038556,0.847731888,2.408488035,0,4800,0.075296789,3.237716436
1193,4,2,1,4800.547852,176.7278442,942.6505127,4.706248283,0.946507692,4.81507349,0.180364147,-5.820104599,6.516555786,2.416588068,0.00427031,0.999972403,4.96E-05,13.49084854,13.45712471,13.52147579,0.836041927,0.850992799,2.401870728,0,4800,0.075353466,3.308323383
1194,4,2,1,4796.680176,-192.6781769,872.5930786,4.981195927,1.187320352,5.008068562,0.036832221,-5.947085857,7.085579872,2.416053057,0.005160366,0.999925852,0.000114865,13.49177074,13.46103287,13.53421593,0.833949208,0.840402603,2.401870728,0,4800,0.075402223,3.536477327
1195,4,2,1,4800.907227,190.4680634,911.9574585,4.515072346,1.221767783,4.827901363,-0.365827978,-5.998176098,7.431984901,2.419756413,0.005063182,0.999894261,0.000125028,13.50429535,13.47319794,13.52811909,0.834625244,0.854621232,2.408488035,0,4800,0.075448185,3.188980103
1196,4,2,1,4798.813965,10.85912609,1061.477905,5.050953388,1.068209767,4.909045219,0.260097772,-6.335389614,7.672332764,2.420663118,0.005878912,0.999942899,0.000104748,13.51537514,13.46697998,13.55471611,0.834333003,0.847877979,2.408488035,0,4800,0.075492375,3.536588907
1197,4,2,1,4798.123535,-125.5334473,895.5013428,5.284199715,1.038006067,4.63926506,-0.391443104,-5.731483936,6.615879059,2.423640251,0.006144871,0.999951541,7.92E-05,13.52500343,13.47012329,13.56509209,0.829588652,0.835795164,2.410694361,0,4800,0.07552056,3.762559652
1198,4,2,1,4801.13916,245.8518066,1031.933105,4.952664375,1.155068874,4.940294743,-0.255634457,-5.631755829,7.372585773,2.420740843,0.004897331,0.999994159,2.14E-05,13.53656864,13.47883224,13.57074451,0.833512604,0.849403262,2.410694361,0,4800,0.075578876,3.503144979
1199,4,2,1,4795.527832,-372.2424927,987.3046265,4.650867462,0.986688197,4.802258492,0.674093544,-6.157425404,7.266513824,2.42219615,0.004320872,0.999985218,2.55E-05,13.54524326,13.4973402,13.57906532,0.833216727,0.848481953,2.410694361,0,4800,0.07560122,3.225509167
1200,4,2,1,4800.694336,140.8443146,853.6815186,4.43781662,1.199319363,4.670503616,-0.473077357,-6.590744972,5.615361214,2.427294254,0.005396958,0.999988556,1.79E-05,13.55371094,13.50273895,13.57866192,0.832739234,0.847580194,2.415105581,0,4800,0.075643681,3.131572485
1201,4,2,1,4799.768066,145.4248199,1004.906921,4.938497066,1.193946004,5.192703724,-0.086059794,-6.444328308,7.375942707,2.427014112,0.005325373,0.999998271,5.51E-06,13.5600872,13.50725937,13.58006573,0.833941579,0.846006155,2.417310476,0,4800,0.075702377,3.507656336
1202,4,2,1,4797.489746,-204.1841431,992.7840576,4.522821903,0.899008811,4.607733727,0.442456692,-6.125999451,6.74790287,2.431493044,0.004463686,0.999992251,1.75E-05,13.56405354,13.52234554,13.58113575,0.831333756,0.847375214,2.419516563,0,4800,0.075715244,3.146838427
1203,4,2,1,4802.180176,296.7788391,925.1376953,4.628115177,1.109898806,4.711873531,-0.451063246,-6.012985706,6.229705811,2.429457664,0.00642887,0.999991596,1.87E-05,13.56877232,13.53040695,13.58037663,0.832088709,0.847763658,2.412900686,0,4800,0.075761825,3.24499011
1204,4,2,1,4796.147461,-255.5083008,837.3002319,4.8063097,1.162494302,5.096375942,0.456051648,-5.849422932,7.527136803,2.430362225,0.006168505,0.999954224,6.61E-05,13.57065392,13.53066349,13.58188343,0.832624018,0.848618686,2.419516563,0,4800,0.075802162,3.383409739
1205,4,2,1,4799.837891,45.34729004,906.4902954,4.693416119,0.967089653,4.54334259,0.164460629,-6.44554615,7.726156235,2.432897329,0.00532976,0.999994457,1.91E-05,13.57687664,13.55810261,13.58216,0.830268085,0.842462122,2.419516563,0,4800,0.075830415,3.291177034
1206,4,2,1,4800.54541,162.4434814,1013.504578,4.795296669,0.896592975,4.947269917,-0.415291756,-6.385126591,7.210995674,2.435633659,0.005699151,0.999951839,7.93E-05,13.58268356,13.57850361,13.58846378,0.831443846,0.845045149,2.421722889,0,4800,0.075877085,3.358551264
1207,4,2,1,4797.036621,-238.254303,871.7167358,4.576521873,1.021404147,4.770596504,0.321393609,-5.734530449,6.463262558,2.436449051,0.004634799,0.999972761,5.77E-05,13.58315182,13.57502937,13.59271526,0.829108894,0.83966589,2.419516563,0,4800,0.07589826,3.204339981
1208,4,2,1,4800.30957,178.7105713,856.9326782,5.120564938,1.054741144,4.869040966,-0.044772372,-5.879097462,7.102741718,2.434473276,0.005848214,0.999996722,1.36E-05,13.58623695,13.58123493,13.59340382,0.829203486,0.844764888,2.419516563,0,4800,0.075965405,3.613115311
1209,4,2,1,4797.748047,-122.1182098,1070.125,4.87571907,1.118950725,5.083052158,0.022113707,-6.227581501,6.878493309,2.436718941,0.004125784,0.999977112,5.66E-05,13.59268665,13.5820179,13.60675716,0.82941395,0.849352062,2.419516563,0,4800,0.075997911,3.404727459
1210,4,2,1,4800.440918,61.14601517,880.9740601,4.382205486,1.119238853,4.572301865,0.044142421,-5.490738392,5.50842905,2.439717531,0.003798973,0.999970615,4.12E-05,13.59632969,13.58622837,13.60997963,0.828469753,0.84961766,2.426134109,0,4800,0.076012544,3.053931952
1211,4,2,1,4800.862305,229.0683594,944.7702637,5.146992683,1.157022834,5.070429802,-0.251484901,-6.825508595,7.607984543,2.439187527,0.003769902,0.999996424,1.22E-05,13.60174561,13.58500862,13.61895084,0.828762829,0.844250023,2.430545092,0,4800,0.076070338,3.640323162
1212,4,2,1,4797.127441,-262.0096741,978.3643188,4.53164196,0.90240097,4.776317596,0.051975131,-6.035004139,6.468122482,2.440825701,0.003901983,0.999936521,0.000105409,13.60781384,13.58718777,13.62211514,0.827089906,0.842859566,2.432751417,0,4800,0.076074228,3.161161184
1213,4,2,1,4799.949219,41.47985077,978.4309692,4.634909153,0.934781373,4.574267387,0.138657153,-5.93217659,6.247995377,2.439655304,0.00393148,0.999971688,7.00E-05,13.61806107,13.59811687,13.62906361,0.826949418,0.841087997,2.430545092,0,4800,0.076102197,3.221659899
1214,4,2,1,4797.818359,-58.89042664,943.2218628,4.964748383,1.168479443,5.181914806,-0.07964503,-5.417716503,6.802815437,2.440845966,0.004131154,0.999969304,5.22E-05,13.62251091,13.5936842,13.63692665,0.828607202,0.842881501,2.432751417,0,4800,0.076161452,3.497117996
1215,4,2,1,4799.314941,-42.97668457,923.1990356,4.495677471,1.041524887,4.670590401,0.046488184,-6.280369759,7.2601161,2.445927382,0.004215413,0.999856651,0.000198678,13.62851906,13.60741138,13.65064907,0.826060712,0.836233139,2.437162638,0,4800,0.076169603,3.151776552
1216,4,2,1,4800.748535,167.2556152,983.0129395,4.823690891,0.932735145,4.757987976,0.170168191,-6.511660099,7.384427071,2.444556952,0.004910844,0.999904215,0.000185035,13.64167118,13.61865044,13.66231537,0.826781869,0.839549661,2.437162638,0,4800,0.07621213,3.346099138
1217,4,2,1,4797.96875,-132.7503052,825.4456787,4.714826107,1.041757226,4.828906536,-0.130629241,-4.946780682,6.510510445,2.447336912,0.004967144,0.999952734,8.29E-05,13.64437294,13.61567497,13.66510868,0.825649738,0.83833003,2.434957504,0,4800,0.076240227,3.296750307
1218,4,2,1,4801.163574,175.1516113,809.2823486,4.634452343,1.153235078,4.712766647,-0.158490166,-6.057637215,7.022463322,2.448234081,0.005162735,0.999918044,9.16E-05,13.65877533,13.62127113,13.67687511,0.824955344,0.841674685,2.432751417,0,4800,0.076271303,3.254586458
1219,4,2,1,4798.174805,-55.88241577,1053.042969,5.220840454,1.105933309,4.99113512,0.252621979,-6.300084114,6.984342098,2.446400642,0.0057965,0.999990106,3.11E-05,13.6643343,13.63854122,13.68109322,0.824873149,0.841573358,2.437162638,0,4800,0.076307788,3.635741472
1220,4,2,1,4798.67334,-107.8671799,992.1278076,4.337809563,1.214581251,4.615660191,-0.231734499,-5.686759472,6.139255047,2.451494455,0.004773735,0.99995172,6.85E-05,13.67170238,13.64272499,13.68971825,0.824391484,0.842216372,2.437162638,0,4800,0.076324396,3.009065628
1221,4,2,1,4800.599609,180.4516449,891.4827271,4.887000561,1.294757843,4.945166111,0.1136849,-6.410775661,7.864590645,2.452560186,0.005256319,0.999900997,0.000123359,13.68005753,13.65423679,13.69383049,0.82495898,0.840337753,2.44157362,0,4800,0.076377906,3.427368164
1222,4,2,1,4795.825684,-310.7419128,868.2667847,4.888749599,1.015356779,4.951929092,0.654496193,-6.020460606,6.654566288,2.454735994,0.004324547,0.999903738,0.0001756,13.68545341,13.65999413,13.70647717,0.824015737,0.835296392,2.44598484,0,4800,0.076407783,3.385617495
1223,4,2,1,4800.745117,125.854332,902.2589722,4.472864628,0.830298543,4.748049259,-0.356479734,-5.810601234,5.848198414,2.454287529,0.002804983,0.999979913,5.92E-05,13.69859409,13.67657375,13.71162224,0.823283851,0.836520016,2.443778515,0,4800,0.076438829,3.093597651
1224,4,2,1,4799.989258,154.0860291,1034.057617,5.42209816,1.613479853,5.157139778,0.293918461,-5.863355637,6.714097977,2.45309639,0.005065796,0.999938071,9.87E-05,13.7056179,13.67999935,13.72209835,0.822617471,0.841458142,2.443779945,0,4800,0.076495387,3.78940177
1225,4,2,1,4797.774414,-183.4985352,970.3755493,5.543847084,1.143153071,4.648767471,0.542554736,-6.620892525,7.199037075,2.460359335,0.004688134,0.999853253,0.000181351,13.7105875,13.6861639,13.73355865,0.81836617,0.835652471,2.450396061,0,4800,0.076503187,3.840032578
1226,4,2,1,4801.974121,257.1661987,896.8960571,4.569600582,1.033715129,4.719347954,-0.449909419,-5.883118629,6.190336704,2.461590052,0.005471918,0.999896407,0.000184257,13.72705555,13.70097637,13.74926376,0.821769178,0.835082769,2.448189735,0,4800,0.076540627,3.161980629
1227,4,2,1,4795.883789,-257.8664856,787.4950562,5.170265675,1.341602683,5.208625793,0.604663432,-6.070111275,6.789465904,2.460149527,0.006197204,0.999864578,0.000199344,13.7277298,13.70439243,13.74570751,0.82153827,0.839332402,2.452602148,0,4800,0.076589793,3.728849411
1228,4,2,1,4800.163574,49.12981415,925.6849365,4.671298027,1.077949643,4.601988792,0.237538174,-6.385948181,7.790047169,2.464193106,0.005092729,0.999949336,0.000115026,13.74136829,13.71713543,13.76199055,0.820023,0.833171964,2.454808474,0,4800,0.076609939,3.24840951
1229,4,2,1,4800.208984,138.3603821,1059.364868,4.818944931,0.97249198,5.069022179,-0.381487608,-6.350506306,6.888994694,2.464385271,0.004588298,0.999956548,8.32E-05,13.7530241,13.7281723,13.76887798,0.821707726,0.832171679,2.452602148,0,4800,0.076657772,3.335685492
1230,4,2,1,4797.324219,-215.2826385,872.2169189,4.538270473,1.087931037,4.791296005,0.21300602,-5.708701134,6.758738041,2.468014956,0.00432036,0.99993962,8.96E-05,13.76121902,13.73196888,13.78053474,0.819889367,0.830918193,2.454808474,0,4800,0.076679721,3.1468997
1231,4,2,1,4800.583984,161.5253448,875.8912354,5.015573978,1.057040453,4.777841568,-0.162494913,-6.193971634,6.71124506,2.468387127,0.0066486,0.999937534,0.000117165,13.7742672,13.74390221,13.7880373,0.818630219,0.830234945,2.448191166,0,4800,0.076727897,3.494448185
1232,4,2,1,4797.753418,-111.1200714,1038.709961,4.926522255,0.910520077,5.172833443,0.053723101,-6.054945469,7.418105125,2.469053268,0.004275581,0.999976218,7.00E-05,13.78249073,13.74686241,13.79843807,0.81976366,0.836249053,2.457014561,0,4800,0.076764002,3.394681215
1233,4,2,1,4800.575195,86.1947403,851.6982422,4.338106632,1.238679528,4.522065163,-0.036528196,-5.588135719,5.538599014,2.471765041,0.005058006,0.999899387,0.000124133,13.79028416,13.75439644,13.80134392,0.818735182,0.832819641,2.459220886,0,4800,0.076784641,2.992315054
1234,4,2,1,4800.758301,221.9415741,989.8148193,5.081171036,1.217591763,5.000440121,-0.310225815,-6.758254528,7.662176609,2.470391035,0.00565123,0.999987841,3.95E-05,13.79954624,13.78021049,13.81252575,0.81853044,0.828805864,2.454808474,0,4800,0.076840393,3.550032616
1235,4,2,1,4796.865234,-243.3201294,956.6966553,4.701236248,0.810618222,4.935060978,0.037575394,-6.103637218,6.43610239,2.476051092,0.004698564,0.999747217,0.000238437,13.80612278,13.79021454,13.81817627,0.81714952,0.829815984,2.465837002,0,4800,0.076862849,3.239501238
1236,4,2,1,4800.689453,110.2549286,1031.460083,4.735286236,1.489083767,4.566074371,0.520742953,-5.891235828,7.58976078,2.477870464,0.006683873,0.999590397,0.000399467,13.81921768,13.80207825,13.83227253,0.81575036,0.83513689,2.463630676,0,4800,0.07689359,3.341562033
1237,4,2,1,4797.521973,-88.28282166,864.3369751,5.279867172,1.330180168,5.239824772,0.190830722,-6.400998116,7.680356503,2.476986885,0.005696349,0.99981159,0.000271075,13.82413387,13.80249119,13.83998489,0.81710428,0.835746884,2.463630676,0,4800,0.076946437,3.677677155
1238,4,2,1,4798.674316,-87.59716034,1003.227661,4.479264736,0.965276122,4.656215668,-0.026130829,-6.46669817,7.779331684,2.479874134,0.004047175,0.999763608,0.000319919,13.83488369,13.81412983,13.85130882,0.815630496,0.829003453,2.472454309,0,4800,0.076965392,3.075734615
1239,4,2,1,4800.883301,183.3363647,931.140625,4.765917778,0.76680249,4.885138035,0.11505235,-6.370259762,6.337040424,2.480007887,0.004523309,0.999840617,0.000237709,13.84785652,13.82366848,13.86278439,0.816178739,0.828095317,2.470247984,0,4800,0.077014513,3.264930725
1240,4,2,1,4797.413574,-164.4567261,820.6967773,4.687667847,1.210964561,4.952204704,-0.162592575,-5.44726181,6.57838583,2.483803749,0.005106458,0.999704599,0.000336037,13.85689259,13.83219051,13.87364578,0.815149546,0.823480904,2.472454309,0,4800,0.077050865,3.252200842
1241,4,2,1,4801.061523,174.6743927,852.8491211,4.728508472,1.148452282,4.818592548,-0.249645829,-6.047456264,7.293768406,2.48642087,0.004161839,0.999626219,0.000405491,13.87212086,13.84863758,13.89406967,0.813703716,0.832377911,2.47686553,0,4800,0.077083685,3.274699211
1242,4,2,1,4798.508301,3.031219721,1035.701172,4.952418804,1.068887711,5.08935976,0.211732224,-6.373474121,7.968117237,2.485141993,0.00515476,0.999705136,0.0004152,13.88028049,13.85638618,13.8943119,0.815757751,0.832737267,2.470249414,0,4800,0.077136889,3.382264376
1243,4,2,1,4798.755859,-104.0065613,940.1230469,4.308917522,1.239075422,4.601279259,-0.32619074,-5.756153107,5.27969408,2.489453554,0.004311558,0.999711037,0.000304002,13.89147091,13.85639858,13.90791321,0.813314974,0.835282147,2.479071617,0,4800,0.077154249,2.955102444
1244,4,2,1,4800.700684,185.9354858,979.0171509,4.818813801,1.248128772,4.984472275,0.0073783,-6.563548088,6.704590321,2.488588333,0.00317436,0.999794424,0.00025102,13.9040451,13.88062763,13.92106152,0.813480794,0.826441765,2.47686553,0,4800,0.077204943,3.333228588
1245,4,2,1,4795.702637,-329.4868774,894.8460693,4.865615368,0.943572819,4.99440527,0.730502605,-5.913832188,6.404636383,2.491948366,0.003762014,0.999523699,0.000371772,13.9148283,13.89430809,13.93000698,0.812631667,0.827035844,2.481276512,0,4800,0.07723704,3.310845852
1246,4,2,1,4801.259766,169.0342407,960.1442261,4.464560509,1.089506626,4.726744175,-0.404930204,-6.243746758,4.964636803,2.496958971,0.005339186,0.999077797,0.00072763,13.9299202,13.90853214,13.94069862,0.8115713,0.831312954,2.485687733,0,4800,0.077266425,3.049221039
1247,4,2,1,4799.864746,150.391922,1022.692322,5.119857311,1.254095554,5.224367619,0.028618036,-5.822620392,7.437308788,2.495896578,0.005769707,0.999051273,0.000729657,13.94096279,13.90760803,13.96247864,0.812367558,0.827512443,2.483482838,0,4800,0.077325463,3.538285017
1248,4,2,1,4797.860352,-158.7175903,969.9133301,4.586637497,0.997874916,4.797641754,0.277232796,-6.227655888,7.589155197,2.49989295,0.004480854,0.998825729,0.000591536,13.94984722,13.93416977,13.96898174,0.81046319,0.820596576,2.490098953,0,4800,0.077344283,3.130632877
1249,4,2,1,4801.447754,218.5080719,933.086731,4.755988121,0.951746583,4.876547337,-0.390292883,-6.374637604,7.217261791,2.499356747,0.005031789,0.998931468,0.000682268,13.97332954,13.9468832,13.99173927,0.809640586,0.822867513,2.490098953,0,4800,0.077380881,3.243303776
1250,4,2,1,4795.960938,-286.0589905,861.3745728,4.723794937,1.071064115,5.099724293,0.45713982,-5.378152847,6.807758331,2.50401783,0.004325975,0.998105347,0.000698609,13.98352146,13.95586491,13.9940424,0.810897768,0.825110972,2.490098953,0,4800,0.07742241,3.217355728
1251,4,2,1,4799.981445,83.32362366,810.3162231,4.946854591,1.101427913,4.749310493,-0.025960509,-6.119949818,7.379734039,2.508295059,0.004838363,0.997486115,0.000701557,13.9952507,13.97173595,14.00736046,0.807506144,0.820569873,2.498922586,0,4800,0.077460296,3.409695625
1252,4,2,1,4799.766602,124.8929977,1039.117798,4.891538143,0.970438778,5.24204874,-0.26791203,-6.104702473,7.58242321,2.507714748,0.00414641,0.997130871,0.000608289,14.0101614,13.98665333,14.03107071,0.809473693,0.826501012,2.496716261,0,4800,0.077516504,3.329493523
1253,4,2,1,4797.266113,-222.9274292,971.1060791,4.560434818,1.180541635,4.776936531,0.214163929,-5.616166592,5.808285713,2.511182308,0.005261601,0.996360838,0.000861855,14.0172596,13.99931526,14.03144169,0.807139933,0.823961794,2.49230504,0,4800,0.077542216,3.087076187
1254,4,2,1,4801.556152,251.4045258,901.4719849,4.793774128,1.202718258,4.924803257,-0.332821399,-6.243796825,7.238868237,2.514082193,0.004970949,0.995763481,0.000780519,14.02977943,14.01079655,14.04358673,0.807025731,0.820978343,2.501127481,0,4800,0.077591285,3.292416334
1255,4,2,1,4796.945801,-191.2226868,939.055542,4.994113922,0.891582131,5.134932041,0.248869777,-6.016627312,7.020846844,2.515529156,0.004938314,0.994777262,0.000705426,14.04189205,14.02179718,14.06081772,0.806530893,0.819088638,2.505538464,0,4800,0.077621624,3.408726454
1256,4,2,1,4800.178223,58.69253922,953.6276855,4.466862679,0.904053271,4.549884796,0.228198603,-5.956007957,6.715664864,2.522414923,0.005407236,0.993460298,0.000956433,14.05356693,14.03514385,14.07353497,0.80614841,0.820753932,2.509951115,0,4800,0.077647246,3.011645555
1257,4,2,1,4800.875,222.6196289,1017.869446,5.189648151,1.110175252,5.053240776,-0.504342258,-5.6784935,7.302949429,2.518532753,0.005635338,0.993425548,0.000732135,14.07080078,14.046031,14.08882046,0.805024981,0.822396934,2.507744789,0,4800,0.0777032,3.552691221
1258,4,2,1,4796.343262,-292.5349731,979.5215454,4.720038414,0.986160219,4.878489494,0.213035017,-6.103275776,7.825278759,2.523082018,0.004618387,0.991954446,0.000827855,14.08178425,14.0612793,14.10358047,0.803745925,0.813681126,2.514362097,0,4800,0.077724241,3.205157757
1259,4,2,1,4800.342773,101.5211029,963.3519897,4.748689175,0.807999849,4.766993999,0.2720173,-6.267689705,7.738954067,2.524168968,0.003127277,0.991267562,0.00061377,14.09702587,14.07079601,14.11247921,0.803505063,0.819243789,2.509949684,0,4800,0.07776472,3.19666791
1260,4,2,1,4798.116699,-88.06787872,972.4810181,4.826540947,1.057107329,5.067687035,-0.145800591,-6.22597599,6.454141617,2.528844118,0.004434727,0.989686131,0.000866306,14.11094761,14.08409023,14.12766361,0.803778768,0.816591203,2.514362097,0,4800,0.077796951,3.272594213
1261,4,2,1,4799.400879,-2.027258635,778.4786377,4.672678471,1.191414475,4.8024683,0.058187596,-5.907897949,6.654273987,2.529528618,0.003940064,0.988674641,0.000715775,14.12207603,14.10181427,14.13957214,0.801668823,0.813295007,2.520979643,0,4800,0.077820666,3.188214779
1262,4,2,1,4800.852051,224.4960938,1027.009766,5.051544189,1.06137836,4.97708559,0.101683743,-5.905387402,7.6009202,2.531184673,0.003691518,0.987667918,0.000510765,14.13890934,14.12572289,14.15960026,0.802644372,0.817175448,2.520979643,0,4800,0.077880055,3.410368919
1263,4,2,1,4797.466309,-208.8769226,882.2472534,4.49818325,0.99318707,4.87824297,-0.179688677,-5.676413059,5.831449986,2.532999992,0.004594376,0.986252248,0.000813607,14.15218353,14.12510395,14.17261791,0.800685823,0.816146731,2.520979643,0,4800,0.077896334,3.030361176
1264,4,2,1,4800.788574,140.6865845,920.2788696,4.503824711,1.31197536,4.76429081,-0.148372695,-6.201665401,7.508254528,2.535638094,0.005306149,0.984935343,0.001016813,14.16902924,14.14604759,14.18278122,0.800771892,0.814353466,2.52318573,0,4800,0.077930927,3.062806845
1265,4,2,1,4797.994141,-60.54508972,925.8720703,5.377534866,1.163801193,5.152729511,0.193495512,-6.473571301,7.091905117,2.534315348,0.004569831,0.984095335,0.00085297,14.1809206,14.15989208,14.19877148,0.799351633,0.813624799,2.52318573,0,4800,0.077971771,3.649829149
1266,4,2,1,4798.84668,-108.2141724,1013.947144,4.254728317,0.945962608,4.585607529,-0.164949283,-6.149500847,7.000677586,2.537868023,0.005252232,0.982646286,0.000903826,14.19889259,14.17113781,14.21790981,0.798655987,0.813696504,2.525390625,0,4800,0.077978589,2.844957113
1267,4,2,1,4800.43457,140.5004883,896.4873657,4.803141117,1.205465078,4.92740345,0.125188783,-5.973392963,7.192248344,2.534026861,0.004132384,0.981976449,0.000725029,14.21247482,14.1920929,14.22552872,0.798929095,0.813865006,2.525390625,0,4800,0.078024946,3.234135866
1268,4,2,1,4796.859375,-212.9057007,823.5838623,4.888257027,1.049710274,5.048614025,0.354415089,-6.465821266,7.715250969,2.535753489,0.004846735,0.980681539,0.000908599,14.22158051,14.2067852,14.23660278,0.797759056,0.80533576,2.525390625,0,4800,0.078060791,3.302698374
1269,4,2,1,4801.851563,178.242218,898.9682617,4.461434841,0.90787071,4.556231499,-0.261169702,-6.58195734,7.324883461,2.534021854,0.004713585,0.979828238,0.000842072,14.24058628,14.22384262,14.2555666,0.795594633,0.810901463,2.52318573,0,4800,0.078064516,2.990179062
1270,4,2,1,4800.021484,98.02142334,1051.341064,5.520561695,1.68876183,5.024330139,0.424452603,-5.900595188,5.905571938,2.532898664,0.00530503,0.978947937,0.000805913,14.25186157,14.23681927,14.26605892,0.794175804,0.80887413,2.523184538,0,4800,0.078095399,3.715784311
1271,4,2,1,4798.17627,-122.7690659,891.1901855,4.753190517,1.318735003,4.847028255,0.036374673,-5.718288898,7.604239464,2.532707214,0.004283182,0.978100657,0.000632275,14.25929165,14.23868275,14.27735233,0.794145584,0.801558137,2.525390625,0,4800,0.078120351,3.205706596
1272,4,2,1,4801.370117,210.5467987,919.7114868,4.835985661,1.13013351,4.930381775,-0.164992169,-5.887265682,7.494392395,2.528946161,0.004164442,0.977704287,0.000560067,14.26925087,14.24891281,14.28603077,0.794570327,0.81322962,2.520979643,0,4800,0.078155331,3.239975214
1273,4,2,1,4795.731445,-360.4545593,917.0473022,4.475909233,1.031513572,4.957412243,0.536688209,-4.992315769,7.70322752,2.528247356,0.005071156,0.976767242,0.000723164,14.27375221,14.25695896,14.29322052,0.795304716,0.80740869,2.514362097,0,4800,0.078177176,2.959792852
1274,4,2,1,4800.657227,138.4445648,840.6593628,4.914943218,1.218233943,4.861158848,-0.411251009,-5.983162403,5.760960579,2.529726982,0.004984559,0.976002216,0.000751236,14.27898026,14.26095772,14.29512501,0.793014228,0.807229996,2.516568422,0,4800,0.078218594,3.321955204
1275,4,2,1,4799.556641,103.3809738,1041.813477,5.148497105,1.004383087,5.220199585,-0.176423907,-5.943224907,6.568484783,2.526030302,0.004360677,0.975511968,0.000665346,14.28797245,14.27130508,14.30129433,0.794176459,0.804770589,2.514362097,0,4800,0.078271337,3.467286348
1276,4,2,1,4797.826172,-196.9182281,1013.27771,4.626712799,0.85640341,4.694701672,0.513950884,-6.170291424,6.649291992,2.526320457,0.003559342,0.97462827,0.000574271,14.28630543,14.26711941,14.29916859,0.792606235,0.811663747,2.516568422,0,4800,0.078279719,3.063945532
1277,4,2,1,4802.480469,315.4200439,914.6941528,4.856976509,1.251878023,4.879201889,-0.464810818,-6.251715183,8.005507469,2.522897959,0.004966079,0.97468257,0.000671426,14.2931509,14.27555847,14.30566406,0.792905509,0.810286701,2.514362097,0,4800,0.078319199,3.26256609
1278,4,2,1,4797.176758,-169.9190063,978.8490601,5.085604668,0.886924446,5.2654109,0.168412983,-6.275253773,5.902270317,2.518000841,0.005565029,0.974459827,0.000741879,14.29640961,14.28019333,14.31249142,0.792890072,0.805384696,2.507744789,0,4800,0.078348264,3.561246634
1279,4,2,1,4800.633789,53.65398788,952.9180908,4.609035969,1.181307912,4.467105389,0.399492115,-5.62814188,6.082344532,2.519118309,0.004540719,0.973787308,0.000832605,14.30198097,14.27906895,14.31691647,0.789933562,0.810349107,2.509951115,0,4800,0.078352377,3.303823233
1280,4,2,1,4800.503906,176.1006317,981.914978,5.268881798,1.123925805,5.16612196,-0.49482581,-5.847325802,7.308093071,2.516221762,0.005050348,0.973933935,0.000679693,14.30416107,14.28189945,14.3209734,0.792176008,0.804998636,2.507744789,0,4800,0.078402959,3.590304136
1281,4,2,1,4796.552734,-261.5915527,973.5114136,4.773340702,1.038999319,4.945822716,0.176617414,-6.650603771,7.536988735,2.515225649,0.004928624,0.973343551,0.000683839,14.30266762,14.28210926,14.32115269,0.791737258,0.802202225,2.505538464,0,4800,0.07843212,3.19740963
1282,4,2,1,4800.032227,67.13762665,963.3688354,4.830528259,0.981276572,4.82127285,0.168500885,-6.430487633,7.110216141,2.513846397,0.004480758,0.973392487,0.000615437,14.30837345,14.28815365,14.32455254,0.791637063,0.806477845,2.505538464,0,4800,0.078469478,3.209820271
1283,4,2,1,4798.180664,-71.93170166,1013.05896,4.904374599,1.030446053,5.221150875,-0.153174236,-6.058201313,6.411338806,2.511347771,0.006331046,0.973238885,0.000941963,14.30807018,14.29014969,14.32301521,0.792902112,0.806019723,2.498922586,0,4800,0.078508407,3.286021948
1284,4,2,1,4799.880859,17.1185627,785.5825195,4.708906174,1.221943855,4.78542614,0.031465333,-6.089624405,6.626815319,2.511525393,0.004749853,0.972877264,0.000744355,14.30948067,14.29228115,14.32507706,0.790793836,0.802760959,2.503334999,0,4800,0.078520432,3.175468922
1285,4,2,1,4800.899414,212.9504852,1021.588074,5.375711918,1.133256793,5.14780426,0.087653957,-6.00550127,6.868645668,2.510564327,0.004541635,0.972827733,0.000660131,14.31388283,14.29088593,14.33250427,0.791352451,0.809828579,2.498922586,0,4800,0.07857082,3.587968111
1286,4,2,1,4797.893066,-166.2771149,888.7979736,5.08484745,1.029497981,4.920410156,-0.599336863,-5.71677494,5.755537033,2.511508226,0.003890277,0.972285688,0.000649265,14.31401062,14.29513741,14.32721996,0.789428234,0.796151578,2.498922586,0,4800,0.078584321,3.4211905
1287,4,2,1,4801.063965,153.2274628,892.2148438,5.130890369,1.41976881,4.832913876,-0.300494909,-5.952555656,6.621801853,2.506882668,0.003956796,0.972674489,0.000617255,14.31865406,14.29988098,14.33220577,0.789060116,0.801961362,2.498922586,0,4800,0.078608632,3.461191416
1288,4,2,1,4799.131348,9.312041283,1048.800293,5.123148918,1.204396486,5.009907722,0.341957808,-6.846124649,7.850343704,2.507331371,0.004355701,0.972365081,0.000517507,14.31986618,14.30068207,14.32860374,0.791090369,0.805115163,2.498922586,0,4800,0.078639328,3.442021608
1289,4,2,1,4798.891602,-110.1833496,881.2171021,5.375980854,0.960913658,4.603229046,-0.478411853,-5.712228775,6.831511974,2.510295391,0.003940261,0.971836805,0.000602777,14.32196808,14.3014307,14.34085751,0.786349654,0.791921794,2.498922586,0,4800,0.078641452,3.640547037
1290,4,2,1,4800.554199,164.8373566,969.4718628,5.189603329,1.18511498,5.067493439,-0.20160757,-6.026603222,6.703886032,2.508117437,0.00337609,0.9717592,0.000555499,14.3242178,14.30492496,14.34488106,0.790416896,0.806306124,2.498922586,0,4800,0.07868696,3.49617672
1291,4,2,1,4795.564941,-353.7736816,939.855835,4.962832451,0.918097973,5.025743961,0.664333999,-6.216567516,7.278492451,2.510554314,0.004132494,0.971104383,0.000694761,14.32303333,14.30550957,14.33285618,0.791302919,0.808134437,2.498922586,0,4800,0.078719109,3.275493622
1292,4,2,1,4801.470703,177.080658,898.3324585,4.451254845,1.229959846,4.727020741,-0.577890813,-6.213675022,4.488417149,2.509768724,0.004597558,0.971012771,0.000751492,14.32857609,14.30401802,14.34311867,0.790485322,0.808476508,2.490100145,0,4800,0.078743622,2.974703789
1293,4,2,1,4799.802734,127.4368362,1001.9375,5.222792625,1.118264198,5.32408762,-0.164448068,-6.429781914,7.460321426,2.506097794,0.004399872,0.971101046,0.000580922,14.32765388,14.30670547,14.34200478,0.791683435,0.803445697,2.496716261,0,4800,0.078793719,3.528069973
1294,4,2,1,4797.816406,-217.5891113,964.0750122,4.868782997,1.041132927,4.672270775,0.635759413,-5.787540913,6.675540447,2.508453846,0.004284455,0.970628858,0.000675344,14.33015442,14.31647587,14.34455776,0.78850919,0.80496335,2.494509935,0,4800,0.078786626,3.218766928
1295,4,2,1,4801.958984,265.6740723,925.8012085,4.812601089,1.034219265,4.928910255,-0.3396644,-5.731173992,7.7266078,2.50857234,0.005359198,0.970581353,0.000776095,14.33323956,14.31144524,14.34779263,0.790788472,0.808983862,2.494509935,0,4800,0.078828104,3.212018967
1296,4,2,1,4796.922363,-211.0666656,799.144104,4.840577126,1.109089255,5.193758488,0.355837613,-6.66706562,7.680181503,2.50650835,0.004548944,0.970404923,0.000628474,14.33246422,14.31581783,14.35389233,0.791638672,0.807740211,2.496716261,0,4800,0.078858919,3.244085312
1297,4,2,1,4799.986816,26.96893692,937.9504395,4.826312542,0.970389068,4.631145,0.162868842,-6.311403275,7.269398689,2.505874157,0.004166935,0.970488012,0.000643705,14.33702087,14.32324982,14.35162544,0.789136827,0.799100637,2.49230504,0,4800,0.078871079,3.203037262
1298,4,2,1,4800.512207,165.8601532,1042.132324,4.993672848,0.954662561,5.145637512,-0.530598521,-6.150267124,6.06388092,2.503617048,0.004792208,0.970666766,0.000782066,14.33993149,14.31733418,14.35734081,0.791180074,0.803099155,2.490098953,0,4800,0.078918368,3.339491606
1299,4,2,1,4797.25293,-230.7285004,855.4545898,4.799248695,1.107292771,4.874551773,0.268814594,-6.174080849,6.231859684,2.505210638,0.005541766,0.970112026,0.000833469,14.33673,14.3230381,14.36019325,0.789512753,0.797684014,2.49230504,0,4800,0.078934394,3.212957859
1300,4,2,1,4800.740234,155.5379791,878.6749268,5.098092556,1.071914792,4.820855618,-0.015272704,-6.062155247,7.296485424,2.505504131,0.00338428,0.970175922,0.000493433,14.34175491,14.31961918,14.36330986,0.789162874,0.805546343,2.490098953,0,4800,0.078974523,3.409865141
1301,4,2,1,4797.618164,-151.747345,1051.727417,4.821534634,1.261994481,5.234710693,-0.081916675,-6.286116123,7.518892288,2.503942251,0.004900952,0.96996218,0.000603949,14.34157848,14.32001877,14.35807037,0.790567875,0.807421744,2.492303848,0,4800,0.078999281,3.198878288
1302,4,2,1,4800.65625,83.55917358,845.2633057,4.54112339,1.202706218,4.659171581,0.04730726,-6.028501034,5.736230373,2.502822876,0.004987364,0.970143378,0.000767271,14.3422308,14.32550144,14.35960674,0.789857864,0.805742919,2.481276512,0,4800,0.079017453,3.030511618
1303,4,2,1,4801.307617,230.3869171,1035.396851,5.306303501,1.129141569,4.968073368,-0.118990973,-6.28116703,6.94137001,2.501677036,0.00409574,0.970426023,0.000581956,14.34590149,14.31900406,14.36263943,0.789144993,0.802344024,2.492303848,0,4800,0.079054117,3.570106506
1304,4,2,1,4796.884766,-263.0537415,927.8637085,4.796485424,0.756834924,5.028128147,0.067194946,-5.915640831,6.870653152,2.503231049,0.003755379,0.969924986,0.000539954,14.34570599,14.32561684,14.36095428,0.789110959,0.802570105,2.494509935,0,4800,0.079064265,3.189712763
1305,4,2,1,4801.129395,142.8584442,1020.109619,4.568211555,1.210482478,4.639845848,-0.019444196,-6.428258419,7.251531601,2.502671003,0.003923516,0.970041573,0.000646103,14.35083103,14.3378458,14.36236286,0.789709389,0.803447008,2.492303848,0,4800,0.079091728,3.035342455
1306,4,2,1,4797.752441,-102.6628799,883.6079102,5.278173923,1.282611251,5.239923954,0.073746949,-6.38341856,7.69715929,2.501155615,0.005074922,0.970201373,0.000860057,14.35057068,14.33698654,14.3699255,0.789509654,0.805644751,2.490098953,0,4800,0.079127505,3.544986725
1307,4,2,1,4799.081055,-69.48872375,962.262207,4.544732571,0.936348677,4.852263451,0.042745043,-6.649885178,7.529409409,2.503092527,0.004509832,0.969736874,0.000689726,14.34909821,14.33175564,14.362854,0.789291501,0.799712837,2.494509935,0,4800,0.079139031,3.023345709
1308,4,2,1,4801.240234,178.0046082,955.8143921,4.904619217,0.929556668,4.81712532,0.114861734,-6.35095644,5.774013996,2.500586033,0.004716314,0.970142841,0.000777621,14.35037422,14.32951164,14.36528587,0.789613008,0.800522268,2.492303848,0,4800,0.079168804,3.256438017
1309,4,2,1,4797.69873,-174.4532471,851.4406738,4.799309731,1.00526917,4.983445168,-0.056105155,-5.750042439,6.502806664,2.500291348,0.005502424,0.970158219,0.000913287,14.33841324,14.32082844,14.35601234,0.789295316,0.797133923,2.490098953,0,4800,0.07918451,3.218522787
1310,4,2,1,4801.048828,170.5546417,844.5152588,4.881754875,1.034964681,4.949714184,-0.242440894,-5.893794537,7.447601795,2.50099349,0.004720886,0.970005691,0.000768904,14.33685493,14.31302547,14.35226631,0.789639294,0.803805053,2.487892628,0,4800,0.079217538,3.278302908
1311,4,2,1,4799.540039,32.34768677,1020.088196,5.283074379,1.347926259,4.977371216,0.317188352,-6.952380657,7.69419384,2.50072813,0.005503572,0.969959915,0.000946395,14.33151913,14.31516933,14.34827709,0.789145529,0.804637671,2.492303848,0,4800,0.079241298,3.619550228
1312,4,2,1,4798.816895,-117.9974289,874.4522705,4.658401966,1.144844651,4.729322433,-0.292080253,-5.538599491,5.867199421,2.5029037,0.005022306,0.969724178,0.00077652,14.32410526,14.30406761,14.34354496,0.789678395,0.805923164,2.492303848,0,4800,0.079243638,3.136723757
1313,4,2,1,4800.67041,189.0686035,975.9766846,5.187799931,1.228866935,5.135351658,-0.141199306,-5.934097767,6.444161415,2.500238419,0.005106471,0.970075607,0.000792687,14.32085609,14.30326939,14.34184837,0.791122079,0.806390882,2.487894058,0,4800,0.079296343,3.498343706
1314,4,2,1,4796.085938,-340.1280518,943.3170166,4.811962128,1.050117731,4.93377924,0.68481344,-5.958726883,6.941138268,2.501815081,0.004712918,0.969644845,0.000715295,14.31577301,14.29376221,14.32931805,0.791327238,0.808168054,2.492303848,0,4800,0.07931105,3.176220179
1315,4,2,1,4801.23877,123.6698914,911.3587646,4.571771145,1.205533624,4.681457996,-0.406011671,-6.187390804,4.490608215,2.501062632,0.004742338,0.969922721,0.000726348,14.32081413,14.30119228,14.33764267,0.790376663,0.806788921,2.490098953,0,4800,0.079320729,3.053859711
1316,4,2,1,4800.057129,127.6222,1051.224854,5.361541271,1.195052981,5.27220726,-0.007517586,-6.297282219,6.347688675,2.496081591,0.005507076,0.970526755,0.000818534,14.31641579,14.29383659,14.32919693,0.791660488,0.803666472,2.487892628,0,4800,0.079362854,3.549664497
1317,4,2,1,4798.095215,-198.0997314,948.7786255,4.806364059,0.820831656,4.724025726,0.431694835,-6.195241451,6.354781151,2.500997543,0.004368281,0.970012903,0.000651782,14.31555557,14.29756737,14.33445644,0.789826274,0.804337859,2.492303848,0,4800,0.079355553,3.179422617
1318,4,2,1,4802.192383,266.6143494,918.2247314,4.779865265,1.089516163,4.858347893,-0.466332883,-5.922851563,7.033077717,2.498452663,0.005610862,0.970478177,0.000811535,14.31890965,14.29947853,14.32972908,0.791201949,0.806314826,2.487892628,0,4800,0.07938689,3.195342779
1319,4,2,1,4796.919922,-240.3273315,831.7505493,4.668486595,1.134800076,5.102695465,0.498937398,-5.876228809,8.209113121,2.498980045,0.005612948,0.970149696,0.000789304,14.31534958,14.2938633,14.32745838,0.792976677,0.808670044,2.490098953,0,4800,0.079406105,3.126387835
1320,4,2,1,4800.531738,37.67564011,957.6508789,4.574934959,0.960461736,4.670139313,0.210337237,-6.624209881,7.557104111,2.50010252,0.004819458,0.970235944,0.000715464,14.31906796,14.30203247,14.34294319,0.790511787,0.800238609,2.492303848,0,4800,0.079400994,3.036621571
1321,4,2,1,4800.304199,123.3218536,1027.225952,4.752838135,0.811894238,5.191491604,-0.348297864,-6.437866688,7.521780014,2.499820471,0.00478867,0.970179796,0.000773946,14.3184557,14.29689693,14.3330946,0.792760789,0.804859996,2.485687733,0,4800,0.079437383,3.1631217
1322,4,2,1,4797.236328,-234.6309052,887.1481323,5.23900032,1.738653898,4.990672588,0.409992099,-5.855365753,6.005055904,2.499390841,0.004919589,0.97015816,0.000747913,14.31659794,14.29862595,14.33342838,0.788512707,0.799150169,2.492303848,0,4800,0.079451025,3.506048203
1323,4,2,1,4800.638184,93.34972382,893.7633057,4.801581383,1.126250863,4.828821182,0.130404398,-6.052258492,7.58210659,2.499181509,0.004632333,0.970521748,0.000656832,14.32102108,14.30033588,14.33769894,0.790521145,0.807722032,2.490098953,0,4800,0.079470485,3.204459906
1324,4,2,1,4798.186523,-130.4091949,1060.939819,4.777026653,1.120971203,5.168095112,0.05185857,-6.293148518,7.782909393,2.497369766,0.004733131,0.970551252,0.0006653,14.31908989,14.29289055,14.33433437,0.791545868,0.808600128,2.490098953,0,4800,0.079485089,3.171255589
1325,4,2,1,4800.475586,61.83413696,812.7470703,4.64372015,1.22670877,4.731053829,0.0661899,-5.64444685,6.239901543,2.499722719,0.004796334,0.970333099,0.000791969,14.32025337,14.30332947,14.34062672,0.790628016,0.804137468,2.487892628,0,4800,0.07949651,3.110095263
1326,4,2,1,4801.427246,246.6508636,1017.202576,5.449124813,1.110491395,4.992665291,-0.18958196,-6.359846592,6.373370171,2.497921705,0.005665724,0.970859885,0.00076574,14.32204151,14.29983616,14.3384285,0.790098786,0.803388774,2.481276512,0,4800,0.079537548,3.671548128
1327,4,2,1,4797.651367,-241.9316864,915.758606,4.453595638,0.834960639,4.862943649,-0.102570109,-6.225640774,6.456638336,2.501499176,0.004424907,0.970024347,0.000632888,14.32232952,14.30409527,14.33364391,0.790418267,0.806402385,2.490098953,0,4800,0.079527281,2.956561804
1328,4,2,1,4801.147949,145.1678619,938.2632446,4.948791981,1.579549313,4.723223686,0.139799699,-6.411211967,7.783101559,2.500240803,0.005482423,0.970269859,0.000863136,14.32436848,14.30635357,14.33573341,0.789325893,0.805595577,2.487892628,0,4800,0.079550005,3.314749002
1329,4,2,1,4798.649902,-32.33107376,1001.170349,5.517126083,1.157512784,5.110840797,0.208040878,-5.948518276,6.740754604,2.49943614,0.003759912,0.970419049,0.000597243,14.32252979,14.30137825,14.33524799,0.789400756,0.804453075,2.490098953,0,4800,0.079577327,3.801520109
1330,4,2,1,4799.157715,-131.3607635,987.0160522,4.568958759,1.024108648,4.611217022,-0.570000947,-5.757034302,5.112082481,2.502244711,0.004887294,0.970333219,0.000868079,14.32579899,14.31222248,14.34714985,0.788365364,0.80503571,2.483482838,0,4800,0.079559341,3.176426888
1331,4,2,1,4800.32959,130.391098,904.2086792,5.146398544,1.178694129,5.137852669,-0.084358729,-6.684334755,7.567171574,2.500157118,0.005928047,0.970160544,0.000851057,14.32889938,14.31126213,14.34729671,0.79032445,0.80977869,2.490098953,0,4800,0.079603925,3.47421217
1332,4,2,1,4796.633789,-255.8930054,902.3143311,5.034898281,1.048815846,5.027971268,0.371174514,-6.656816006,7.469541073,2.501852036,0.004319136,0.970115125,0.000707339,14.32282162,14.30494118,14.34181213,0.790568054,0.803959668,2.490098953,0,4800,0.079632722,3.359333277
1333,4,2,1,4801.791992,141.5706024,956.0084229,4.4940238,0.821065545,4.659855366,-0.326301008,-6.037563801,6.254790306,2.50184989,0.0049494,0.969927192,0.000759482,14.3327179,14.31613064,14.34723949,0.789515316,0.801346421,2.490098953,0,4800,0.079625741,2.979655027
1334,4,2,1,4799.908203,107.405159,1067.095947,4.893918514,1.133396387,5.20456028,0.074735798,-5.527965069,6.926597118,2.500082731,0.005096118,0.970186055,0.000781242,14.32910633,14.31357956,14.34464931,0.792713463,0.808506608,2.492303848,0,4800,0.079666607,3.280525684
1335,4,2,1,4798.562988,-124.3079453,880.4833984,4.961786747,1.215129137,4.724867344,-0.001927646,-6.065194607,7.154826641,2.501257896,0.004802987,0.970198452,0.000668433,14.32717323,14.3090086,14.34574509,0.78860271,0.794326544,2.487892628,0,4800,0.079671621,3.335285425
1336,4,2,1,4801.62207,220.0476532,931.0632324,4.835831165,1.05154407,4.97233963,-0.29770276,-6.264340401,7.811877251,2.499097824,0.00509133,0.970470965,0.000763848,14.33087921,14.31025696,14.34816265,0.790780604,0.805705965,2.487892628,0,4800,0.079701021,3.220503569
1337,4,2,1,4796.392578,-322.6026306,907.8352661,4.82331419,1.239064574,4.94848299,0.487645715,-4.977110863,6.60115099,2.499564171,0.004518745,0.970234096,0.000669781,14.33054066,14.30946255,14.34653473,0.790503323,0.80469209,2.490098953,0,4800,0.079711013,3.189109325
1338,4,2,1,4800.325684,79.25173187,778.1743774,4.956438065,1.229858756,4.780421734,-0.137757987,-6.153155327,6.950717449,2.500051022,0.00437599,0.970338345,0.000693275,14.33207035,14.31271935,14.34805489,0.789104342,0.802080274,2.490098953,0,4800,0.079737552,3.338555813
1339,4,2,1,4800.326172,133.2011261,1057.646362,5.005646706,1.122794032,5.112382412,-0.24089922,-5.893939972,7.364687443,2.498790741,0.004428751,0.97047174,0.000737389,14.33453655,14.31311226,14.34982777,0.790876925,0.808987856,2.485687733,0,4800,0.079777367,3.33631444
1340,4,2,1,4797.76709,-214.9062195,963.9342041,4.565290928,0.935517728,4.783557892,0.378958493,-5.686391354,5.830345154,2.501329422,0.004196174,0.970037818,0.000670236,14.33317566,14.3155117,14.3467207,0.789913416,0.807963192,2.490098953,0,4800,0.079782955,3.01585269
1341,4,2,1,4802.206055,299.3979492,891.9134521,5.055617809,1.219220638,5.002734184,-0.409075439,-6.109164238,7.497126102,2.50058341,0.004035093,0.970321476,0.000569659,14.33457088,14.31092548,14.34895134,0.789831519,0.80300492,2.487892628,0,4800,0.079828404,3.405706406
1342,4,2,1,4797.307129,-205.1525726,953.1705933,4.959697247,0.833634436,5.232799053,0.154829934,-5.983970165,6.328647614,2.498946428,0.004669904,0.97022295,0.000600299,14.33664799,14.31873131,14.35359478,0.7902385,0.800848424,2.487892628,0,4800,0.079836778,3.321950197
1343,4,2,1,4800.554199,62.69674683,943.4067993,5.261113167,1.487450957,4.639344215,0.630750179,-5.765699863,6.518107891,2.501307487,0.005111128,0.970166147,0.000801742,14.33606625,14.31838417,14.35100937,0.787749171,0.806581557,2.485687733,0,4800,0.079849914,3.490199804
1344,4,2,1,4801.328613,229.9614258,953.7439575,5.182458401,1.286155224,5.148910999,-0.326734334,-6.430622578,7.656315327,2.500442028,0.004633706,0.970356703,0.000658948,14.33908272,14.31830502,14.35336971,0.790598452,0.809101224,2.490098953,0,4800,0.079889819,3.489873886
1345,4,2,1,4797.156738,-265.7661133,915.1228027,4.79464674,0.946214378,5.001517296,0.278297633,-6.567089558,7.60923481,2.501142263,0.005028426,0.969877839,0.000658029,14.33821774,14.31902885,14.3591032,0.788941264,0.798951328,2.490098953,0,4800,0.07988555,3.196088076
1346,4,2,1,4800.213379,49.52185822,966.0366821,4.877317429,0.910370588,4.710886002,0.149953321,-6.525134087,6.056581974,2.502017498,0.004915677,0.969963491,0.000767614,14.34220219,14.32096767,14.3572464,0.789231002,0.802271724,2.485687733,0,4800,0.079911277,3.236290693
1347,4,2,1,4798.174805,-78.12828827,1001.399902,5.165163994,1.215595007,5.278995991,-0.167419508,-6.178884506,6.540331841,2.499649048,0.005053157,0.970296264,0.000846359,14.33994865,14.31919479,14.35227489,0.790272534,0.804963648,2.490098953,0,4800,0.079948314,3.456818342
1348,4,2,1,4799.910156,8.589871407,830.5031738,4.669036388,1.194107652,4.783164978,0.080880389,-5.854084015,7.396579742,2.500245094,0.004505135,0.970150828,0.000739984,14.33882618,14.32566166,14.35422039,0.789578497,0.804537177,2.487892628,0,4800,0.079960071,3.129915476
1349,4,2,1,4801.428223,201.7979126,1002.577759,5.185138226,1.061652064,4.863334656,0.208249807,-6.005651474,7.625393867,2.500324249,0.00435025,0.970303893,0.000615825,14.34371948,14.32448769,14.35869122,0.789203703,0.806689382,2.487892628,0,4800,0.079984106,3.443332672
1350,4,2,1,4798.054688,-174.9778442,835.9639282,4.463890553,1.009081244,4.858763695,-0.254483908,-4.98301506,5.84458065,2.500140905,0.004857053,0.970139325,0.000719741,14.33972168,14.31814957,14.36553574,0.790488124,0.805941045,2.490098953,0,4800,0.079994351,2.980041742
1351,4,2,1,4801.525879,166.4240112,901.9354248,4.732294083,1.293140054,4.735510349,-0.17278792,-6.293487549,6.931786537,2.500419378,0.005041206,0.970120549,0.00079078,14.3435154,14.32196045,14.36144638,0.788991809,0.802641213,2.490098953,0,4800,0.080010027,3.183179855
1352,4,2,1,4798.339844,-55.78465271,1021.94928,6.085070133,1.313963771,5.176478863,0.458888829,-6.11232996,7.006470203,2.498851538,0.004696788,0.970414996,0.000748412,14.34224319,14.32283497,14.3525629,0.787320495,0.8055076,2.490098953,0,4800,0.080041207,4.062064171
1353,4,2,1,4799.15625,-93.70143127,953.0648804,4.524039268,1.280005336,4.668960094,-0.26631847,-5.875232697,5.811517239,2.500715971,0.004299819,0.97016418,0.000738751,14.34438705,14.32678223,14.36335659,0.789168298,0.807495713,2.485687733,0,4800,0.080046065,3.009380579
1354,4,2,1,4801.19043,186.8701172,891.6019897,4.940634727,1.402728796,5.005785942,-0.064793132,-6.521249771,7.545757294,2.500499249,0.005422045,0.970061243,0.000816046,14.34857368,14.33149242,14.37008762,0.789777637,0.804502904,2.487892628,0,4800,0.080076724,3.319962978
1355,4,2,1,4795.977051,-342.4579163,919.9308472,4.885867119,0.89014405,5.048165798,0.556762695,-6.353919983,6.64492321,2.500232458,0.004878406,0.970160246,0.000799311,14.34661293,14.32823658,14.36198616,0.789330781,0.800427318,2.487894058,0,4800,0.080087222,3.24343276
1356,4,2,1,4801.399902,154.1290741,944.3165894,4.770418167,1.001083612,4.848323345,-0.339127362,-6.216357708,5.568079948,2.500680685,0.004470188,0.970070004,0.000729667,14.34978962,14.33449173,14.36191559,0.78895694,0.802806377,2.490098953,0,4800,0.080105849,3.170709133
1357,4,2,1,4800.6875,145.0296783,1021.989441,4.856178284,1.201369047,5.090761662,0.025597757,-6.008737087,7.119501114,2.49847126,0.0054981,0.970297694,0.000790146,14.3512125,14.32680035,14.36590958,0.791184068,0.805974007,2.490098953,0,4800,0.080131672,3.258441687
1358,4,2,1,4798.300293,-163.7007599,881.0366821,4.955032825,1.117087245,4.745652199,0.151530057,-6.335980892,7.469966888,2.501001596,0.004636561,0.970107555,0.000747316,14.3477087,14.32945538,14.36853981,0.787726462,0.794242561,2.490098953,0,4800,0.080125771,3.316025734
1359,4,2,1,4801.875488,233.1031952,948.6947632,4.762471676,1.035375714,4.950761318,-0.360028237,-6.314737797,7.258025646,2.500572443,0.003568587,0.970190942,0.000553359,14.35399723,14.33764839,14.36596107,0.78974992,0.801983774,2.490098953,0,4800,0.080154054,3.164672613
1360,4,2,1,4796.688965,-290.5948792,866.6680908,4.841144085,1.185945392,5.013070583,0.743157566,-5.353656292,6.60835886,2.501076221,0.006128254,0.969761133,0.000772898,14.34958935,14.33329868,14.36855316,0.788804948,0.800137043,2.485687733,0,4800,0.080163948,3.419946909
1361,4,2,1,4800.618652,73.62784576,831.3341064,4.917456627,1.1712147,4.809262753,-0.010427395,-5.937602043,6.730760574,2.502017975,0.004587008,0.969984114,0.000642137,14.35354137,14.32999516,14.36747837,0.787510872,0.800390482,2.492303848,0,4800,0.080169402,3.329816818
1362,4,2,1,4800.601074,145.6118774,1061.198975,5.160707474,1.179168105,5.227541447,-0.19841668,-6.161273956,7.552489281,2.499996901,0.004077286,0.970117867,0.000656342,14.35357952,14.33067322,14.36964893,0.790041149,0.808306932,2.487892628,0,4800,0.080203004,3.432706118
1363,4,2,1,4798.159668,-227.2509003,971.8584595,4.54901123,1.044484019,4.652806759,0.390124828,-4.82242918,6.257012367,2.501736403,0.005328705,0.969699264,0.000778548,14.35469723,14.33632469,14.36763096,0.788015306,0.802126467,2.485687733,0,4800,0.080184266,3.008670807
1364,4,2,1,4801.318359,206.0726929,883.5022583,5.133810997,1.217068076,4.945250034,-0.309288085,-6.254214287,7.028037071,2.502954721,0.005743375,0.969890058,0.000719993,14.35437107,14.3378458,14.37082577,0.788477898,0.802757561,2.485687733,0,4800,0.080221407,3.452361345
1365,4,2,1,4797.943359,-123.0522537,946.6486206,5.192523003,0.988027394,5.277939796,0.086140491,-6.045281887,6.138661861,2.499937057,0.00548982,0.969766319,0.000665875,14.35392284,14.33556175,14.37106323,0.789456844,0.802640557,2.485687733,0,4800,0.080243938,3.476685047
1366,4,2,1,4800.983887,50.84429932,928.3446045,4.496473312,0.866520762,4.609505653,0.240690842,-6.189991474,6.513635159,2.501176596,0.004380338,0.969745755,0.000691294,14.35696602,14.3390789,14.37243652,0.788707316,0.80393213,2.490098953,0,4800,0.080232732,2.970831633
1367,4,2,1,4801.313477,216.9118652,993.7763062,5.290491104,1.071252465,5.056609154,-0.472137779,-6.741996288,7.591765881,2.498348951,0.00485052,0.970311046,0.000734725,14.35704803,14.34003544,14.37828159,0.787322521,0.798463047,2.487894058,0,4800,0.080264919,3.752246857
1368,4,2,1,4797.218262,-267.5377197,974.5044556,4.826079369,0.94510597,4.848459244,0.134777978,-6.391815186,6.79057312,2.49916482,0.00518271,0.969979942,0.000712329,14.35494709,14.33535671,14.36611366,0.787918508,0.798148513,2.485687733,0,4800,0.080262162,3.239994764
1369,4,2,1,4800.73584,76.42694092,980.0585938,4.75677824,1.000660539,4.632575512,0.103031218,-6.092033386,6.202309608,2.500795841,0.004267781,0.970055163,0.000622347,14.36018372,14.3436203,14.37704945,0.788618684,0.80568701,2.485687733,0,4800,0.08027757,3.155920267
1370,4,2,1,4798.314453,-90.28087616,971.973999,5.044395924,1.198432565,5.212378979,-0.131206095,-5.518302917,6.701442719,2.499385595,0.005028113,0.970038533,0.000753372,14.35943127,14.34009457,14.37728405,0.789381504,0.805198312,2.487892628,0,4800,0.080302514,3.376489162
1371,4,2,1,4799.672852,-49.13105774,948.7496948,4.577039242,1.045922995,4.687775612,0.132972762,-6.287117481,7.967691898,2.500962496,0.003863856,0.969855666,0.000639421,14.35986805,14.341712,14.38346386,0.788358271,0.800297081,2.490098953,0,4800,0.080299027,3.059085846
1372,4,2,1,4801.415527,184.5006714,1003.628845,5.112989426,1.115254283,4.841671467,0.172410727,-6.606709003,7.469614029,2.498869896,0.005109547,0.970306456,0.00075131,14.36277103,14.34741879,14.37914562,0.788449228,0.804153025,2.487892628,0,4800,0.080320679,3.385793924
1373,4,2,1,4798.385254,-154.3483734,837.9498901,4.687529087,1.077362418,4.878502369,-0.128719628,-5.576805592,6.044813156,2.499639511,0.005077669,0.970076561,0.000807512,14.36008644,14.34271526,14.37923336,0.788661599,0.802056909,2.487892628,0,4800,0.080323607,3.12950325
1374,4,2,1,4801.870605,178.3049011,856.4241333,4.786381721,1.232467413,4.719094753,-0.18369554,-5.937019348,6.119634151,2.501002073,0.005636869,0.969893456,0.00094463,14.36270046,14.34207153,14.37684822,0.787515879,0.801351011,2.487892628,0,4800,0.080329724,3.215981722
1375,4,2,1,4798.656738,-64.21712494,1072.751343,5.180374622,1.105808258,5.057899475,0.220108986,-5.91288662,6.65300703,2.501063824,0.004573341,0.96974659,0.000674843,14.36073685,14.34382057,14.37546062,0.788993776,0.80383426,2.490098953,0,4800,0.08034505,3.448349237
1376,4,2,1,4799.076172,-113.8070679,986.1992798,4.686036587,1.051683426,4.675122261,-0.303143829,-5.582958698,5.91893816,2.502245903,0.005411477,0.969721198,0.000829677,14.36227131,14.33992672,14.37877655,0.78788501,0.806196868,2.487892628,0,4800,0.080344625,3.116253614
1377,4,2,1,4801.441406,187.7391968,910.6013184,4.819948196,1.168606043,4.947863579,0.022220967,-6.393987179,7.538813591,2.498686552,0.003963141,0.97015965,0.000646221,14.36613846,14.35159397,14.38512897,0.789366066,0.80261898,2.490098953,0,4800,0.080371484,3.235895157
1378,4,2,1,4796.469238,-308.3688049,861.475647,4.998847008,0.908034861,5.037222862,0.489625424,-6.426700592,7.532422543,2.499255419,0.004127557,0.970082283,0.000697591,14.36322117,14.34268665,14.38270092,0.788110197,0.800968528,2.485687733,0,4800,0.080377817,3.325141191
1379,2,2,2,4776.95166,-1190.133057,927.866394,0.511973679,1.597444177,0.612408698,-0.387584656,-5.612247944,6.481793404,2.317295313,0.079783909,0.631604254,0.104051784,14.45661068,14.40432549,14.4903326,0.746079981,0.765282393,2.218798399,0,4800,0,0.313627928
1380,2,2,2,4703.158203,-3627.495605,1228.945557,-0.013046555,1.023432374,0.074454598,0.132681936,-5.099336624,5.774516582,2.153145552,0.071899213,0.549007833,0.040792249,14.50091553,14.46368885,14.52913189,0.706029952,0.728349626,2.075427771,0,4800,0,-0.050393112
1381,2,2,2,4608.90332,-4707.604492,1236.71814,-0.018686408,0.810292482,0.009051939,-0.084247559,-6.03142643,5.323507786,2.029525042,0.056155559,0.500270545,0.023684638,14.53154945,14.50650692,14.55677414,0.669913471,0.691547871,1.978376031,0,4800,0,-0.062450029
1382,2,2,2,4482.845215,-6337.855469,1241.744751,-0.185791656,0.815701008,0.001100505,0.06410896,-5.668155193,5.245746613,1.922450781,0.048495747,0.45645234,0.020085465,14.5447073,14.52387047,14.56044006,0.634402752,0.648041368,1.872501969,0,4800,0,-0.143025205
1383,2,2,2,4352.325195,-6602.213867,770.7853394,-0.076922096,0.752142489,0.000133796,-0.177213237,-4.513642788,4.136278629,1.824037552,0.044534661,0.415002406,0.018723451,14.55996037,14.53495979,14.57676601,0.602101803,0.622003436,1.779862642,0,4800,0,-0.075035453
1384,2,2,2,4214.238281,-6696.189941,1098.556396,0.03692387,0.857683063,1.63E-05,-0.133503079,-4.362754345,5.239622116,1.734061599,0.040375441,0.375003874,0.018084155,14.55758286,14.53605747,14.57649994,0.572448552,0.589887321,1.687223434,0,4800,0,-0.015796736
1385,2,2,2,4065.535156,-7374.130859,1453.98877,-0.031475946,0.871393442,1.98E-06,-0.153209716,-5.1060853,4.55152607,1.64932549,0.037570916,0.337175488,0.017117936,14.56002331,14.54141903,14.58387756,0.542529881,0.556615829,1.612228751,0,4800,0,-0.046011899
1386,2,2,2,3917.996582,-7620.138672,1230.209595,-0.163610369,0.957311988,2.40E-07,0.056306064,-3.556353569,3.830804586,1.567189813,0.036593594,0.301124245,0.016265906,14.55951977,14.54633808,14.57799339,0.51430136,0.530311584,1.528413057,0,4800,0,-0.104207918
1387,2,2,2,3771.814453,-7701.447266,1300.683228,-0.056846935,1.116834044,2.92E-08,0.434384942,-4.964043617,4.069305897,1.489499927,0.036257401,0.266743422,0.015369528,14.5634079,14.54347229,14.58064556,0.487057745,0.503034234,1.444596052,0,4800,0,-0.066549294
1388,2,2,2,3632.666992,-7377.416504,1240.892334,0.058408607,1.107575059,3.55E-09,0.196583927,-4.572438717,3.188584566,1.416670918,0.033127386,0.234360084,0.014532423,14.56262779,14.54206657,14.57502937,0.462204337,0.477897525,1.380631208,0,4800,0,-0.007437679
1389,2,2,2,3498.069824,-6993.641602,1274.869995,-0.037228566,1.003352761,4.32E-10,0.366044223,-3.966117144,3.567329645,1.344778299,0.03280779,0.203563154,0.01374773,14.5644598,14.54727936,14.57916546,0.438800842,0.456002504,1.307842731,0,4800,0,-0.052693285
1390,2,2,2,3368.734375,-6693.32666,1359.446411,0.026509328,0.907991111,5.25E-11,0.331898928,-4.200022697,3.561587572,1.276152968,0.031768542,0.174403608,0.012994142,14.56037807,14.53839493,14.57201099,0.416169196,0.43264246,1.241671562,0,4800,0,-0.02518606
1391,2,2,2,3243.361816,-6566.58252,1301.682373,0.013784908,0.935352206,6.39E-12,0.36117658,-3.827461243,3.356499672,1.213072181,0.029217085,0.146586403,0.012389516,14.56051826,14.5414381,14.57432938,0.394413859,0.410855442,1.179912925,0,4800,0,-0.02736127
1392,2,2,2,3125.023926,-6466.319336,1395.486694,-0.172749102,0.889288902,7.76E-13,0.151866034,-3.328738213,3.399079084,1.148447514,0.03020994,0.120826572,0.011328198,14.55914974,14.53810978,14.57260513,0.373532623,0.392005116,1.111534238,0,4800,0,-0.075744256
1393,2,2,2,3011.855225,-6530.823242,1413.570923,-0.107397743,0.790000319,9.44E-14,0.479670405,-3.66369915,3.347631931,1.088224053,0.028373554,0.096007928,0.011043838,14.55651379,14.5456028,14.56838989,0.352594137,0.371350408,1.049774289,0,4800,0,-0.061344467
1394,2,2,2,2911.987305,-5885.712402,1630.421509,-0.198892921,0.682079196,1.15E-14,0.238647074,-3.262310743,2.45442915,1.027710438,0.028040888,0.073348999,0.010225486,14.55845642,14.5489893,14.57002163,0.332977772,0.34758988,0.992425501,0,4800,0,-0.071649492
1395,2,2,2,2818.433105,-5016.719727,1771.793457,-0.100661114,0.621627092,1.40E-15,-0.177475318,-2.491054773,2.809996367,0.975371063,0.02452735,0.051262945,0.009918499,14.55901527,14.5481348,14.57393646,0.315041423,0.328929842,0.946106553,0,4800,0,-0.035979681
1396,2,2,2,2731.609619,-3619.585205,1626.476563,0.097257905,0.538508892,1.70E-16,-0.429017425,-2.525938988,1.764891505,0.918515086,0.024738533,0.031396717,0.009084489,14.56186676,14.55230618,14.57480335,0.297916323,0.303837955,0.893170178,0,4800,0,0.016554985
1397,2,2,2,2630.943115,-3855.921387,1966.893677,0.16177322,0.476981252,2.06E-17,0.013899541,-1.563227415,2.009873867,0.867482126,0.022220615,0.012354334,0.008703629,14.5598011,14.5500803,14.56741142,0.280446291,0.288168669,0.846849918,0,4800,0,0.030572217
1398,2,2,2,2532.496826,-5131.95752,1484.265259,-0.097486854,0.474126697,2.51E-18,0.2345348,-1.964511871,1.794813037,0.822848678,0.020534236,0.001580438,0.004137837,14.55407238,14.54318237,14.56114674,0.263280749,0.277813405,0.804942071,0,4800,0,-0.031508934
1399,2,2,2,2459.793701,-4752.540039,1776.91748,-0.182171106,0.552193046,3.05E-19,0.165117875,-1.983290911,1.308259845,0.782120407,0.019455466,0.000192144,0.000887353,14.54897785,14.53955936,14.56362629,0.247650251,0.259146243,0.758623064,0,4800,0,-0.042296715
1400,2,2,2,2399.336182,-2809.695068,1546.783081,-0.006626085,0.396462977,3.71E-20,-0.367064714,-1.754142046,1.466267824,0.746080279,0.016198525,2.34E-05,0.000154602,14.55106926,14.54210472,14.56422043,0.236166105,0.241963848,0.725536227,0,4800,0,-0.005791569
1401,2,2,2,2313.949707,-3106.376953,1867.079712,0.139520571,0.445183933,4.51E-21,0.011252177,-0.926065326,1.344361305,0.711921275,0.014042062,2.84E-06,2.45E-05,14.55434227,14.54328728,14.56075668,0.222548053,0.226601914,0.696861804,0,4800,0,0.022919614
1402,2,2,2,2233.219238,-4746.33252,1560.407471,-0.023717424,0.380442888,5.48E-22,0.274258971,-1.764644742,1.344087958,0.681299508,0.01351101,3.45E-07,3.67E-06,14.54685879,14.53475094,14.55749226,0.207843289,0.220975727,0.66377753,0,4800,0,-0.012914599
1403,2,2,2,2190.69751,-2724.857422,1725.767212,0.144092709,0.31180498,6.66E-23,-0.141715914,-1.835813642,0.917679548,0.650086343,0.013429701,4.20E-08,5.30E-07,14.5393734,14.53488636,14.55272484,0.19818674,0.204772785,0.635101855,0,4800,0,0.021546517
1404,2,2,2,2116.663818,-2545.988037,1817.950928,0.149771437,0.417526126,8.10E-24,-0.027928844,-0.905785382,1.228788614,0.623494327,0.011540081,5.10E-09,7.46E-08,14.53824043,14.53139687,14.54438496,0.187736765,0.192915857,0.602017581,0,4800,0,0.020460676
1405,2,2,2,2047.82251,-4076.780273,1473.423706,-0.042074323,0.409350485,9.84E-25,0.152148187,-1.200534463,1.149448395,0.59523505,0.012880946,6.20E-10,1.03E-08,14.53069878,14.52153111,14.53718567,0.176430717,0.186783865,0.577754319,0,4800,0,-0.011244952
1406,2,2,2,2013.574463,-1655.630737,1524.489624,-0.012373584,0.387460172,1.20E-25,-0.387103111,-1.357974291,1.237723827,0.570681572,0.010885674,7.54E-11,1.40E-09,14.52693272,14.51677418,14.53313637,0.169108421,0.173557326,0.557903528,0,4800,0,-0.005148606
1407,2,2,2,1928.153442,-3512.489258,1364.808594,0.10783688,0.456834942,1.45E-26,0.191139624,-0.368863881,1.292034626,0.544866979,0.011185501,9.17E-12,1.89E-10,14.52118492,14.51418209,14.52524757,0.158680722,0.166748688,0.529229105,0,4800,0,0.007698345
1408,2,2,2,1890.985229,-2983.655029,1675.15979,-0.083157673,0.351236224,1.77E-27,-0.054552566,-0.992323458,0.813718081,0.523661613,0.010113382,1.12E-12,2.52E-11,14.51182556,14.50605679,14.52188873,0.151022732,0.157990575,0.507172108,0,4800,0,-0.013080388
1409,2,2,2,1836.886719,-1671.268799,1900.91333,0.207505554,0.323249549,2.15E-28,-0.041231401,-0.787545443,1.146547198,0.503176272,0.008829075,1.36E-13,3.34E-12,14.50338936,14.49821949,14.50996399,0.143744215,0.146911085,0.493937343,0,4800,0,0.022669198
1410,2,2,2,1778.058228,-3637.189209,1621.691406,-0.066007331,0.326462746,2.61E-29,0.195257813,-0.823671579,0.747046471,0.482351422,0.009204151,1.65E-14,4.39E-13,14.49969196,14.48769188,14.50743198,0.134261131,0.141539007,0.469675392,0,4800,0,-0.011292643
1411,2,2,2,1746.116577,-988.1752319,1694.302368,0.102355689,0.307023138,3.18E-30,-0.157518044,-0.779410005,0.954084456,0.461055458,0.009733487,2.00E-15,5.73E-14,14.49256039,14.48705196,14.4982729,0.129091874,0.134231582,0.445412129,0,4800,0,0.010208008
1412,2,2,2,1677.897705,-3659.334229,1360.715698,-0.057541121,0.32642588,3.86E-31,0.140770689,-0.684688747,0.957683861,0.443879128,0.00875836,2.44E-16,7.46E-15,14.49169827,14.48531723,14.49721241,0.12150839,0.127363011,0.42997247,0,4800,0,-0.008361158
1413,2,2,2,1656.756592,-600.4308472,1660.435791,0.160721973,0.243011788,4.70E-32,-0.263818741,-0.993558228,0.718598008,0.429552853,0.007172788,2.96E-17,9.66E-16,14.48838902,14.48281956,14.49543476,0.116396435,0.120281212,0.418943971,0,4800,0,0.01602358
1414,2,2,2,1587.666016,-3489.527832,1271.295532,-0.157014921,0.300148875,5.71E-33,0.150255218,-0.790238738,0.659513652,0.41180405,0.008493708,3.60E-18,1.25E-16,14.49038506,14.48474312,14.49946022,0.110337727,0.11436905,0.401299387,0,4800,0,-0.017127527
1415,2,2,2,1566.362671,-611.1830444,1590.549561,0.167199701,0.227768898,6.94E-34,-0.101844802,-0.587855875,0.789466977,0.393839926,0.007598049,4.38E-19,1.60E-17,14.48649883,14.48198891,14.49272919,0.104903206,0.109135233,0.381447256,0,4800,0,0.014086433
1416,2,2,2,1506.871948,-3315.719482,1465.299927,-0.061900396,0.33713907,8.44E-35,0.173800349,-0.715747654,0.708740234,0.378122181,0.007156332,5.32E-20,2.06E-18,14.48984623,14.4831152,14.49915409,0.098946922,0.103486523,0.368212521,0,4800,0,-0.007956418
1417,2,2,2,1473.102417,-984.6520386,1729.560425,0.172887206,0.246390715,1.03E-35,-0.036838118,-0.477433145,0.827863574,0.363819748,0.006057811,6.47E-21,2.63E-19,14.48766422,14.47899818,14.49467182,0.095109284,0.100748017,0.354979068,0,4800,0,0.012513054
1418,2,2,2,1439.186157,-2431.118652,1528.204102,-0.055184722,0.23211816,1.25E-36,-0.067398749,-0.916592121,0.483368874,0.350509673,0.006442882,7.87E-22,3.35E-20,14.49031353,14.48392963,14.49463081,0.09037932,0.095225871,0.339539409,0,4800,0,-0.005114448
1419,2,2,2,1376.4375,-2431.646729,1278.17041,0.063409828,0.289060324,1.52E-37,0.010023237,-0.350772649,0.820250094,0.334970713,0.007179923,9.56E-23,4.27E-21,14.48724651,14.48041058,14.49958038,0.085619166,0.091331951,0.324098438,0,4800,0,0.003343616
1420,2,2,2,1375.244141,-1073.876099,1476.759033,-0.040992137,0.386130065,1.84E-38,-0.096872464,-0.766675234,0.48751983,0.324465722,0.004884281,1.16E-23,5.42E-22,14.48888588,14.48118591,14.49359226,0.082278788,0.085484073,0.315276146,0,4800,0,-0.004137443
1421,2,2,2,1300.854736,-3455.632813,971.5470581,-0.046211947,0.236031383,2.24E-39,0.096036911,-0.333354861,0.738415599,0.307437122,0.007206481,1.41E-24,6.87E-23,14.48702621,14.48174953,14.49429512,0.078155674,0.081491984,0.29763028,0,4800,0,-0.004572592
1422,2,2,2,1299.321655,341.1693115,1810.030273,0.037049364,0.27133733,2.73E-40,-0.190406874,-0.790427208,0.25782758,0.2967287,0.005324416,1.72E-25,8.70E-24,14.48877525,14.48523331,14.49691105,0.07474833,0.077177502,0.284395516,0,4800,0,0.001421119
1423,2,2,2,1253.171753,-2553.619629,1459.253906,-0.169994339,0.230110586,3.31E-41,0.039079327,-0.786939085,0.373294085,0.287364393,0.005069458,2.09E-26,1.10E-24,14.48551083,14.48138142,14.48923492,0.071291178,0.073570237,0.277778149,0,4800,0,-0.010800348
1424,2,2,2,1196.634766,-2307.208252,1016.252869,0.019013189,0.210504815,4.03E-42,0.127780512,-0.372432232,0.803316772,0.273432821,0.005832675,2.54E-27,1.39E-25,14.48869419,14.4853344,14.49258804,0.067318983,0.071736783,0.266750932,0,4800,0,-0.001478732
1425,2,2,2,1199.401611,-404.5645447,1265.11377,0.043403126,0.22359331,4.90E-43,-0.125316992,-0.790082455,0.369242162,0.263856262,0.004683773,3.09E-28,1.75E-26,14.48679543,14.48153591,14.49080944,0.063184321,0.065437637,0.251311272,0,4800,0,0.00149313
1426,2,2,2,1139.442749,-2842.317627,940.4121704,-0.196570098,0.125871465,5.89E-44,0.051325612,-0.592386544,0.515370846,0.251110435,0.006106114,3.75E-29,2.20E-27,14.48504734,14.47889805,14.4910593,0.062825337,0.064988054,0.242486387,0,4800,0,-0.011497115
1427,2,2,2,1104.62793,-1312.543335,1136.179932,0.015496016,0.197927773,5.61E-45,0.038910884,-0.487680078,0.729122877,0.241783023,0.004292894,4.56E-30,2.77E-28,14.48942947,14.48410702,14.50006104,0.058208123,0.062967062,0.233664095,0,4800,0,-0.000179616
1428,2,2,2,1102.289673,-734.0419922,1014.052551,-0.122901469,0.234351382,5.61E-45,-0.014787454,-0.601032913,0.360671818,0.233359247,0.004390445,5.55E-31,3.48E-29,14.48739338,14.48400784,14.5003767,0.05555705,0.058227547,0.227048025,0,4800,0,-0.007200228
1429,2,2,2,1044.341187,-2810.095703,847.8403931,-0.020926761,0.200750098,5.61E-45,-0.010531446,-0.430683106,0.609217942,0.224157482,0.005060066,6.75E-32,4.36E-30,14.48902512,14.48361683,14.4935379,0.054074049,0.055756804,0.216019511,0,4800,0,-0.001942875
1430,2,2,2,1007.166992,-1400.219849,1194.791992,0.031086782,0.148779631,5.61E-45,0.048400931,-0.366654128,0.435904503,0.213782698,0.005086384,8.20E-33,5.46E-31,14.49156189,14.48700619,14.49645996,0.049815871,0.055278122,0.202784762,0,4800,0,0.001604145
1431,2,2,2,1020.893555,-232.7944641,1501.871704,-0.052752979,0.197312996,5.61E-45,-0.0278033,-0.644585371,0.715611696,0.206200108,0.004357184,9.97E-34,6.84E-32,14.48878384,14.48326969,14.49441051,0.046930812,0.051074166,0.196167395,0,4800,0,-0.00247295
1432,2,2,2,966.3552246,-2467.744385,1080.606934,-0.045003936,0.255811095,5.61E-45,0.024328226,-0.63715446,0.477756679,0.197394744,0.004100993,1.21E-34,8.56E-33,14.48964691,14.48429394,14.49482536,0.046850029,0.048790384,0.189551324,0,4800,0,-0.002056096
1433,2,2,2,913.1365967,-2121.542725,1023.844727,0.069184706,0.237639487,5.61E-45,0.057629772,-0.373973757,0.839390576,0.19065097,0.004271219,1.47E-35,1.07E-33,14.49413776,14.48659992,14.49932575,0.044088475,0.048960503,0.182933956,0,4800,0,0.001746433
1434,2,2,2,933.076355,820.7862549,1079.694092,-0.040073343,0.257198185,5.61E-45,-0.082027584,-0.702092767,0.579283178,0.183071271,0.003512715,1.79E-36,1.34E-34,14.49524975,14.48944759,14.50297546,0.040328123,0.042736966,0.17852281,0,4800,0,-0.002176669
1435,2,2,2,885.9151611,-2726.495361,1745.932007,-0.116512738,0.231051788,5.61E-45,0.005213681,-0.597442627,0.372247636,0.177879676,0.002597257,2.18E-37,1.67E-35,14.49048615,14.48561096,14.49713802,0.03884761,0.040461581,0.169699222,0,4800,0,-0.004697076
1436,2,2,2,833.3458862,-2522.88501,592.5951538,-0.016826991,0.256685913,5.61E-45,0.015458178,-0.597777069,0.334802419,0.1683397,0.00554488,2.65E-38,2.08E-36,14.49230576,14.48185158,14.49845123,0.03927625,0.043422282,0.16087693,0,4800,0,-0.00026344
1437,0,0,10,960.9325562,1018.473633,17286.73047,0.223146468,0.512868643,5.61E-45,-0.116710946,-3.858296156,0.579108238,0.160687655,0.004966537,3.22E-39,2.60E-37,14.46797085,14.45059109,14.49617863,0.032781601,0.053937934,0.152053326,0,4800,0,0.007666141
1438,0,0,10,817.2220459,-4389.675293,4690.357422,0.027129397,0.11661166,5.61E-45,-0.014189326,0,0,0.150222719,0.005112778,3.92E-40,3.23E-38,14.45489693,14.44812107,14.45634842,0.04134924,0.045150504,0.143231034,0,4800,0,0.000932024
1439,0,0,10,725.9075928,-5611.429199,2090.670654,0.003298301,0.020773858,5.61E-45,-0.001725091,0,0,0.145227104,0.002757744,4.76E-41,4.03E-39,14.45283318,14.44834328,14.45850468,0.039757125,0.044845771,0.138819888,0,4800,0,0.000113312
1440,0,0,10,628.1775513,-5067.328613,659.7491455,0.000400996,0.003327608,5.61E-45,-0.000209731,0,0,0.13957426,0.004060904,5.79E-42,5.01E-40,14.45222664,14.44741249,14.45527458,0.0246197,0.035050627,0.127791375,0,4800,0,1.38E-05
1441,0,0,10,-27.71862984,-32224.16992,29561.3457,4.88E-05,0.000502063,5.61E-45,-2.55E-05,0,0,0.134490922,0.003991873,7.02E-43,6.24E-41,14.45492077,14.44933796,14.45761871,-0.006602023,0.017537171,0.127791375,0,4800,0,1.67E-06
1442,5,0,10,-126.4916458,-6166.632813,12558.16211,5.93E-06,7.29E-05,5.61E-45,-3.10E-06,0,0,0.129044279,0.00383979,8.55E-44,7.75E-42,14.45421028,14.45031452,14.46141911,-0.021895876,0.03567142,0.123378925,0,4800,0,2.04E-07
1443,0,0,10,4.370559692,6870.239258,9395.852539,7.21E-07,1.03E-05,5.61E-45,-3.77E-07,0,0,0.123085812,0.003151798,9.81E-45,9.61E-43,14.45411205,14.45022774,14.45872211,0.030266272,0.038933173,0.114556633,0,4800,0,2.48E-08
1444,0,0,10,51.98172379,3047.733154,2100.845947,8.76E-08,1.43E-06,5.61E-45,-4.58E-08,0,0,0.118724748,0.003644971,5.61E-45,1.23E-43,14.45483589,14.45156384,14.45950508,0.030081773,0.03727844,0.112350404,0,4800,0,3.01E-09
1445,5,0,10,82.48642731,1225.409668,1167.673584,1.07E-08,1.95E-07,5.61E-45,-5.57E-09,0,0,0.112136416,0.003564541,5.61E-45,1.96E-44,14.45041847,14.44465542,14.46025848,0.01687325,0.025174705,0.107939258,0,4800,0,3.66E-10
1446,0,0,10,-14.0652504,-4407.228516,4711.700684,1.29E-09,2.63E-08,5.61E-45,-6.77E-10,0,0,0.109392345,0.003110723,5.61E-45,1.12E-44,14.44251251,14.43359089,14.45065689,-0.006947394,0.010437357,0.103528112,0,4800,0,4.45E-11
1447,0,0,10,-64.95567322,-2495.759521,1347.713989,1.57E-10,3.51E-09,5.61E-45,-8.23E-11,0,0,0.10333287,0.003786866,5.61E-45,1.12E-44,14.43304253,14.42313576,14.43592358,-0.02196623,-0.015596634,0.09470582,0,4800,0,5.41E-12
1448,0,0,10,-32.32493591,2147.053223,3382.491699,1.91E-11,4.65E-10,5.61E-45,-1.00E-11,0,0,0.098973505,0.004190182,5.61E-45,1.12E-44,14.42985535,14.42631626,14.43111324,0.015513002,0.033035368,0.090294674,0,4800,0,6.58E-13
1449,0,0,10,3.078277111,1999.047974,2582.357178,2.33E-12,6.12E-11,5.61E-45,-1.22E-12,0,0,0.095059313,0.003726403,5.61E-45,1.12E-44,14.42865753,14.42574501,14.43039036,0.028773403,0.033439055,0.090294674,0,4800,0,7.99E-14
1450,0,0,10,25.05471039,1302.867554,678.1551514,2.83E-13,8.01E-12,5.61E-45,-1.48E-13,0,0,0.090729699,0.003806254,5.61E-45,1.12E-44,14.42873096,14.42676163,14.4300909,0.023300413,0.028527122,0.081472382,0,4800,0,9.72E-15
1451,0,0,10,42.58878708,759.0041504,392.0123291,3.44E-14,1.04E-12,5.61E-45,-1.80E-14,0,0,0.086940765,0.00297373,5.61E-45,1.12E-44,14.42830372,14.42470169,14.42986298,0.012402794,0.019104371,0.081471078,0,4800,0,1.18E-15
1452,0,0,10,-1.956616402,-2928.19873,2864.332031,4.18E-15,1.35E-13,5.61E-45,-2.19E-15,0,0,0.082252808,0.003452536,5.61E-45,1.12E-44,14.42770958,14.42510223,14.42949867,-0.000378347,0.006727672,0.074855015,0,4800,0,1.44E-16
1453,0,0,10,-23.17414856,-1292.990479,799.5783081,5.08E-16,1.74E-14,5.61E-45,-2.66E-16,0,0,0.079127073,0.00265196,5.61E-45,1.12E-44,14.42711067,14.42191505,14.43013477,-0.010872513,-0.005701949,0.072648786,0,4800,0,1.75E-17
1454,0,0,10,-44.9269371,-1016.748413,334.1094055,6.18E-17,2.24E-15,5.61E-45,-3.23E-17,0,0,0.075934052,0.002371042,5.61E-45,1.12E-44,14.42717075,14.41805458,14.4309063,-0.019547213,-0.015531467,0.072648786,0,4800,0,2.12E-18
1455,0,0,10,-49.40957642,-227.5901337,341.9341736,7.51E-18,2.88E-16,5.61E-45,-3.93E-18,0,0,0.073602431,0.002474434,5.61E-45,1.12E-44,14.42753887,14.42225266,14.4315834,0.015978267,0.025919365,0.068236336,0,4800,0,2.58E-19
1456,0,0,10,-32.22578812,1226.769165,1207.324585,9.14E-19,3.68E-17,5.61E-45,-4.78E-19,0,0,0.072163939,0.00185344,5.61E-45,1.12E-44,14.42600727,14.42192459,14.42851162,0.023976723,0.02616513,0.06382519,0,4800,0,3.14E-20
1457,0,0,10,2.857800245,789.4716187,1465.694336,1.11E-19,4.70E-18,5.61E-45,-5.81E-20,0,0,0.069885388,0.002395933,5.61E-45,1.12E-44,14.42608738,14.42154694,14.4294672,0.022987692,0.02434765,0.06382519,0,4800,0,3.82E-21
1458,0,0,10,10.30793476,454.8045654,561.7183838,1.35E-20,5.98E-19,5.61E-45,-7.06E-21,0,0,0.06809561,0.002390812,5.61E-45,1.12E-44,14.42094803,14.41501045,14.43008614,0.01945452,0.021725984,0.06382519,0,4800,0,4.64E-22
1459,0,0,10,18.64968491,410.5966187,237.6147308,1.64E-21,7.60E-20,5.61E-45,-8.59E-22,0,0,0.0611284,0.003230564,5.61E-45,1.12E-44,14.41149998,14.40581036,14.4185524,0.014276274,0.016369045,0.055002902,0,4800,0,5.64E-23
1460,0,0,10,21.78125954,130.3815002,214.4497528,2.00E-22,9.64E-21,5.61E-45,-1.04E-22,0,0,0.058582995,0.00297492,5.61E-45,1.12E-44,14.40412426,14.39447784,14.4121151,0.009157913,0.011928944,0.055002902,0,4800,0,6.86E-24
1461,0,0,10,15.50566864,-425.1616821,475.7852173,2.43E-23,1.22E-21,5.61E-45,-1.27E-23,0,0,0.05559684,0.001902864,5.61E-45,1.12E-44,14.40051365,14.38967419,14.40643215,0.006442507,0.007014823,0.052796673,0,4800,0,8.34E-25
1462,0,0,10,-4.797598839,-633.4222412,803.1970215,2.95E-24,1.54E-22,5.61E-45,-1.54E-24,0,0,0.055266324,0.001946231,5.61E-45,1.12E-44,14.39405727,14.38678551,14.40356922,0.001355971,0.008300893,0.050591756,0,4800,0,1.01E-25
1463,0,0,10,-11.62732697,-373.74823,339.9199829,3.59E-25,1.95E-23,5.61E-45,-1.88E-25,0,0,0.053939663,0.002208467,5.61E-45,1.12E-44,14.39399624,14.38905621,14.40615368,-0.007331464,0.008598409,0.048385531,0,4800,0,1.23E-26
1464,0,0,10,-19.01519585,-331.5618896,306.5487061,4.36E-26,2.45E-24,5.61E-45,-2.28E-26,0,0,0.051739883,0.002470264,5.61E-45,1.12E-44,14.38983822,14.38220406,14.39632797,0.005883845,0.013142147,0.04618061,0,4800,0,1.50E-27
1465,0,0,10,-23.50844193,-189.3579865,340.0886841,5.30E-27,3.09E-25,5.61E-45,-2.77E-27,0,0,0.052370232,0.002195678,5.61E-45,1.12E-44,14.3922863,14.38523006,14.40155506,0.013009589,0.01505665,0.048385531,0,4800,0,1.82E-28
1466,0,0,10,-1.778734326,1557.110474,1130.45752,6.45E-28,3.89E-26,5.61E-45,-3.37E-28,0,0,0.047198988,0.002592268,5.61E-45,1.12E-44,14.3895998,14.38094807,14.39539337,0.014953218,0.015943741,0.039563239,0,4800,0,2.21E-29
1467,0,0,10,-0.18941021,189.3960419,581.6591187,7.84E-29,4.88E-27,5.61E-45,-4.10E-29,0,0,0.048152525,0.001534992,5.61E-45,1.12E-44,14.38973045,14.38283825,14.39721775,0.015648996,0.016993457,0.041768156,0,4800,0,2.69E-30
1468,0,0,10,-0.220715418,6.051206112,228.6759491,9.53E-30,6.13E-28,5.61E-45,-4.98E-30,0,0,0.04597979,0.001933571,5.61E-45,1.12E-44,14.39077187,14.38225651,14.39980221,0.015866596,0.017906817,0.041768156,0,4800,0,3.27E-31
1469,0,0,10,0.122192837,10.89199066,233.1095123,1.16E-30,7.68E-29,5.61E-45,-6.06E-31,0,0,0.042268176,0.003112804,5.61E-45,1.12E-44,14.39264297,14.38595486,14.39974689,0.016213296,0.017152898,0.032945868,0,4800,0,3.98E-32
1470,0,0,10,0.100021467,-6.270142555,259.1233826,1.41E-31,9.62E-30,5.61E-45,-7.36E-32,0,0,0.037612922,0.002785136,5.61E-45,1.12E-44,14.39292336,14.38844585,14.40074539,0.01612876,0.017155951,0.030740947,0,4800,0,4.84E-33
1471,0,0,10,0.520387173,58.78625107,425.8082886,1.71E-32,1.20E-30,5.61E-45,-8.95E-33,0,0,0.037867483,0.003859561,5.61E-45,1.12E-44,14.39376354,14.38537598,14.40119171,0.015821466,0.017233249,0.028534722,0,4800,0,5.88E-34
1472,0,0,10,-0.215334803,-40.59242249,391.8709412,2.08E-33,1.50E-31,5.61E-45,-1.09E-33,0,0,0.036734976,0.003108225,5.61E-45,1.12E-44,14.39572906,14.3890152,14.40395355,0.015182634,0.016135624,0.030739641,0,4800,0,7.15E-35
1473,0,0,10,-0.198512718,-23.18054008,253.6444702,2.53E-34,1.88E-32,5.61E-45,-1.32E-34,0,0,0.036084186,0.003406815,5.61E-45,1.12E-44,14.39617252,14.38752365,14.40347862,0.014521217,0.015315968,0.026328495,0,4800,0,8.69E-36
1474,0,0,10,-0.292922318,-37.69638443,393.1735535,3.08E-35,2.35E-33,5.61E-45,-1.61E-35,0,0,0.034193017,0.003010486,5.61E-45,1.12E-44,14.39368629,14.38741875,14.39845943,0.014063164,0.014819974,0.026328495,0,4800,0,1.06E-36
1475,0,0,10,0.16455406,23.90318871,334.571228,3.74E-36,2.93E-34,5.61E-45,-1.96E-36,0,0,0.031041009,0.002590582,5.61E-45,1.12E-44,14.39505196,14.38562775,14.40603447,0.013456002,0.01463093,0.021916045,0,4800,0,1.28E-37
1476,0,0,10,-0.141332507,9.617842674,276.9425049,4.55E-37,3.65E-35,5.61E-45,-2.38E-37,0,0,0.028589049,0.003820905,5.61E-45,1.12E-44,14.39565849,14.38721085,14.40324974,0.013382329,0.014479739,0.019711124,0,4800,0,1.56E-38
1477,0,0,10,-0.21530655,-28.5216198,186.5014191,5.53E-38,4.55E-36,5.61E-45,-2.89E-38,0,0,0.026291629,0.003135732,5.61E-45,1.12E-44,14.39613056,14.38626385,14.40237427,0.013518917,0.014231479,0.019711124,0,4800,0,1.90E-39
1478,0,0,10,-0.150860906,-13.93442059,126.1672516,6.72E-39,5.67E-37,5.61E-45,-3.52E-39,0,0,0.024799829,0.003495732,5.61E-45,1.12E-44,14.39800453,14.39117718,14.4054718,0.013628181,0.014068371,0.017504899,0,4800,0,2.31E-40
1479,0,0,10,-0.174271211,-39.41381454,229.6291962,8.17E-40,7.05E-38,5.61E-45,-4.27E-40,0,0,0.022446003,0.003125543,5.61E-45,1.12E-44,14.40123272,14.39085674,14.40990734,0.013735554,0.014912453,0.015299979,0,4800,0,2.81E-41
1480,0,0,10,0.143504277,15.95196342,201.8566284,9.93E-41,8.77E-39,5.61E-45,-5.20E-41,0,0,0.022901513,0.003411196,5.61E-45,1.12E-44,14.40062046,14.39319038,14.4073143,0.013575885,0.01459772,0.015299979,0,4800,0,3.41E-42
1481,0,0,10,0.056146644,-9.636288643,235.4811554,1.21E-41,1.09E-39,5.61E-45,-6.32E-42,0,0,0.02185485,0.002220009,5.61E-45,1.12E-44,14.40001297,14.39122963,14.40756989,0.013706717,0.014201634,0.017504899,0,4800,0,4.13E-43
1482,0,0,10,0.186925784,10.64318371,243.6666412,1.47E-42,1.36E-40,5.61E-45,-7.67E-43,0,0,0.021203863,0.001645928,5.61E-45,1.12E-44,14.4029026,14.39292622,14.41081524,0.013768207,0.014683981,0.019711124,0,4800,0,5.04E-44
1483,0,0,10,0.01396601,-1.424025893,239.4410706,1.78E-43,1.68E-41,5.61E-45,-9.39E-44,0,0,0.021159943,0.001930148,5.61E-45,1.12E-44,14.40181732,14.39064693,14.40814495,0.013640892,0.014843148,0.017504899,0,4800,0,5.61E-45
1484,0,0,10,-0.244743168,-39.44668198,284.6072998,2.10E-44,2.09E-42,5.61E-45,-1.12E-44,0,0,0.019156622,0.002024461,5.61E-45,1.12E-44,14.4014883,14.39461136,14.40670967,0.013711352,0.014536744,0.013095059,0,4800,0,5.61E-45
1485,0,0,10,-0.089885786,-19.50321579,308.0033875,5.61E-45,2.61E-43,5.61E-45,-5.61E-45,0,0,0.018719804,0.002429682,5.61E-45,1.12E-44,14.40214825,14.3956852,14.41240215,0.013477539,0.01427147,0.013093753,0,4800,0,5.61E-45
1486,0,0,10,-0.203399152,-26.9337101,225.2416077,5.61E-45,3.64E-44,5.61E-45,-5.61E-45,0,0,0.016024636,0.002538678,5.61E-45,1.12E-44,14.40071678,14.38996983,14.40714264,0.013805788,0.014609091,0.010888833,0,4800,0,5.61E-45
1487,0,0,10,-0.515783131,-50.82352448,248.9978027,5.61E-45,1.12E-44,5.61E-45,-5.61E-45,0,0,0.017195383,0.0028716,5.61E-45,1.12E-44,14.40118599,14.39221191,14.40835381,0.013619577,0.014242084,0.010888833,0,4800,0,5.61E-45
1488,0,0,10,-0.706379831,-99.29328156,421.0029602,5.61E-45,1.12E-44,5.61E-45,-5.61E-45,0,0,0.018075455,0.001863573,5.61E-45,1.12E-44,14.40174198,14.39444447,14.40971661,0.01347659,0.014442942,0.010888833,0,4800,0,5.61E-45
1489,0,0,10,-0.401102096,-21.3877964,252.5164337,5.61E-45,1.12E-44,5.61E-45,-5.61E-45,0,0,0.01626846,0.002219022,5.61E-45,1.12E-44,14.40411854,14.39285851,14.41652107,0.013483893,0.014717082,0.013093753,0,4800,0,5.61E-45
1490,0,0,10,0.044109575,14.58446789,229.7083282,5.61E-45,1.12E-44,5.61E-45,-5.61E-45,0,0,0.015195375,0.002144688,5.61E-45,1.12E-44,14.40259171,14.39452457,14.40945148,0.013552619,0.014749428,0.010888833,0,4800,0,5.61E-45
1491,0,0,10,-0.19953014,-15.60102749,202.6815796,5.61E-45,1.12E-44,5.61E-45,-5.61E-45,0,0,0.015688993,0.002971458,5.61E-45,1.12E-44,14.40444469,14.39587307,14.4125967,0.01373332,0.014608007,0.008682607,0,4800,0,5.61E-45
1492,0,0,10,-0.184839323,-24.33050537,156.5766602,5.61E-45,1.12E-44,5.61E-45,-5.61E-45,0,0,0.016193446,0.002531507,5.61E-45,1.12E-44,14.39360428,14.38218689,14.41242504,0.013768867,0.014544684,0.006477687,0,4800,0,5.61E-45
1493,0,0,10,0.063242391,-1.487577081,249.0314789,5.61E-45,1.12E-44,5.61E-45,-5.61E-45,0,0,0.014392916,0.002574004,5.61E-45,1.12E-44,14.38349628,14.37685776,14.3921566,0.013771305,0.014850886,0.008682607,0,4800,0,5.61E-45
1494,0,0,10,0.111580856,-0.369172812,237.0413055,5.61E-45,1.12E-44,5.61E-45,-5.61E-45,0,0,0.012733195,0.001654725,5.61E-45,1.12E-44,14.37754345,14.37097454,14.38234615,0.013619484,0.014755378,0.010888833,0,4800,0,5.61E-45
1495,0,0,10,-0.091813318,-6.62891531,253.8768921,5.61E-45,1.12E-44,5.61E-45,-5.61E-45,0,0,0.012603153,0.002295633,5.61E-45,1.12E-44,14.37506866,14.37056923,14.37984657,0.013797247,0.015474023,0.004272767,0,4800,0,5.61E-45
1496,0,0,10,0.28976512,33.14322281,322.0580139,5.61E-45,1.12E-44,5.61E-45,-5.61E-45,0,0,0.011660756,0.001718032,5.61E-45,1.12E-44,14.37398434,14.3701601,14.37692928,0.013409749,0.014367217,0.008683912,0,4800,0,5.61E-45
1497,0,0,10,-0.202756226,-36.5069046,282.864502,5.61E-45,1.12E-44,5.61E-45,-5.61E-45,0,0,0.012903936,0.00267978,5.61E-45,1.12E-44,14.37382603,14.36606026,14.37803745,0.013636738,0.015119938,0.008682607,0,4800,0,5.61E-45
1498,0,0,10,-0.546157479,-47.9980011,190.1059113,5.61E-45,1.12E-44,5.61E-45,-5.61E-45,0,0,0.014175995,0.001977513,5.61E-45,1.12E-44,14.37436771,14.37031269,14.37991905,0.01376604,0.014631893,0.010888833,0,4800,0,5.61E-45
1499,0,0,10,-0.252938896,-8.173261642,193.3508606,5.61E-45,1.12E-44,5.61E-45,-5.61E-45,0,0,0.012575922,0.002629172,5.61E-45,1.12E-44,14.37229824,14.36571503,14.37532139,0.013608056,0.014444053,0.008682607,0,4800,0,5.61E-45
1500,0,0,10,-0.032688361,-16.38654518,263.9935913,5.61E-45,1.12E-44,5.61E-45,-5.61E-45,0,0,0.012820655,0.001557755,5.61E-45,1.12E-44,14.37213421,14.3686018,14.37673473,0.013783216,0.0147881,0.008682607,0,4800,0,5.61E-45
,,,,,,,,,,,,,,,,,,,,,,,,,,
,,,,,,,,,,,,,,,,,,,,,,,,,,
,,,,,,,,,,,,,,,,,,,,,,,,,,
,,,,,,,,,,,,,,,,,,,,,,,,,,
,,,,,,,,,,,,,,,,,,,,,,,,,,
,,,,,,,,,,,,,,,,,,,,,,,,,,
,,,,,,,,,,,,,,,,,,,,,,,,,,
,,,,,,,,,,,,,,,,,,,,,,,,,,
,,,,,,,,,,,,,,,,,,,,,,,,,,
,,,,,,,,,,,,,,,,,,,,,,,,,,
,,,,,,,,,,,,,,,,,,,,,,,,,,
,,,,,,,,,,,,,,,,,,,,,,,,,,
,,,,,,,,,,,,,,,,,,,,,,,,,,
,,,,,,,,,,,,,,,,,,,,,,,,,,
,,,,,,,,,,,,,,,,,,,,,,,,,,
,,,,,,,,,,,,,,,,,,,,,,,,,,
,,,,,,,,,,,,,,,,,,,,,,,,,,
,,,,,,,,,,,,,,,,,,,,,,,,,,
,,,,,,,,,,,,,,,,,,,,,,,,,,
,,,,,,,,,,,,,,,,,,,,,,,,,,
,,,,,,,,,,,,,,,,,,,,,,,,,,
,,,,,,,,,,,,,,,,,,,,,,,,,,
,,,,,,,,,,,,,,,,,,,,,,,,,,
,,,,,,,,,,,,,,,,,,,,,,,,,,
,,,,,,,,,,,,,,,,,,,,,,,,,,
,,,,,,,,,,,,,,,,,,,,,,,,,,
,,,,,,,,,,,,,,,,,,,,,,,,,,
,,,,,,,,,,,,,,,,,,,,,,,,,,
,,,,,,,,,,,,,,,,,,,,,,,,,,
,,,,,,,,,,,,,,,,,,,,,,,,,,
,,,,,,,,,,,,,,,,,,,,,,,,,,
,,,,,,,,,,,,,,,,,,,,,,,,,,
,,,,,,,,,,,,,,,,,,,,,,,,,,
,,,,,,,,,,,,,,,,,,,,,,,,,,
,,,,,,,,,,,,,,,,,,,,,,,,,,
,,,,,,,,,,,,,,,,,,,,,,,,,,
,,,,,,,,,,,,,,,,,,,,,,,,,,
,,,,,,,,,,,,,,,,,,,,,,,,,,
,,,,,,,,,,,,,,,,,,,,,,,,,,
,,,,,,,,,,,,,,,,,,,,,,,,,,
,,,,,,,,,,,,,,,,,,,,,,,,,,
,,,,,,,,,,,,,,,,,,,,,,,,,,
,,,,,,,,,,,,,,,,,,,,,,,,,,
,,,,,,,,,,,,,,,,,,,,,,,,,,
,,,,,,,,,,,,,,,,,,,,,,,,,,
,,,,,,,,,,,,,,,,,,,,,,,,,,
,,,,,,,,,,,,,,,,,,,,,,,,,,
,,,,,,,,,,,,,,,,,,,,,,,,,,
,,,,,,,,,,,,,,,,,,,,,,,,,,
,,,,,,,,,,,,,,,,,,,,,,,,,,
,,,,,,,,,,,,,,,,,,,,,,,,,,
,,,,,,,,,,,,,,,,,,,,,,,,,,
,,,,,,,,,,,,,,,,,,,,,,,,,,
,,,,,,,,,,,,,,,,,,,,,,,,,,
,,,,,,,,,,,,,,,,,,,,,,,,,,
,,,,,,,,,,,,,,,,,,,,,,,,,,
,,,,,,,,,,,,,,,,,,,,,,,,,,
,,,,,,,,,,,,,,,,,,,,,,,,,,
,,,,,,,,,,,,,,,,,,,,,,,,,,
,,,,,,,,,,,,,,,,,,,,,,,,,,
,,,,,,,,,,,,,,,,,,,,,,,,,,
,,,,,,,,,,,,,,,,,,,,,,,,,,
,,,,,,,,,,,,,,,,,,,,,,,,,,
,,,,,,,,,,,,,,,,,,,,,,,,,,
,,,,,,,,,,,,,,,,,,,,,,,,,,
,,,,,,,,,,,,,,,,,,,,,,,,,,
,,,,,,,,,,,,,,,,,,,,,,,,,,
,,,,,,,,,,,,,,,,,,,,,,,,,,
,,,,,,,,,,,,,,,,,,,,,,,,,,
,,,,,,,,,,,,,,,,,,,,,,,,,,
,,,,,,,,,,,,,,,,,,,,,,,,,,
,,,,,,,,,,,,,,,,,,,,,,,,,,
,,,,,,,,,,,,,,,,,,,,,,,,,,
,,,,,,,,,,,,,,,,,,,,,,,,,,
,,,,,,,,,,,,,,,,,,,,,,,,,,
,,,,,,,,,,,,,,,,,,,,,,,,,,
,,,,,,,,,,,,,,,,,,,,,,,,,,
,,,,,,,,,,,,,,,,,,,,,,,,,,
,,,,,,,,,,,,,,,,,,,,,,,,,,
,,,,,,,,,,,,,,,,,,,,,,,,,,
,,,,,,,,,,,,,,,,,,,,,,,,,,
,,,,,,,,,,,,,,,,,,,,,,,,,,
,,,,,,,,,,,,,,,,,,,,,,,,,,
,,,,,,,,,,,,,,,,,,,,,,,,,,
,,,,,,,,,,,,,,,,,,,,,,,,,,
,,,,,,,,,,,,,,,,,,,,,,,,,,
,,,,,,,,,,,,,,,,,,,,,,,,,,
,,,,,,,,,,,,,,,,,,,,,,,,,,
,,,,,,,,,,,,,,,,,,,,,,,,,,
,,,,,,,,,,,,,,,,,,,,,,,,,,
,,,,,,,,,,,,,,,,,,,,,,,,,,
,,,,,,,,,,,,,,,,,,,,,,,,,,
,,,,,,,,,,,,,,,,,,,,,,,,,,
,,,,,,,,,,,,,,,,,,,,,,,,,,
,,,,,,,,,,,,,,,,,,,,,,,,,,
,,,,,,,,,,,,,,,,,,,,,,,,,,
,,,,,,,,,,,,,,,,,,,,,,,,,,
,,,,,,,,,,,,,,,,,,,,,,,,,,
,,,,,,,,,,,,,,,,,,,,,,,,,,
,,,,,,,,,,,,,,,,,,,,,,,,,,
,,,,,,,,,,,,,,,,,,,,,,,,,,
,,,,,,,,,,,,,,,,,,,,,,,,,,
,,,,,,,,,,,,,,,,,,,,,,,,,,
,,,,,,,,,,,,,,,,,,,,,,,,,,
,,,,,,,,,,,,,,,,,,,,,,,,,,
,,,,,,,,,,,,,,,,,,,,,,,,,,
,,,,,,,,,,,,,,,,,,,,,,,,,,
,,,,,,,,,,,,,,,,,,,,,,,,,,
,,,,,,,,,,,,,,,,,,,,,,,,,,
,,,,,,,,,,,,,,,,,,,,,,,,,,
,,,,,,,,,,,,,,,,,,,,,,,,,,
,,,,,,,,,,,,,,,,,,,,,,,,,,
,,,,,,,,,,,,,,,,,,,,,,,,,,
,,,,,,,,,,,,,,,,,,,,,,,,,,
,,,,,,,,,,,,,,,,,,,,,,,,,,
,,,,,,,,,,,,,,,,,,,,,,,,,,
,,,,,,,,,,,,,,,,,,,,,,,,,,
,,,,,,,,,,,,,,,,,,,,,,,,,,
,,,,,,,,,,,,,,,,,,,,,,,,,,
,,,,,,,,,,,,,,,,,,,,,,,,,,
,,,,,,,,,,,,,,,,,,,,,,,,,,
,,,,,,,,,,,,,,,,,,,,,,,,,,
,,,,,,,,,,,,,,,,,,,,,,,,,,
,,,,,,,,,,,,,,,,,,,,,,,,,,
,,,,,,,,,,,,,,,,,,,,,,,,,,
,,,,,,,,,,,,,,,,,,,,,,,,,,
,,,,,,,,,,,,,,,,,,,,,,,,,,
,,,,,,,,,,,,,,,,,,,,,,,,,,
,,,,,,,,,,,,,,,,,,,,,,,,,,
,,,,,,,,,,,,,,,,,,,,,,,,,,
,,,,,,,,,,,,,,,,,,,,,,,,,,
,,,,,,,,,,,,,,,,,,,,,,,,,,
,,,,,,,,,,,,,,,,,,,,,,,,,,
,,,,,,,,,,,,,,,,,,,,,,,,,,
,,,,,,,,,,,,,,,,,,,,,,,,,,
,,,,,,,,,,,,,,,,,,,,,,,,,,
,,,,,,,,,,,,,,,,,,,,,,,,,,
,,,,,,,,,,,,,,,,,,,,,,,,,,
,,,,,,,,,,,,,,,,,,,,,,,,,,
,,,,,,,,,,,,,,,,,,,,,,,,,,
,,,,,,,,,,,,,,,,,,,,,,,,,,
,,,,,,,,,,,,,,,,,,,,,,,,,,
,,,,,,,,,,,,,,,,,,,,,,,,,,
,,,,,,,,,,,,,,,,,,,,,,,,,,
,,,,,,,,,,,,,,,,,,,,,,,,,,
,,,,,,,,,,,,,,,,,,,,,,,,,,
,,,,,,,,,,,,,,,,,,,,,,,,,,
,,,,,,,,,,,,,,,,,,,,,,,,,,
,,,,,,,,,,,,,,,,,,,,,,,,,,
,,,,,,,,,,,,,,,,,,,,,,,,,,
,,,,,,,,,,,,,,,,,,,,,,,,,,
,,,,,,,,,,,,,,,,,,,,,,,,,,
,,,,,,,,,,,,,,,,,,,,,,,,,,
,,,,,,,,,,,,,,,,,,,,,,,,,,
,,,,,,,,,,,,,,,,,,,,,,,,,,
,,,,,,,,,,,,,,,,,,,,,,,,,,
,,,,,,,,,,,,,,,,,,,,,,,,,,
,,,,,,,,,,,,,,,,,,,,,,,,,,
,,,,,,,,,,,,,,,,,,,,,,,,,,
,,,,,,,,,,,,,,,,,,,,,,,,,,
,,,,,,,,,,,,,,,,,,,,,,,,,,
,,,,,,,,,,,,,,,,,,,,,,,,,,
,,,,,,,,,,,,,,,,,,,,,,,,,,
,,,,,,,,,,,,,,,,,,,,,,,,,,
,,,,,,,,,,,,,,,,,,,,,,,,,,
,,,,,,,,,,,,,,,,,,,,,,,,,,
,,,,,,,,,,,,,,,,,,,,,,,,,,
,,,,,,,,,,,,,,,,,,,,,,,,,,
,,,,,,,,,,,,,,,,,,,,,,,,,,
,,,,,,,,,,,,,,,,,,,,,,,,,,
,,,,,,,,,,,,,,,,,,,,,,,,,,
,,,,,,,,,,,,,,,,,,,,,,,,,,
,,,,,,,,,,,,,,,,,,,,,,,,,,
,,,,,,,,,,,,,,,,,,,,,,,,,,
,,,,,,,,,,,,,,,,,,,,,,,,,,
,,,,,,,,,,,,,,,,,,,,,,,,,,
,,,,,,,,,,,,,,,,,,,,,,,,,,
,,,,,,,,,,,,,,,,,,,,,,,,,,
,,,,,,,,,,,,,,,,,,,,,,,,,,
,,,,,,,,,,,,,,,,,,,,,,,,,,
,,,,,,,,,,,,,,,,,,,,,,,,,,
,,,,,,,,,,,,,,,,,,,,,,,,,,
,,,,,,,,,,,,,,,,,,,,,,,,,,
,,,,,,,,,,,,,,,,,,,,,,,,,,
,,,,,,,,,,,,,,,,,,,,,,,,,,
,,,,,,,,,,,,,,,,,,,,,,,,,,
,,,,,,,,,,,,,,,,,,,,,,,,,,
,,,,,,,,,,,,,,,,,,,,,,,,,,
,,,,,,,,,,,,,,,,,,,,,,,,,,
,,,,,,,,,,,,,,,,,,,,,,,,,,
,,,,,,,,,,,,,,,,,,,,,,,,,,
,,,,,,,,,,,,,,,,,,,,,,,,,,
,,,,,,,,,,,,,,,,,,,,,,,,,,
,,,,,,,,,,,,,,,,,,,,,,,,,,
,,,,,,,,,,,,,,,,,,,,,,,,,,
,,,,,,,,,,,,,,,,,,,,,,,,,,
,,,,,,,,,,,,,,,,,,,,,,,,,,
,,,,,,,,,,,,,,,,,,,,,,,,,,
,,,,,,,,,,,,,,,,,,,,,,,,,,
,,,,,,,,,,,,,,,,,,,,,,,,,,
,,,,,,,,,,,,,,,,,,,,,,,,,,
,,,,,,,,,,,,,,,,,,,,,,,,,,
,,,,,,,,,,,,,,,,,,,,,,,,,,
,,,,,,,,,,,,,,,,,,,,,,,,,,
,,,,,,,,,,,,,,,,,,,,,,,,,,
,,,,,,,,,,,,,,,,,,,,,,,,,,
,,,,,,,,,,,,,,,,,,,,,,,,,,
,,,,,,,,,,,,,,,,,,,,,,,,,,
,,,,,,,,,,,,,,,,,,,,,,,,,,
,,,,,,,,,,,,,,,,,,,,,,,,,,
,,,,,,,,,,,,,,,,,,,,,,,,,,
,,,,,,,,,,,,,,,,,,,,,,,,,,
,,,,,,,,,,,,,,,,,,,,,,,,,,
,,,,,,,,,,,,,,,,,,,,,,,,,,
,,,,,,,,,,,,,,,,,,,,,,,,,,
,,,,,,,,,,,,,,,,,,,,,,,,,,
,,,,,,,,,,,,,,,,,,,,,,,,,,
,,,,,,,,,,,,,,,,,,,,,,,,,,
,,,,,,,,,,,,,,,,,,,,,,,,,,
,,,,,,,,,,,,,,,,,,,,,,,,,,
,,,,,,,,,,,,,,,,,,,,,,,,,,
,,,,,,,,,,,,,,,,,,,,,,,,,,
,,,,,,,,,,,,,,,,,,,,,,,,,,
,,,,,,,,,,,,,,,,,,,,,,,,,,
,,,,,,,,,,,,,,,,,,,,,,,,,,
,,,,,,,,,,,,,,,,,,,,,,,,,,
,,,,,,,,,,,,,,,,,,,,,,,,,,
,,,,,,,,,,,,,,,,,,,,,,,,,,
,,,,,,,,,,,,,,,,,,,,,,,,,,
,,,,,,,,,,,,,,,,,,,,,,,,,,
,,,,,,,,,,,,,,,,,,,,,,,,,,
,,,,,,,,,,,,,,,,,,,,,,,,,,
,,,,,,,,,,,,,,,,,,,,,,,,,,
,,,,,,,,,,,,,,,,,,,,,,,,,,
,,,,,,,,,,,,,,,,,,,,,,,,,,
,,,,,,,,,,,,,,,,,,,,,,,,,,
,,,,,,,,,,,,,,,,,,,,,,,,,,
,,,,,,,,,,,,,,,,,,,,,,,,,,
,,,,,,,,,,,,,,,,,,,,,,,,,,
,,,,,,,,,,,,,,,,,,,,,,,,,,
,,,,,,,,,,,,,,,,,,,,,,,,,,
,,,,,,,,,,,,,,,,,,,,,,,,,,
,,,,,,,,,,,,,,,,,,,,,,,,,,
,,,,,,,,,,,,,,,,,,,,,,,,,,
,,,,,,,,,,,,,,,,,,,,,,,,,,
,,,,,,,,,,,,,,,,,,,,,,,,,,
,,,,,,,,,,,,,,,,,,,,,,,,,,
,,,,,,,,,,,,,,,,,,,,,,,,,,
,,,,,,,,,,,,,,,,,,,,,,,,,,
,,,,,,,,,,,,,,,,,,,,,,,,,,
,,,,,,,,,,,,,,,,,,,,,,,,,,
,,,,,,,,,,,,,,,,,,,,,,,,,,
,,,,,,,,,,,,,,,,,,,,,,,,,,
,,,,,,,,,,,,,,,,,,,,,,,,,,
,,,,,,,,,,,,,,,,,,,,,,,,,,
,,,,,,,,,,,,,,,,,,,,,,,,,,
,,,,,,,,,,,,,,,,,,,,,,,,,,
,,,,,,,,,,,,,,,,,,,,,,,,,,
,,,,,,,,,,,,,,,,,,,,,,,,,,
,,,,,,,,,,,,,,,,,,,,,,,,,,
,,,,,,,,,,,,,,,,,,,,,,,,,,
,,,,,,,,,,,,,,,,,,,,,,,,,,
,,,,,,,,,,,,,,,,,,,,,,,,,,
,,,,,,,,,,,,,,,,,,,,,,,,,,
,,,,,,,,,,,,,,,,,,,,,,,,,,
,,,,,,,,,,,,,,,,,,,,,,,,,,
,,,,,,,,,,,,,,,,,,,,,,,,,,
,,,,,,,,,,,,,,,,,,,,,,,,,,
,,,,,,,,,,,,,,,,,,,,,,,,,,
,,,,,,,,,,,,,,,,,,,,,,,,,,
,,,,,,,,,,,,,,,,,,,,,,,,,,
,,,,,,,,,,,,,,,,,,,,,,,,,,
,,,,,,,,,,,,,,,,,,,,,,,,,,
,,,,,,,,,,,,,,,,,,,,,,,,,,
,,,,,,,,,,,,,,,,,,,,,,,,,,
,,,,,,,,,,,,,,,,,,,,,,,,,,
,,,,,,,,,,,,,,,,,,,,,,,,,,
,,,,,,,,,,,,,,,,,,,,,,,,,,
,,,,,,,,,,,,,,,,,,,,,,,,,,
,,,,,,,,,,,,,,,,,,,,,,,,,,
,,,,,,,,,,,,,,,,,,,,,,,,,,
,,,,,,,,,,,,,,,,,,,,,,,,,,
,,,,,,,,,,,,,,,,,,,,,,,,,,
,,,,,,,,,,,,,,,,,,,,,,,,,,
,,,,,,,,,,,,,,,,,,,,,,,,,,
,,,,,,,,,,,,,,,,,,,,,,,,,,
,,,,,,,,,,,,,,,,,,,,,,,,,,
,,,,,,,,,,,,,,,,,,,,,,,,,,
,,,,,,,,,,,,,,,,,,,,,,,,,,
,,,,,,,,,,,,,,,,,,,,,,,,,,
,,,,,,,,,,,,,,,,,,,,,,,,,,
,,,,,,,,,,,,,,,,,,,,,,,,,,
,,,,,,,,,,,,,,,,,,,,,,,,,,
,,,,,,,,,,,,,,,,,,,,,,,,,,
,,,,,,,,,,,,,,,,,,,,,,,,,,
,,,,,,,,,,,,,,,,,,,,,,,,,,
,,,,,,,,,,,,,,,,,,,,,,,,,,
,,,,,,,,,,,,,,,,,,,,,,,,,,
,,,,,,,,,,,,,,,,,,,,,,,,,,
,,,,,,,,,,,,,,,,,,,,,,,,,,
,,,,,,,,,,,,,,,,,,,,,,,,,,
,,,,,,,,,,,,,,,,,,,,,,,,,,
,,,,,,,,,,,,,,,,,,,,,,,,,,
,,,,,,,,,,,,,,,,,,,,,,,,,,
,,,,,,,,,,,,,,,,,,,,,,,,,,
,,,,,,,,,,,,,,,,,,,,,,,,,,
,,,,,,,,,,,,,,,,,,,,,,,,,,
,,,,,,,,,,,,,,,,,,,,,,,,,,
,,,,,,,,,,,,,,,,,,,,,,,,,,
,,,,,,,,,,,,,,,,,,,,,,,,,,
,,,,,,,,,,,,,,,,,,,,,,,,,,
,,,,,,,,,,,,,,,,,,,,,,,,,,
,,,,,,,,,,,,,,,,,,,,,,,,,,
,,,,,,,,,,,,,,,,,,,,,,,,,,
,,,,,,,,,,,,,,,,,,,,,,,,,,
,,,,,,,,,,,,,,,,,,,,,,,,,,
,,,,,,,,,,,,,,,,,,,,,,,,,,
,,,,,,,,,,,,,,,,,,,,,,,,,,
,,,,,,,,,,,,,,,,,,,,,,,,,,
,,,,,,,,,,,,,,,,,,,,,,,,,,
,,,,,,,,,,,,,,,,,,,,,,,,,,
,,,,,,,,,,,,,,,,,,,,,,,,,,
,,,,,,,,,,,,,,,,,,,,,,,,,,
,,,,,,,,,,,,,,,,,,,,,,,,,,
,,,,,,,,,,,,,,,,,,,,,,,,,,
,,,,,,,,,,,,,,,,,,,,,,,,,,
,,,,,,,,,,,,,,,,,,,,,,,,,,
,,,,,,,,,,,,,,,,,,,,,,,,,,
,,,,,,,,,,,,,,,,,,,,,,,,,,
,,,,,,,,,,,,,,,,,,,,,,,,,,
,,,,,,,,,,,,,,,,,,,,,,,,,,
,,,,,,,,,,,,,,,,,,,,,,,,,,
,,,,,,,,,,,,,,,,,,,,,,,,,,
,,,,,,,,,,,,,,,,,,,,,,,,,,
,,,,,,,,,,,,,,,,,,,,,,,,,,
,,,,,,,,,,,,,,,,,,,,,,,,,,
,,,,,,,,,,,,,,,,,,,,,,,,,,
,,,,,,,,,,,,,,,,,,,,,,,,,,
,,,,,,,,,,,,,,,,,,,,,,,,,,
,,,,,,,,,,,,,,,,,,,,,,,,,,
,,,,,,,,,,,,,,,,,,,,,,,,,,
,,,,,,,,,,,,,,,,,,,,,,,,,,
,,,,,,,,,,,,,,,,,,,,,,,,,,
,,,,,,,,,,,,,,,,,,,,,,,,,,
,,,,,,,,,,,,,,,,,,,,,,,,,,
,,,,,,,,,,,,,,,,,,,,,,,,,,
,,,,,,,,,,,,,,,,,,,,,,,,,,
,,,,,,,,,,,,,,,,,,,,,,,,,,
,,,,,,,,,,,,,,,,,,,,,,,,,,
,,,,,,,,,,,,,,,,,,,,,,,,,,
,,,,,,,,,,,,,,,,,,,,,,,,,,
,,,,,,,,,,,,,,,,,,,,,,,,,,
,,,,,,,,,,,,,,,,,,,,,,,,,,
,,,,,,,,,,,,,,,,,,,,,,,,,,
,,,,,,,,,,,,,,,,,,,,,,,,,,
,,,,,,,,,,,,,,,,,,,,,,,,,,
,,,,,,,,,,,,,,,,,,,,,,,,,,
,,,,,,,,,,,,,,,,,,,,,,,,,,
,,,,,,,,,,,,,,,,,,,,,,,,,,
,,,,,,,,,,,,,,,,,,,,,,,,,,
,,,,,,,,,,,,,,,,,,,,,,,,,,
,,,,,,,,,,,,,,,,,,,,,,,,,,
,,,,,,,,,,,,,,,,,,,,,,,,,,
,,,,,,,,,,,,,,,,,,,,,,,,,,
,,,,,,,,,,,,,,,,,,,,,,,,,,
,,,,,,,,,,,,,,,,,,,,,,,,,,
,,,,,,,,,,,,,,,,,,,,,,,,,,
,,,,,,,,,,,,,,,,,,,,,,,,,,
,,,,,,,,,,,,,,,,,,,,,,,,,,
,,,,,,,,,,,,,,,,,,,,,,,,,,
,,,,,,,,,,,,,,,,,,,,,,,,,,
,,,,,,,,,,,,,,,,,,,,,,,,,,
,,,,,,,,,,,,,,,,,,,,,,,,,,
,,,,,,,,,,,,,,,,,,,,,,,,,,
,,,,,,,,,,,,,,,,,,,,,,,,,,
,,,,,,,,,,,,,,,,,,,,,,,,,,
,,,,,,,,,,,,,,,,,,,,,,,,,,
,,,,,,,,,,,,,,,,,,,,,,,,,,
,,,,,,,,,,,,,,,,,,,,,,,,,,
,,,,,,,,,,,,,,,,,,,,,,,,,,
,,,,,,,,,,,,,,,,,,,,,,,,,,
,,,,,,,,,,,,,,,,,,,,,,,,,,
,,,,,,,,,,,,,,,,,,,,,,,,,,
,,,,,,,,,,,,,,,,,,,,,,,,,,
,,,,,,,,,,,,,,,,,,,,,,,,,,
,,,,,,,,,,,,,,,,,,,,,,,,,,
,,,,,,,,,,,,,,,,,,,,,,,,,,
,,,,,,,,,,,,,,,,,,,,,,,,,,
,,,,,,,,,,,,,,,,,,,,,,,,,,
,,,,,,,,,,,,,,,,,,,,,,,,,,
,,,,,,,,,,,,,,,,,,,,,,,,,,
,,,,,,,,,,,,,,,,,,,,,,,,,,
,,,,,,,,,,,,,,,,,,,,,,,,,,
,,,,,,,,,,,,,,,,,,,,,,,,,,
,,,,,,,,,,,,,,,,,,,,,,,,,,
,,,,,,,,,,,,,,,,,,,,,,,,,,
,,,,,,,,,,,,,,,,,,,,,,,,,,
,,,,,,,,,,,,,,,,,,,,,,,,,,
,,,,,,,,,,,,,,,,,,,,,,,,,,
,,,,,,,,,,,,,,,,,,,,,,,,,,
,,,,,,,,,,,,,,,,,,,,,,,,,,
,,,,,,,,,,,,,,,,,,,,,,,,,,
,,,,,,,,,,,,,,,,,,,,,,,,,,
,,,,,,,,,,,,,,,,,,,,,,,,,,
,,,,,,,,,,,,,,,,,,,,,,,,,,
,,,,,,,,,,,,,,,,,,,,,,,,,,
,,,,,,,,,,,,,,,,,,,,,,,,,,
,,,,,,,,,,,,,,,,,,,,,,,,,,
,,,,,,,,,,,,,,,,,,,,,,,,,,
,,,,,,,,,,,,,,,,,,,,,,,,,,
,,,,,,,,,,,,,,,,,,,,,,,,,,
,,,,,,,,,,,,,,,,,,,,,,,,,,
,,,,,,,,,,,,,,,,,,,,,,,,,,
,,,,,,,,,,,,,,,,,,,,,,,,,,
,,,,,,,,,,,,,,,,,,,,,,,,,,
,,,,,,,,,,,,,,,,,,,,,,,,,,
,,,,,,,,,,,,,,,,,,,,,,,,,,
,,,,,,,,,,,,,,,,,,,,,,,,,,
,,,,,,,,,,,,,,,,,,,,,,,,,,
,,,,,,,,,,,,,,,,,,,,,,,,,,
,,,,,,,,,,,,,,,,,,,,,,,,,,
,,,,,,,,,,,,,,,,,,,,,,,,,,
,,,,,,,,,,,,,,,,,,,,,,,,,,
,,,,,,,,,,,,,,,,,,,,,,,,,,
,,,,,,,,,,,,,,,,,,,,,,,,,,
,,,,,,,,,,,,,,,,,,,,,,,,,,
,,,,,,,,,,,,,,,,,,,,,,,,,,
,,,,,,,,,,,,,,,,,,,,,,,,,,
,,,,,,,,,,,,,,,,,,,,,,,,,,
,,,,,,,,,,,,,,,,,,,,,,,,,,
,,,,,,,,,,,,,,,,,,,,,,,,,,
,,,,,,,,,,,,,,,,,,,,,,,,,,
,,,,,,,,,,,,,,,,,,,,,,,,,,
,,,,,,,,,,,,,,,,,,,,,,,,,,
,,,,,,,,,,,,,,,,,,,,,,,,,,
,,,,,,,,,,,,,,,,,,,,,,,,,,
,,,,,,,,,,,,,,,,,,,,,,,,,,
,,,,,,,,,,,,,,,,,,,,,,,,,,
,,,,,,,,,,,,,,,,,,,,,,,,,,
,,,,,,,,,,,,,,,,,,,,,,,,,,
,,,,,,,,,,,,,,,,,,,,,,,,,,
,,,,,,,,,,,,,,,,,,,,,,,,,,
,,,,,,,,,,,,,,,,,,,,,,,,,,
,,,,,,,,,,,,,,,,,,,,,,,,,,
,,,,,,,,,,,,,,,,,,,,,,,,,,
,,,,,,,,,,,,,,,,,,,,,,,,,,
,,,,,,,,,,,,,,,,,,,,,,,,,,
,,,,,,,,,,,,,,,,,,,,,,,,,,
,,,,,,,,,,,,,,,,,,,,,,,,,,
,,,,,,,,,,,,,,,,,,,,,,,,,,
,,,,,,,,,,,,,,,,,,,,,,,,,,
,,,,,,,,,,,,,,,,,,,,,,,,,,
,,,,,,,,,,,,,,,,,,,,,,,,,,
,,,,,,,,,,,,,,,,,,,,,,,,,,
,,,,,,,,,,,,,,,,,,,,,,,,,,
,,,,,,,,,,,,,,,,,,,,,,,,,,
,,,,,,,,,,,,,,,,,,,,,,,,,,
,,,,,,,,,,,,,,,,,,,,,,,,,,
,,,,,,,,,,,,,,,,,,,,,,,,,,
,,,,,,,,,,,,,,,,,,,,,,,,,,
,,,,,,,,,,,,,,,,,,,,,,,,,,
,,,,,,,,,,,,,,,,,,,,,,,,,,
,,,,,,,,,,,,,,,,,,,,,,,,,,
,,,,,,,,,,,,,,,,,,,,,,,,,,
,,,,,,,,,,,,,,,,,,,,,,,,,,
,,,,,,,,,,,,,,,,,,,,,,,,,,
,,,,,,,,,,,,,,,,,,,,,,,,,,
,,,,,,,,,,,,,,,,,,,,,,,,,,
,,,,,,,,,,,,,,,,,,,,,,,,,,
,,,,,,,,,,,,,,,,,,,,,,,,,,
,,,,,,,,,,,,,,,,,,,,,,,,,,
,,,,,,,,,,,,,,,,,,,,,,,,,,
,,,,,,,,,,,,,,,,,,,,,,,,,,
,,,,,,,,,,,,,,,,,,,,,,,,,,
,,,,,,,,,,,,,,,,,,,,,,,,,,
,,,,,,,,,,,,,,,,,,,,,,,,,,
,,,,,,,,,,,,,,,,,,,,,,,,,,
,,,,,,,,,,,,,,,,,,,,,,,,,,
,,,,,,,,,,,,,,,,,,,,,,,,,,
,,,,,,,,,,,,,,,,,,,,,,,,,,
,,,,,,,,,,,,,,,,,,,,,,,,,,
,,,,,,,,,,,,,,,,,,,,,,,,,,
,,,,,,,,,,,,,,,,,,,,,,,,,,
,,,,,,,,,,,,,,,,,,,,,,,,,,
,,,,,,,,,,,,,,,,,,,,,,,,,,
,,,,,,,,,,,,,,,,,,,,,,,,,,
,,,,,,,,,,,,,,,,,,,,,,,,,,
,,,,,,,,,,,,,,,,,,,,,,,,,,
,,,,,,,,,,,,,,,,,,,,,,,,,,
,,,,,,,,,,,,,,,,,,,,,,,,,,
,,,,,,,,,,,,,,,,,,,,,,,,,,
,,,,,,,,,,,,,,,,,,,,,,,,,,
,,,,,,,,,,,,,,,,,,,,,,,,,,
,,,,,,,,,,,,,,,,,,,,,,,,,,
,,,,,,,,,,,,,,,,,,,,,,,,,,
,,,,,,,,,,,,,,,,,,,,,,,,,,
,,,,,,,,,,,,,,,,,,,,,,,,,,
,,,,,,,,,,,,,,,,,,,,,,,,,,
,,,,,,,,,,,,,,,,,,,,,,,,,,
,,,,,,,,,,,,,,,,,,,,,,,,,,
,,,,,,,,,,,,,,,,,,,,,,,,,,
,,,,,,,,,,,,,,,,,,,,,,,,,,
,,,,,,,,,,,,,,,,,,,,,,,,,,
,,,,,,,,,,,,,,,,,,,,,,,,,,
,,,,,,,,,,,,,,,,,,,,,,,,,,
,,,,,,,,,,,,,,,,,,,,,,,,,,
,,,,,,,,,,,,,,,,,,,,,,,,,,
,,,,,,,,,,,,,,,,,,,,,,,,,,
,,,,,,,,,,,,,,,,,,,,,,,,,,
,,,,,,,,,,,,,,,,,,,,,,,,,,
,,,,,,,,,,,,,,,,,,,,,,,,,,
,,,,,,,,,,,,,,,,,,,,,,,,,,
,,,,,,,,,,,,,,,,,,,,,,,,,,
,,,,,,,,,,,,,,,,,,,,,,,,,,
,,,,,,,,,,,,,,,,,,,,,,,,,,
,,,,,,,,,,,,,,,,,,,,,,,,,,
,,,,,,,,,,,,,,,,,,,,,,,,,,
,,,,,,,,,,,,,,,,,,,,,,,,,,
,,,,,,,,,,,,,,,,,,,,,,,,,,
,,,,,,,,,,,,,,,,,,,,,,,,,,
,,,,,,,,,,,,,,,,,,,,,,,,,,
,,,,,,,,,,,,,,,,,,,,,,,,,,
,,,,,,,,,,,,,,,,,,,,,,,,,,
,,,,,,,,,,,,,,,,,,,,,,,,,,
,,,,,,,,,,,,,,,,,,,,,,,,,,
,,,,,,,,,,,,,,,,,,,,,,,,,,
,,,,,,,,,,,,,,,,,,,,,,,,,,
,,,,,,,,,,,,,,,,,,,,,,,,,,
,,,,,,,,,,,,,,,,,,,,,,,,,,
,,,,,,,,,,,,,,,,,,,,,,,,,,
,,,,,,,,,,,,,,,,,,,,,,,,,,
,,,,,,,,,,,,,,,,,,,,,,,,,,
,,,,,,,,,,,,,,,,,,,,,,,,,,
,,,,,,,,,,,,,,,,,,,,,,,,,,
,,,,,,,,,,,,,,,,,,,,,,,,,,
,,,,,,,,,,,,,,,,,,,,,,,,,,
,,,,,,,,,,,,,,,,,,,,,,,,,,
,,,,,,,,,,,,,,,,,,,,,,,,,,
,,,,,,,,,,,,,,,,,,,,,,,,,,
,,,,,,,,,,,,,,,,,,,,,,,,,,
,,,,,,,,,,,,,,,,,,,,,,,,,,
,,,,,,,,,,,,,,,,,,,,,,,,,,
,,,,,,,,,,,,,,,,,,,,,,,,,,
,,,,,,,,,,,,,,,,,,,,,,,,,,
,,,,,,,,,,,,,,,,,,,,,,,,,,
,,,,,,,,,,,,,,,,,,,,,,,,,,
,,,,,,,,,,,,,,,,,,,,,,,,,,
,,,,,,,,,,,,,,,,,,,,,,,,,,
,,,,,,,,,,,,,,,,,,,,,,,,,,
,,,,,,,,,,,,,,,,,,,,,,,,,,
,,,,,,,,,,,,,,,,,,,,,,,,,,
,,,,,,,,,,,,,,,,,,,,,,,,,,
,,,,,,,,,,,,,,,,,,,,,,,,,,
,,,,,,,,,,,,,,,,,,,,,,,,,,
,,,,,,,,,,,,,,,,,,,,,,,,,,
,,,,,,,,,,,,,,,,,,,,,,,,,,
,,,,,,,,,,,,,,,,,,,,,,,,,,
,,,,,,,,,,,,,,,,,,,,,,,,,,
,,,,,,,,,,,,,,,,,,,,,,,,,,
,,,,,,,,,,,,,,,,,,,,,,,,,,
,,,,,,,,,,,,,,,,,,,,,,,,,,
,,,,,,,,,,,,,,,,,,,,,,,,,,
,,,,,,,,,,,,,,,,,,,,,,,,,,
,,,,,,,,,,,,,,,,,,,,,,,,,,
,,,,,,,,,,,,,,,,,,,,,,,,,,
,,,,,,,,,,,,,,,,,,,,,,,,,,
,,,,,,,,,,,,,,,,,,,,,,,,,,
,,,,,,,,,,,,,,,,,,,,,,,,,,
,,,,,,,,,,,,,,,,,,,,,,,,,,
