packet_id,super_state,mc_state,ctrl_mode,rpm,accel_avg,accel_mad,iq_avg,iq_mad,iq_target,id_avg,id_min,id_max,if_avg,if_mad,field_pwm_avg,field_pwm_mad,vbus_avg,vbus_min,vbus_max,duty_avg,duty_max,if_min,stator_fw_id,speed_target,speed_i_term,i_bus
1795,0,0,2,-0.00338845,2.921742678,76.23744202,5.61E-45,1.12E-44,5.61E-45,-5.61E-45,0,0,0.001729181,0.001327717,5.61E-45,1.12E-44,13.58561707,13.57535839,13.58993626,0.014822892,0.015483633,0,0,4800,0,5.61E-45
1796,0,0,2,0.077871695,7.54259634,62.35478592,5.61E-45,1.12E-44,5.61E-45,-5.61E-45,0,0,0.002347901,0.001932637,5.61E-45,1.12E-44,13.58674526,13.57806683,13.59288692,0.014638698,0.015919821,0,0,4800,0,5.61E-45
1797,0,0,2,0.068171918,10.81808376,62.52248764,5.61E-45,1.12E-44,5.61E-45,-5.61E-45,0,0,0.001437627,0.001705031,5.61E-45,1.12E-44,13.58847809,13.58418083,13.59806252,0.014748798,0.015764514,0,0,4800,0,5.61E-45
1798,0,0,2,-0.025943231,-11.32848835,112.2619324,5.61E-45,1.12E-44,5.61E-45,-5.61E-45,0,0,0.004019691,0.003114277,5.61E-45,1.12E-44,13.58722878,13.58360958,13.59189415,0.014825491,0.016110575,0,0,4800,0,5.61E-45
1799,0,0,2,-0.09634494,-18.65140724,180.9667816,5.61E-45,1.12E-44,5.61E-45,-5.61E-45,0,0,0.002699243,0.002819698,5.61E-45,1.12E-44,13.58725166,13.58320808,13.59227371,0.014692244,0.015682032,0,0,4800,0,5.61E-45
1800,0,0,2,-0.001300444,-4.701574802,162.1506348,5.61E-45,1.12E-44,5.61E-45,-5.61E-45,0,0,0.001911401,0.001447588,5.61E-45,1.12E-44,13.58732605,13.58135128,13.59093189,0.014570577,0.015909629,0,0,4800,0,5.61E-45
1801,0,0,2,-0.063951492,-11.5845089,103.3280029,5.61E-45,1.12E-44,5.61E-45,-5.61E-45,0,0,0.002430069,0.002148722,5.61E-45,1.12E-44,13.58617878,13.58241367,13.59121227,0.014493129,0.015648264,0,0,4800,0,5.61E-45
1802,0,0,2,0.095468223,6.788119793,73.54787445,5.61E-45,1.12E-44,5.61E-45,-5.61E-45,0,0,0.00301458,0.002062364,5.61E-45,1.12E-44,13.5851469,13.57610416,13.59202003,0.014575362,0.015542398,0,0,4800,0,5.61E-45
1803,0,0,2,-0.151109591,-16.84136391,57.18909454,5.61E-45,1.12E-44,5.61E-45,-5.61E-45,0,0,0.001998753,0.00187917,5.61E-45,1.12E-44,13.58482552,13.57951641,13.59045029,0.014756256,0.015962986,0,0,4800,0,5.61E-45
1804,0,0,2,0.054069307,11.43490887,81.11463928,5.61E-45,1.12E-44,5.61E-45,-5.61E-45,0,0,0.002777505,0.002402231,5.61E-45,1.12E-44,13.58610153,13.58241558,13.59002018,0.014618862,0.016101899,0,0,4800,0,5.61E-45
1805,0,0,2,-0.112402685,-10.56182384,151.8265991,5.61E-45,1.12E-44,5.61E-45,-5.61E-45,0,0,0.003129401,0.001989221,5.61E-45,1.12E-44,13.58595181,13.58079624,13.5890789,0.014698586,0.01594617,0,0,4800,0,5.61E-45
1806,3,0,2,6.405395031,258.8297424,84.62438202,5.61E-45,1.12E-44,5.61E-45,-5.61E-45,0,0,0.241123959,0.098462872,0.864914834,0.256661803,13.58611488,13.58307362,13.5892334,0.012136946,0.014465855,0.010861418,0,4800,0,5.61E-45
1807,3,0,2,9.560328484,153.2910461,52.7439003,5.61E-45,1.12E-44,5.61E-45,-5.61E-45,0,0,0.420427829,0.078384757,0.983576834,0.064050466,13.58440495,13.58103657,13.59001827,0.012161143,0.012705426,0.352745444,0,4800,0,5.61E-45
1808,3,0,2,11.14925861,75.38663483,38.18688965,5.61E-45,1.12E-44,5.61E-45,-5.61E-45,0,0,0.552287221,0.060015984,0.998003423,0.011780323,13.58216763,13.57776928,13.58620644,0.012157287,0.013078538,0.496116161,0,4800,0,5.61E-45
1809,3,0,2,11.64290905,29.26027679,20.41946411,5.61E-45,1.12E-44,5.61E-45,-5.61E-45,0,0,0.659070611,0.048805248,0.99975729,0.001917663,13.58247185,13.57862759,13.5887537,0.012611157,0.014116825,0.610812485,0,4800,0,5.61E-45
1810,3,0,2,11.42504978,-7.426613331,17.71546173,5.61E-45,1.12E-44,5.61E-45,-5.61E-45,0,0,0.756113052,0.042667545,0.999970496,0.000292152,13.58055973,13.57746887,13.58393478,0.012240705,0.013018223,0.718891442,0,4800,0,5.61E-45
1811,3,0,2,10.74180889,-34.40681076,15.10318565,5.61E-45,1.12E-44,5.61E-45,-5.61E-45,0,0,0.841583908,0.038252108,0.999996424,4.26991E-05,13.58089256,13.58068657,13.5833931,0.012316315,0.013030625,0.802708387,0,4800,0,5.61E-45
1812,3,0,2,10.0618124,-35.59770584,13.51675987,5.61E-45,1.12E-44,5.61E-45,-5.61E-45,0,0,0.922985852,0.03543051,0.999999583,6.05686E-06,13.5807209,13.57858562,13.58336544,0.012485445,0.013648459,0.890936553,0,4800,0,5.61E-45
1813,3,0,2,9.107681274,-47.20082855,9.505646706,5.61E-45,1.12E-44,5.61E-45,-5.61E-45,0,0,0.998087108,0.033827707,0.999999762,9.48E-07,13.57976913,13.57275581,13.58147621,0.012808013,0.014525406,0.96372503,0,4800,0,5.61E-45
1814,3,0,2,8.301074982,-41.32391739,9.395106316,5.61E-45,1.12E-44,5.61E-45,-5.61E-45,0,0,1.068016052,0.030320194,0.999999762,3.25E-07,13.58036327,13.57660103,13.58173275,0.013426278,0.014419719,1.040924668,0,4800,0,5.61E-45
1815,3,0,2,7.308487892,-49.42985535,9.811761856,5.61E-45,1.12E-44,5.61E-45,-5.61E-45,0,0,1.135798454,0.030715786,0.999999762,2.49E-07,13.57992172,13.57479954,13.58192253,0.014811134,0.016150491,1.102684617,0,4800,0,5.61E-45
1816,3,0,2,-1.995082259,-308.2867432,282.2333069,5.61E-45,1.12E-44,5.61E-45,-5.61E-45,0,0,1.203524828,0.028541764,0.999999762,2.40E-07,13.57950115,13.5711565,13.5815258,0.017925842,0.020983554,1.179882884,0,4800,0,5.61E-45
1817,3,0,2,-6.407748699,-226.1547241,66.96330261,5.61E-45,1.12E-44,5.61E-45,-5.61E-45,0,0,1.258988142,0.024830222,0.999999762,2.39E-07,13.58065796,13.57867622,13.58309937,0.025730461,0.030062791,1.235026836,0,4800,0,5.61E-45
1818,3,0,2,-8.401305199,-81.78997803,75.49904633,5.61E-45,1.12E-44,5.61E-45,-5.61E-45,0,0,1.31472373,0.025710298,0.999999762,2.38E-07,13.5795536,13.56745052,13.58224106,0.022311097,0.029292718,1.281345725,0,4800,0,5.61E-45
1819,3,0,2,0.107864141,478.4137573,423.7648315,5.61E-45,1.12E-44,5.61E-45,-5.61E-45,0,0,1.374233365,0.026643764,0.999999762,2.38E-07,13.58006763,13.57683945,13.58131409,0.008073348,0.016379017,1.345310688,0,4800,0,5.61E-45
1820,3,0,2,1.499617696,98.83797455,175.7197723,5.61E-45,1.12E-44,5.61E-45,-5.61E-45,0,0,1.431962132,0.026162844,0.999999762,2.38E-07,13.57922649,13.57103443,13.58070087,0.006696136,0.008931673,1.402659416,0,4800,0,5.61E-45
1821,3,0,2,-1.932902813,-118.6702881,73.13824463,5.61E-45,1.12E-44,5.61E-45,-5.61E-45,0,0,1.487598658,0.025053274,0.999999762,2.38E-07,13.57839203,13.57029057,13.58070087,0.019179253,0.023688735,1.457802057,0,4800,0,5.61E-45
1822,3,0,2,-3.705221891,-67.60262299,48.77829742,5.61E-45,1.12E-44,5.61E-45,-5.61E-45,0,0,1.537977457,0.022803105,0.999999762,2.38E-07,13.57762146,13.56594181,13.58070469,0.018067515,0.024315424,1.515149593,0,4800,0,5.61E-45
1823,3,0,2,0.231333464,154.1309357,227.191864,5.61E-45,1.12E-44,5.61E-45,-5.61E-45,0,0,1.595780015,0.024988262,0.999999762,2.38E-07,13.57658005,13.56952286,13.58053875,0.009731594,0.013138399,1.56808722,0,4800,0,5.61E-45
1824,3,0,2,-0.740771711,-40.47191238,96.66491699,5.61E-45,1.12E-44,5.61E-45,-5.61E-45,0,0,1.643567801,0.020674909,0.999999762,2.38E-07,13.57715034,13.57008934,13.58070278,0.014094127,0.017356019,1.621023536,0,4800,0,5.61E-45
1825,3,0,2,-2.126833439,-55.10172272,37.49666214,5.61E-45,1.12E-44,5.61E-45,-5.61E-45,0,0,1.689316511,0.02079338,0.999999762,2.38E-07,13.5753088,13.567873,13.58066463,0.016052004,0.018460162,1.667343855,0,4800,0,5.61E-45
1826,3,0,2,-2.06069994,0.813384771,37.19972229,5.61E-45,1.12E-44,5.61E-45,-5.61E-45,0,0,1.740110636,0.022756213,0.999999762,2.38E-07,13.5752039,13.5654726,13.58053112,0.012850804,0.014397296,1.713662863,0,4800,0,5.61E-45
1827,3,0,2,-2.353034496,-15.31082344,28.03419495,5.61E-45,1.12E-44,5.61E-45,-5.61E-45,0,0,1.786116958,0.020615613,0.994490504,0.00317854,13.56989765,13.56004047,13.58032322,0.014531494,0.016124034,1.764395595,0,4800,0,5.61E-45
1828,3,0,2,-2.450270176,0.525990248,33.66671753,5.61E-45,1.12E-44,5.61E-45,-5.61E-45,0,0,1.825327158,0.018453736,0.988692284,0.005431513,13.57069969,13.56071472,13.5786581,0.014586701,0.016661061,1.797481179,0,4800,0,5.61E-45
1829,3,0,2,-2.556397676,-6.765256405,29.89612389,5.61E-45,1.12E-44,5.61E-45,-5.61E-45,0,0,1.866654277,0.018185496,0.982613623,0.004279204,13.55996418,13.54282379,13.56937313,0.014343495,0.01532021,1.846006393,0,4800,0,5.61E-45
1830,3,0,2,-2.509132862,1.017700553,27.75527954,5.61E-45,1.12E-44,5.61E-45,-5.61E-45,0,0,1.903392911,0.016174486,0.982245684,0.004236396,13.56346226,13.54544353,13.57430077,0.014303094,0.015367293,1.887914181,0,4800,0,5.61E-45
1831,3,0,2,-2.53734374,-1.51681757,25.39605331,5.61E-45,1.12E-44,5.61E-45,-5.61E-45,0,0,1.937798858,0.015219633,0.980732501,0.00394024,13.5754118,13.56698322,13.58060455,0.014406402,0.015132934,1.920999765,0,4800,0,5.61E-45
1832,3,0,2,-2.525955677,1.194488287,34.23950195,5.61E-45,1.12E-44,5.61E-45,-5.61E-45,0,0,1.970524788,0.014191258,0.979652166,0.004192845,13.57485771,13.56273174,13.58066845,0.014350438,0.015578276,1.951879025,0,4800,0,5.61E-45
1833,3,0,2,-2.560882807,-0.965186536,17.77773857,5.61E-45,1.12E-44,5.61E-45,-5.61E-45,0,0,2.001381874,0.014021637,0.979484737,0.00297961,13.57616234,13.56749058,13.58068848,0.014372451,0.015549495,1.98496592,0,4800,0,5.61E-45
1834,3,0,2,-2.628468752,0.401629955,15.46393967,5.61E-45,1.12E-44,5.61E-45,-5.61E-45,0,0,2.030354261,0.01298541,0.977961421,0.00425366,13.57688904,13.57117653,13.58059311,0.014478005,0.015376531,2.011432886,0,4800,0,5.61E-45
1835,3,0,2,-2.775810719,-4.920623302,13.03601074,5.61E-45,1.12E-44,5.61E-45,-5.61E-45,0,0,2.058387756,0.012756954,0.976301432,0.00468689,13.57853222,13.5728159,13.58069801,0.014383689,0.015213141,2.044518471,0,4800,0,5.61E-45
1836,3,0,2,-2.741098642,2.810611725,15.81879044,5.61E-45,1.12E-44,5.61E-45,-5.61E-45,0,0,2.083215952,0.011324308,0.977083206,0.005778284,13.5793581,13.57483292,13.58132267,0.014534805,0.016019909,2.066576719,0,4800,0,5.61E-45
1837,3,0,2,-2.852780104,-3.22980547,12.2023325,5.61E-45,1.12E-44,5.61E-45,-5.61E-45,0,0,2.108345509,0.011125075,0.974170566,0.003535745,13.57966709,13.57616138,13.58070469,0.01472796,0.015905276,2.097455978,0,4800,0,5.61E-45
1838,3,0,2,-2.865255356,-1.755835176,10.32120895,5.61E-45,1.12E-44,5.61E-45,-5.61E-45,0,0,2.130041838,0.009918061,0.975123525,0.004143018,13.57926178,13.57001495,13.58070469,0.014307267,0.015333429,2.115101814,0,4800,0,5.61E-45
1839,3,0,2,-2.90993166,-2.520394087,14.12331676,5.61E-45,1.12E-44,5.61E-45,-5.61E-45,0,0,2.151766539,0.009571463,0.973669231,0.003607326,13.57999802,13.57436085,13.58070469,0.014752098,0.015780343,2.139365196,0,4800,0,5.61E-45
1840,3,0,2,-2.948949099,-0.780560195,16.70943451,5.61E-45,1.12E-44,5.61E-45,-5.61E-45,0,0,2.172336102,0.008955282,0.972710133,0.003924297,13.5795536,13.56989765,13.58120918,0.014657461,0.015812267,2.159215927,0,4800,0,5.61E-45
1841,3,0,2,-2.979674816,0.366213411,15.43402004,5.61E-45,1.12E-44,5.61E-45,-5.61E-45,0,0,2.191146135,0.008592158,0.9730829,0.004149642,13.57905579,13.56467056,13.58070469,0.014610916,0.015461535,2.176860571,0,4800,0,5.61E-45
1842,3,0,2,-2.892311096,3.456510782,12.56972218,5.61E-45,1.12E-44,5.61E-45,-5.61E-45,0,0,2.208359003,0.008449827,0.973500073,0.004314842,13.57845497,13.56913662,13.58319569,0.014560204,0.015733438,2.196712732,0,4800,0,5.61E-45
1843,4,2,1,148.6327057,7886.167969,12135.14551,34.27930832,19.81899643,34.17196655,-0.643434584,-17.59819031,4.575171471,2.238961458,0.018880067,0.947410822,0.023741383,13.47911358,13.30568886,13.58066845,0.113941841,0.373905718,2.214358568,0,340.4902344,0.000352491,5.322046757
1844,4,2,1,113.6553116,-460.0117798,3690.862305,59.75769424,10.47123337,56.8599205,0.24450101,-6.272248268,5.817352295,2.149222612,0.046579957,0.993389726,0.015870363,13.33998871,13.16536617,13.48566437,0.237861425,0.354982466,2.077605247,0,358.5291443,0.000472811,5.276154995
1845,4,2,1,8.584383011,-1991.530029,4816.987305,57.72634125,1.844664097,59.61824036,1.037689567,-0.397093862,4.309175491,2.211410284,0.029666614,0.985438168,0.016757591,13.33197498,13.21790695,13.50132847,0.164052546,0.269231707,2.172450781,0,376.4700012,0.000692022,7.161882401
1846,4,2,1,19.56407738,255.0457611,1219.606323,61.05367661,2.168362856,59.95358658,-1.220035434,-5.190712929,3.876070738,2.185600281,0.040417731,0.996441603,0.006435954,13.32841969,13.1590519,13.40897179,0.166178241,0.319659054,2.112895727,0,394.4350891,0.000728479,3.796735525
1847,4,2,1,32.30715179,602.7138672,254.0035553,60.48061752,1.945329189,59.99435806,-1.664150238,-2.375042915,-1.10954833,2.183528662,0.026963662,0.997916102,0.00448578,13.25579357,13.2060709,13.38288689,0.194244921,0.234359026,2.145982504,0,412.3787537,0.000715044,7.550973892
1848,4,2,1,46.38121414,700.392334,64.96514893,59.24004745,1.034172416,59.99931717,0.944349647,-0.511174798,2.116598606,2.216818333,0.021408418,0.998197496,0.002563818,13.28473377,13.24379826,13.32182312,0.13636373,0.193264946,2.157011032,0,430.3426819,0.000746198,5.66966486
1849,4,2,1,61.33542252,752.914917,33.10790253,60.70830536,0.982982695,59.99991989,-0.297154665,-2.050976276,2.065867901,2.20941329,0.015259165,0.999780893,0.00074993,13.27043629,13.20632839,13.31466866,0.160089612,0.22213687,2.176861763,0,448.2841797,0.000719897,5.137777805
1850,4,2,1,77.09255981,790.6520386,21.75566673,59.7815361,0.618175149,59.99998474,-1.329748631,-2.50411582,-0.869706035,2.222443104,0.009908498,0.999565482,0.000862171,13.26870346,13.25615311,13.31288433,0.140523806,0.153613478,2.212153673,0,466.3265991,0.000733476,6.023013592
1851,4,2,1,93.26047516,816.5610352,29.7352562,59.65795517,0.405081362,59.99998474,0.545720518,-0.197467104,1.168564677,2.244096756,0.011132336,0.991069973,0.005231577,13.26378632,13.24326038,13.28862,0.127660275,0.149394482,2.214358568,0,484.2941895,0.000726509,5.905579567
1852,4,2,1,109.8518448,838.0447998,34.01683807,60.48519516,0.382075369,59.99998474,-0.623173773,-1.698985934,1.256356001,2.246983528,0.009760305,0.995521545,0.004938199,13.25405312,13.22162628,13.2822113,0.14274931,0.184164315,2.223182201,0,502.3375549,0.000729115,5.540212631
1853,4,2,1,126.9219971,855.0641479,13.38627434,59.80410385,0.396314353,59.99998474,-1.034238935,-1.80704689,-0.624899209,2.259071589,0.004579834,0.994740725,0.005811666,13.24667645,13.23604488,13.28048897,0.126607433,0.132521063,2.25406146,0,520.3843384,0.000764981,5.866999626
1854,4,2,1,144.0466614,864.8209839,16.34069252,59.69519806,0.206496581,59.99998474,0.270132095,-0.410481364,0.767172635,2.272858858,0.005146333,0.989898205,0.00554044,13.22852516,13.20957184,13.24008465,0.130650133,0.150134295,2.260678768,0,538.3215942,0.000741779,6.209972858
1855,4,2,1,161.4355774,873.914978,11.87312126,60.29964828,0.356831193,59.99998474,-0.550155282,-1.462987304,0.700095415,2.279450178,0.008463459,0.992996335,0.005984598,13.2230196,13.19496346,13.24531937,0.13595444,0.171283558,2.260677576,0,556.2879639,0.000766991,5.638910294
1856,4,2,1,178.8041687,879.2828369,17.48189926,59.85052872,0.227242351,59.99998474,-0.923034728,-1.700315475,-0.316765577,2.285172224,0.004007788,0.996118307,0.004236097,13.2258625,13.21870232,13.24809742,0.117291421,0.117986567,2.276118517,0,574.229126,0.000743821,5.550603867
1857,4,2,1,196.3989105,885.2747803,12.40207005,59.86247253,0.162424073,59.99998474,-0.136850521,-0.318964481,0.368954182,2.29825449,0.004565968,0.992006004,0.004716427,13.21248722,13.20152187,13.22303009,0.133917987,0.148476958,2.293764353,0,592.1954956,0.000768687,6.221707821
1858,4,2,1,213.8936005,887.9118652,19.53126144,59.96376038,0.23017098,59.99998474,-0.937635779,-1.617867231,0.713422894,2.30404067,0.003079126,0.995896399,0.003938099,13.21534348,13.20479393,13.22282314,0.130555972,0.150284171,2.300380468,0,610.1396484,0.00074535,5.488061905
1859,4,2,1,231.607666,892.30896,13.59000206,59.87739563,0.129205823,59.99998474,-0.752283275,-1.469357491,0.119849674,2.306141376,0.001962048,0.998807669,0.002183545,13.20829773,13.20170498,13.21292973,0.1184735,0.119690396,2.300380468,0,628.1044922,0.00076996,5.62853241
1860,4,2,1,249.1638641,893.348877,22.10939789,59.82464218,0.073590085,59.99998474,-0.347986996,-0.89102906,-0.035191,2.31025362,0.002382998,0.999190688,0.001407113,13.19874763,13.19119358,13.20591259,0.131053358,0.14733839,2.304791689,0,646.0458374,0.00074647,6.074830532
1861,4,2,1,266.9493103,896.9564819,15.14655209,60.04839325,0.210225791,59.99998474,-0.753913462,-1.195935488,-0.002436686,2.316442013,0.003377052,0.996815085,0.002573342,13.21106815,13.18690777,13.22963047,0.13189742,0.150093153,2.309202671,0,664.0106812,0.000770909,5.558401585
1862,4,2,1,284.5322266,897.0423584,24.96475983,59.84518433,0.158646017,59.99998474,-0.85448283,-1.548277974,-0.241239488,2.324111462,0.003860399,0.995563328,0.003153247,13.21595383,13.20233727,13.2332983,0.118491322,0.123040497,2.313615322,0,681.9519653,0.000747346,5.520672321
1863,4,2,1,302.3636169,900.3345947,16.91006279,59.80419159,0.14669472,59.99998474,-0.519119442,-1.171416163,0.636777341,2.325964451,0.003937642,0.997953773,0.002878063,13.21255493,13.20882416,13.22117615,0.139575213,0.153951705,2.318026304,0,699.9187622,0.000771662,5.956410408
1864,4,2,1,319.9538269,899.7768555,27.96988678,59.82604599,0.264711559,59.99998474,-1.122866154,-1.588811636,-0.182945535,2.327052832,0.002349852,0.999719799,0.000851098,13.21441555,13.20281506,13.22173595,0.134291992,0.152250737,2.313615322,0,717.8629761,0.00074813,5.478948593
1865,4,2,1,337.8170776,903.0185547,18.79807281,59.78711319,0.145389155,59.99998474,-0.934599102,-1.685517907,0.019284813,2.327587843,0.002285572,0.999965966,0.000171573,13.20300102,13.19262123,13.21433735,0.125079915,0.12699306,2.32023263,0,735.8272095,0.000772339,5.720854282
1866,4,2,1,355.4044495,901.9945679,31.04494286,59.94815826,0.219472066,59.99998474,-0.645132363,-1.015910506,-0.008326536,2.328910828,0.002154982,0.999934912,0.000180683,13.19161224,13.18078136,13.20133972,0.143655106,0.152483732,2.322438717,0,753.7682495,0.000749246,6.182538986
1867,4,2,1,373.2926331,905.3295898,20.72359657,59.96007538,0.166802004,59.99998474,-1.298860788,-1.7754004,-0.438513339,2.332373619,0.002253782,0.99928546,0.000988497,13.18601036,13.18048382,13.19403648,0.140795246,0.15145807,2.329054832,0,771.7347412,0.000773141,5.643520355
1868,4,2,1,390.5207825,910.6420898,149.8963928,59.73839569,0.132986411,59.99998474,-1.271800041,-1.625861287,-0.479810834,2.329684734,0.00239786,0.9997859,0.00053873,13.18772888,13.1806078,13.20217133,0.129137605,0.131365165,2.324645042,0,789.6765137,0.000742511,5.726725578
1869,4,2,1,408.3230286,911.3586426,46.73107529,59.84899521,0.154019624,59.99998474,-0.835341871,-1.531366706,0.576416552,2.331484079,0.002103902,0.999974012,0.000117551,13.19185829,13.1792078,13.20061779,0.14530991,0.158686146,2.329054832,0,807.7219849,0.000751992,6.061850071
1870,4,2,1,426.3146667,912.3052979,24.21244431,59.82671356,0.215138003,59.99998474,-1.263825655,-2.093000412,-0.033917267,2.334394455,0.002373109,0.999458134,0.00086063,13.20481777,13.1814785,13.21294498,0.149962217,0.158841237,2.329054832,0,825.6903076,0.000778153,5.563353539
1871,4,2,1,443.9312439,909.3959961,38.59291458,59.6481781,0.216798306,59.99998474,-1.39064157,-2.211666346,-0.522808731,2.33535862,0.002870744,0.999238431,0.001551799,13.20469856,13.19057083,13.21425056,0.135324672,0.142933652,2.331261158,0,843.6281128,0.000752925,5.567442894
1872,4,2,1,461.9061279,912.3892822,25.3657093,59.76181412,0.166319922,59.99998474,-0.993126035,-1.448013544,0.115390398,2.338173389,0.002235518,0.999664068,0.000739458,13.18703461,13.17630577,13.19352722,0.147219062,0.161195755,2.333466053,0,861.5941772,0.000776726,6.02823019
1873,4,2,1,479.4833374,909.7985229,41.87700653,59.86844635,0.187764302,59.99998474,-1.382706642,-1.985117316,-0.421730965,2.337435961,0.003483849,0.999518037,0.000942418,13.1751461,13.16243076,13.18204021,0.15773955,0.16436848,2.331259727,0,879.5354004,0.000752711,5.836195946
1874,4,2,1,497.4563293,913.3685913,27.50270081,59.72070694,0.262503445,59.99998474,-1.618371725,-2.108928204,-0.586978078,2.335743189,0.002623668,0.999874771,0.00034664,13.17853069,13.16341782,13.18849277,0.141288117,0.1524968,2.326848745,0,897.5018311,0.000777383,5.644657135
1875,4,2,1,515.0059204,910.7791748,45.15512848,59.84724426,0.224096522,59.99998474,-1.118727326,-1.567998886,-0.290885568,2.339212656,0.001916525,0.999862969,0.000334344,13.18345642,13.17560959,13.20035744,0.149782613,0.161307693,2.333467245,0,915.4455566,0.000753587,6.134886265
1876,4,2,1,532.9845581,914.7286987,29.57034683,60.19317627,0.280162215,59.99998474,-1.308881283,-2.153675795,0.184344813,2.34139204,0.003833774,0.999696732,0.000455334,13.18989754,13.18116283,13.20493126,0.165727586,0.182985365,2.331261158,0,933.409668,0.000777912,5.787128925
1877,4,2,1,550.5115356,912.0377197,48.41386414,59.77280426,0.254324824,59.99998474,-1.635035515,-2.623432875,-0.602074623,2.343396664,0.002661422,0.999932647,0.000175099,13.19308949,13.18209934,13.20741272,0.138764217,0.158588409,2.337877274,0,951.3510132,0.000754315,5.310125828
1878,4,2,1,568.5001221,916.3220825,31.63282394,59.7808876,0.211596847,59.99998474,-1.116921544,-2.038444996,-0.294384122,2.342532396,0.002354334,0.999991834,3.76391E-05,13.16783428,13.14434242,13.19645023,0.160403728,0.185397044,2.337878466,0,969.3173218,0.000778581,6.243601322
1879,4,2,1,586.0082397,913.4613037,51.62722015,60.16575623,0.367909998,59.99998474,-1.957091689,-3.027222395,-0.787205338,2.338722467,0.002921689,0.999999046,6.54807E-06,13.16438961,13.12716961,13.18081284,0.169198275,0.191170663,2.331259727,0,987.258728,0.000755065,5.883867264
1880,4,2,1,603.0289307,908.1859131,154.9610596,59.81454849,0.224727795,59.99998474,-1.534341455,-2.411414146,-0.341779053,2.341821671,0.00355424,0.999729991,0.000650244,13.1882534,13.18062115,13.20482063,0.143714413,0.145077094,2.331261158,0,1005.303589,0.000806903,5.444004536
1881,4,2,1,620.3557739,936.5130005,266.8027649,60.00478363,0.376318961,59.99998474,-1.136106133,-2.35672307,-0.203949586,2.334942818,0.003333317,0.999967217,0.000144676,13.17398357,13.16156197,13.19920063,0.177853808,0.198022187,2.329054832,0,1023.2724,0.00075077,6.372389793
1882,4,2,1,638.8112183,935.4115601,52.01182938,59.96653366,0.339107305,59.99998474,-2.103073835,-2.932325602,-0.663268149,2.340706587,0.004165221,0.999996006,2.55686E-05,13.17950535,13.14755535,13.19431114,0.162291124,0.198201984,2.331261158,0,1041.311035,0.000779848,5.4995718
1883,4,2,1,656.4698486,926.0609131,58.06039429,59.84963226,0.285186917,59.99998474,-1.564654708,-2.260493755,-0.273872763,2.340250254,0.003419367,0.999808729,0.000471375,13.16009235,13.14338589,13.19096184,0.159910575,0.167041108,2.33567214,0,1059.251831,0.000756533,5.881668091
1884,4,2,1,674.6342773,928.4028931,36.73342514,59.91107178,0.332347572,59.99998474,-1.667130351,-2.409490347,-0.962523043,2.334689856,0.003027549,0.999976754,0.000103793,13.16421795,13.14932728,13.17912769,0.177682027,0.188481659,2.326848745,0,1077.218628,0.000779853,6.220558167
1885,4,2,1,692.1932373,923.1043701,60.42425919,60.00750351,0.404782444,59.99998474,-1.755861521,-2.742114544,-0.851853728,2.339051485,0.002573996,0.999997199,1.82279E-05,13.18358326,13.17178822,13.19619656,0.174221456,0.188571975,2.33567214,0,1095.162354,0.000756739,5.511601925
1886,4,2,1,710.3110352,927.1071167,39.12172318,59.70220184,0.317636728,59.99998474,-1.987506986,-2.79160738,-0.949401438,2.342128992,0.003054201,0.999999702,2.88998E-06,13.17378139,13.15838337,13.18834591,0.165255696,0.175699979,2.333467245,0,1113.126465,0.00078026,5.810452461
1887,4,2,1,727.8085938,922.40271,63.95601654,60.05978775,0.38707003,59.99998474,-1.554587483,-2.388531208,-0.835761309,2.336812258,0.003575584,0.999999762,5.61E-07,13.14237213,13.11799622,13.15838146,0.186166659,0.197130606,2.331259727,0,1131.067749,0.000757372,6.25717783
1888,4,2,1,745.9075928,927.260376,41.40158081,60.07090378,0.40605244,59.99998474,-2.11136508,-3.016397715,-0.899938345,2.337519646,0.003950987,0.999999762,2.78E-07,13.17133045,13.14621925,13.18852329,0.174732909,0.202679351,2.329054832,0,1149.034424,0.000780597,5.609626293
1889,4,2,1,763.3652954,922.7946777,67.3635025,59.75909424,0.434935331,59.99998474,-1.874911785,-2.640163898,-0.422406882,2.336055994,0.003002535,0.999999762,2.43E-07,13.17186832,13.14885998,13.19720364,0.181139976,0.194213107,2.331259727,0,1166.975342,0.000758007,5.939099789
1890,4,2,1,780.1884766,925.3635864,254.66716,60.07496643,0.387717873,59.99998474,-1.703969836,-3.153729677,-0.986682415,2.338472605,0.003203523,0.999999762,2.39E-07,13.15864277,13.1365757,13.17623806,0.18401964,0.193340719,2.331261158,0,1184.942261,0.000750887,5.916909695
1891,4,2,1,798.7073975,939.9960327,59.83673096,60.02140427,0.477900892,59.99998474,-2.212743998,-3.264345407,-1.032539845,2.335409403,0.002403075,0.999999762,2.38E-07,13.15005684,13.11900425,13.16405487,0.186628312,0.20212993,2.329054832,0,1202.98938,0.000785908,6.009393215
1892,4,2,1,816.2609253,931.3581543,72.80257416,59.67887115,0.381020397,59.99998474,-2.088475466,-3.164512396,-0.481421947,2.337352514,0.003077884,0.999999762,2.38E-07,13.17141247,13.16152096,13.1847105,0.189310089,0.202278182,2.331261158,0,1220.926025,0.000760975,5.974490166
1893,4,2,1,834.4677124,935.3561401,45.99913406,59.90762329,0.61234957,59.99998474,-2.026095629,-3.073796749,-1.097630858,2.336378336,0.004344992,0.999999762,2.38E-07,13.16229439,13.13747597,13.18306732,0.195230663,0.208912969,2.324645042,0,1238.891968,0.000784241,5.867454052
1894,4,2,1,851.9376221,929.3479614,74.93988037,59.95611191,0.443449199,59.99998474,-2.079429626,-3.249136925,-1.247635961,2.340103388,0.003279167,0.999999762,2.38E-07,13.14476395,13.11514568,13.16619778,0.190869465,0.201322228,2.335673571,0,1256.833008,0.000761207,5.824635506
1895,4,2,1,870.1088257,934.6387329,48.24966812,60.06658554,0.472989678,59.99998474,-2.042647123,-3.401839018,-0.963276505,2.338763475,0.002686253,0.999999762,2.38E-07,13.15638351,13.14201927,13.17247486,0.19447358,0.203436434,2.331261158,0,1274.799561,0.000784893,6.03932476
1896,4,2,1,887.5275879,929.1448364,78.41442108,60.18843842,0.560072899,59.99998474,-2.311583281,-3.617764473,-0.506931305,2.338287354,0.003539109,0.999999762,2.38E-07,13.15370274,13.13097382,13.18038654,0.201512635,0.218868777,2.331261158,0,1292.743408,0.000761668,6.005692482
1897,4,2,1,905.6873169,935.151062,50.46754456,59.91941833,0.568317354,59.99998474,-2.426027775,-3.595151424,-0.660779655,2.336512327,0.005164918,0.999999762,2.38E-07,13.14015675,13.1149435,13.18092346,0.197161153,0.207880765,2.329054832,0,1310.707642,0.000785265,6.006986618
1898,4,2,1,923.0706787,929.7478027,81.74667358,60.01397324,0.5807693,59.99998474,-2.333385944,-3.559854269,-1.172806382,2.33603406,0.002702507,0.999999762,2.38E-07,13.1471653,13.12853241,13.16589832,0.204318047,0.216242164,2.329054832,0,1328.648315,0.00076244,6.30260849
1899,4,2,1,1069.953491,8821.124023,5530.606445,59.79240417,1.432504535,59.99998474,-1.216439605,-11.08867359,4.301497936,2.333914518,0.006018299,0.999999762,2.38E-07,13.07817364,12.97803688,13.17158318,0.282736212,0.417013347,2.313613892,0,1346.614258,0.004346897,10.11989307
1900,4,2,1,1400.59436,9183.619141,10926.87988,10.18655872,19.54918671,11.98370361,0.199705392,-11.86508942,5.018946171,2.37507844,0.013618057,0.959499359,0.013717024,13.19499302,12.84463406,13.28026962,0.338064015,0.464945257,2.32023263,0,1364.554932,0.00664444,2.39021349
1901,4,2,1,1520.382202,5853.743652,2977.135986,1.575679541,4.675372601,1.456938386,0.019263221,-2.333651066,3.346220493,2.376941681,0.005102172,0.972053409,0.008432538,13.26268578,13.25886726,13.28223038,0.321223974,0.344914764,2.368757725,0,1382.521362,0.002971847,0.369715631
1902,4,2,1,1571.773926,2685.011963,1660.474365,0.043635473,1.234705687,0.177129656,0.085334621,-1.739039063,1.740500927,2.378248453,0.003223227,0.98065573,0.005823858,13.29597664,13.28228664,13.30831623,0.300648928,0.311377823,2.373168945,0,1400.465088,-0.003279462,4.44231E-06
1903,4,2,1,1575.463013,158.2947388,1222.911743,-0.084633358,0.686233521,0.021534832,0.045328759,-1.658414602,1.700769901,2.382922649,0.003602759,0.984639227,0.005733607,13.30657101,13.29459095,13.31555748,0.276391417,0.292294502,2.375375271,0,1418.428833,-0.010011995,-0.028073039
1904,4,2,1,1555.687256,-982.1101685,741.8747559,-0.061900064,0.397753119,0.002618133,-0.126568004,-1.529415369,1.74286902,2.385703087,0.003341341,0.990850031,0.005392921,13.31655502,13.30882931,13.32762337,0.260344237,0.267870188,2.379786253,0,1436.369995,-0.015614044,-0.021094225
1905,4,2,1,1508.938354,-2434.159668,801.3913574,-0.090633914,0.474076152,0.000318304,0.202392921,-1.21843648,1.224577904,2.388607025,0.002926978,0.994040608,0.004631046,13.32045937,13.31057835,13.3309269,0.238939866,0.252495199,2.381992579,0,1454.336548,-0.019251289,-0.026404334
1906,4,2,1,1459.73938,-2359.562012,563.7923584,1.283477902,1.198515177,1.303589106,0.045486089,-1.047194958,1.37905097,2.38970542,0.003022928,0.99656862,0.003595578,13.32514954,13.31239891,13.33657551,0.23135975,0.239787847,2.381992579,0,1472.277832,-0.020076094,0.25068748
1907,4,2,1,1447.284302,-178.5084076,1339.567627,11.17454529,3.702348471,11.16031075,0.09779866,-1.264930725,2.041080236,2.379053354,0.004420388,0.999582827,0.001271493,13.26552677,13.23796749,13.31295967,0.286597192,0.314564407,2.37096262,0,1490.243774,-0.018658275,2.802015305
1908,4,2,1,1523.794678,3521.139893,1417.841064,3.430002689,4.129635334,3.259927273,-0.143092588,-2.196933746,2.643637896,2.384558678,0.005970384,0.999180973,0.001091067,13.29412079,13.25490665,13.31245899,0.304465324,0.335551113,2.37096262,0,1508.187866,-0.017890548,0.897201538
1909,4,2,1,1546.181152,924.1937866,1266.171021,0.399923176,1.425177336,0.396331012,0.04323842,-1.945159316,1.883311629,2.388402939,0.003989696,0.999170363,0.00113108,13.31606674,13.30519295,13.33334541,0.279667675,0.300806761,2.379786253,0,1526.156616,-0.018829923,0.09776447
1910,4,2,1,1543.558838,-56.84535599,673.2093506,0.071875758,0.523520172,0.089423805,-0.259340465,-1.597314715,1.753862858,2.390599489,0.003286498,0.999256253,0.001248476,13.32700634,13.31451416,13.33704567,0.262658834,0.271919191,2.384197474,0,1544.094238,-0.019226482,0.010512649
1911,4,2,1,1523.674805,-418.8340454,985.7045288,8.640532494,3.912229061,8.742384911,0.103338011,-1.435578704,2.212820292,2.382708311,0.004200374,0.999846756,0.000484294,13.28882313,13.26092434,13.33755207,0.29363513,0.321295559,2.373168945,0,1562.136597,-0.018261222,2.216136456
1912,4,2,1,1589.312012,2736.006836,1368.893799,2.977240324,3.593163013,2.678445578,-0.101918437,-2.020951748,2.766762257,2.38987565,0.004742706,0.999582529,0.000573942,13.30273247,13.2569418,13.31915569,0.305203229,0.341219544,2.375375271,0,1580.1073,-0.017579619,0.786972404
1913,4,2,1,1595.135864,462.8041382,1130.613892,0.433566391,1.123626947,0.596713185,0.098285541,-1.654990792,2.065322399,2.38992238,0.002597462,0.999949276,0.000171282,13.32152462,13.30883312,13.33240795,0.284735888,0.3002415,2.384197474,0,1598.044312,-0.017772837,0.105457984
1914,4,2,1,1596.039429,0.936152041,674.7456055,3.494636297,1.764249206,3.470553637,-0.254787743,-1.577463627,1.857648253,2.389223337,0.003987208,0.999786854,0.000362247,13.31546879,13.29417324,13.33555126,0.290247142,0.305946618,2.381992579,0,1616.087402,-0.017343907,0.8700068
1915,4,2,1,1615.952759,1628.919312,1330.267944,7.065089703,1.867105842,6.858110428,0.252491742,-2.255325794,2.699083805,2.380811691,0.004948033,0.999960244,0.000128164,13.29096031,13.26543331,13.30047989,0.319837451,0.346455812,2.364346743,0,1634.05481,-0.016195852,1.918686271
1916,4,2,1,1652.300293,968.1854858,1418.077881,1.029318571,2.082576513,0.918144822,-0.017356627,-2.096474171,2.344048738,2.392385244,0.004353847,0.999561191,0.000686041,13.31259441,13.30587292,13.3215723,0.300885648,0.333390474,2.384197474,0,1652.10022,-0.016155766,0.271781921
1917,4,2,1,1657.48938,636.968811,824.2265015,3.157836199,1.450030208,3.032207727,-0.130782872,-1.83126235,1.829794765,2.390807629,0.003485297,0.999869883,0.000386925,13.31649971,13.3048048,13.3342123,0.303156942,0.315265387,2.384197474,0,1670.036987,-0.015769318,0.815108299
1918,4,2,1,1661.488403,106.3105087,664.0346069,5.313727379,1.536519885,5.559014797,0.366223902,-1.930826306,2.498155832,2.388489962,0.003607226,0.999984205,7.86697E-05,13.30079937,13.28603935,13.31960106,0.315789849,0.335008562,2.379786253,0,1688.003296,-0.01504212,1.418140054
1919,4,2,1,1706.727051,2099.235352,1163.724854,2.742808819,2.403162479,2.460558653,-0.263875723,-2.113038063,2.789846659,2.390618563,0.004761717,0.999998093,1.34161E-05,13.30905151,13.28538704,13.32154846,0.321197748,0.349040598,2.377580166,0,1705.944214,-0.014375461,0.755291462
1920,4,2,1,1705.517944,96.13510895,1097.257202,3.180055857,1.898269534,3.402911663,0.187664062,-1.879549861,2.492896795,2.388977289,0.005531117,0.999928653,0.000138176,13.31388378,13.30302429,13.32577038,0.315999866,0.335874736,2.377580166,0,1723.910767,-0.014088934,0.85651195
1921,4,2,1,1727.877808,642.5407715,998.02771,2.904529333,1.029484272,2.807112217,0.044998717,-2.075290442,2.356839418,2.390035391,0.003856638,0.999991357,3.41083E-05,13.31157017,13.30017281,13.32000637,0.317638546,0.333654732,2.379786253,0,1741.854248,-0.013533107,0.779772222
1922,4,2,1,1746.569336,1516.340942,1159.097412,5.266150475,1.692072749,5.241538048,-0.218112379,-2.287293434,2.376235485,2.386354446,0.002725449,0.999998987,6.19923E-06,13.3006897,13.28161812,13.30843544,0.337177902,0.357468694,2.373168945,0,1759.81604,-0.012661981,1.505228758
1923,4,2,1,1763.76001,321.2182617,1178.118652,2.067941904,1.695958138,2.213306665,0.346945405,-2.273879766,2.189497232,2.391668558,0.003371094,0.999999762,1.02682E-06,13.31603909,13.30349827,13.32221127,0.32109347,0.332298696,2.381992579,0,1777.756714,-0.012389786,0.559999108
1924,4,2,1,1786.476318,1230.500244,995.899231,3.270907164,1.454351783,3.081749439,-0.192178637,-2.17101264,3.226480484,2.390372276,0.004170664,0.999999762,3.34E-07,13.31242943,13.29881954,13.32181263,0.330852449,0.350267321,2.379786253,0,1795.723389,-0.011759511,0.921500325
1925,4,2,1,1793.123901,697.5259399,1078.558716,5.591808796,1.698432803,5.609045982,-0.055134237,-2.17593646,2.997436523,2.386934757,0.00479026,0.999999762,2.50E-07,13.3020916,13.28713799,13.3187685,0.342330158,0.363966167,2.379786253,0,1813.664185,-0.011060211,1.630613804
1926,4,2,1,1820.896973,670.0074463,1264.861206,1.67293644,1.711161137,1.807091594,0.088277608,-2.283947468,2.23152113,2.392468452,0.00367708,0.999999762,2.40E-07,13.3127861,13.30051613,13.3223772,0.331520349,0.357398033,2.381992579,0,1831.630615,-0.010651683,0.476297677
1927,4,2,1,1839.209106,1332.611206,984.3710938,4.073775768,1.6100384,3.988581657,0.034106027,-2.315512419,2.531929731,2.387735605,0.00314368,0.999999762,2.39E-07,13.30635929,13.2971983,13.31482983,0.343984514,0.364153564,2.379786253,0,1849.571289,-0.009976107,1.190277576
1928,4,2,1,1845.386108,187.2220917,979.8198853,4.593740463,1.921116114,4.60838604,0.340903133,-2.234817743,3.193882942,2.387591124,0.003552723,0.999999762,2.38E-07,13.30257511,13.28987122,13.31968307,0.344701618,0.358384013,2.379786253,0,1867.540405,-0.009443603,1.337428212
1929,4,2,1,1878.759766,1201.218628,995.0692139,2.423664093,1.735663891,2.11792016,-0.099330805,-2.218874454,2.278086185,2.391028166,0.004837316,0.999999762,2.38E-07,13.30986977,13.29667282,13.31925583,0.343138814,0.371320039,2.373168945,0,1885.477173,-0.008912098,0.71223253
1930,4,2,1,1891.559937,1269.829468,1089.761108,4.640595436,1.331944942,4.519016266,-0.277180344,-2.20188427,3.247146606,2.389004469,0.004093826,0.999999762,2.38E-07,13.30609417,13.28956127,13.31299114,0.355484515,0.372758687,2.379786253,0,1903.443237,-0.008257691,1.401117086
1931,4,2,1,1902.497192,355.5388489,897.604248,4.041502476,1.661371231,4.148019314,-0.079829298,-2.128054142,2.354920387,2.390197754,0.00417261,0.999999762,2.38E-07,13.30524635,13.28979206,13.31776142,0.353978813,0.367328763,2.381992579,0,1921.383789,-0.007773536,1.219460726
1932,4,2,1,1933.585815,1363.679443,904.7923584,2.649719715,1.771589994,2.428240538,-0.370677143,-2.614021778,2.655320644,2.391817331,0.004683618,0.999999762,2.38E-07,13.3083868,13.28757858,13.31723022,0.354736328,0.381013066,2.375375271,0,1939.35022,-0.007211576,0.801720858
1933,4,2,1,1944.349731,1182.289429,1121.365356,4.760445595,1.420455813,4.729854107,-0.319929063,-2.435857058,2.918451309,2.385912657,0.004633432,0.999999762,2.38E-07,13.30476379,13.28868675,13.31597996,0.365696132,0.385573387,2.377580166,0,1957.29126,-0.006566621,1.48009932
1934,4,2,1,1957.482178,429.8331909,894.7880859,4.0191679,1.610802293,4.08758688,-0.024646305,-2.250000715,2.305051327,2.390742302,0.004906144,0.999999762,2.38E-07,13.30499458,13.29000854,13.31420231,0.363619864,0.374619931,2.381992579,0,1975.261719,-0.006088933,1.244975448
1935,4,2,1,1986.55896,1221.06665,901.3910522,2.57587266,1.637047648,2.422284365,-0.164453194,-2.370889664,3.578891277,2.391625643,0.003725223,0.999999762,2.38E-07,13.30593681,13.29122734,13.31524849,0.363494188,0.389190137,2.379786253,0,1993.19873,-0.005556862,0.797319949
1936,4,2,1,2000.099976,1324.438477,1134.068115,4.797472954,1.319685936,4.589587688,-0.083006151,-2.638946295,3.075979948,2.385581732,0.005101766,0.999999762,2.38E-07,13.30000782,13.28856277,13.31454372,0.374020904,0.393346488,2.375375271,0,2011.164795,-0.004910351,1.523958564
1937,4,2,1,2008.596802,192.906601,927.4018555,4.254889488,1.637019753,4.342009068,0.521465063,-2.168368816,3.097392082,2.388253212,0.003108751,0.999999762,2.38E-07,13.30234241,13.28914738,13.31352234,0.373002768,0.384037256,2.381992579,0,2029.105713,-0.004427545,1.329683423
1938,4,2,1,2036.643066,843.4244385,1010.963989,2.586369514,1.423083305,2.661319971,0.094642289,-2.864683151,2.446884871,2.390021324,0.004636548,0.999999762,2.38E-07,13.3040514,13.29072571,13.31444359,0.373121977,0.398807347,2.379786253,0,2047.07251,-0.003921944,0.817599773
1939,4,2,1,2056.847656,1451.056641,897.1977539,3.986532927,1.526890874,3.989229441,-0.271724403,-2.55637908,3.54864502,2.38717556,0.004321853,0.999999762,2.38E-07,13.30152702,13.28656197,13.31398773,0.383402914,0.401248723,2.379787683,0,2065.016357,-0.003283303,1.296281338
1940,4,2,1,2066.094727,688.6795044,991.2630005,4.965229988,1.750011921,4.920096874,-0.084345669,-2.736530304,3.321603775,2.385736227,0.003397515,0.999999762,2.38E-07,13.30021381,13.28815079,13.31381893,0.385841757,0.407421917,2.379786253,0,2082.985352,-0.002750275,1.631616354
1941,4,2,1,2086.234131,454.0142517,988.2955933,3.190843582,1.483379126,3.347182274,0.291793197,-2.409580708,2.529757023,2.387762308,0.004081015,0.999999762,2.38E-07,13.3012476,13.28871059,13.31057835,0.382424027,0.402370691,2.373168945,0,2101.024902,-0.002307054,1.025602579
1942,4,2,1,2112.334961,1378.046387,890.9036865,3.295266628,1.526540875,3.265254736,-0.30755946,-2.587934017,3.630165339,2.387782812,0.003624765,0.999999762,2.38E-07,13.30165577,13.28688335,13.31130505,0.389900476,0.407902986,2.37096262,0,2119.067139,-0.001713334,1.090500832
1943,4,2,1,2126.537598,1294.053955,1060.235718,4.727175236,1.220311165,4.565229893,-0.278682768,-2.792980671,3.264757156,2.385783672,0.003983948,0.999956846,0.000116498,13.29824638,13.28661442,13.30562115,0.396487623,0.414824188,2.373168945,0,2137.010986,-0.001122473,1.590831161
1944,4,2,1,2135.615234,277.1455994,907.1847534,4.291658878,1.423407435,4.489453793,0.463221699,-2.351588488,3.688414574,2.385803699,0.004255395,0.999994755,2.46545E-05,13.29706287,13.28885555,13.31259251,0.396110088,0.416549981,2.377581358,0,2154.975342,-0.000650051,1.423802853
1945,4,2,1,2159.453613,588.1329346,1042.569336,3.094791651,1.294317245,3.226006508,-0.132898062,-2.574074745,2.732942581,2.392362356,0.004183207,0.999999344,4.27008E-06,13.2987709,13.28957844,13.31252766,0.396609992,0.414087087,2.381992579,0,2172.916016,-0.000157537,1.040025592
1946,4,2,1,2184.384033,1392.255737,991.9950562,3.452545881,1.73703301,3.337910891,0.029060276,-3.019894361,3.746210814,2.385347843,0.005210222,0.999999762,7.49E-07,13.29762459,13.27426529,13.30945683,0.402285635,0.422052532,2.373168945,0,2190.882813,0.00043124,1.177967429
1947,4,2,1,2196.904053,1129.148315,1059.869141,4.750802994,1.359962583,4.737102985,-0.31818223,-3.004260778,3.234564066,2.384820223,0.003859631,0.999999762,3.00E-07,13.29481983,13.2817831,13.30475903,0.409350008,0.427666187,2.379786253,0,2208.926025,0.000993395,1.651099443
1948,4,2,1,2208.17334,317.3970337,931.9777832,4.348261833,1.475991488,4.524319649,0.463619173,-2.598165751,4.009654522,2.385953188,0.004363267,0.999999762,2.46E-07,13.2933588,13.28067017,13.30987167,0.408940136,0.429606885,2.375375271,0,2226.866943,0.001463129,1.49227798
1949,4,2,1,2232.22998,674.355896,968.9129639,3.446810961,1.403554797,3.381248951,-0.001932983,-2.958669662,2.760461807,2.389064789,0.004141545,0.999896526,0.000175914,13.29415321,13.28547478,13.30589199,0.409033269,0.424939692,2.379786253,0,2244.837646,0.001947726,1.194446921
1950,4,2,1,2256.468262,1343.163086,875.4532471,3.349034548,1.519759059,3.313924789,-0.291247129,-3.059335947,3.950167179,2.385531187,0.003707653,0.999987423,4.65241E-05,13.2960043,13.28575516,13.30405426,0.414662212,0.432579607,2.375375271,0,2262.775391,0.002492518,1.176607728
1951,4,2,1,2271.02124,1273.008545,968.0132446,4.554132462,1.343430877,4.443561554,0.040780824,-2.997047663,4.053821564,2.384082556,0.004523751,0.99999845,8.73889E-06,13.29259872,13.28577709,13.30733013,0.420295864,0.438397527,2.375375271,0,2280.741455,0.003055921,1.618735909
1952,4,2,1,2282.425049,650.3353271,971.9716187,4.956548691,1.621980071,4.9251194,-0.060935635,-3.053415537,3.39278245,2.384654999,0.005162776,0.999999762,1.42875E-06,13.29170036,13.28343296,13.3087101,0.423185855,0.443704158,2.375375271,0,2298.682861,0.003556135,1.7822088
1953,4,2,1,2301.147705,456.5062256,897.4935303,3.731770277,1.339435697,3.916634798,0.02269813,-2.679595232,2.857619286,2.387120008,0.004410053,0.999999762,3.83E-07,13.29172993,13.27783871,13.30461407,0.423186928,0.436872959,2.37096405,0,2316.648926,0.004016173,1.337543011
1954,4,2,1,2324.344238,847.1233521,977.3527222,3.123128414,1.261266708,3.183225155,0.086855538,-3.133473396,4.013669491,2.387328386,0.004198211,0.999999762,2.56E-07,13.29148579,13.27731419,13.29879475,0.424869329,0.447328359,2.37537384,0,2334.589844,0.004512792,1.121011496
1955,4,2,1,2345.071533,1297.078369,946.414917,3.836632729,1.523173332,3.708045721,0.034389272,-3.28815937,4.172657967,2.385891676,0.004668355,0.999999762,2.41E-07,13.29090118,13.26942062,13.299613,0.430659473,0.450190932,2.373168945,0,2352.560303,0.005071649,1.397199631
1956,4,2,1,2360.789063,1258.760254,1080.97876,4.797832966,1.20666492,4.599134922,-0.104985975,-3.855551481,4.352856159,2.38382268,0.004301445,0.999999762,2.39E-07,13.28850651,13.27096558,13.29706287,0.436140627,0.455141813,2.373168945,0,2370.497314,0.005608802,1.772755027
1957,4,2,1,2372.903564,671.9274292,947.7120972,4.972785473,1.586265087,4.88180542,-0.039792571,-3.197085857,3.250513077,2.383259535,0.003683911,0.999999762,2.38E-07,13.28601551,13.26855278,13.29968166,0.43863222,0.457540721,2.37537384,0,2388.464111,0.006096528,1.854811788
1958,4,2,1,2391.764893,549.1766357,844.4249268,4.120902538,1.478706241,4.268203735,-0.018696576,-3.209442854,3.434830427,2.387859583,0.005352844,0.999999762,2.38E-07,13.28700638,13.27335072,13.2971096,0.439818084,0.448781073,2.379786253,0,2406.405029,0.006553671,1.536782742
1959,4,2,1,2412.828125,701.9529419,982.156189,3.467230797,1.208759308,3.656110287,-0.16232945,-3.22840476,3.78207016,2.386938334,0.00381981,0.999999762,2.38E-07,13.28648758,13.27018547,13.2974062,0.442009807,0.463410169,2.375375271,0,2424.448242,0.007033476,1.298377395
1960,4,2,1,2435.309814,1182.119263,918.7624512,3.560534,1.225765824,3.477730513,-0.341395348,-3.377743959,4.515470028,2.384479523,0.003857947,0.999999762,2.38E-07,13.28770065,13.27344036,13.29953289,0.445725739,0.466044843,2.37096262,0,2442.493652,0.007544298,1.34394455
1961,4,2,1,2454.197754,1437.253052,951.9246826,4.175776958,1.232290864,4.057768345,-0.338191092,-3.282371521,4.277075768,2.384348154,0.004660458,0.999999762,2.38E-07,13.28671455,13.27471924,13.29856205,0.451324046,0.469639957,2.375375271,0,2460.458008,0.008069079,1.594163895
1962,4,2,1,2468.537109,1199.073608,1066.868652,4.959830284,1.189372063,4.742282867,-0.284112185,-3.194162369,4.136020184,2.383816481,0.004832095,0.999999762,2.38E-07,13.28455639,13.26839447,13.2983551,0.455309272,0.473527491,2.373168945,0,2478.398926,0.008576364,1.921039343
1963,4,2,1,2481.35376,689.0835571,929.5333252,5.051817417,1.520000339,4.949198246,0.21211867,-3.205800295,3.440005541,2.383555412,0.004941348,0.999999762,2.38E-07,13.28258801,13.26628113,13.29243946,0.45746997,0.474121839,2.375375271,0,2496.36499,0.009052215,1.953971624
1964,4,2,1,2496.959473,294.5809937,1016.23114,4.438010216,1.369986534,4.377093792,0.483965188,-2.921549082,4.39474678,2.382665396,0.004193529,0.999999762,2.38E-07,13.28165817,13.26981926,13.29622746,0.457548916,0.471603096,2.373168945,0,2514.305664,0.009504701,1.701699138
1965,4,2,1,2517.760742,504.3109436,925.6604614,3.952842712,1.13871479,4.021813869,0.378597409,-3.33449173,3.659834623,2.384052277,0.004846175,0.999999762,2.38E-07,13.27986622,13.26501083,13.29055977,0.460364968,0.480797321,2.373168945,0,2532.276367,0.009987689,1.527536869
1966,4,2,1,2539.682617,765.0308838,1068.937378,3.289272785,1.343135476,3.381128788,-0.003316233,-3.730887651,4.426559925,2.383327007,0.003954089,0.999999762,2.38E-07,13.28114319,13.26374626,13.29206467,0.463101894,0.485371798,2.36655283,0,2550.213867,0.010464829,1.28887558
1967,4,2,1,2561.433105,1224.177002,849.0163574,3.732945442,1.303285003,3.633112431,-0.40716207,-3.871240139,4.514650822,2.382913113,0.004017564,0.999999762,2.38E-07,13.28109837,13.26608467,13.28807354,0.467525154,0.487474233,2.37096262,0,2568.180176,0.010961096,1.479281068
1968,4,2,1,2578.07373,1200.239502,1024.46228,4.276423931,1.278546453,4.052464485,-0.061419111,-3.303709269,4.017308712,2.384047985,0.004003854,0.999999762,2.38E-07,13.27938747,13.26088428,13.28937912,0.472130835,0.492937893,2.373168945,0,2586.121826,0.011469712,1.710138798
1969,4,2,1,2595.30249,1194.225098,865.2459106,4.422495842,1.208598971,4.512804508,-0.066280045,-3.641419649,3.934768677,2.381215811,0.003595667,0.999999762,2.38E-07,13.27815056,13.26539707,13.28955078,0.477547914,0.490907401,2.368757725,0,2604.164795,0.011963633,1.784809828
1970,4,2,1,2611.3479,1040.763062,978.6925049,4.727456093,1.17669332,4.804626465,-0.325762302,-3.514080048,4.391820431,2.380053997,0.00436709,0.999999762,2.38E-07,13.27854824,13.26589298,13.2886467,0.481024027,0.498066664,2.373168945,0,2622.209961,0.012438895,1.927452564
1971,4,2,1,2626.702393,791.7800903,944.1661987,5.000346661,1.266678214,4.966178417,0.283574134,-3.891892195,4.480731487,2.381305695,0.004338794,0.999999762,2.38E-07,13.27666664,13.26180649,13.28907871,0.483179957,0.500098705,2.368757725,0,2640.174561,0.012909066,2.035344601
1972,4,2,1,2643.250977,570.4915771,945.3919678,4.587513447,1.22328949,4.777862549,0.107437782,-3.430905581,4.098961353,2.381570578,0.005132468,0.999999762,2.38E-07,13.27554989,13.26207638,13.28710747,0.486058742,0.501420081,2.373168945,0,2658.115234,0.013359953,1.8823874
1973,4,2,1,2660.762451,422.2219238,933.7233887,4.466001034,1.267167211,4.366797924,0.281795979,-3.149667263,3.83944726,2.38303566,0.004164339,0.999999762,2.38E-07,13.27321434,13.25829029,13.28570175,0.485624999,0.499010444,2.377580166,0,2676.080566,0.013804686,1.827474475
1974,4,2,1,2679.956055,499.776886,900.2026978,4.052633762,1.080669284,4.181997776,0.012671979,-3.518770695,3.365343094,2.383439779,0.004103085,0.999999762,2.38E-07,13.27382851,13.26068878,13.28632355,0.489190787,0.507059574,2.36655283,0,2694.02124,0.014266334,1.678094268
1975,4,2,1,2700.393555,686.2421265,922.6184082,4.011974335,1.233443737,3.921032906,0.283282965,-3.906125069,4.672624111,2.382598162,0.003653428,0.999999762,2.38E-07,13.2723608,13.25796223,13.28301239,0.491600811,0.508317113,2.368757725,0,2711.988037,0.014730795,1.661686063
1976,4,2,1,2719.20752,711.276123,1004.131897,3.667323828,1.118634224,3.650828362,-0.113265134,-3.696708918,4.29920435,2.383008242,0.00410954,0.999999762,2.38E-07,13.27180862,13.25706863,13.2871151,0.494667053,0.51307261,2.368759155,0,2730.034912,0.015185044,1.535416365
1977,4,2,1,2739.679443,1003.74646,932.3907471,3.833319426,1.21406424,3.768432617,0.147403613,-3.919138432,4.746610165,2.38139987,0.0038824,0.999999762,2.38E-07,13.26876068,13.25603676,13.28505135,0.498264968,0.517675579,2.368759155,0,2747.972168,0.015654888,1.611165762
1978,4,2,1,2759.379395,1196.595825,904.9837646,4.029457569,1.229237199,3.79902935,-0.250361651,-3.551702261,4.077420235,2.3804245,0.00343666,0.999999762,2.38E-07,13.26792526,13.25710964,13.28139496,0.502012253,0.520567119,2.368759155,0,2765.938232,0.016125051,1.713699222
1979,4,2,1,2777.813232,1273.105103,839.465332,4.089411259,1.290816545,3.980787516,-0.321544051,-3.810480595,4.597641945,2.379585028,0.005465888,0.999999762,2.38E-07,13.27043629,13.25714779,13.28326225,0.506055593,0.52388525,2.368757725,0,2783.879639,0.01658427,1.751461387
1980,4,2,1,2794.682617,1217.199585,860.9400635,4.250434399,1.279628515,4.195234776,-0.003040139,-3.648196936,5.109446526,2.381412029,0.004178784,0.999999762,2.38E-07,13.26949978,13.2561121,13.28023052,0.510046899,0.530748665,2.368757725,0,2801.845947,0.017050685,1.830818892
1981,4,2,1,2812.4104,1191.7854,1009.849304,4.388032436,1.099366188,4.235183716,-0.093125805,-3.71358633,4.748548508,2.381823778,0.003966983,0.999999762,2.38E-07,13.26903534,13.257267,13.28070641,0.513014615,0.531649411,2.37096262,0,2819.786621,0.017503204,1.903066635
1982,4,2,1,2831.109863,1314.658325,942.4213257,4.572412491,1.146374822,4.479614735,-0.470283151,-3.251733303,4.339842319,2.379062176,0.004415221,0.999999762,2.38E-07,13.26731682,13.25136375,13.27983856,0.517176747,0.532100201,2.36655283,0,2837.753174,0.017960535,2.004699945
1983,4,2,1,2849.195557,1332.178101,904.7669067,4.508220673,1.23721242,4.508974552,-0.399847716,-4.059295177,4.345954895,2.379667044,0.004264191,0.999999762,2.38E-07,13.26664066,13.24376011,13.28063583,0.521429658,0.53610146,2.364346743,0,2855.69458,0.018422727,1.990088701
1984,4,2,1,2865.849609,1174.510254,915.394104,4.569181442,1.265701175,4.558238983,-0.242987379,-3.475853205,4.52320528,2.376591682,0.004956544,0.999999762,2.38E-07,13.26521683,13.25162411,13.27669525,0.523782611,0.540832579,2.36655283,0,2873.740234,0.01885519,2.029214144
1985,4,2,1,2883.211914,1160.489624,883.6868896,4.700903893,1.23481071,4.72549057,-0.029248565,-4.335307598,4.889560223,2.376601219,0.004377119,0.999999762,2.38E-07,13.26297092,13.24283314,13.27430153,0.527375758,0.544084609,2.364346743,0,2891.70459,0.019305393,2.095586777
1986,4,2,1,2901.457275,1172.487549,867.3455811,4.695062637,1.225567222,4.692026138,0.105569519,-3.904411077,3.771728516,2.375480652,0.004923351,0.999999762,2.38E-07,13.26285267,13.25268841,13.27352715,0.530391991,0.542443693,2.364346743,0,2909.748291,0.019750526,2.104413509
1987,4,2,1,2919.347656,1146.270752,894.359436,4.711223602,1.259934545,4.682460785,0.142840937,-3.795667648,4.459280491,2.376073122,0.005186173,0.999999762,2.38E-07,13.26265907,13.24608803,13.27601147,0.53324759,0.548734486,2.36655283,0,2927.612549,0.020180076,2.122552395
1988,4,2,1,2936.684814,1102.85791,891.8609619,4.815702438,1.224782944,4.794937134,0.110985935,-4.290720463,4.450548649,2.376914263,0.005152405,0.999999762,2.38E-07,13.26002407,13.24097538,13.27279282,0.536621094,0.551304519,2.362140417,0,2945.552979,0.020618415,2.185196638
1989,4,2,1,2955.479004,1163.246338,872.9502563,4.737108231,1.190646529,4.687671661,0.057457644,-4.182600975,4.189287663,2.376918077,0.00476315,0.999999762,2.38E-07,13.26098061,13.23858833,13.27219963,0.539594173,0.553868592,2.364346743,0,2963.522461,0.021057224,2.163472652
1990,4,2,1,2973.403076,1151.462769,828.5100708,4.688373566,1.180324316,4.71780014,0.008196456,-4.131074905,4.169235706,2.376966238,0.004457861,0.999999762,2.38E-07,13.2573843,13.24246502,13.26819897,0.542834878,0.557187736,2.36655283,0,2981.458984,0.021485094,2.149519444
1991,4,2,1,2991.4646,1173.893433,897.5216675,4.746652126,1.286125422,4.749573231,-0.163934529,-4.058140278,5.158104897,2.375309706,0.004727928,0.999999762,2.38E-07,13.25686264,13.24159718,13.26723385,0.546216249,0.564300418,2.362140417,0,2999.425293,0.021920996,2.193929434
1992,4,2,1,3010.735596,1264.015503,922.8804321,4.654804707,1.230376124,4.62854147,-0.331544667,-4.128259659,4.330593109,2.376392365,0.004642271,0.999999762,2.38E-07,13.25673771,13.23664474,13.26780987,0.549323916,0.562866509,2.36655283,0,3017.366211,0.022347793,2.164324999
1993,4,2,1,3029.834961,1337.44458,919.6513062,4.617637634,1.139673591,4.465437889,-0.353145361,-4.187465191,5.101540089,2.376376152,0.004886017,0.999999762,2.38E-07,13.25525379,13.23709202,13.26905918,0.551462352,0.569988549,2.36655283,0,3035.333008,0.022764003,2.157220364
1994,4,2,1,3045.790283,1116.772339,962.197876,4.572337151,1.125389576,4.436308384,-0.045910049,-3.998769283,4.197858334,2.376036406,0.005414608,0.999999762,2.38E-07,13.25491047,13.23968887,13.26796722,0.553911805,0.566806316,2.362140417,0,3053.273926,0.023179594,2.138440847
1995,4,2,1,3064.933594,1222.65332,888.6072388,4.387116432,1.221928477,4.358294487,-0.044720251,-4.069430828,4.752537727,2.375248671,0.004394711,0.999999762,2.38E-07,13.25512886,13.23508739,13.26715374,0.557404578,0.572898805,2.36655283,0,3071.24292,0.023604348,2.069499493
1996,4,2,1,3083.540527,1234.180786,793.8727417,4.27637434,1.142504096,4.209481239,-0.388602376,-4.292094707,5.099468231,2.377566814,0.005472195,0.999999762,2.38E-07,13.25391293,13.23830795,13.26393127,0.559779823,0.577672005,2.359935522,0,3089.179688,0.024013614,2.028563499
1997,4,2,1,3100.585449,1115.732544,832.6498413,4.347394466,1.07164526,4.11557579,-0.186850101,-4.189465046,5.235273838,2.376565456,0.004800179,0.999999762,2.38E-07,13.24987698,13.23396015,13.26271057,0.561541736,0.580584705,2.364346743,0,3107.151123,0.024425371,2.071541548
1998,4,2,1,3117.545654,996.1156006,929.4689331,4.101986408,1.139912009,4.09255743,0.129331872,-4.155496597,4.40537405,2.377586842,0.004562144,0.999999762,2.38E-07,13.24795818,13.22584438,13.25808811,0.565235317,0.582123458,2.36655283,0,3125.087646,0.024843095,1.954572201
1999,4,2,1,3133.326172,764.1670532,1001.356995,4.088794708,1.064196944,4.163581371,-0.223952875,-4.100764275,4.390358925,2.376879454,0.004793015,0.999999762,2.38E-07,13.2513504,13.23504734,13.26185322,0.568419278,0.58169204,2.36655283,0,3143.130127,0.02526143,1.966066003
2000,4,2,1,3150.238281,658.671936,917.0986938,4.282896519,1.180522084,4.241725922,0.281580448,-4.226499081,4.892555237,2.376950979,0.005303525,0.999999762,2.38E-07,13.2486515,13.23652267,13.26185989,0.570599556,0.591047704,2.362140417,0,3161.09668,0.025674025,2.056628466
2001,4,2,1,3166.775879,569.4935913,881.1751099,4.448088169,0.999412179,4.551416874,0.014634336,-4.036574841,5.331298828,2.375641584,0.004284188,0.999999762,2.38E-07,13.24866867,13.23186874,13.26070023,0.575181007,0.591377258,2.362140417,0,3179.039795,0.026093574,2.165616512
2002,4,2,1,3183.049316,436.5615234,981.7446289,4.735105038,1.159502506,4.719513893,0.423960268,-4.564754009,5.481141567,2.372666121,0.004557759,0.999999762,2.38E-07,13.24574566,13.2273159,13.2591238,0.578478813,0.594310284,2.362140417,0,3197.00293,0.026514947,2.29647994
2003,4,2,1,3202.528076,655.1544189,984.460083,4.906230927,1.223576784,5.048880577,-0.009718395,-4.046421528,4.999961853,2.373890162,0.005216051,0.999999762,2.38E-07,13.24549866,13.23200417,13.26021862,0.58401078,0.602504611,2.364346743,0,3214.943848,0.026936207,2.420956135
2004,4,2,1,3222.730469,910.1412964,969.5220337,5.166713715,1.274234891,5.156859875,0.389600396,-4.41242981,3.552773237,2.37336421,0.005328149,0.999999762,2.38E-07,13.24463844,13.23147869,13.25883102,0.587489426,0.599124253,2.364346743,0,3232.910889,0.027350176,2.563050032
2005,4,2,1,3242.717041,1099.124146,973.5812378,5.203604698,1.090343118,5.063681126,-0.094390087,-4.467757225,4.330068111,2.37331152,0.005511544,0.999999762,2.38E-07,13.24118328,13.22563076,13.25915432,0.590371192,0.601877511,2.364346743,0,3250.851563,0.027753515,2.604851246
2006,4,2,1,3262.040283,1201.825439,927.3173828,4.852116585,1.134538412,4.846734047,-0.409045875,-4.286361217,4.924737453,2.372225523,0.004321528,0.999999762,2.38E-07,13.24054146,13.22710419,13.2536459,0.593386948,0.606051445,2.364346743,0,3268.821289,0.028154861,2.440928698
2007,4,2,1,3280.543213,1178.424561,852.7902222,4.663405895,1.156333447,4.565859795,-0.028989799,-4.211883068,4.715445995,2.372236013,0.005654949,0.999999762,2.38E-07,13.24112129,13.22164249,13.25484371,0.595102966,0.607579052,2.359934092,0,3286.757813,0.028540798,2.347780466
2008,4,2,1,3298.385254,1087.876953,748.7073364,4.528139114,1.054135442,4.265804291,0.069252752,-4.515851498,4.455474377,2.375163317,0.004919406,0.999999762,2.38E-07,13.23852062,13.2208519,13.24937725,0.596477211,0.612461746,2.362140417,0,3304.724365,0.028919589,2.286230564
2009,4,2,1,3313.086914,756.244812,918.6298218,4.251291752,1.114278674,4.344662189,0.005561569,-4.693514347,4.740176678,2.374979496,0.004910567,0.999999762,2.38E-07,13.2371006,13.22353077,13.25178623,0.600439727,0.618629992,2.364346743,0,3322.665527,0.02931348,2.159006596
2010,4,2,1,3329.147705,580.8748169,1005.705811,4.317688465,1.051429629,4.503466606,-0.005948434,-3.626289129,5.785190105,2.372705936,0.004406865,0.999999762,2.38E-07,13.23995113,13.22094917,13.25374126,0.6033445,0.622798145,2.364346743,0,3340.631836,0.029711792,2.200832367
2011,4,2,1,3345.410889,503.3268738,795.0988159,4.765520573,1.148238897,4.97089529,0.517129779,-4.511344433,4.657552719,2.374571085,0.004988887,0.999999762,2.38E-07,13.23522568,13.21696091,13.25181198,0.608561695,0.627413571,2.364346743,0,3358.575195,0.030120334,2.437952042
2012,4,2,1,3366.691406,894.1674805,1115.851318,5.117741585,1.128967524,5.176664829,0.17524825,-4.330142498,5.345014572,2.371600389,0.004992431,0.999999762,2.38E-07,13.23313999,13.21813297,13.24718189,0.613035381,0.626101613,2.359934092,0,3376.539795,0.030528106,2.649884224
2013,4,2,1,3386.782227,1095.764893,973.2663574,5.170189857,1.052633762,5.082230091,0.182458505,-4.422201633,5.817016602,2.371546507,0.005075026,0.999999762,2.38E-07,13.22942543,13.21389961,13.25051594,0.615348577,0.634210348,2.362140417,0,3394.480957,0.030916117,2.685523748
2014,4,2,1,3406.310547,1166.576294,970.3352661,4.751089573,1.225088835,4.634639263,-0.023072565,-4.759355068,3.998010874,2.372415781,0.004958713,0.999999762,2.38E-07,13.23318386,13.22153759,13.24606419,0.617383242,0.634372294,2.362140417,0,3412.447998,0.031294193,2.480957508
2015,4,2,1,3424.006836,1058.829346,888.7954712,4.598803043,1.064974427,4.383189678,0.207591787,-4.597836971,4.97641468,2.371553183,0.004484395,0.999999762,2.38E-07,13.23116302,13.21422863,13.24691486,0.618863344,0.634673715,2.362140417,0,3430.388672,0.03166135,2.40352273
2016,4,2,1,3438.853027,728.6001587,905.5542603,4.386677265,1.198189855,4.397809029,0.330788076,-4.34996748,5.686494827,2.372621536,0.004829548,0.999999762,2.38E-07,13.2293644,13.20818329,13.24471378,0.621739626,0.638484895,2.357728004,0,3448.354736,0.03204054,2.300267696
2017,4,2,1,3453.125,428.4172058,969.6246338,4.699927807,1.162717938,4.816444397,0.508963645,-4.72467804,5.976358891,2.372189045,0.004566285,0.999999762,2.38E-07,13.22906208,13.21546841,13.2450285,0.626331687,0.641937912,2.359934092,0,3466.29834,0.032430671,2.466793776
2018,4,2,1,3474.310547,866.8145752,1092.189087,5.270266533,1.182480454,5.275022984,0.199963793,-4.417557716,6.095192909,2.370524406,0.005181841,0.999999762,2.38E-07,13.22704601,13.20943546,13.24343872,0.631764472,0.646331728,2.362140417,0,3484.263184,0.032836411,2.815231085
2019,4,2,1,3495.476318,1128.568115,1009.044006,4.942941189,1.199863434,4.84940052,0.096919686,-4.824585438,5.165964127,2.37095499,0.005238787,0.999999762,2.38E-07,13.22343636,13.21210289,13.24080658,0.634047329,0.643418074,2.362140417,0,3502.204346,0.033209249,2.653746367
2020,4,2,1,3515.3125,1236.548828,990.1555786,4.618020058,1.193484783,4.621096611,-0.446868896,-4.861017704,4.312634945,2.370827198,0.003529398,0.999999762,2.38E-07,13.22591305,13.2107048,13.24310875,0.636338174,0.652748466,2.362140417,0,3520.246338,0.033576272,2.486785173
2021,4,2,1,3529.586914,798.532959,939.0153809,4.536869526,1.062841773,4.438564301,-0.148375154,-4.224223137,5.55183506,2.371286392,0.00516661,0.999999762,2.38E-07,13.22520542,13.21216679,13.24123001,0.63768667,0.658453584,2.362140417,0,3538.217041,0.033938684,2.451969147
2022,4,2,1,3544.008545,512.4158325,926.6557617,4.889997959,1.209540367,4.838776112,0.271161854,-4.859068394,5.570318699,2.370911121,0.003978703,0.999999762,2.38E-07,13.22424603,13.21247482,13.23654842,0.641031504,0.655981958,2.364346743,0,3556.154053,0.034319628,2.648251295
2023,4,2,1,3564.446533,876.3997192,1128.168213,5.276132107,1.156939507,5.323009014,0.296075702,-4.790612698,6.549197674,2.366892576,0.005528779,0.999999762,2.38E-07,13.22096539,13.20559311,13.23631382,0.648089707,0.663239121,2.355523109,0,3574.120117,0.034725375,2.886819124
2024,4,2,1,3586.237549,1184.046509,900.5062256,4.954867363,1.162938476,4.962404251,-0.21526444,-5.060984612,4.747628689,2.371689081,0.003712661,0.999999762,2.38E-07,13.2210474,13.2056179,13.23671532,0.650147021,0.667429626,2.362140417,0,3592.061035,0.035084177,2.724767685
2025,4,2,1,3604.667725,1120.889893,1030.796387,4.606062889,1.141522288,4.471592426,-0.372930855,-4.690108776,5.371929646,2.371035337,0.003659316,0.999999762,2.38E-07,13.22036266,13.20078468,13.2349968,0.650657654,0.666440487,2.359935522,0,3610.027344,0.035421606,2.54194808
2026,4,2,1,3617.35083,621.1550293,1053.689575,4.624488831,1.118229508,4.667173386,0.300159842,-5.0709095,5.959990025,2.372264385,0.005185297,0.999999762,2.38E-07,13.22014809,13.20266056,13.2332468,0.653603613,0.671374977,2.359934092,0,3627.970459,0.035794366,2.54446125
2027,4,2,1,3634.725342,674.0338135,880.1213989,5.078831196,1.08508563,5.227044106,0.068374068,-4.843745232,5.262509823,2.369562387,0.005901455,0.999999762,2.38E-07,13.216465,13.19739819,13.22824955,0.65992552,0.677335501,2.351111889,0,3645.934814,0.036196619,2.832191944
2028,4,2,1,3657.478027,1123.985596,995.0533447,5.211689472,0.992450416,5.113401413,0.080180764,-4.990525246,5.09132576,2.369595289,0.004629506,0.999999762,2.38E-07,13.21387196,13.20069599,13.23012257,0.662852466,0.674668491,2.355523109,0,3663.876221,0.036561906,2.925953865
2029,4,2,1,3677.196777,1205.452148,998.2615356,4.693321228,1.207202196,4.668171406,-0.458766192,-4.505011559,5.541392326,2.368486643,0.004643884,0.999999762,2.38E-07,13.21570778,13.19686031,13.22973061,0.664488733,0.678468168,2.357728004,0,3681.842041,0.036898904,2.6405375
2030,4,2,1,3690.655273,708.5015259,1005.960144,4.66885376,1.051120877,4.610374928,0.29505378,-4.870346546,5.199445724,2.370381832,0.004311189,0.999999762,2.38E-07,13.21470642,13.19626713,13.23119354,0.666253567,0.682099521,2.359934092,0,3699.782959,0.037246685,2.622159719
2031,4,2,1,3706.887695,659.0913696,826.2865601,5.097905636,1.188168764,5.284389973,-0.167603344,-4.943498135,5.229118347,2.368165493,0.004575567,0.999999762,2.38E-07,13.21255684,13.19212151,13.23043728,0.672493458,0.689659715,2.357729197,0,3717.752197,0.037628509,2.906583071
2032,4,2,1,3729.362549,1125.855713,961.6708374,5.190815449,1.25382483,5.169365883,0.112050012,-4.845549583,5.210021496,2.368184566,0.004035218,0.999999762,2.38E-07,13.21060467,13.19450569,13.22674847,0.675531745,0.694135606,2.362140417,0,3735.795654,0.037992861,2.966759682
2033,4,2,1,3748.185303,1103.890747,1088.987305,4.77924633,1.214818835,4.632918358,-0.210479036,-4.659281731,6.368031979,2.368315458,0.004192944,0.999999762,2.38E-07,13.20968056,13.19456863,13.22421551,0.676496089,0.695070684,2.359934092,0,3753.73291,0.038332421,2.741453648
2034,4,2,1,3760.996094,587.7600098,940.5158081,4.628796577,1.081011176,4.838264942,-0.003306608,-5.306569099,5.614088535,2.369205475,0.00526327,0.999999762,2.38E-07,13.2116642,13.19607639,13.2248354,0.680630147,0.694099069,2.353316784,0,3771.699463,0.038691126,2.661553621
2035,4,2,1,3781.850098,945.0605469,1258.979126,5.079009533,1.384472609,5.247292519,0.253057569,-5.46305418,6.342226982,2.363759279,0.005182359,0.999999762,2.38E-07,13.20971584,13.19282913,13.22719193,0.68655628,0.705383897,2.348906994,0,3789.640381,0.039049517,2.947451353
2036,4,2,1,3802.678467,1144.410522,1021.283325,4.863199234,1.262005091,4.799209118,0.071882844,-5.122446537,5.307881832,2.366517782,0.004720717,0.999999762,2.38E-07,13.20735359,13.18889141,13.22565174,0.687054992,0.706298828,2.353316784,0,3807.687988,0.039371654,2.821756601
2037,4,2,1,3817.485352,771.7727051,986.946106,4.54090786,1.283506751,4.590512276,-0.102963351,-4.661741734,6.619934559,2.368048191,0.004395674,0.999999762,2.38E-07,13.20692635,13.18834114,13.21920967,0.688842535,0.702419579,2.355523109,0,3825.655029,0.039695542,2.650792122
2038,4,2,1,3833.250977,651.7478638,1064.859497,4.85923481,1.27080214,5.180853367,0.003460411,-4.888174534,6.280306816,2.366624355,0.004414506,0.999999762,2.38E-07,13.20259476,13.18669891,13.21638107,0.696050406,0.714739382,2.355523109,0,3843.591797,0.040058102,2.85279727
2039,4,2,1,3856.585938,1171.502808,1073.12793,4.879085064,1.262732029,4.968393803,-0.27906096,-5.233607292,6.755844116,2.364446878,0.004001225,0.999999762,2.38E-07,13.20253944,13.18200111,13.21814156,0.697961748,0.712331772,2.351111889,0,3861.558105,0.040388621,2.8829813
2040,4,2,1,3873.407959,947.4749146,1052.826538,4.427728653,1.315816045,4.546912193,0.097139068,-4.603986263,6.428723812,2.366729259,0.003809827,0.999999762,2.38E-07,13.20221806,13.18661785,13.21656418,0.699430108,0.716125906,2.351111889,0,3879.499268,0.040694356,2.619140387
2041,4,2,1,3886.15332,490.1903381,1007.183167,4.693750381,1.094288468,4.970071316,0.472035408,-5.025915623,5.13310194,2.365790606,0.005201176,0.999999762,2.38E-07,13.19938755,13.18262005,13.21276283,0.704233587,0.723417699,2.353316784,0,3897.46582,0.041035924,2.775794029
2042,4,2,1,3909.678223,1114.734375,1030.080322,5.051100731,1.286778808,5.182939053,0.064715698,-5.189204216,4.755313873,2.364047527,0.004316249,0.999999762,2.38E-07,13.19748878,13.18047237,13.21011829,0.70868367,0.725510001,2.353316784,0,3915.406738,0.041379604,3.021670103
2043,4,2,1,3927.801758,1006.931396,985.6862793,4.467478752,1.202192068,4.616429806,0.132159442,-5.491714001,4.868768692,2.366276741,0.00435908,0.999999762,2.38E-07,13.19768906,13.18085766,13.2133522,0.709641397,0.724730313,2.355523109,0,3933.375977,0.041680042,2.669558525
2044,4,2,1,3940.188721,539.0455322,939.0508423,4.860215187,1.111588955,5.110289574,0.358121365,-5.53554821,4.6458745,2.366631031,0.005713874,0.999999762,2.38E-07,13.19893456,13.17791939,13.21265507,0.714058995,0.731863678,2.355523109,0,3951.312744,0.042027622,2.918884277
2045,4,2,1,3963.50293,1093.652344,902.789856,4.912742138,1.327610254,5.099670887,0.106996804,-5.168777466,5.12118721,2.365105391,0.005163698,0.999999762,2.38E-07,13.19653034,13.18074703,13.2114048,0.71794939,0.734335899,2.348905802,0,3969.278564,0.042367086,2.979469538
2046,4,2,1,3980.217041,846.2611084,969.8179321,4.470877647,0.981481433,4.646746635,0.008658115,-5.13922596,5.740044117,2.364904404,0.003568933,0.999999762,2.38E-07,13.19550705,13.16952038,13.21073437,0.7189641,0.734926045,2.351111889,0,3987.220215,0.042672243,2.711026669
2047,4,2,1,3996.999023,829.8837891,1001.053223,5.277082443,1.073367238,5.351955414,-0.331792861,-5.6930933,6.589440346,2.361615896,0.004975569,0.999999762,2.38E-07,13.19321346,13.16710758,13.20690155,0.723089099,0.732912838,2.340083361,0,4005.186279,0.043008696,3.263488054
2048,4,2,1,4018.904297,1151.029297,780.5365601,4.860757828,1.110101581,4.849215984,-0.461982042,-4.948870659,5.142191887,2.363457441,0.004511419,0.999999762,2.38E-07,13.19585705,13.16507244,13.20917892,0.725479603,0.744271398,2.351111889,0,4023.22998,0.043315385,2.994431973
2049,4,2,1,4032.724854,701.8745728,799.350769,4.694280624,1.13261354,4.780161858,0.249843851,-4.676735878,6.952382088,2.364525795,0.00326484,0.999999762,2.38E-07,13.19172955,13.15595436,13.20867062,0.728120327,0.740228057,2.353316784,0,4041.166992,0.043617886,2.878350258
2050,4,2,1,4052.833984,1034.288452,990.1896973,5.159432888,1.14351213,5.27221632,0.152936146,-5.73708868,5.420934677,2.361750364,0.003918409,0.999999762,2.38E-07,13.19129562,13.15864754,13.20472145,0.73379755,0.748966932,2.351111889,0,4059.132324,0.043959931,3.19892478
2051,4,2,1,4072.252441,1086.967651,993.1918335,4.657299519,1.081922412,4.814257622,-0.342030197,-5.910029888,5.565928459,2.36332202,0.004010254,0.999999762,2.38E-07,13.19220161,13.1642704,13.20358658,0.735894918,0.748863399,2.353318214,0,4077.073242,0.044266786,2.890974045
2052,4,2,1,4086.255127,708.6850586,767.6207275,4.999459267,1.070732474,5.057954788,0.016831649,-4.575397491,6.428544044,2.36244154,0.005106856,0.999999762,2.38E-07,13.18876362,13.16466999,13.2016964,0.73820442,0.751338899,2.346700668,0,4095.039551,0.044577554,3.13185668
2053,4,2,1,4107.341797,1054.805542,975.7501831,5.136823177,1.139858246,5.134123802,0.056389704,-5.376228333,6.656502724,2.361450672,0.004615186,0.999999762,2.38E-07,13.18706036,13.15883827,13.20460606,0.742466033,0.757788181,2.351111889,0,4112.983887,0.044901904,3.218028069
2054,4,2,1,4123.407227,765.6372681,862.0200195,4.738160133,1.074026585,4.770666599,-0.207784846,-5.534076691,5.548991203,2.362480164,0.004680776,0.999999762,2.38E-07,13.18476295,13.16594696,13.20275116,0.743984222,0.757079184,2.348906994,0,4131.024414,0.045197297,3.042544842
2055,4,2,1,4141.973145,917.9730225,956.3353882,4.883838654,0.945009589,5.235237122,0.297432214,-5.417056561,6.218506813,2.360947132,0.003589668,0.999999762,2.38E-07,13.18508434,13.15962791,13.2034483,0.750268221,0.765209913,2.351111889,0,4148.992676,0.045519508,3.077321053
2056,4,2,1,4161.89209,1060.894897,1096.195557,4.723077774,1.094180465,4.925042152,-0.309525013,-5.517482281,6.954390526,2.360421419,0.003862344,0.999999762,2.38E-07,13.18540573,13.15629482,13.20162487,0.751906037,0.761054933,2.353318214,0,4166.933594,0.045820665,2.992961168
2057,4,2,1,4174.910156,595.0370483,900.3693848,4.92610836,1.102265596,5.169130802,0.547948837,-5.250509739,7.15042305,2.360244751,0.005061552,0.999999762,2.38E-07,13.17867184,13.15405941,13.19981003,0.755476654,0.763708532,2.351111889,0,4184.899902,0.046136443,3.116157532
2058,4,2,1,4198.096191,1110.960205,770.7212524,4.879398823,1.105515957,5.065511227,-0.293625593,-4.943243027,5.576254845,2.35918951,0.004854852,0.999999762,2.38E-07,13.18169689,13.15923595,13.19938183,0.759096682,0.77280879,2.342289686,0,4202.842773,0.046451654,3.136621714
2059,4,2,1,4212.424316,692.7341309,782.3186035,4.767415047,1.004399061,4.914942741,0.395498276,-4.886816978,5.594388485,2.359541893,0.004359857,0.999999762,2.38E-07,13.17856503,13.14916325,13.19913673,0.761039972,0.777482092,2.346700668,0,4220.806641,0.046743967,3.051082373
2060,4,2,1,4234.012207,1092.306396,900.4463501,5.06935215,1.090703249,5.1074543,-0.522451162,-5.091476917,6.027658463,2.358891964,0.004301457,0.999999762,2.38E-07,13.18048096,13.15287113,13.19884396,0.764762104,0.776032507,2.346700668,0,4238.748535,0.047051314,3.295497179
2061,4,2,1,4250.025879,855.0215454,911.3379517,4.636394024,1.170723677,4.93007803,0.175767258,-5.230212212,6.66617775,2.360072613,0.003992454,0.999999762,2.38E-07,13.17548943,13.14697456,13.19644165,0.767982721,0.77690351,2.346700668,0,4256.714844,0.047334597,3.004721642
2062,4,2,1,4267.744629,946.7959595,1143.070679,5.405412674,1.087876439,5.419937134,0.283009499,-6.200751781,6.611596584,2.358356237,0.005032956,0.999999762,2.38E-07,13.17496681,13.14342308,13.19188595,0.772331059,0.783926249,2.348906994,0,4274.656738,0.047667529,3.508688211
2063,4,2,1,4287.893555,1001.398499,702.4561157,5.030405521,0.989039361,4.708038807,-0.219944537,-4.786269665,5.679612637,2.359379292,0.005625474,0.999999762,2.38E-07,13.17589188,13.14846325,13.18864346,0.771099746,0.79042244,2.344495773,0,4292.620117,0.047936223,3.4014256
2064,4,2,1,4302.490723,775.2990112,1104.47168,5.29840374,1.038060308,5.342952251,-0.162084013,-5.84498167,7.067569256,2.357994556,0.005865686,0.999999762,2.38E-07,13.17259502,13.14670086,13.19044781,0.777139604,0.78725481,2.344494581,0,4310.667969,0.04824473,3.491935015
2065,4,2,1,4324.187988,1088.133911,732.6843872,4.784873962,1.204141021,4.96800518,-0.122733861,-5.686573029,6.149952888,2.360598803,0.004340728,0.999999762,2.38E-07,13.17273903,13.13840675,13.18756771,0.78108716,0.799941063,2.348906994,0,4328.60498,0.048540179,3.171276569
2066,4,2,1,4336.959473,562.4032593,991.4140625,4.91972971,1.048654199,5.135961533,0.498482287,-5.455626965,6.506040573,2.358556032,0.004694844,0.999999762,2.38E-07,13.17045879,13.15150738,13.18599892,0.784084618,0.794878602,2.342289686,0,4346.571777,0.048820972,3.227878571
2067,4,2,1,4358.666992,943.890564,889.2704468,5.053962708,0.994898081,5.055323601,0.133069605,-5.76278162,5.530315399,2.359398365,0.005192044,0.999999762,2.38E-07,13.1691637,13.14237118,13.18675613,0.786370158,0.802878559,2.348906994,0,4364.512695,0.04910899,3.358299732
2068,4,2,1,4373.180664,628.9971924,817.3953247,5.266849995,1.201780438,5.241722107,0.259162128,-6.907444,6.757014751,2.358589172,0.005020632,0.999999762,2.38E-07,13.16706371,13.13799763,13.18663883,0.789197505,0.802359641,2.346700668,0,4382.479492,0.049411755,3.512982845
2069,4,2,1,4396.09375,1072.555908,906.0898438,5.01121521,0.971575081,4.973094463,-0.258048296,-6.001148224,6.01996851,2.359797955,0.004452919,0.999999762,2.38E-07,13.17126846,13.14111519,13.18454361,0.791966736,0.805497527,2.346700668,0,4400.421387,0.049699314,3.366632223
2070,4,2,1,4410.460449,737.9138794,940.6651611,5.18662405,1.166898608,5.18234396,0.037158001,-5.261819363,5.964491367,2.357639551,0.004870968,0.999999762,2.38E-07,13.16457367,13.13748741,13.18263149,0.795805216,0.805043638,2.340083361,0,4418.384766,0.04998697,3.502638102
2071,4,2,1,4432.493164,1110.048828,928.5950317,5.012380123,1.09023881,4.990234375,-0.297594875,-6.284370422,7.004645348,2.358065128,0.005334022,0.999999762,2.38E-07,13.16630173,13.13786507,13.18476868,0.798899055,0.816480637,2.346700668,0,4436.325684,0.050264124,3.398480415
2072,4,2,1,4445.300781,622.0568237,908.1679688,5.096065998,1.170227408,5.233119488,0.284744263,-5.164715767,6.537572861,2.356944799,0.003487619,0.999999762,2.38E-07,13.16066933,13.12558937,13.1832571,0.802151144,0.810945153,2.346700668,0,4454.29248,0.05054291,3.457376719
2073,4,2,1,4466.81543,990.3729248,938.9534302,5.186103821,0.899653137,5.138956547,0.108629026,-5.8376441,6.299075603,2.358039379,0.005026321,0.999999762,2.38E-07,13.16374111,13.13672161,13.18355942,0.805550218,0.823278487,2.346700668,0,4472.233887,0.050841797,3.534548521
2074,4,2,1,4480.6875,587.2813721,786.1422729,5.262866974,0.899525523,5.272010803,0.589296877,-6.286745548,7.381285667,2.357688427,0.004713634,0.999999762,2.38E-07,13.15784645,13.13589191,13.17366695,0.80958879,0.819248736,2.346700668,0,4490.199219,0.051134489,3.570218086
2075,4,2,1,4503.72998,1013.798462,963.3720093,4.801998615,1.208904982,4.928471088,0.014429349,-5.874553204,7.319396973,2.356669188,0.004904511,0.999999762,2.38E-07,13.16329861,13.1417923,13.17969799,0.811988473,0.820526958,2.344495773,0,4508.141602,0.051401038,3.296933651
2076,4,2,1,4517.546387,677.0305176,932.9179688,5.211580753,0.932083905,5.383119583,0.286100388,-5.142383575,6.524578094,2.356450081,0.004407389,0.999999762,2.38E-07,13.15801811,13.12990761,13.17845917,0.816407144,0.83266139,2.346700668,0,4526.105957,0.051681001,3.603164196
2077,4,2,1,4539.60791,1025.190063,983.1889648,4.934623718,1.163918495,5.017386913,-0.479087383,-5.584010601,6.257448673,2.356653452,0.00476333,0.999999762,2.38E-07,13.16031361,13.12854099,13.17567539,0.818149328,0.830364287,2.342289686,0,4544.047363,0.051949859,3.416369915
2078,4,2,1,4554.914551,839.5986328,978.6906128,5.824059486,1.331822753,5.411102772,0.128712535,-5.785121918,7.238638878,2.356945038,0.005600626,0.999999762,2.38E-07,13.15581608,13.12790966,13.17462921,0.820032656,0.829146802,2.344495773,0,4562.012695,0.052244734,4.17023468
2079,4,2,1,4575.012207,942.3202515,746.8414307,4.929852962,1.056234121,4.973798752,0.056924433,-5.632282734,7.461905003,2.356634855,0.005077426,0.999999762,2.38E-07,13.15295887,13.12430668,13.17281342,0.824867904,0.832379222,2.346700668,0,4580.052734,0.052502815,3.452838421
2080,4,2,1,4592.884766,1028.642822,1027.318726,5.275582314,0.930052638,5.412847996,-0.321850628,-6.512021065,7.285252094,2.351691723,0.005230978,0.999999762,2.38E-07,13.15367126,13.13179398,13.16914368,0.829338491,0.842337072,2.344495773,0,4597.994629,0.052795041,3.693950176
2081,4,2,1,4608.463379,689.7831421,1010.862183,4.993301868,1.030873895,5.017806053,0.233609021,-5.967583656,5.932365894,2.355430365,0.005115495,0.999999762,2.38E-07,13.15043354,13.11778069,13.17000294,0.83026123,0.846922874,2.342289686,0,4615.960938,0.053046867,3.502574921
2082,4,2,1,4629.730957,1082.918701,1021.714539,5.243247032,1.302617669,5.273668289,-0.028885389,-5.706349373,6.685885429,2.35354352,0.005516207,0.999999762,2.38E-07,13.14877224,13.12478352,13.17156792,0.834913313,0.85099858,2.342289686,0,4633.904297,0.053335361,3.72424984
2083,4,2,1,4643.978516,700.991272,898.6741943,5.104942799,1.100740552,5.30453825,-0.058449902,-6.401773453,7.56412077,2.355505466,0.004977955,0.999999762,2.38E-07,13.14775467,13.11968136,13.17086697,0.83774507,0.847077727,2.344495773,0,4651.869141,0.053598709,3.632892132
2084,4,2,1,4666.122559,1062.790894,993.6484375,4.811262131,1.390935779,5.0114398,-0.150217339,-6.14850235,6.916448593,2.352230072,0.004800909,0.999999762,2.38E-07,13.14804363,13.11201668,13.16632557,0.84167999,0.858978808,2.337877274,0,4669.812012,0.053860895,3.438099384
2085,4,2,1,4680.936523,820.076355,1006.059509,5.157869339,1.187517762,5.451152802,-0.01841397,-6.615109921,7.942689896,2.35144186,0.005069119,0.999999762,2.38E-07,13.14475155,13.11912441,13.16086197,0.845982134,0.865441501,2.337878466,0,4687.779297,0.054124173,3.693782091
2086,4,2,1,4700.977051,926.1743164,822.6520996,4.942389011,1.220231771,4.954767704,0.136450633,-5.949197769,7.098195553,2.352602482,0.004540543,0.999999762,2.38E-07,13.14156246,13.1167078,13.16276932,0.846960485,0.857165158,2.344495773,0,4705.71875,0.054361802,3.559200048
2087,4,2,1,4719.942871,1101.462158,1091.666748,5.53666544,1.232709169,5.325082302,-0.089704573,-5.817958832,7.128191948,2.351829767,0.005407888,0.999999762,2.38E-07,13.14231205,13.11413002,13.17215443,0.84982723,0.868037581,2.340083361,0,4723.69043,0.054621145,4.010214329
2088,4,2,1,4733.69043,647.550415,949.6958008,4.989744663,0.799926758,5.21310854,-0.008572608,-5.994896412,6.760910034,2.351432562,0.004544891,0.999999762,2.38E-07,13.13987637,13.10531235,13.15831757,0.853813291,0.87324506,2.337878466,0,4741.626953,0.054870449,3.593880653
2089,4,2,1,4755.438965,984.4286499,1020.161804,4.655872822,1.257279992,4.969761372,0.134556755,-5.567903042,7.448423862,2.352221489,0.005681527,0.999999762,2.38E-07,13.14242554,13.11274433,13.16680241,0.857985795,0.87825352,2.337878466,0,4759.594727,0.05512422,3.357798338
2090,4,2,1,4770.487305,812.6581421,1008.36145,6.022210598,1.075555563,5.519364357,0.141417637,-6.512441635,7.31276226,2.348962307,0.005468809,0.999999762,2.38E-07,13.1345129,13.10645866,13.15496445,0.85883522,0.870552182,2.33567214,0,4777.532227,0.055399857,4.409406185
2091,4,2,1,4789.546387,788.390625,1003.992981,4.806241512,1.093902826,4.978441715,-0.31414181,-5.896506786,6.203006268,2.352781773,0.004785536,0.999999762,2.38E-07,13.13412666,13.10952091,13.15332413,0.863531172,0.883374631,2.342289686,0,4795.575684,0.05564316,3.497174263
2092,4,2,1,4805.001953,773.5617065,979.5231323,3.387633562,1.454719663,3.284898281,-0.08845976,-6.689930916,7.950419903,2.357505322,0.00572548,0.999999762,2.38E-07,13.16154003,13.11811543,13.19546604,0.85296607,0.877807736,2.340083361,0,4800,0.055736911,2.458025455
2093,4,2,1,4790.166504,-761.0545654,1009.212402,4.351058006,1.52322197,4.286450863,0.397451401,-5.794748306,6.612873554,2.359083176,0.005301347,0.999999762,2.38E-07,13.16175556,13.12935448,13.2043829,0.84455663,0.855010211,2.344495773,0,4800,0.055748604,3.099726677
2094,4,2,1,4793.946777,179.8197937,1004.219727,5.501455307,1.1579175,5.747959137,-0.538099468,-5.870676041,5.602248669,2.349699259,0.004933455,0.999999762,2.38E-07,13.13067436,13.08869553,13.14888763,0.858423889,0.879488826,2.337878466,0,4800,0.056108125,3.995349884
2095,4,2,1,4799.787598,400.0693359,1022.062561,4.287881851,1.462667942,4.531802654,-0.136336073,-5.97614193,7.254122734,2.353677273,0.005148087,0.999999762,2.38E-07,13.14857006,13.09885883,13.17108631,0.855934978,0.869286656,2.346700668,0,4800,0.056286484,3.127158642
2096,4,2,1,4793.287598,-385.8674927,1015.442261,4.153630257,1.103848696,4.301917553,0.250357985,-6.394082069,6.987158775,2.356728554,0.003592102,0.999999762,2.38E-07,13.15215015,13.1193943,13.18207741,0.848997891,0.860346377,2.348905802,0,4800,0.056362193,2.971807241
2097,4,2,1,4795.294434,182.1740265,960.4127808,5.363521099,1.035634518,5.401906013,-0.336680055,-6.599995136,7.53579092,2.352556705,0.004829136,0.999999762,2.38E-07,13.13723183,13.11101055,13.15409946,0.855891883,0.869494259,2.342289686,0,4800,0.056646865,3.873234034
2098,4,2,1,4793.758789,-164.774704,945.1824951,4.482456684,1.154152989,4.742343903,0.600009084,-5.305261135,6.804208279,2.353090286,0.005174896,0.999999762,2.38E-07,13.14257526,13.10360527,13.16487598,0.855907023,0.86995995,2.340083361,0,4800,0.056842651,3.216287374
2099,4,2,1,4796.435059,9.237204552,877.609314,4.417106628,1.288173676,4.483939648,-0.248641863,-6.182493687,7.026474476,2.353371382,0.006281125,0.999999762,2.38E-07,13.14848995,13.12359142,13.17790508,0.850916982,0.862385511,2.337878466,0,4800,0.056977,3.208157778
2100,4,2,1,4795.246582,141.712677,1096.162842,5.298755169,1.036768317,5.416139603,-0.218039677,-5.872076511,7.238576889,2.350089788,0.004631527,0.999999762,2.38E-07,13.13924694,13.10773277,13.15822601,0.856277883,0.874253213,2.340083361,0,4800,0.05722598,3.83618784
2101,4,2,1,4794.59082,-181.9559021,985.4741821,4.491796494,1.370964646,4.426398754,0.561575532,-5.112421036,5.586942673,2.352800846,0.003909555,0.999999762,2.38E-07,13.14382648,13.11284542,13.17071247,0.852100194,0.869057834,2.340083361,0,4800,0.057374869,3.269301414
2102,4,2,1,4797.960449,200.6356201,941.4181519,4.785238743,1.192935348,4.675003529,-0.338420093,-6.018378735,6.320471287,2.35371685,0.005325568,0.999999762,2.38E-07,13.14438343,13.11897755,13.16784382,0.851485908,0.867096066,2.337878466,0,4800,0.057536785,3.480926514
2103,4,2,1,4792.506836,-190.0658875,1005.099609,5.226727962,1.011391163,5.314646721,0.262709558,-6.197034359,7.182596207,2.351967573,0.005416639,0.999999762,2.38E-07,13.13459492,13.09653187,13.15283585,0.85556674,0.869748771,2.342289686,0,4800,0.057750963,3.789787054
2104,4,2,1,4797.079102,72.95798492,1011.567566,4.416493893,0.991893888,4.421860218,0.280691683,-6.176939011,6.105366707,2.352291822,0.00424,0.999999762,2.38E-07,13.1407156,13.11202812,13.16291142,0.853695393,0.873187661,2.342289686,0,4800,0.057912048,3.158526182
2105,4,2,1,4797.340332,195.9419708,1038.358521,4.841172695,1.039163232,4.939659119,-0.455572486,-5.563651562,7.508447647,2.352441549,0.005082675,0.999999762,2.38E-07,13.14100742,13.12090206,13.15915108,0.854409158,0.872444034,2.340083361,0,4800,0.058097832,3.512113094
2106,4,2,1,4792.249512,-315.3691711,978.6566162,4.906944752,1.073091745,4.931536198,0.345177472,-6.269111633,7.754824162,2.351111412,0.005578756,0.999999762,2.38E-07,13.13771725,13.11287022,13.15842819,0.853309095,0.861026645,2.340083361,0,4800,0.058277357,3.55403161
2107,4,2,1,4797.22998,135.1435394,1013.539612,4.581004143,0.91655159,4.628441811,0.150921345,-6.282954693,7.622296333,2.352935553,0.004730622,0.999999762,2.38E-07,13.14327335,13.12133789,13.15846443,0.85365212,0.87023443,2.344494581,0,4800,0.058456842,3.286835432
2108,4,2,1,4794.59082,-88.47343445,1069.598267,4.691352844,1.039741993,4.959064484,-0.177423373,-6.38688755,7.207615376,2.350965977,0.005646117,0.999999762,2.38E-07,13.13674927,13.1067791,13.15399551,0.855111241,0.869353592,2.333467245,0,4800,0.058634203,3.371932745
2109,4,2,1,4796.439941,36.56400681,799.6340332,4.555804253,1.142940521,4.646125317,-0.016627764,-5.909405708,5.769779205,2.35030818,0.00502652,0.999999762,2.38E-07,13.1361351,13.11240292,13.15573215,0.853512883,0.864559352,2.33567214,0,4800,0.05879581,3.306196213
2110,4,2,1,4797.407715,222.3567963,1068.62146,5.263229847,1.15615797,5.037450314,-0.107237063,-6.159250736,6.441772938,2.347787142,0.004537331,0.999999762,2.38E-07,13.13596439,13.11393356,13.15641117,0.853619695,0.870010853,2.33567214,0,4800,0.058987413,3.82490778
2111,4,2,1,4793.481445,-245.0269012,950.7935181,4.45925808,0.918332517,4.786173344,-0.043298211,-6.282942295,6.777935982,2.351423502,0.006707867,0.999999762,2.38E-07,13.13838005,13.11240578,13.15783787,0.854472399,0.875665426,2.33567214,0,4800,0.059150219,3.20510602
2112,4,2,1,4797.85498,172.2090759,1032.601196,4.563659668,1.265145659,4.637928009,-0.082016833,-6.255599022,7.262395859,2.348850489,0.005890823,0.999999762,2.38E-07,13.13892841,13.10972404,13.15743732,0.854029238,0.873488665,2.333467245,0,4800,0.059323117,3.290326357
2113,4,2,1,4794.309082,-80.42557526,863.2985229,5.002690315,1.198762894,5.162609577,0.029301023,-6.27347517,7.357155323,2.349585533,0.005360065,0.999999762,2.38E-07,13.1367569,13.11354351,13.15231991,0.854887903,0.872137964,2.340083361,0,4800,0.05950715,3.63497901
2114,4,2,1,4795.026855,-107.2700424,992.5633545,4.538888454,0.873114645,4.685325146,-0.052227505,-6.757954121,6.839630604,2.350465775,0.003757428,0.999999762,2.38E-07,13.13352203,13.10324955,13.15180111,0.853817701,0.867063642,2.344495773,0,4800,0.059664562,3.270342588
2115,4,2,1,4797.988281,222.2840271,982.5617065,4.688796043,0.936967015,4.8251791,0.073324144,-6.291295528,6.216439724,2.349375486,0.004301501,0.999999762,2.38E-07,13.13711548,13.10835552,13.16099072,0.855163932,0.868356764,2.340083361,0,4800,0.059846792,3.366241693
2116,4,2,1,4794.08252,-195.1942444,905.5708008,4.806455612,1.2104491,4.854081154,-0.066415243,-6.180857658,6.816747189,2.351608038,0.003910526,0.999999762,2.38E-07,13.13420963,13.1147337,13.16008091,0.853191078,0.862226069,2.342289686,0,4800,0.059999891,3.489278078
2117,4,2,1,4798.158203,218.8707428,885.1481934,4.652245522,1.188507557,4.764822483,-0.256321549,-5.774490356,7.650910854,2.35049963,0.004526482,0.999999762,2.38E-07,13.1364851,13.10301876,13.15866661,0.854141533,0.875407934,2.337878466,0,4800,0.060173482,3.373049736
2118,4,2,1,4795.400391,-22.10249519,1066.662354,5.062787533,1.138263702,5.031604767,0.202784941,-6.303249359,7.57751894,2.349284887,0.00529788,0.999999762,2.38E-07,13.13550663,13.10800743,13.15971088,0.854469717,0.872597933,2.333467245,0,4800,0.060339388,3.637260437
2119,4,2,1,4795.209961,-125.3655396,935.4032593,4.813814163,1.210293412,4.620360374,-0.755994797,-5.610488415,6.052839756,2.351677656,0.006190727,0.999999762,2.38E-07,13.13285542,13.10768032,13.15409184,0.85196805,0.863213301,2.340083361,0,4800,0.060485918,3.506042004
2120,4,2,1,4797.992676,225.6455536,1040.695068,4.975505829,1.358207226,4.931337357,-0.172467545,-5.939378738,6.7108078,2.34828186,0.004679024,0.999999762,2.38E-07,13.13212299,13.10789299,13.15289593,0.854570568,0.872297406,2.33567214,0,4800,0.060665719,3.622559786
2121,4,2,1,4792.824219,-351.3825073,950.788269,4.687959194,1.151771903,4.770653248,0.92559886,-5.449428082,7.539552689,2.348986626,0.004029534,0.999999762,2.38E-07,13.13188457,13.10846806,13.15553474,0.853354752,0.872061551,2.33567214,0,4800,0.060805622,3.521903515
2122,4,2,1,4797.976074,146.3286591,911.9541626,4.639047146,1.273870707,4.620829105,-0.237376601,-6.401225567,4.437783718,2.352200985,0.005048254,0.999999762,2.38E-07,13.13344479,13.11085701,13.15563393,0.853409648,0.874536753,2.337878466,0,4800,0.060959589,3.374167204
2123,4,2,1,4797.061035,176.0032196,1053.065918,4.96602726,1.227172136,5.191464901,-0.126856968,-6.437990189,7.436768055,2.34681654,0.005170135,0.999999762,2.38E-07,13.13048744,13.1016531,13.14214993,0.856276512,0.871638119,2.329054832,0,4800,0.061142996,3.626155376
2124,4,2,1,4794.589844,-222.335434,1015.174988,4.745488644,0.959054232,4.602540493,0.350292802,-6.133572102,6.966488838,2.348226786,0.003566801,0.999999762,2.38E-07,13.13221169,13.09915066,13.14974785,0.852159619,0.867077231,2.340083361,0,4800,0.061262071,3.409422874
2125,4,2,1,4798.705078,266.6567688,939.3674927,4.604623318,0.963629603,4.849002361,-0.52327919,-6.554429531,6.637143135,2.348359823,0.004208485,0.999999762,2.38E-07,13.13307667,13.10975838,13.15007496,0.855474412,0.87119782,2.340083361,0,4800,0.061436951,3.318368912
2126,4,2,1,4793.403809,-266.8892517,919.3586426,4.875977516,1.051048994,4.975483418,0.505847573,-5.047747135,6.815583229,2.348671436,0.005839134,0.999999762,2.38E-07,13.12797356,13.10127831,13.15319252,0.85566479,0.870649159,2.337878466,0,4800,0.061592273,3.518554449
2127,4,2,1,4797.108398,50.42354965,939.4087524,4.764883995,1.215813041,4.652098656,0.084147379,-5.828516006,7.336839199,2.352426052,0.005440089,0.999999762,2.38E-07,13.13189602,13.1097765,13.1603384,0.852949262,0.862715483,2.337878466,0,4800,0.06172587,3.448675394
2128,4,2,1,4797.086914,142.8299866,1092.163452,5.160846233,1.19337213,5.071453571,-0.364446938,-5.9734025,6.336221218,2.351131439,0.005784147,0.999999762,2.38E-07,13.12964153,13.10212994,13.14740753,0.854759872,0.875148356,2.340083361,0,4800,0.061904151,3.725486755
2129,4,2,1,4794.512207,-236.4569244,978.4077759,4.320134163,1.076956868,4.614566803,0.272340894,-5.157418728,5.976706982,2.350784063,0.00509715,0.999999762,2.38E-07,13.12943268,13.10379505,13.14690876,0.854648411,0.870917082,2.337878466,0,4800,0.062033586,3.102485657
2130,4,2,1,4798.736328,235.5681305,933.3522339,4.904428959,1.229163885,4.784590244,-0.330235511,-6.572351933,6.997391701,2.350145102,0.005224903,0.999999762,2.38E-07,13.13023186,13.09860611,13.14833736,0.853326917,0.868639052,2.333467245,0,4800,0.062187411,3.572481394
2131,4,2,1,4794.528809,-148.2640076,1082.535645,4.96396637,1.046257734,5.212922096,-0.003090307,-6.306604862,7.336995125,2.349812269,0.005416092,0.999999762,2.38E-07,13.1268034,13.10074425,13.14506245,0.856396973,0.874395549,2.33567214,0,4800,0.062337819,3.583479643
2132,4,2,1,4798.023926,56.8523941,960.5603638,4.285743713,1.210289001,4.412490845,0.322954565,-6.168450356,6.281720161,2.351463795,0.004548826,0.999999762,2.38E-07,13.12828732,13.10397911,13.14677811,0.854283988,0.874273598,2.340084791,0,4800,0.062451653,3.068802118
2133,4,2,1,4797.53418,182.0427246,1006.849243,5.200779438,1.210677862,5.16334486,-0.355687082,-6.153149128,7.584425449,2.349096775,0.006408677,0.999999762,2.38E-07,13.12766171,13.10281563,13.15141869,0.855034232,0.875058353,2.333467245,0,4800,0.062620133,3.793061972
2134,4,2,1,4793.995605,-223.6573029,953.7723999,4.81679678,0.872057259,4.914781094,0.120082319,-6.595505238,7.581903458,2.348873377,0.003962261,0.999999762,2.38E-07,13.12402534,13.09631443,13.14158726,0.855143547,0.87123698,2.340083361,0,4800,0.062769793,3.485585451
2135,4,2,1,4798.878906,128.9819946,1025.143799,4.469090939,1.33691895,4.242427826,0.200699866,-6.056246281,7.304158688,2.348957539,0.004112636,0.999999762,2.38E-07,13.13285542,13.10430908,13.14997387,0.851659775,0.86905998,2.329054832,0,4800,0.062881097,3.378605843
2136,4,2,1,4795.083008,-96.68867493,1015.845032,5.176688671,1.362226844,5.111749649,-0.092803203,-5.672905922,7.264691353,2.348437071,0.004974975,0.999999762,2.38E-07,13.12489605,13.09613037,13.14556217,0.854399085,0.873806715,2.337878466,0,4800,0.063027471,3.775539637
2137,4,2,1,4796.30127,-33.04505539,938.022644,4.668872356,1.086707354,4.741876125,0.05745158,-6.330265999,7.525542259,2.349697351,0.00455057,0.999999762,2.38E-07,13.1213541,13.09284973,13.14172554,0.855167329,0.86715579,2.340084791,0,4800,0.0631667,3.390044689
2138,4,2,1,4799.367676,228.2111053,1013.809998,4.705567837,1.013821006,4.624598026,0.120944761,-6.062039852,7.319840431,2.350185633,0.004548938,0.999999762,2.38E-07,13.12639141,13.10663033,13.14836121,0.854468703,0.872465611,2.33567214,0,4800,0.063290693,3.375999212
2139,4,2,1,4794.701172,-220.8723602,868.7481079,4.732905865,1.137052059,4.793535233,-0.142177373,-5.155772686,6.165219784,2.349997044,0.00469848,0.999999762,2.38E-07,13.12482071,13.09674454,13.15083122,0.854042947,0.868640661,2.335673571,0,4800,0.063411579,3.426989317
2140,4,2,1,4798.226563,165.0893097,865.5296021,4.890442371,1.306184411,4.802568436,-0.238096774,-6.383521557,6.417747498,2.346681118,0.005156728,0.999999762,2.38E-07,13.12467575,13.09221172,13.14496994,0.854394674,0.869288802,2.333466053,0,4800,0.063561685,3.568854094
2141,4,2,1,4796.297852,-30.1725502,1068.774658,4.884856701,1.093528509,4.921650887,0.298378706,-6.214966774,6.875366688,2.347676516,0.004844108,0.999999762,2.38E-07,13.1260252,13.1033144,13.14745235,0.855345249,0.871650755,2.337878466,0,4800,0.0636888,3.52080369
2142,4,2,1,4795.558105,-186.2784729,1057.146851,4.519555092,0.876937509,4.552648544,-0.077603668,-6.001731873,6.690282345,2.349447489,0.00472746,0.999999762,2.38E-07,13.12264347,13.0955801,13.13693333,0.853524506,0.873779595,2.33567214,0,4800,0.063794047,3.245941639
2143,4,2,1,4798.365234,216.8876801,915.6467285,4.841125488,1.347104192,4.99189949,0.040341686,-6.609597206,7.708100796,2.346167088,0.005077603,0.999999762,2.38E-07,13.11942291,13.09653473,13.13582802,0.856841028,0.876760781,2.333467245,0,4800,0.063961089,3.516986847
2144,4,2,1,4794.084473,-288.157135,922.6168213,4.849974155,1.156126261,4.800521851,0.390450478,-6.697306633,7.354892731,2.348442793,0.00511988,0.999999762,2.38E-07,13.12114525,13.09660244,13.14127827,0.853871703,0.865875065,2.33567214,0,4800,0.064072356,3.505611897
2145,4,2,1,4798.829102,149.2163239,970.4365234,4.567770004,0.91598171,4.664150715,-0.625109434,-6.060613155,5.338959694,2.348771334,0.004544914,0.999999762,2.38E-07,13.1241436,13.1022377,13.14273357,0.854412317,0.872158229,2.337878466,0,4800,0.064192697,3.297549963
2146,4,2,1,4798.251465,187.7823029,1094.031616,4.829628468,1.219654799,5.050386429,0.113224022,-5.61879158,7.122251987,2.347990274,0.00357425,0.999999762,2.38E-07,13.12182045,13.09057808,13.13635063,0.857670426,0.875808537,2.340083361,0,4800,0.064337961,3.509813547
2147,4,2,1,4795.415527,-209.991333,973.0921021,4.525474072,1.130382299,4.594464302,0.095570132,-6.059945583,7.55440855,2.350042582,0.004760535,0.999999762,2.38E-07,13.12174797,13.0903635,13.14387703,0.853362799,0.865262568,2.340083361,0,4800,0.064429805,3.278954506
2148,4,2,1,4798.879883,231.5815735,965.3015137,4.694542408,1.134175658,4.898834705,-0.383414537,-6.353744507,7.462212563,2.346493721,0.005312102,0.999999762,2.38E-07,13.12076283,13.09926128,13.14025116,0.856328189,0.872186363,2.335673571,0,4800,0.064581059,3.386527538
2149,4,2,1,4794.019043,-310.3833008,937.4364014,4.469662666,1.005462527,4.791594982,0.492198914,-5.439339161,7.177521706,2.348720312,0.004280175,0.999999762,2.38E-07,13.11871147,13.08619022,13.14225101,0.856870949,0.871920586,2.333466053,0,4800,0.064697057,3.193234444
2150,4,2,1,4798.412598,83.18387604,818.6016235,4.585878372,1.188422084,4.539774418,-0.38172251,-5.839477539,6.310700417,2.348060131,0.005318793,0.999999762,2.38E-07,13.12271118,13.09706783,13.14591312,0.853343487,0.866855145,2.333467245,0,4800,0.064800367,3.340057373
2151,4,2,1,4797.384277,123.8798523,1078.44104,5.181997299,1.104832292,5.1711092,-0.203123778,-6.084953785,6.597175121,2.345039368,0.00442086,0.999999762,2.38E-07,13.11947918,13.08872604,13.13619804,0.855915725,0.87245506,2.333467245,0,4800,0.06494914,3.76879096
2152,4,2,1,4795.224121,-237.7154388,1025.62146,4.323461533,1.16983664,4.576895237,0.296221465,-6.005956173,5.995193958,2.350938797,0.006143719,0.999999762,2.38E-07,13.121521,13.09030342,13.14235497,0.854729176,0.875781476,2.333467245,0,4800,0.065049745,3.094935417
2153,4,2,1,4799.234375,244.7116547,903.6763306,4.677171707,1.261879563,4.857664108,-0.411747009,-6.81482029,7.500048637,2.345963478,0.005059019,0.999999762,2.38E-07,13.12053585,13.09801579,13.13747311,0.855432153,0.873382211,2.331259727,0,4800,0.065189078,3.39993
2154,4,2,1,4794.538086,-173.0873871,891.649292,5.082634926,0.965903461,5.179166317,0.224978089,-6.301511765,7.27191925,2.344095707,0.004475985,0.999999762,2.38E-07,13.11561203,13.08564854,13.13484669,0.856734276,0.870790601,2.33567214,0,4800,0.065328561,3.704007149
2155,4,2,1,4798.232422,34.5148201,990.6810303,4.286868572,0.933980525,4.42457819,0.308773637,-6.014315605,6.744822025,2.349136591,0.004863589,0.999999762,2.38E-07,13.11974716,13.09009647,13.14480877,0.855178297,0.870848238,2.33567214,0,4800,0.065421052,3.063771963
2156,4,2,1,4798.936035,227.9918213,1076.521729,4.913945198,1.176885724,4.981915951,-0.416382939,-5.708551884,6.433413029,2.347532034,0.005596161,0.999999762,2.38E-07,13.11809254,13.09268188,13.13283062,0.856090546,0.87353313,2.335670948,0,4800,0.065561742,3.561810732
2157,4,2,1,4794.430176,-260.4356384,945.4325562,4.605563641,1.130923033,4.860316277,0.337535411,-5.851810455,7.803843021,2.348541737,0.005441471,0.999999762,2.38E-07,13.11518288,13.08584881,13.1374836,0.855818629,0.863343537,2.333467245,0,4800,0.065676495,3.336524963
2158,4,2,1,4798.67041,98.44463348,1023.838501,4.989537239,1.147365928,4.408697128,0.396748394,-6.690042019,7.244729042,2.349663258,0.005090172,0.999999762,2.38E-07,13.11881542,13.09430218,13.13689899,0.852254272,0.870512903,2.33567214,0,4800,0.065781973,3.585602283
2159,4,2,1,4795.784668,-96.35121155,1069.944458,4.854775429,1.10427177,5.036439896,-0.177844688,-6.551514626,6.666940689,2.348140478,0.005786715,0.999999762,2.38E-07,13.11526585,13.09050083,13.12854767,0.856267095,0.869710088,2.337878466,0,4800,0.065906711,3.504756689
2160,4,2,1,4797.51416,27.76143456,855.5993042,4.655090809,1.18106389,4.722235203,0.118960574,-5.938203335,6.694486618,2.347061157,0.004497398,0.999999762,2.38E-07,13.11280632,13.0847578,13.13849354,0.855362058,0.865555167,2.340083361,0,4800,0.066023014,3.388163567
2161,4,2,1,4799.626953,260.7355347,1099.640259,5.232896328,1.257001281,4.871613026,-0.043877825,-5.970723152,6.634542465,2.346853018,0.004640839,0.999999762,2.38E-07,13.1155653,13.09050941,13.13784027,0.854301512,0.87418288,2.331261158,0,4800,0.066143505,3.792911768
2162,4,2,1,4794.891602,-262.288147,917.8621216,4.310425758,0.921346307,4.752007008,-0.14419964,-5.822378635,6.056845665,2.349519491,0.004284481,0.999999762,2.38E-07,13.11747074,13.08964252,13.13812542,0.855848014,0.874812245,2.333466053,0,4800,0.066241413,3.101305962
2163,4,2,1,4798.867188,166.7209167,983.3892822,4.805742264,1.4016186,4.763411999,-0.09954372,-6.374204159,7.877917767,2.348124743,0.004116863,0.999999762,2.38E-07,13.11305809,13.09246159,13.12604809,0.855661213,0.871717751,2.33567214,0,4800,0.066371135,3.490257502
2164,4,2,1,4796.367188,-57.99178696,991.5324097,5.045286655,1.053117394,5.007941723,0.183971927,-6.351629734,6.694812775,2.348607302,0.004269888,0.999999762,2.38E-07,13.11535358,13.08948612,13.13112736,0.855634928,0.869763732,2.340083361,0,4800,0.066480733,3.663549423
2165,4,2,1,4796.124512,-157.6470947,1009.87085,4.753196239,0.869571388,4.646555424,0.018088264,-6.423593044,6.425666809,2.349838734,0.004102225,0.999999762,2.38E-07,13.11236,13.08072376,13.13374424,0.854226708,0.869624436,2.337878466,0,4800,0.066569768,3.426672697
2166,4,2,1,4799.558594,250.7747345,959.746582,4.674285889,1.113671422,4.852659702,0.134615585,-5.489514828,6.715569496,2.34800601,0.005356851,0.999999762,2.38E-07,13.11382771,13.08973312,13.13078213,0.857245982,0.873748839,2.33567214,0,4800,0.066704497,3.374555588
2167,4,2,1,4795.020996,-226.3999023,944.7294312,4.953080654,1.119544387,4.898317337,0.046744999,-5.917284012,7.30005455,2.351390362,0.005168755,0.999999762,2.38E-07,13.10943413,13.0826273,13.13547421,0.854355872,0.863786995,2.344495773,0,4800,0.066802345,3.608197689
2168,4,2,1,4798.997559,175.6533813,953.8868408,4.587495804,1.165658832,4.797864914,-0.374338686,-6.366524696,7.779201984,2.34991622,0.004263969,0.999999762,2.38E-07,13.11572552,13.08823872,13.12950897,0.855846643,0.876123011,2.342289686,0,4800,0.066921778,3.321923733
2169,4,2,1,4797.601074,70.33415985,1104.773315,4.770225048,1.074567556,5.033165932,0.264456362,-6.646181107,7.695155144,2.348372459,0.004147003,0.999999762,2.38E-07,13.11326313,13.0844059,13.13232517,0.858129561,0.875364006,2.337878466,0,4800,0.067045994,3.426784277
2170,4,2,1,4796.782227,-127.2154617,905.7651367,4.544222355,1.193249941,4.552373886,-0.260206968,-5.955638885,6.575934887,2.348934174,0.004452121,0.999999762,2.38E-07,13.11230469,13.08796501,13.13201904,0.854068279,0.8677333,2.333466053,0,4800,0.067125142,3.299415588
2171,4,2,1,4798.9375,198.4791107,1027.866943,5.150107861,1.370533347,4.978909492,-0.305535257,-6.140915871,6.497820377,2.347113848,0.004191855,0.999999762,2.38E-07,13.11188507,13.07686996,13.14213848,0.855166554,0.870445013,2.333466053,0,4800,0.067250431,3.764445543
2172,4,2,1,4793.824707,-351.6446533,972.1888428,4.695934772,0.991504073,4.8691926,0.651921213,-6.182726383,6.953487873,2.349383116,0.004471892,0.999999762,2.38E-07,13.11206627,13.08590794,13.13355827,0.85623759,0.872879088,2.340083361,0,4800,0.067352653,3.354743958
2173,4,2,1,4799.318848,160.6391296,972.1868286,4.544950008,1.305536628,4.640182018,-0.483617187,-6.096186638,4.908081532,2.348763704,0.005108427,0.999999762,2.38E-07,13.11363125,13.08820438,13.13110065,0.855159819,0.875869691,2.337878466,0,4800,0.067457445,3.280863762
2174,4,2,1,4798.331055,184.258316,1053.546631,4.826691628,1.280023575,5.22644043,-0.03637084,-6.354017735,7.54410696,2.345269918,0.005602766,0.999999762,2.38E-07,13.11050987,13.08224392,13.13027477,0.859021544,0.874272704,2.33567214,0,4800,0.067592986,3.52765584
2175,4,2,1,4796.449219,-178.2145081,1029.087158,4.632726192,1.094164848,4.528895855,0.464989781,-6.282771111,7.109278202,2.347559929,0.003876417,0.999999762,2.38E-07,13.1086216,13.08065701,13.12792492,0.854382038,0.86596477,2.333467245,0,4800,0.067657016,3.335440159
2176,4,2,1,4799.991211,218.3971863,913.1964722,4.646967411,0.920490205,4.701472282,-0.462341726,-6.234157085,6.220147133,2.346336126,0.003557229,0.999999762,2.38E-07,13.11302567,13.08945656,13.13142586,0.855205357,0.87251693,2.333466053,0,4800,0.067756653,3.349692822
2177,4,2,1,4794.161133,-288.4022217,903.7258301,4.905488968,0.958376706,5.078330994,0.482847065,-5.377915382,6.349855423,2.347103357,0.005420068,0.999999762,2.38E-07,13.1039896,13.07520103,13.12633038,0.857530594,0.874535799,2.33567214,0,4800,0.067874752,3.54254365
2178,4,2,1,4798.957031,108.1967468,895.0750122,4.684625626,1.146380782,4.59863472,0.06321983,-5.747639656,6.972783089,2.348268032,0.00475669,0.999999762,2.38E-07,13.10906219,13.08425236,13.1316061,0.854927182,0.868897557,2.340083361,0,4800,0.067967363,3.399872065
2179,4,2,1,4798.34082,117.2088776,1094.99707,4.88517952,1.023762941,5.007295132,-0.330890268,-6.151937962,7.63330555,2.346606016,0.004683421,0.999999762,2.38E-07,13.1112957,13.08366108,13.12854958,0.856626272,0.876333296,2.33567214,0,4800,0.068076901,3.52713871
2180,4,2,1,4795.352539,-246.7173309,961.3100586,4.316711426,1.051730394,4.708497047,0.330013454,-5.107383251,5.854846478,2.350733519,0.004815113,0.999999762,2.38E-07,13.10579967,13.07490349,13.12485218,0.856914341,0.873824418,2.335673571,0,4800,0.068169326,3.100144386
2181,4,2,1,4800.396973,273.096344,944.4581909,4.671069145,1.25478673,4.74127388,-0.397647828,-6.410324574,7.279126644,2.350312948,0.004296068,0.999999762,2.38E-07,13.10570049,13.07539082,13.12658596,0.855812788,0.870965004,2.335673571,0,4800,0.068274371,3.405635834
2182,4,2,1,4795.443848,-181.4704895,1015.736328,4.934032917,0.917346776,5.062474251,0.150585055,-6.032518864,6.031048775,2.349848986,0.004501629,0.999999762,2.38E-07,13.10594845,13.07908058,13.12610149,0.856704772,0.874059856,2.337878466,0,4800,0.068372078,3.575642824
2183,4,2,1,4798.416992,12.08441544,979.4078369,4.403578281,1.062643766,4.530910969,0.340312332,-5.819629192,7.046524525,2.348546267,0.004493186,0.999999762,2.38E-07,13.10569572,13.08062649,13.12487221,0.856166899,0.874340296,2.333467245,0,4800,0.068451479,3.149312496
2184,4,2,1,4799.209961,224.9586792,1043.675903,4.967407227,1.297656655,5.099169254,-0.335930914,-5.75158596,7.952493668,2.347863436,0.006065426,0.999999762,2.38E-07,13.10491943,13.08120441,13.12483692,0.857897282,0.878057122,2.331259727,0,4800,0.068579279,3.617891073
2185,4,2,1,4795.344238,-241.2298889,923.9917603,4.728732586,1.09432137,4.811244965,0.331018448,-6.284063339,7.771029472,2.346410036,0.004951144,0.999999762,2.38E-07,13.10412216,13.0779705,13.1226902,0.855876207,0.865919173,2.337877274,0,4800,0.068660438,3.432334661
2186,4,2,1,4798.664063,54.94062424,959.6615601,4.40842104,0.840769768,4.597173214,0.213489503,-6.215608597,7.243332386,2.347448587,0.004167733,0.999999762,2.38E-07,13.10988426,13.08542442,13.12377453,0.856416106,0.870756507,2.331261158,0,4800,0.068747327,3.165035486
2187,4,2,1,4796.557129,-82.57086182,1073.258911,4.884677887,1.188353539,5.021460533,-0.198453024,-6.16600132,6.678247452,2.346212149,0.004869054,0.999999762,2.38E-07,13.10357666,13.06850338,13.12907791,0.856813192,0.870309174,2.329054832,0,4800,0.068850286,3.530378819
2188,4,2,1,4798.083984,20.29228783,859.2739868,4.586445332,1.247295499,4.706064701,0.142186418,-5.791491508,6.760710716,2.348399639,0.004799682,0.999999762,2.38E-07,13.10127354,13.06948376,13.12372017,0.856219053,0.867377281,2.333467245,0,4800,0.06893938,3.340698242
2189,4,2,1,4799.976563,244.3391724,1094.878906,5.128036976,1.091956019,4.89267683,0.097194612,-5.958703041,7.201967716,2.347869635,0.004969092,0.999999762,2.38E-07,13.10229397,13.07733631,13.12344933,0.855809033,0.876878977,2.333466053,0,4800,0.069038324,3.716711283
2190,4,2,1,4795.773926,-241.4346771,915.5686035,4.307557583,0.989024758,4.708383083,-0.153919756,-5.967306137,6.036568642,2.347778797,0.00480813,0.999999762,2.38E-07,13.10454082,13.07389164,13.1271019,0.856525719,0.877447546,2.329054832,0,4800,0.069110699,3.101530313
2191,4,2,1,4799.802734,174.5619507,927.1755981,4.614486217,1.339038491,4.672083855,-0.133684888,-6.528825283,7.088927269,2.345562935,0.004375407,0.999999762,2.38E-07,13.10309029,13.07221317,13.11760998,0.856218278,0.872450948,2.33567214,0,4800,0.069204718,3.364414454
2192,4,2,1,4796.831055,-57.9941597,983.7547607,5.029366016,1.089270234,5.056223392,0.198517218,-6.306620598,6.78130722,2.344306469,0.0046205,0.999999762,2.38E-07,13.10101128,13.06769371,13.12317944,0.856814027,0.871810198,2.331261158,0,4800,0.069295108,3.654004574
2193,4,2,1,4797.061035,-133.6050262,1031.266235,4.509356976,0.933603227,4.574207306,-0.128169432,-6.056833744,6.703540802,2.347349405,0.005357012,0.999999762,2.38E-07,13.10083771,13.07495975,13.12027168,0.85557878,0.874872565,2.333467245,0,4800,0.069366433,3.244778156
2194,2,2,2,4774.408203,-1122.495239,1248.021606,0.582545221,1.428342342,0.556116879,0.089431509,-5.53334856,7.602638721,2.005038261,0.142007098,0.135085136,0.256661773,13.20685196,13.12598133,13.2518959,0.802960217,0.828918338,1.859239817,0,4800,0,0.361109436
2195,2,2,2,4702.114258,-3753.777588,1743.689331,-0.206265792,1.058422565,0.067610815,0.592115343,-5.783201694,5.602097034,1.744538307,0.113140792,0.016423197,0.064050473,13.24442863,13.21020889,13.26453876,0.753215432,0.778238356,1.649698019,0,4800,0,-0.202397212
2196,2,2,2,4621.135254,-3897.603027,1844.841675,0.183618098,1.001178741,0.008219896,-0.351960599,-6.542088032,5.654618263,1.569618106,0.078588016,0.001996677,0.011780396,13.27085781,13.23910809,13.29779625,0.709416509,0.731592834,1.508533478,0,4800,0,0.053842772
2197,2,2,2,4510.955078,-5385.215332,1830.38562,-0.172298953,1.094765067,0.000999347,0.072763421,-5.401049137,5.895321846,1.432881713,0.061900008,0.000242749,0.00191772,13.28252506,13.25319767,13.30757046,0.668499351,0.696162462,1.369573951,0,4800,0,-0.155351371
2198,2,2,2,4395.354492,-5874.12207,1769.609741,-0.143589839,1.099341989,0.000121497,0.118154697,-4.941354275,6.141141891,1.318163037,0.052159797,2.95126E-05,0.000292175,13.29790688,13.28157806,13.31415367,0.631454408,0.64880091,1.268110991,0,4800,0,-0.131240472
2199,2,2,2,4287.848145,-5274.859375,1460.802002,0.057058819,0.888462126,1.47712E-05,-0.409843832,-5.220113754,4.83545208,1.222192526,0.043119546,3.58805E-06,4.26978E-05,13.30638885,13.28954697,13.32757187,0.597541034,0.616456628,1.18208909,0,4800,0,-0.006855705
2200,2,2,2,4170.290527,-5713.82666,1695.920288,-0.004962202,0.899167657,1.79584E-06,0.090312824,-4.458704472,4.735564709,1.136513948,0.03829531,4.36E-07,6.0635E-06,13.30829906,13.29206371,13.32926083,0.565523148,0.581631064,1.093860984,0,4800,0,-0.038088642
2201,2,2,2,4050.578613,-6128.57959,1780.56311,0.012097012,0.896537602,2.18E-07,0.060450323,-3.879745007,3.9302001,1.063958526,0.033016957,5.30E-08,8.43E-07,13.31532955,13.29118538,13.33728504,0.534216166,0.547984898,1.025483608,0,4800,0,-0.020929163
2202,2,2,2,3944.385986,-5493.792969,1885.267578,-0.087809511,0.861909986,2.65E-08,0.282753825,-3.619166136,3.590322495,0.999772608,0.029060721,6.45E-09,1.15E-07,13.32710266,13.30425358,13.3466053,0.507627368,0.524034977,0.970342398,0,4800,0,-0.069343269
2203,2,2,2,3849.488525,-4461.705078,2011.934326,0.095876999,0.669221163,3.23E-09,-0.318219304,-4.483313084,3.401949406,0.946100533,0.024247788,7.84E-10,1.56E-08,13.32979488,13.30782795,13.34523582,0.481244296,0.496305674,0.921817183,0,4800,0,0.025531754
2204,2,2,2,3751.378662,-4347.260254,1814.415771,0.089081213,0.570063949,3.92E-10,-0.249988511,-3.360390902,3.447500467,0.896496356,0.021749511,9.53E-11,2.09E-09,13.33526134,13.31171036,13.3505621,0.455798298,0.470246404,0.873290658,0,4800,0,0.020738456
2205,2,2,2,3650.850098,-4837.44873,2077.445801,-0.040251236,0.571878135,4.77E-11,-0.021551056,-2.855475903,2.759313583,0.851231933,0.020421822,1.16E-11,2.77E-10,13.33616352,13.3149271,13.34887505,0.431560695,0.443027049,0.826970339,0,4800,0,-0.026453014
2206,2,2,2,3553.519775,-5266.897461,2173.74292,-0.184248522,0.529865146,5.80E-12,0.127743036,-2.26584816,2.34744668,0.807666481,0.018926198,1.41E-12,3.65E-11,13.33922863,13.3199749,13.35618591,0.40882507,0.42083922,0.785062492,0,4800,0,-0.073425442
2207,2,2,2,3465.514893,-5185.278809,1951.969116,-0.053582106,0.57644099,7.05E-13,0.430325061,-2.275447845,2.880307913,0.769702613,0.017780112,1.71E-13,4.78E-12,13.34280491,13.32802391,13.35875797,0.387813896,0.403999716,0.743154705,0,4800,0,-0.037351292
2208,2,2,2,3383.119141,-4954.388672,1794.043213,-0.120313056,0.576963723,8.57E-14,0.296407878,-2.039196253,2.213664532,0.733549178,0.016809497,2.08E-14,6.23E-13,13.34779549,13.33961105,13.36332798,0.368603706,0.380275279,0.71006912,0,4800,0,-0.053370222
2209,2,2,2,3306.481689,-4623.980957,1759.222168,-0.070280872,0.595708013,1.04E-14,0.196668625,-2.192477942,2.274296284,0.700144351,0.015426802,2.53E-15,8.08E-14,13.34996414,13.33443451,13.36148548,0.350685924,0.363597274,0.683599651,0,4800,0,-0.032114498
2210,2,2,2,3231.706543,-4486.603027,1863.501465,-0.013213466,0.526155174,1.27E-15,0.348007262,-2.102739811,2.348682642,0.669420004,0.014372785,3.08E-16,1.04E-14,13.35150719,13.34286022,13.3643322,0.333256334,0.345191479,0.652720332,0,4800,0,-0.018188337
2211,2,2,2,3161.452393,-4282.643555,1890.005981,0.047715396,0.52025038,1.54E-16,0.307156771,-1.922602534,1.988400102,0.640147924,0.013662724,3.74E-17,1.34E-15,13.35811996,13.34357452,13.36686039,0.316840351,0.330417782,0.621841013,0,4800,0,0.001215548
2212,2,2,2,3092.458496,-4245.089844,1790.709961,-0.075866394,0.531533122,1.87E-17,0.217481151,-1.936248779,1.707195044,0.613206625,0.013469331,4.55E-18,1.72E-16,13.36033821,13.35098267,13.36899471,0.302148849,0.315211296,0.597577751,0,4800,0,-0.029053072
2213,2,2,2,3025.730713,-4385.726074,1829.636719,-0.144376472,0.531019509,2.28E-18,0.338689178,-1.876200557,1.653586626,0.585639715,0.013904793,5.53E-19,2.21E-17,13.36434555,13.35313129,13.37402248,0.287571073,0.300480276,0.564492166,0,4800,0,-0.047176667
2214,2,2,2,2964.395264,-4282.011719,2074.838379,-0.050170038,0.555084467,2.77E-19,0.340452343,-1.676486135,2.19664526,0.561677217,0.012294084,6.72E-20,2.82E-18,13.36601067,13.35795307,13.37508011,0.273758262,0.285814494,0.546846271,0,4800,0,-0.022807501
2215,2,2,2,2905.172363,-4201.059082,2389.815674,-0.200728312,0.447228909,3.37E-20,0.213367984,-1.340149045,1.986770511,0.536535919,0.011979904,8.17E-21,3.59E-19,13.36722946,13.35607719,13.37739086,0.26177606,0.273714811,0.515966952,0,4800,0,-0.052391868
2216,2,2,2,2856.175293,-3428.645996,2534.350342,-0.06914793,0.383297175,4.09E-21,-0.022027506,-1.709684372,1.648913026,0.517034471,0.009400751,9.94E-22,4.56E-20,13.36940956,13.36297798,13.37823772,0.250179201,0.261266083,0.504937172,0,4800,0,-0.019572312
2217,2,2,2,2810.218018,-2255.249512,2136.266113,0.002290085,0.485476226,4.97E-22,-0.244692624,-1.471769094,1.453636408,0.495619953,0.009247886,1.21E-22,5.79E-21,13.37454605,13.36661625,13.38286114,0.23960413,0.246839955,0.47626406,0,4800,0,-0.004685374
2218,2,2,2,2761.345947,-1265.683594,1894.716064,0.05321914,0.414457291,6.05E-23,-0.433608323,-1.471640706,1.99244523,0.47519204,0.008930041,1.47E-23,7.33E-22,13.37721539,13.36530781,13.38633728,0.230785951,0.234325767,0.458618164,0,4800,0,0.003950195
2219,2,2,2,2702.829834,-1304.337646,2460.156982,0.104402974,0.419401586,7.35E-24,-0.192515999,-1.346875787,1.782487631,0.454397649,0.009178021,1.79E-24,9.27E-23,13.38066673,13.37146854,13.39064503,0.220482215,0.225825489,0.443178505,0,4800,0,0.014571492
2220,2,2,2,2634.76001,-2659.15918,2042.345459,0.002594859,0.40709132,8.94E-25,0.125105634,-1.105382323,1.554047823,0.434836477,0.008940449,2.17E-25,1.17E-23,13.3812809,13.37172031,13.3887291,0.20984748,0.213806883,0.418915242,0,4800,0,-0.004337025
2221,2,2,2,2577.536621,-3711.451172,1861.417603,-0.09932892,0.383608699,1.09E-25,0.228550926,-1.328846812,1.504767179,0.419513345,0.007382008,2.64E-26,1.48E-24,13.38477802,13.37497807,13.39346218,0.199484661,0.211224407,0.407888025,0,4800,0,-0.023505878
2222,2,2,2,2533.886963,-3727.397217,2600.006104,-0.112996876,0.403991163,1.32E-26,0.129199818,-1.229269862,1.567372084,0.401705116,0.008686232,3.21E-27,1.86E-25,13.38540077,13.37578297,13.3942337,0.190821484,0.199674174,0.388035923,0,4800,0,-0.024496591
2223,2,2,2,2507.514648,-1759.27356,2204.217529,0.048297334,0.30934751,1.61E-27,-0.19156535,-1.267536521,0.964486897,0.389425755,0.005474169,3.90E-28,2.34E-26,13.38966274,13.38031101,13.39917564,0.183914587,0.189163357,0.383624762,0,4800,0,0.0038522
2224,2,2,2,2463.757324,-682.9122925,2372.803223,0.133996964,0.312549204,1.95E-28,-0.261113495,-1.138638139,1.427225471,0.373461187,0.006703001,4.74E-29,2.94E-27,13.38952827,13.37805367,13.39421272,0.177880287,0.180985034,0.361567736,0,4800,0,0.016935833
2225,2,2,2,2394.013184,-2578.736328,1968.414673,-0.004926307,0.330890805,2.37E-29,0.122739755,-0.675700009,1.149565339,0.35714519,0.006276033,5.77E-30,3.69E-28,13.39425087,13.38308525,13.40212345,0.168796182,0.174347147,0.348334283,0,4800,0,-0.00426571
2226,2,2,2,2346.513916,-3638.77417,2097.448975,0.035716839,0.479665577,2.89E-30,0.218428239,-1.139018297,1.053370714,0.341988057,0.007502251,7.01E-31,4.62E-29,13.39520359,13.3893013,13.39960003,0.160413444,0.16929689,0.326275945,0,4800,0,-0.000131652
2227,2,2,2,2325.779297,-1895.009644,2259.273438,-0.062802747,0.39740032,3.51E-31,-0.205045849,-1.170607924,1.102056026,0.330814362,0.005463808,8.52E-32,5.79E-30,13.39754009,13.38919544,13.40484905,0.156122178,0.161627486,0.324069738,0,4800,0,-0.011116965
2228,2,2,2,2289.07251,-405.8769836,2351.915283,0.131424755,0.277744889,4.27E-32,-0.32410872,-1.14155364,0.833540499,0.317912996,0.005555767,1.04E-32,7.24E-31,13.39789963,13.39001083,13.40346527,0.150958493,0.153567001,0.310836285,0,4800,0,0.014778395
2229,2,2,2,2219.827637,-2868.933594,1826.047729,0.103309557,0.36850369,5.19E-33,0.170620665,-0.401511192,0.799214602,0.30266127,0.006238653,1.26E-33,9.06E-32,13.40034866,13.39405346,13.41092777,0.14312546,0.147193924,0.295396626,0,4800,0,0.007665032
2230,2,2,2,2189.271973,-2989.496582,2289.690674,-0.148924068,0.312321514,6.31E-34,0.074224666,-0.938833654,0.817958534,0.291269332,0.005738959,1.53E-34,1.13E-32,13.40199852,13.39715576,13.40853214,0.138190717,0.146125466,0.284366816,0,4800,0,-0.020205289
