timestamp,packet_id,super_state,mc_state,ctrl_mode,rpm,accel_avg,accel_mad,iq_avg,iq_mad,iq_target,id_avg,id_min,id_max,if_avg,if_mad,field_pwm_avg,field_pwm_mad,vbus_avg,vbus_min,vbus_max,duty_avg,duty_max,if_min,stator_fw_id,speed_target,speed_i_term,i_bus
1787296663542,0,0,0,10,-0.058378640562295914,-6.272336959838867,68.5881118774414,0,0,0,0,0,0,0.0013860836625099182,0.002065730979666114,0,0,12.818982124328613,12.812990188598633,12.823309898376465,0.015237843617796898,0.016530580818653107,0,0,0,0,0
1787296663562,1,0,0,10,0.06396939605474472,5.008479595184326,68.25550842285156,0,0,0,0,0,0,0.0015342786209657788,0.0013699132250621915,0,0,12.818002700805664,12.807755470275879,12.822714805603027,0.015056858770549297,0.016164271160960197,0,0,0,0,0
1787296663582,2,0,0,10,0.06046133115887642,6.510345935821533,96.93354797363281,0,0,0,0,0,0,0.0015632117865607142,0.0019586908165365458,0,0,12.818624496459961,12.814815521240234,12.824090957641602,0.015033532865345478,0.01685435324907303,0,0,0,0,0
1787296663602,3,0,0,10,0.07247257232666016,5.668654441833496,98.67710876464844,0,0,0,0,0,0,0.0011786542600020766,0.0015847834292799234,0,0,12.819364547729492,12.811928749084473,12.82485580444336,0.015283996239304543,0.01659212075173855,0,0,0,0,0
1787296663622,4,0,0,10,-0.0353609174489975,-5.931619167327881,80.20999908447266,0,0,0,0,0,0,0.0018143377965316176,0.0018941074376925826,0,0,12.818199157714844,12.80467414855957,12.825986862182617,0.015060565434396267,0.016220873221755028,0,0,0,0,0
1787296663643,5,0,0,10,-0.14327655732631683,-15.805010795593262,126.33663177490234,0,0,0,0,0,0,0.0016456142766401172,0.002117888070642948,0,0,12.817811965942383,12.812108993530273,12.828292846679688,0.015278362669050694,0.017701007425785065,0,0,0,0,0
1787296663663,6,0,0,10,-0.10622130334377289,-6.694629192352295,88.50654602050781,0,0,0,0,0,0,0.0012571467086672783,0.0011968156322836876,0,0,12.818031311035156,12.810883522033691,12.823911666870117,0.01555452961474657,0.016281189396977425,0,0,0,0,0
1787296663683,7,0,0,10,-0.07653901726007462,-7.052535057067871,86.07939147949219,0,0,0,0,0,0,0.0010754618560895324,0.0014558063121512532,0,0,12.817980766296387,12.809394836425781,12.82447338104248,0.015251068398356438,0.016516605392098427,0,0,0,0,0
1787296663703,8,0,0,10,-0.03091500885784626,1.7184303998947144,35.04090118408203,0,0,0,0,0,0,0.0011351722059771419,0.0010783049510791898,0,0,12.817919731140137,12.812560081481934,12.824179649353027,0.015244322828948498,0.016391340643167496,0,0,0,0,0
1787296663723,9,0,0,10,0.17233338952064514,28.96813201904297,93.56413269042969,0,0,0,0,0,0,0.001829331973567605,0.0016449445392936468,0,0,12.816987991333008,12.811238288879395,12.82086181640625,0.01530042290687561,0.016612553969025612,0,0,0,0,0
1787296663743,10,0,0,10,-0.03903081640601158,6.879491806030273,51.35183334350586,0,0,0,0,0,0,0.0007650232291780412,0.001080907299183309,0,0,12.81967830657959,12.812704086303711,12.827654838562012,0.01540230680257082,0.016198350116610527,0,0,0,0,0
1787296663763,11,0,0,10,-0.03295945003628731,2.528888463973999,50.1219482421875,0,0,0,0,0,0,0.00141123216599226,0.0013518891064450145,0,0,12.817728996276855,12.811810493469238,12.823503494262695,0.01535817887634039,0.01682254858314991,0,0,0,0,0
1787296663783,12,0,0,10,-0.013196387328207493,-6.587733268737793,76.21688842773438,0,0,0,0,0,0,0.0009674906032159925,0.001398467575199902,0,0,12.818650245666504,12.814762115478516,12.82293701171875,0.015076647512614727,0.01643550768494606,0,0,0,0,0
1787296663803,13,0,0,10,0.06631018966436386,10.795884132385254,82.55485534667969,0,0,0,0,0,0,0.0014424502151086926,0.0015987138031050563,0,0,12.818313598632812,12.811105728149414,12.822162628173828,0.01515184435993433,0.016247835010290146,0,0,0,0,0
1787296663823,14,0,0,10,-0.05965165048837662,-5.525963306427002,106.32640075683594,0,0,0,0,0,0,0.002210518578067422,0.001636686036363244,0,0,12.818601608276367,12.814826965332031,12.822504997253418,0.015473118983209133,0.016853326931595802,0,0,0,0,0
1787296663843,15,0,0,10,0.1061592623591423,14.295626640319824,93.53550720214844,0,0,0,0,0,0,0.001871702610515058,0.0019119486678391695,0,0,12.818154335021973,12.812188148498535,12.824204444885254,0.015271824784576893,0.01636730320751667,0,0,0,0,0
1787296663863,16,0,0,10,-0.06958866864442825,2.3908963203430176,125.70281982421875,0,0,0,0,0,0,0.0012634857557713985,0.001671508769504726,0,0,12.817975044250488,12.8100004196167,12.823962211608887,0.015591251663863659,0.016877053305506706,0,0,0,0,0
1787296663883,17,0,0,10,-0.1609085649251938,-13.545722007751465,105.5383529663086,0,0,0,0,0,0,0.0029304232448339462,0.00196834746748209,0,0,12.818984031677246,12.814925193786621,12.82343864440918,0.01552698202431202,0.01700146496295929,0,0,0,0,0
1787296663904,18,0,0,10,0.03520752489566803,12.425487518310547,132.50355529785156,0,0,0,0,0,0,0.0029327550437301397,0.0023224111646413803,0,0,12.820023536682129,12.816435813903809,12.823457717895508,0.015475139953196049,0.0162891186773777,0,0,0,0,0
1787296663924,19,0,0,10,-0.01646299473941326,5.738457202911377,107.5388412475586,0,0,0,0,0,0,0.0027906596660614014,0.00224230345338583,0,0,12.819058418273926,12.811767578125,12.826361656188965,0.015355439856648445,0.016594884917140007,0,0,0,0,0
1787296663944,20,0,0,10,0.128811314702034,9.69165325164795,82.08158111572266,0,0,0,0,0,0,0.0030469673220068216,0.0020090702455490828,0,0,12.818452835083008,12.81340503692627,12.825321197509766,0.015384706668555737,0.016496704891324043,0,0,0,0,0
1787296663964,21,0,0,10,0.006385124288499355,-0.6435823440551758,145.2369384765625,0,0,0,0,0,0,0.003232585731893778,0.001967700896784663,0,0,12.818039894104004,12.814386367797852,12.822912216186523,0.015437566675245762,0.01649441383779049,0,0,0,0,0
1787296663984,22,0,0,10,-0.1397138237953186,-16.58203887939453,111.32859802246094,0,0,0,0,0,0,0.004076285287737846,0.0024867418687790632,0,0,12.817686080932617,12.808658599853516,12.822214126586914,0.015521046705543995,0.01656671240925789,0,0,0,0,0
1787296664004,23,0,0,10,0.10193855315446854,22.57441520690918,155.47543334960938,0,0,0,0,0,0,0.004262944217771292,0.0027083775494247675,0,0,12.816864013671875,12.811113357543945,12.82265853881836,0.015859074890613556,0.017066966742277145,0,0,0,0,0
1787296664024,24,0,0,10,0.06354605406522751,1.606598138809204,134.14833068847656,0,0,0,0,0,0,0.006235338281840086,0.002663267310708761,0,0,12.81692123413086,12.813006401062012,12.823004722595215,0.015620438382029533,0.016834495589137077,0,0,0,0,0
1787296664045,25,0,0,10,-0.30205124616622925,-36.53338623046875,174.7844696044922,0,0,0,0,0,0,0.004233119077980518,0.001875176909379661,0,0,12.818180084228516,12.811331748962402,12.826994895935059,0.015275801531970501,0.016114305704832077,0,0,0,0,0
1787296664064,26,0,0,10,0.2896905541419983,20.3486328125,118.96113586425781,0,0,0,0,0,0,0.005511065479367971,0.0017556571401655674,0,0,12.817787170410156,12.8115816116333,12.82239055633545,0.015256785787642002,0.016928961500525475,0,0,0,0,0
1787296664084,27,0,0,10,-0.17799562215805054,-23.70783233642578,146.04884338378906,0,0,0,0,0,0,0.0050690192729234695,0.0021774698980152607,0,0,12.819063186645508,12.81333065032959,12.822774887084961,0.01510542444884777,0.015834981575608253,0.002037821337580681,0,0,0,0
1787296664105,28,0,0,10,0.13640207052230835,0.06447502225637436,173.5462646484375,0,0,0,0,0,0,0.0051838792860507965,0.002656618831679225,0,0,12.8193359375,12.813701629638672,12.823591232299805,0.015480472706258297,0.016723934561014175,0,0,0,0,0
1787296664124,29,0,0,10,-0.11996178328990936,-18.843259811401367,169.87249755859375,0,0,0,0,0,0,0.003953395877033472,0.0019519042689353228,0,0,12.818900108337402,12.811497688293457,12.826045036315918,0.015263868495821953,0.016185244545340538,0,0,0,0,0
1787296664145,30,0,0,10,-0.1917475461959839,-18.94500732421875,112.67803192138672,0,0,0,0,0,0,0.003275761380791664,0.002462331671267748,0,0,12.816754341125488,12.81120491027832,12.824457168579102,0.015416325069963932,0.016834432259202003,0,0,0,0,0
1787296664165,31,0,0,10,0.3900383710861206,29.918607711791992,198.69300842285156,0,0,0,0,0,0,0.0050116912461817265,0.003312368644401431,0,0,12.81771469116211,12.813759803771973,12.824004173278809,0.015580223873257637,0.017018400132656097,0,0,0,0,0
1787296664185,32,0,0,10,-0.052241481840610504,-11.100555419921875,184.87747192382812,0,0,0,0,0,0,0.0036112815141677856,0.002254894934594631,0,0,12.818227767944336,12.811492919921875,12.827882766723633,0.015137238427996635,0.016630755737423897,0,0,0,0,0
1787296664205,33,0,0,10,-0.052252866327762604,-12.386598587036133,210.89089965820312,0,0,0,0,0,0,0.0038858859334141016,0.001477256533689797,0,0,12.818032264709473,12.814309120178223,12.826409339904785,0.015361662022769451,0.016280751675367355,0,0,0,0,0
1787296664225,34,0,0,10,-0.054040830582380295,-4.988454341888428,141.39559936523438,0,0,0,0,0,0,0.004142985679209232,0.0017931499751284719,0,0,12.819713592529297,12.810446739196777,12.82669734954834,0.015415097586810589,0.016662877053022385,0,0,0,0,0
1787296664245,35,0,0,10,0.15705326199531555,15.571162223815918,135.78892517089844,0,0,0,0,0,0,0.002334289252758026,0.0018750797025859356,0,0,12.81853199005127,12.811249732971191,12.823179244995117,0.015177503228187561,0.016958406195044518,0,0,0,0,0
1787296664265,36,0,0,10,-0.31316736340522766,-23.070270538330078,157.80642700195312,0,0,0,0,0,0,0.0035151808988302946,0.002283490961417556,0,0,12.81875991821289,12.813655853271484,12.823338508605957,0.015286999754607677,0.01690908707678318,0,0,0,0,0
1787296664285,37,0,0,10,0.1673526167869568,21.93763542175293,177.9488525390625,0,0,0,0,0,0,0.00434800423681736,0.0022620412055402994,0,0,12.81848430633545,12.81440544128418,12.823585510253906,0.015276811085641384,0.016702959313988686,0,0,0,0,0
1787296664306,38,0,0,10,-0.11735661327838898,-2.3374176025390625,116.4981460571289,0,0,0,0,0,0,0.0022581955417990685,0.002152110217139125,0,0,12.817831993103027,12.81387996673584,12.823379516601562,0.015358704142272472,0.016981204971671104,0,0,0,0,0
1787296664326,39,0,0,10,0.19384993612766266,32.18634033203125,119.0916976928711,0,0,0,0,0,0,0.0027764160186052322,0.002266219351440668,0,0,12.819098472595215,12.814749717712402,12.824079513549805,0.015238246880471706,0.016564611345529556,0,0,0,0,0
1787296664346,40,0,0,10,0.1946200281381607,26.09565544128418,96.10604095458984,0,0,0,0,0,0,0.0026235843542963266,0.0015305946581065655,0,0,12.818718910217285,12.814669609069824,12.824145317077637,0.015238657593727112,0.015934964641928673,0,0,0,0,0
1787296664366,41,0,0,10,0.020320914685726166,-4.468559741973877,121.38544464111328,0,0,0,0,0,0,0.003063546260818839,0.002284203190356493,0,0,12.819634437561035,12.814784049987793,12.823802947998047,0.015103835612535477,0.01601720228791237,0,0,0,0,0
1787296664386,42,0,0,10,0.19349779188632965,9.457048416137695,162.7063751220703,0,0,0,0,0,0,0.003206948284059763,0.002608528593555093,0,0,12.817818641662598,12.813469886779785,12.825349807739258,0.015290791168808937,0.01623770222067833,0,0,0,0,0
1787296664406,43,0,0,10,-0.06548736244440079,-15.777190208435059,144.22398376464844,0,0,0,0,0,0,0.0030172844417393208,0.002290620468556881,0,0,12.819068908691406,12.812444686889648,12.824041366577148,0.01550344005227089,0.016630539670586586,0,0,0,0,0
1787296664426,44,0,0,10,0.00039550932706333697,-6.40205717086792,137.33770751953125,0,0,0,0,0,0,0.002549723954871297,0.0020817723125219345,0,0,12.818285942077637,12.815372467041016,12.824548721313477,0.015446670353412628,0.01674819551408291,0,0,0,0,0
1787296664446,45,0,0,10,0.14493519067764282,5.397999286651611,149.84304809570312,0,0,0,0,0,0,0.0034362610895186663,0.002676120726391673,0,0,12.818694114685059,12.81379508972168,12.825098037719727,0.0154579421505332,0.01635858602821827,0,0,0,0,0
1787296664466,46,0,0,10,0.03859899938106537,4.487283229827881,93.52448272705078,0,0,0,0,0,0,0.0013987621059641242,0.0017939811805263162,0,0,12.816539764404297,12.81120777130127,12.821779251098633,0.01559413317590952,0.016628967598080635,0,0,0,0,0
1787296664487,47,0,0,10,0.3705611228942871,36.11112594604492,101.51077270507812,0,0,0,0,0,0,0.001812692149542272,0.0016139339422807097,0,0,12.815814018249512,12.810763359069824,12.82263469696045,0.015216100960969925,0.01615884155035019,0,0,0,0,0
1787296664507,48,0,0,10,-0.15960003435611725,-17.50586700439453,88.0115966796875,0,0,0,0,0,0,0.0020200079306960106,0.0016879700124263763,0,0,12.818276405334473,12.813493728637695,12.825175285339355,0.015497204847633839,0.01723828725516796,0,0,0,0,0
1787296664527,49,0,0,10,0.12271016091108322,8.134051322937012,97.17860412597656,0,0,0,0,0,0,0.0035272862296551466,0.0023706727661192417,0,0,12.818538665771484,12.80965518951416,12.825431823730469,0.015356132760643959,0.01632964238524437,0,0,0,0,0
1787296664547,50,0,0,10,0.03504840284585953,4.244938850402832,90.33841705322266,0,0,0,0,0,0,0.00254184752702713,0.0022577187046408653,0,0,12.817303657531738,12.811615943908691,12.825122833251953,0.01549203135073185,0.01696770079433918,0,0,0,0,0
1787296664567,51,0,0,10,0.04072782024741173,1.7724056243896484,97.14790344238281,0,0,0,0,0,0,0.0030847436282783747,0.001990880584344268,0,0,12.817136764526367,12.8140869140625,12.823164939880371,0.015456299297511578,0.016738547012209892,0,0,0,0,0
1787296664587,52,0,0,10,-0.02858256734907627,-2.7536089420318604,94.30354309082031,0,0,0,0,0,0,0.0019082559738308191,0.0014659843873232603,0,0,12.817357063293457,12.813005447387695,12.822677612304688,0.015551825985312462,0.016307447105646133,0,0,0,0,0
1787296664607,53,0,0,10,-0.06302034109830856,-12.64840030670166,102.42073822021484,0,0,0,0,0,0,0.0038953188341110945,0.0029408414848148823,0,0,12.818912506103516,12.814115524291992,12.823802947998047,0.015352747403085232,0.016221828758716583,0,0,0,0,0
1787296664627,54,0,0,10,0.003061555791646242,2.2510907649993896,132.07730102539062,0,0,0,0,0,0,0.0024205604568123817,0.0022598779760301113,0,0,12.817071914672852,12.811575889587402,12.820732116699219,0.015539110638201237,0.017022594809532166,0,0,0,0,0
1787296664647,55,0,0,10,0.030430946499109268,2.0355093479156494,129.49484252929688,0,0,0,0,0,0,0.0031207709107548,0.0029022335074841976,0,0,12.819377899169922,12.816631317138672,12.823736190795898,0.015538444742560387,0.016403747722506523,0,0,0,0,0
1787296664667,56,0,0,10,-0.15779201686382294,-10.695099830627441,85.54576873779297,0,0,0,0,0,0,0.0011679647723212838,0.00196920451708138,0,0,12.819613456726074,12.814245223999023,12.823332786560059,0.015578225255012512,0.01709963008761406,0,0,0,0,0
1787296664687,57,0,0,10,-0.12694226205348969,-12.517574310302734,99.29193115234375,0,0,0,0,0,0,0.0021769627928733826,0.0018943670438602567,0,0,12.818864822387695,12.812946319580078,12.824886322021484,0.01545930840075016,0.016911303624510765,0,0,0,0,0
1787296664707,58,0,0,10,-0.07404637336730957,-1.9161823987960815,51.921451568603516,0,0,0,0,0,0,0.0013344396138563752,0.0013702772557735443,0,0,12.819091796875,12.813432693481445,12.825615882873535,0.015460919588804245,0.01660308614373207,0,0,0,0,0
1787296664728,59,0,0,10,0.024547595530748367,6.788905143737793,74.24909973144531,0,0,0,0,0,0,0.0019883066415786743,0.0021476128604263067,0,0,12.818127632141113,12.813335418701172,12.822125434875488,0.015147233381867409,0.01598978415131569,0,0,0,0,0
1787296664748,60,0,0,10,-0.05603045970201492,-8.928004264831543,103.93598937988281,0,0,0,0,0,0,0.002310981508344412,0.0019167510326951742,0,0,12.818490028381348,12.813054084777832,12.82314395904541,0.015336457639932632,0.01661938987672329,0,0,0,0,0
1787296664768,61,0,0,10,-0.06278444826602936,-9.325093269348145,130.3794403076172,0,0,0,0,0,0,0.0015694075264036655,0.0012312958715483546,0,0,12.819087982177734,12.814868927001953,12.823626518249512,0.015454178676009178,0.01647769659757614,0,0,0,0,0
1787296664788,62,0,0,10,0.22952599823474884,20.80498695373535,127.70873260498047,0,0,0,0,0,0,0.0026164294686168432,0.0017189616337418556,0,0,12.81800365447998,12.811450958251953,12.822280883789062,0.015505877323448658,0.016583364456892014,0,0,0,0,0
1787296664808,63,0,0,10,0.1363958865404129,14.275495529174805,123.6890869140625,0,0,0,0,0,0,0.003022699849680066,0.0016778772696852684,0,0,12.819229125976562,12.814685821533203,12.825122833251953,0.015488875098526478,0.016629623249173164,0,0,0,0,0
1787296664828,64,0,0,10,-0.03953869268298149,-7.5724687576293945,125.264892578125,0,0,0,0,0,0,0.001708238385617733,0.001989668235182762,0,0,12.818214416503906,12.812952995300293,12.824703216552734,0.015527652576565742,0.01695115491747856,0,0,0,0,0
1787296664849,65,0,0,10,-0.08998988568782806,-21.164737701416016,175.89041137695312,0,0,0,0,0,0,0.0028102421201765537,0.00207340344786644,0,0,12.817874908447266,12.812586784362793,12.825045585632324,0.01539778895676136,0.016305439174175262,0,0,0,0,0
1787296664868,66,0,0,10,-0.06640184670686722,-5.64007043838501,86.33851623535156,0,0,0,0,0,0,0.0022487156093120575,0.002222087001428008,0,0,12.817014694213867,12.812018394470215,12.824394226074219,0.01541435532271862,0.016606265679001808,0,0,0,0,0
1787296664889,67,0,0,10,-0.0898548811674118,-7.520277976989746,67.37260437011719,0,0,0,0,0,0,0.002220812952145934,0.002203688956797123,0,0,12.819040298461914,12.81334114074707,12.825047492980957,0.015353923663496971,0.01645546592772007,0,0,0,0,0
1787296664909,68,0,0,10,0.05790943652391434,4.5028886795043945,101.24076843261719,0,0,0,0,0,0,0.0024610001128166914,0.001579825533553958,0,0,12.816301345825195,12.812196731567383,12.8206148147583,0.015326852910220623,0.01627763733267784,0,0,0,0,0
1787296664929,69,0,0,10,-0.22813531756401062,-22.76145362854004,109.13140869140625,0,0,0,0,0,0,0.002367387991398573,0.0017997442046180367,0,0,12.817994117736816,12.812849044799805,12.82303237915039,0.015282316133379936,0.01662950962781906,0,0,0,0,0
1787296664949,70,0,0,10,-0.036955296993255615,6.160000801086426,57.38363265991211,0,0,0,0,0,0,0.0012888192432001233,0.0014301050687208772,0,0,12.817296028137207,12.81225872039795,12.824738502502441,0.015319309197366238,0.01674581691622734,0,0,0,0,0
1787296664969,71,0,0,10,0.06932791322469711,7.20216178894043,74.2462158203125,0,0,0,0,0,0,0.0013181815156713128,0.0016824174672365189,0,0,12.818740844726562,12.812450408935547,12.82406234741211,0.015112983994185925,0.017159506678581238,0,0,0,0,0
1787296664989,72,0,0,10,-0.005104712676256895,-6.324553966522217,98.98345184326172,0,0,0,0,0,0,0.0019967041444033384,0.0015546249924227595,0,0,12.818530082702637,12.814887046813965,12.824044227600098,0.015259510837495327,0.016199465841054916,0,0,0,0,0
1787296665009,73,0,0,10,0.05137098953127861,-3.0886781215667725,111.16635131835938,0,0,0,0,0,0,0.002873710822314024,0.0023013188038021326,0,0,12.819993019104004,12.81183910369873,12.825380325317383,0.015385755337774754,0.016663886606693268,0,0,0,0,0
1787296665029,74,0,0,10,0.04344182461500168,6.692482948303223,80.35372924804688,0,0,0,0,0,0,0.001135834027081728,0.0014000695664435625,0,0,12.816794395446777,12.806721687316895,12.823287010192871,0.015381506644189358,0.01679443195462227,0,0,0,0,0
1787296665049,75,0,0,10,-0.06990986317396164,-9.383734703063965,102.0146713256836,0,0,0,0,0,0,0.0016708312323316932,0.0015529874945059419,0,0,12.819111824035645,12.814894676208496,12.828636169433594,0.015121889300644398,0.016233941540122032,0,0,0,0,0
1787296665069,76,0,0,10,0.10740771144628525,7.3176069259643555,102.47579193115234,0,0,0,0,0,0,0.0022411353420466185,0.001899061375297606,0,0,12.818074226379395,12.812793731689453,12.824909210205078,0.01517186127603054,0.016486842185258865,0,0,0,0,0
1787296665089,77,0,0,10,-0.005011883098632097,-9.453840255737305,107.7489242553711,0,0,0,0,0,0,0.004104312509298325,0.0017079046228900552,0,0,12.817403793334961,12.812151908874512,12.822989463806152,0.015562950633466244,0.016597425565123558,0,0,0,0,0
1787296665110,78,0,0,10,-0.0558660589158535,-11.818464279174805,84.95672607421875,0,0,0,0,0,0,0.0028655938804149628,0.001389297191053629,0,0,12.816604614257812,12.808728218078613,12.822225570678711,0.01544453389942646,0.01659981906414032,0,0,0,0,0
1787296665130,79,0,0,10,0.03959343209862709,-1.4470676183700562,139.88059997558594,0,0,0,0,0,0,0.004002455621957779,0.002360871760174632,0,0,12.818062782287598,12.814765930175781,12.826583862304688,0.015511284582316875,0.016468647867441177,0,0,0,0,0
1787296665150,80,0,0,10,-0.12421911954879761,-13.53687858581543,95.518798828125,0,0,0,0,0,0,0.00196852651424706,0.0023997724056243896,0,0,12.81594467163086,12.811688423156738,12.82380485534668,0.015515723265707493,0.01615425944328308,0,0,0,0,0
1787296665170,81,0,0,10,-0.11424529552459717,-11.189408302307129,94.1979751586914,0,0,0,0,0,0,0.002751124557107687,0.002247483702376485,0,0,12.81717586517334,12.813777923583984,12.827032089233398,0.01529540866613388,0.016245098784565926,0,0,0,0,0
1787296665190,82,0,0,10,0.014666532166302204,4.772003173828125,70.10418701171875,0,0,0,0,0,0,0.0022408778313547373,0.001893163425847888,0,0,12.815677642822266,12.808950424194336,12.818900108337402,0.015266509726643562,0.016722537577152252,0,0,0,0,0
1787296665210,83,0,0,10,0.05010448768734932,11.239514350891113,107.89732360839844,0,0,0,0,0,0,0.002332510659471154,0.0017284030327573419,0,0,12.816526412963867,12.812026023864746,12.820856094360352,0.015515880659222603,0.016497600823640823,0,0,0,0,0
1787296665230,84,0,0,10,-0.025264831259846687,-1.7766433954238892,119.25852966308594,0,0,0,0,0,0,0.002312102122232318,0.00188807537779212,0,0,12.817785263061523,12.814671516418457,12.821784973144531,0.015454277396202087,0.0166016798466444,0,0,0,0,0
1787296665250,85,0,0,10,0.154157817363739,18.561120986938477,96.71083068847656,0,0,0,0,0,0,0.003165608271956444,0.001412185258232057,0,0,12.817411422729492,12.81092643737793,12.824845314025879,0.015394845046103,0.016703452914953232,0,0,0,0,0
1787296665270,86,0,0,10,0.035275861620903015,-2.222411870956421,115.66545104980469,0,0,0,0,0,0,0.00216665118932724,0.0021304483525455,0,0,12.817258834838867,12.807873725891113,12.822166442871094,0.015409241430461407,0.017009640112519264,0,0,0,0,0
1787296665290,87,0,0,10,0.14692558348178864,8.447518348693848,138.7342071533203,0,0,0,0,0,0,0.0030291900038719177,0.002096855081617832,0,0,12.817638397216797,12.814593315124512,12.824524879455566,0.015330202877521515,0.016963189467787743,0,0,0,0,0
1787296665310,88,0,0,10,0.04545288160443306,5.259889125823975,66.798583984375,0,0,0,0,0,0,0.0015457883710041642,0.0016939304769039154,0,0,12.817279815673828,12.813236236572266,12.82080078125,0.015306319110095501,0.015976615250110626,0,0,0,0,0
1787296665331,89,0,0,10,-0.18876616656780243,-22.62174415588379,135.82589721679688,0,0,0,0,0,0,0.0022426273208111525,0.0021162512712180614,0,0,12.81847858428955,12.814111709594727,12.82485294342041,0.015109756030142307,0.015828240662813187,0,0,0,0,0
1787296665351,90,0,0,10,0.02937730960547924,7.211431980133057,97.2239990234375,0,0,0,0,0,0,0.0015001456486061215,0.0016039038309827447,0,0,12.816237449645996,12.81047534942627,12.822145462036133,0.015200555324554443,0.016782067716121674,0,0,0,0,0
1787296665371,91,0,0,10,-0.0470314547419548,-1.2292335033416748,74.60455322265625,0,0,0,0,0,0,0.002526461146771908,0.0018541201716288924,0,0,12.816793441772461,12.813545227050781,12.824787139892578,0.01523418165743351,0.016507413238286972,0,0,0,0,0
1787296665391,92,0,0,10,-0.06266124546527863,-3.4729456901550293,76.01044464111328,0,0,0,0,0,0,0.001719120074994862,0.0015115294372662902,0,0,12.81556224822998,12.811240196228027,12.818697929382324,0.015119984745979309,0.01674695312976837,0,0,0,0,0
1787296665411,93,0,0,10,0.5587030053138733,55.04359817504883,122.71048736572266,0,0,0,0,0,0,0.0025604343973100185,0.0018216909375041723,0,0,12.815696716308594,12.811583518981934,12.821357727050781,0.015363147482275963,0.01621502824127674,0,0,0,0,0
1787296665431,94,0,0,10,0.17766064405441284,17.407651901245117,85.03240966796875,0,0,0,0,0,0,0.0013132876483723521,0.0014941011322662234,0,0,12.815128326416016,12.811447143554688,12.818174362182617,0.01492404192686081,0.01692943461239338,0,0,0,0,0
1787296665451,95,0,0,10,-0.07446777075529099,-8.194794654846191,73.66117858886719,0,0,0,0,0,0,0.0007433528080582619,0.0011410461738705635,0,0,12.816999435424805,12.812397003173828,12.823039054870605,0.015213744714856148,0.016697922721505165,0,0,0,0,0
1787296665471,96,0,0,10,-0.023915626108646393,0.9325177669525146,61.940040588378906,0,0,0,0,0,0,0.0011625475017353892,0.0014776785392314196,0,0,12.817048072814941,12.812788963317871,12.824484825134277,0.015308644622564316,0.016617752611637115,0,0,0,0,0
1787296665492,97,0,0,10,-0.14861029386520386,-8.933387756347656,66.88658142089844,0,0,0,0,0,0,0.001122705521993339,0.0014311239356175065,0,0,12.818561553955078,12.812603950500488,12.824960708618164,0.0153252724558115,0.01612614095211029,0,0,0,0,0
1787296665512,98,0,0,10,-0.11584235727787018,-8.957121849060059,88.95354461669922,0,0,0,0,0,0,0.001289933337830007,0.0014479263918474317,0,0,12.816277503967285,12.812049865722656,12.82034969329834,0.014935503713786602,0.01607312634587288,0,0,0,0,0
1787296665532,99,0,0,10,-0.050461091101169586,-4.892779350280762,111.45330047607422,0,0,0,0,0,0,0.0016619341913610697,0.0016684787115082145,0,0,12.819491386413574,12.814265251159668,12.826992988586426,0.015153582207858562,0.016132641583681107,0,0,0,0,0
1787296665552,100,0,0,10,0.045274339616298676,5.880199432373047,73.2669677734375,0,0,0,0,0,0,0.0015069469809532166,0.0014611328952014446,0,0,12.818461418151855,12.81121826171875,12.823883056640625,0.015478421933948994,0.01737520471215248,0,0,0,0,0
1787296665572,101,0,0,10,-0.024477709084749222,-4.821933269500732,63.40538024902344,0,0,0,0,0,0,0.0016921136993914843,0.001687261974439025,0,0,12.818343162536621,12.805980682373047,12.823326110839844,0.014884768053889275,0.016340378671884537,0,0,0,0,0
1787296665592,102,0,0,10,-0.00620729336515069,-1.1245564222335815,62.4918327331543,0,0,0,0,0,0,0.0017697494477033615,0.0015953422989696264,0,0,12.817813873291016,12.813337326049805,12.823362350463867,0.015334533527493477,0.016202382743358612,0,0,0,0,0
1787296665613,103,0,0,10,-0.06225227192044258,-9.82133960723877,122.1112060546875,0,0,0,0,0,0,0.0016983639216050506,0.0022632633335888386,0,0,12.816638946533203,12.811299324035645,12.820815086364746,0.01514395885169506,0.016604164615273476,0,0,0,0,0
1787296665632,104,0,0,10,-0.08941911160945892,-6.25525426864624,90.5015869140625,0,0,0,0,0,0,0.0013145351549610496,0.0015628228429704905,0,0,12.817523956298828,12.813003540039062,12.82567024230957,0.015290114097297192,0.016891900449991226,0,0,0,0,0
1787296665652,105,0,0,10,0.012585457414388657,2.1049251556396484,90.9682846069336,0,0,0,0,0,0,0.0035642175935208797,0.002423104364424944,0,0,12.817475318908691,12.809595108032227,12.822925567626953,0.015610470436513424,0.016658037900924683,0,0,0,0,0
1787296665672,106,0,0,10,0.1274920254945755,13.020082473754883,95.49945831298828,0,0,0,0,0,0,0.00223520421423018,0.0022475626319646835,0,0,12.817285537719727,12.812970161437988,12.82186222076416,0.01542978547513485,0.01614764891564846,0,0,0,0,0
1787296665692,107,0,0,10,-0.13961239159107208,-8.467525482177734,59.530635833740234,0,0,0,0,0,0,0.0009437297703698277,0.0015211541904136539,0,0,12.818337440490723,12.812575340270996,12.822245597839355,0.015290016308426857,0.015853676944971085,0,0,0,0,0
1787296665713,108,0,0,10,0.22537967562675476,22.68194007873535,81.80722045898438,0,0,0,0,0,0,0.0012929494259878993,0.0013774886028841138,0,0,12.818222045898438,12.813424110412598,12.823854446411133,0.015685707330703735,0.016836361959576607,0,0,0,0,0
1787296665733,109,0,0,10,-0.05454950034618378,-8.567977905273438,70.98017883300781,0,0,0,0,0,0,0.002535509876906872,0.0020424560643732548,0,0,12.818218231201172,12.8147611618042,12.821510314941406,0.0153661435469985,0.016441520303487778,0,0,0,0,0
1787296665753,110,0,0,10,-0.015425466001033783,3.7563796043395996,52.723716735839844,0,0,0,0,0,0,0.000920464750379324,0.0013186059659346938,0,0,12.816351890563965,12.810290336608887,12.819707870483398,0.015346424654126167,0.01596580259501934,0,0,0,0,0
1787296665773,111,0,0,10,-0.09928643703460693,-3.7967987060546875,73.72602844238281,0,0,0,0,0,0,0.0011643206235021353,0.0012515462003648281,0,0,12.816923141479492,12.811325073242188,12.822111129760742,0.015225098468363285,0.016361111775040627,0,0,0,0,0
1787296665793,112,0,0,10,-0.059190668165683746,-10.378490447998047,81.72476959228516,0,0,0,0,0,0,0.0012568722013384104,0.0016745447646826506,0,0,12.817286491394043,12.812836647033691,12.821417808532715,0.015096361748874187,0.015997769311070442,0,0,0,0,0
1787296665813,113,0,0,10,0.0042726402170956135,-6.346398830413818,91.65049743652344,0,0,0,0,0,0,0.0022634784691035748,0.0018636694876477122,0,0,12.817187309265137,12.812774658203125,12.826470375061035,0.01507986057549715,0.016537252813577652,0,0,0,0,0
1787296665833,114,0,0,10,-0.11631841212511063,-15.28610610961914,102.5342788696289,0,0,0,0,0,0,0.002028170507401228,0.001711912453174591,0,0,12.81646728515625,12.81029987335205,12.82551097869873,0.015167629346251488,0.016545210033655167,0,0,0,0,0
1787296665853,115,0,0,10,-0.0928332582116127,-0.6706252694129944,60.44021224975586,0,0,0,0,0,0,0.0014325511874631047,0.0018093859544023871,0,0,12.818044662475586,12.813542366027832,12.82492446899414,0.015069011598825455,0.01638781651854515,0,0,0,0,0
1787296665874,116,0,0,10,0.2376595288515091,31.128910064697266,77.59935760498047,0,0,0,0,0,0,0.001038864953443408,0.0013788347132503986,0,0,12.81581974029541,12.807703018188477,12.821496963500977,0.015222675167024136,0.01600339449942112,0,0,0,0,0
1787296665893,117,0,0,10,-0.14759929478168488,-14.323634147644043,102.91348266601562,0,0,0,0,0,0,0.0016105310060083866,0.0016330741345882416,0,0,12.817633628845215,12.812734603881836,12.82439136505127,0.015294328331947327,0.016429143026471138,0,0,0,0,0
1787296665913,118,0,0,10,0.14549173414707184,16.9865779876709,103.49546813964844,0,0,0,0,0,0,0.0016998487990349531,0.002190170343965292,0,0,12.81670093536377,12.813344955444336,12.819890975952148,0.015178718604147434,0.01602686196565628,0,0,0,0,0
1787296665934,119,0,0,10,0.07104720175266266,3.1905202865600586,105.2227783203125,0,0,0,0,0,0,0.0024503006134182215,0.0018692804733291268,0,0,12.818211555480957,12.810629844665527,12.826918601989746,0.01504021417349577,0.01612824574112892,0,0,0,0,0
1787296665954,120,0,0,10,-0.037022240459918976,-0.5052732825279236,73.94719696044922,0,0,0,0,0,0,0.0017464408883824944,0.0019261542474851012,0,0,12.817699432373047,12.812132835388184,12.823701858520508,0.015170802362263203,0.016171123832464218,0,0,0,0,0
1787296665974,121,0,0,10,-0.07663959264755249,-6.732511520385742,84.04318237304688,0,0,0,0,0,0,0.002062395680695772,0.0018531788373365998,0,0,12.818817138671875,12.814019203186035,12.824396133422852,0.015303734689950943,0.016849132254719734,0,0,0,0,0
1787296665994,122,0,0,10,-0.021889030933380127,-4.987189292907715,66.69880676269531,0,0,0,0,0,0,0.0012400215491652489,0.0011351803550496697,0,0,12.817191123962402,12.807120323181152,12.825592041015625,0.015111546963453293,0.016947519034147263,0,0,0,0,0
1787296666014,123,0,0,10,0.09674438089132309,4.638096809387207,85.09778594970703,0,0,0,0,0,0,0.001040760544128716,0.0011851635063067079,0,0,12.815983772277832,12.808971405029297,12.823433876037598,0.015130817890167236,0.01642596535384655,0,0,0,0,0
1787296666038,124,0,0,10,-0.07013605535030365,-7.586250305175781,70.5714111328125,0,0,0,0,0,0,0.0018048856873065233,0.0015508730430155993,0,0,12.817444801330566,12.81283950805664,12.824337005615234,0.01521805115044117,0.01625947840511799,0,0,0,0,0
1787296666055,125,0,0,10,0.23288589715957642,19.027250289916992,125.92198181152344,0,0,0,0,0,0,0.0013927711406722665,0.0015910420333966613,0,0,12.81506061553955,12.811543464660645,12.822479248046875,0.015448338352143764,0.01663259044289589,0,0,0,0,0
1787296666074,126,0,0,10,0.03357331454753876,3.564434766769409,80.43832397460938,0,0,0,0,0,0,0.0011076589580625296,0.0012323230039328337,0,0,12.816309928894043,12.807412147521973,12.822032928466797,0.015337368473410606,0.017607342451810837,0,0,0,0,0
1787296666094,127,0,0,10,-0.015831684693694115,-5.146004676818848,76.2867660522461,0,0,0,0,0,0,0.0014568227343261242,0.0014033662155270576,0,0,12.818541526794434,12.811881065368652,12.824580192565918,0.01541971880942583,0.016463179141283035,0,0,0,0,0
1787296666115,128,0,0,10,-0.09566406160593033,-10.041849136352539,100.86175537109375,0,0,0,0,0,0,0.001408211188390851,0.001461078878492117,0,0,12.818483352661133,12.814671516418457,12.821481704711914,0.015340404585003853,0.01639731228351593,0,0,0,0,0
1787296666135,129,0,0,10,-0.07747968286275864,-9.102120399475098,97.98860168457031,0,0,0,0,0,0,0.0016680978005751967,0.0017859027720987797,0,0,12.817301750183105,12.810909271240234,12.824687957763672,0.015363008715212345,0.016436759382486343,0,0,0,0,0
1787296666155,130,0,0,10,-0.03478764742612839,-1.3570107221603394,95.74004364013672,0,0,0,0,0,0,0.0035279709845781326,0.001998285762965679,0,0,12.817373275756836,12.815075874328613,12.823518753051758,0.015328784473240376,0.016502270475029945,0,0,0,0,0
1787296666175,131,0,0,10,-0.01894567348062992,-1.5590765476226807,81.2104263305664,0,0,0,0,0,0,0.002753753447905183,0.0022773814853280783,0,0,12.81716251373291,12.808223724365234,12.823284149169922,0.015113523229956627,0.016612909734249115,0,0,0,0,0
1787296666195,132,0,0,10,0.10209666937589645,13.155362129211426,78.9388656616211,0,0,0,0,0,0,0.0018251414876431227,0.0010319750290364027,0,0,12.817194938659668,12.813029289245605,12.822306632995605,0.015522751957178116,0.016319675371050835,0,0,0,0,0
1787296666215,133,0,0,10,0.016298504546284676,7.910362243652344,170.07174682617188,0,0,0,0,0,0,0.003678640816360712,0.0023376643657684326,0,0,12.81787109375,12.811914443969727,12.823115348815918,0.015525119379162788,0.01663954183459282,0,0,0,0,0
1787296666235,134,0,0,10,0.038509514182806015,-4.1319475173950195,110.27857971191406,0,0,0,0,0,0,0.002965938299894333,0.0016784382751211524,0,0,12.818222045898438,12.813926696777344,12.823691368103027,0.01497469749301672,0.01671779714524746,0,0,0,0,0
1787296666255,135,0,0,10,0.08213655650615692,15.917948722839355,146.27037048339844,0,0,0,0,0,0,0.0024110402446240187,0.002233456587418914,0,0,12.81847858428955,12.815184593200684,12.823843955993652,0.015187393873929977,0.016408655792474747,0,0,0,0,0
1787296666275,136,0,0,10,0.22401611506938934,18.7456111907959,142.56521606445312,0,0,0,0,0,0,0.0027952168602496386,0.001976458355784416,0,0,12.817346572875977,12.812105178833008,12.821186065673828,0.01545698568224907,0.01663646474480629,0,0,0,0,0
1787296666295,137,0,0,10,-0.07684420049190521,-12.435193061828613,98.68828582763672,0,0,0,0,0,0,0.0026769693940877914,0.001967298798263073,0,0,12.819046020507812,12.813705444335938,12.82380485534668,0.015215283259749413,0.015955492854118347,0,0,0,0,0
1787296666315,138,0,0,10,0.20337875187397003,17.81507110595703,107.45336151123047,0,0,0,0,0,0,0.0020929896272718906,0.0014242163160815835,0,0,12.818622589111328,12.810444831848145,12.823424339294434,0.01517482753843069,0.016279643401503563,0,0,0,0,0
1787296666336,139,0,0,10,0.20248576998710632,22.049348831176758,103.5845718383789,0,0,0,0,0,0,0.0028749126940965652,0.0019756651017814875,0,0,12.818195343017578,12.811532020568848,12.822199821472168,0.01525613572448492,0.016975505277514458,0,0,0,0,0
1787296666356,140,0,0,10,0.01029112096875906,-4.783232688903809,116.93487548828125,0,0,0,0,0,0,0.0027103438042104244,0.001727746450342238,0,0,12.819058418273926,12.814753532409668,12.823355674743652,0.015360410325229168,0.016402553766965866,0,0,0,0,0
1787296666376,141,0,0,10,0.002006413182243705,-2.7417712211608887,78.21479797363281,0,0,0,0,0,0,0.0010544073302298784,0.0012469212524592876,0,0,12.817656517028809,12.812548637390137,12.822482109069824,0.015553892590105534,0.016759274527430534,0,0,0,0,0
1787296666396,142,0,0,10,-0.04494616389274597,-7.881030559539795,75.56352233886719,0,0,0,0,0,0,0.001282359124161303,0.0014284593053162098,0,0,12.816767692565918,12.813648223876953,12.819554328918457,0.015461218543350697,0.017090411856770515,0,0,0,0,0
1787296666416,143,0,0,10,-0.0011054329806938767,1.8393045663833618,84.3720932006836,0,0,0,0,0,0,0.0015480193542316556,0.0017031205352395773,0,0,12.817562103271484,12.812750816345215,12.823317527770996,0.015383427031338215,0.016073530539870262,0,0,0,0,0
1787296666436,144,0,0,10,0.2548385560512543,26.86206817626953,69.13375091552734,0,0,0,0,0,0,0.0010331830708310008,0.0011928866151720285,0,0,12.817107200622559,12.811807632446289,12.822977066040039,0.01516117062419653,0.01668805629014969,0,0,0,0,0
1787296666456,145,0,0,10,-0.017315134406089783,-2.988668918609619,57.1261100769043,0,0,0,0,0,0,0.001864598598331213,0.002196342684328556,0,0,12.816262245178223,12.812556266784668,12.82081127166748,0.015158018097281456,0.016801849007606506,0,0,0,0,0
1787296666476,146,0,0,10,-0.09506168216466904,-8.759624481201172,44.74393844604492,0,0,0,0,0,0,0.0020160607527941465,0.0019981893710792065,0,0,12.818115234375,12.813986778259277,12.828261375427246,0.015207523480057716,0.01601395569741726,0,0,0,0,0
1787296666496,147,0,0,10,-0.12410706281661987,-0.22034567594528198,74.1268081665039,0,0,0,0,0,0,0.0010655855294317007,0.0011265581706538796,0,0,12.8169527053833,12.807246208190918,12.825546264648438,0.015192925930023193,0.016139287501573563,0,0,0,0,0
1787296666517,148,0,0,10,-0.04157951846718788,3.607588768005371,62.757537841796875,0,0,0,0,0,0,0.0005789388087578118,0.0008545746095478535,0,0,12.817407608032227,12.813831329345703,12.822681427001953,0.015157396905124187,0.01641947403550148,0,0,0,0,0
1787296666537,149,0,0,10,0.0003235979238525033,0.5889113545417786,26.724225997924805,0,0,0,0,0,0,0.0005992340156808496,0.000993322697468102,0,0,12.816713333129883,12.810163497924805,12.822041511535645,0.015176237560808659,0.016584286466240883,0,0,0,0,0
1787296666557,150,0,0,10,-0.00566190667450428,-3.552712917327881,65.70875549316406,0,0,0,0,0,0,0.001119155203923583,0.00123947998508811,0,0,12.818984985351562,12.813100814819336,12.825148582458496,0.015346800908446312,0.016471879556775093,0,0,0,0,0
1787296666577,151,0,0,10,-0.035965513437986374,-5.597543239593506,59.04207992553711,0,0,0,0,0,0,0.0008085159934125841,0.001008581486530602,0,0,12.816182136535645,12.810745239257812,12.823484420776367,0.015428111888468266,0.016481125727295876,0,0,0,0,0
1787296666597,152,0,0,10,-0.04561184346675873,-9.925851821899414,122.13268280029297,0,0,0,0,0,0,0.001073851133696735,0.0012643912341445684,0,0,12.81718635559082,12.811755180358887,12.821757316589355,0.015238799154758453,0.016305742785334587,0,0,0,0,0
1787296666617,153,0,0,10,0.014794348739087582,0.20117627084255219,106.02910614013672,0,0,0,0,0,0,0.0010670548072084785,0.0011213953839614987,0,0,12.81677532196045,12.806257247924805,12.821064949035645,0.015457900241017342,0.016288606449961662,0,0,0,0,0
1787296666637,154,0,0,10,-0.0612960159778595,-4.358255863189697,65.8926010131836,0,0,0,0,0,0,0.0010853181593120098,0.0012656331527978182,0,0,12.818936347961426,12.814807891845703,12.82320499420166,0.015260236337780952,0.016674097627401352,0,0,0,0,0
1787296666657,155,0,0,10,-0.021904008463025093,-2.1097500324249268,64.840576171875,0,0,0,0,0,0,0.0014284540666267276,0.0014040858950465918,0,0,12.81741714477539,12.810425758361816,12.822992324829102,0.015414460562169552,0.016811924055218697,0,0,0,0,0
1787296666677,156,0,0,10,-0.04269619286060333,-1.9633712768554688,33.495975494384766,0,0,0,0,0,0,0.00040900378371588886,0.0007953793974593282,0,0,12.81853199005127,12.813262939453125,12.82346248626709,0.01516774669289589,0.016356533393263817,0,0,0,0,0
1787296666698,157,0,0,10,0.027845295146107674,2.2486143112182617,42.21359634399414,0,0,0,0,0,0,0.0016317222034558654,0.0017968547763302922,0,0,12.816244125366211,12.811617851257324,12.822038650512695,0.015527764335274696,0.016809673979878426,0,0,0,0,0
1787296666718,158,0,0,10,-0.03026595525443554,-2.6288082599639893,29.260244369506836,0,0,0,0,0,0,0.0005777041078545153,0.0009666318073868752,0,0,12.816758155822754,12.811474800109863,12.819650650024414,0.015213407576084137,0.016143998131155968,0,0,0,0,0
1787296666738,159,0,0,10,-0.016129450872540474,-1.341212511062622,26.581867218017578,0,0,0,0,0,0,0.0003292074252385646,0.0006818079855293036,0,0,12.817829132080078,12.811446189880371,12.822249412536621,0.015332113951444626,0.01720305345952511,0,0,0,0,0
1787296666758,160,0,0,10,-0.022269796580076218,-2.5335896015167236,23.930986404418945,0,0,0,0,0,0,0.0007031354471109807,0.0010343597969040275,0,0,12.816848754882812,12.808120727539062,12.822835922241211,0.015493866056203842,0.016690801829099655,0,0,0,0,0
1787296666778,161,0,0,10,-0.006191508378833532,-1.1386982202529907,63.13364028930664,0,0,0,0,0,0,0.0007522852392867208,0.0013397808652371168,0,0,12.817814826965332,12.812211990356445,12.823265075683594,0.015383693389594555,0.016214221715927124,0,0,0,0,0
1787296666798,162,0,0,10,-0.07145623117685318,-6.337638854980469,68.68541717529297,0,0,0,0,0,0,0.0008184614707715809,0.001313328742980957,0,0,12.818124771118164,12.812627792358398,12.825307846069336,0.015434806235134602,0.016378063708543777,0,0,0,0,0
1787296666818,163,0,0,10,-0.012459317222237587,-1.184548258781433,53.28634262084961,0,0,0,0,0,0,0.0011690250830724835,0.001290093525312841,0,0,12.817769050598145,12.81385612487793,12.822078704833984,0.015349623747169971,0.016268707811832428,0,0,0,0,0
1787296666839,164,0,0,10,-0.06406254321336746,-4.901716232299805,39.30034255981445,0,0,0,0,0,0,0.0009514556149952114,0.0011511434568092227,0,0,12.819457054138184,12.813201904296875,12.825319290161133,0.015622446313500404,0.016495609655976295,0,0,0,0,0
1787296666858,165,0,0,10,-0.0015936214476823807,0.03459182009100914,47.721466064453125,0,0,0,0,0,0,0.0014017927460372448,0.0016501226928085089,0,0,12.817906379699707,12.809150695800781,12.82247257232666,0.01565004140138626,0.016593296080827713,0,0,0,0,0
1787296666879,166,0,0,10,-0.04912606254220009,-3.143242835998535,56.685264587402344,0,0,0,0,0,0,0.0005228421068750322,0.0008722147322259843,0,0,12.818549156188965,12.814050674438477,12.822022438049316,0.015156920067965984,0.01597953401505947,0,0,0,0,0
1787296666899,167,0,0,10,-0.013688801787793636,-1.7655731439590454,37.15022277832031,0,0,0,0,0,0,0.0007810078677721322,0.0010397181613370776,0,0,12.816271781921387,12.812047004699707,12.821975708007812,0.015364470891654491,0.016520604491233826,0,0,0,0,0
1787296666919,168,0,0,10,0.2966795265674591,24.955692291259766,105.53362274169922,0,0,0,0,0,0,0.002174519468098879,0.0020534121431410313,0,0,12.817712783813477,12.812891960144043,12.823221206665039,0.01534782163798809,0.01653522625565529,0,0,0,0,0
1787296666939,169,0,0,10,-0.011957339942455292,-2.6225574016571045,47.53314971923828,0,0,0,0,0,0,0.0013074898160994053,0.001537594827823341,0,0,12.816329956054688,12.811300277709961,12.82346248626709,0.015370271168649197,0.017126265913248062,0,0,0,0,0
1787296666959,170,0,0,10,-0.04869646579027176,-4.1682658195495605,40.47559356689453,0,0,0,0,0,0,0.0006809825426898897,0.0010303903836756945,0,0,12.817351341247559,12.81319808959961,12.822343826293945,0.015173879452049732,0.016290731728076935,0,0,0,0,0
1787296666979,171,0,0,10,0.012194279581308365,-0.2679547667503357,61.108856201171875,0,0,0,0,0,0,0.0007423992501571774,0.0010245443554595113,0,0,12.816664695739746,12.81213665008545,12.822500228881836,0.015141105279326439,0.015966642647981644,0,0,0,0,0
1787296666999,172,0,0,10,0.004326471593230963,-0.7983663082122803,59.625736236572266,0,0,0,0,0,0,0.0008806015830487013,0.0011441427050158381,0,0,12.817720413208008,12.813156127929688,12.824491500854492,0.015289713628590107,0.017062537372112274,0,0,0,0,0
1787296667019,173,0,0,10,0.26575589179992676,22.22183609008789,103.01116943359375,0,0,0,0,0,0,0.0011231527896597981,0.001340945134870708,0,0,12.816941261291504,12.811809539794922,12.82321548461914,0.015056266449391842,0.016620760783553123,0,0,0,0,0
1787296667039,174,0,0,10,-0.021271521225571632,-11.042771339416504,148.922119140625,0,0,0,0,0,0,0.0022173398174345493,0.002246965654194355,0,0,12.818316459655762,12.812378883361816,12.82681941986084,0.015303299762308598,0.016635334119200706,0,0,0,0,0
1787296667059,175,0,0,10,-0.047242410480976105,-5.887609481811523,69.81523895263672,0,0,0,0,0,0,0.0011413450120016932,0.0013248010072857141,0,0,12.816028594970703,12.81215763092041,12.822249412536621,0.01517623569816351,0.01666649989783764,0,0,0,0,0
1787296667079,176,0,0,10,-0.03662286698818207,-5.200922012329102,68.81983947753906,0,0,0,0,0,0,0.0007555097108706832,0.0010588334407657385,0,0,12.817718505859375,12.81179141998291,12.822239875793457,0.015315886586904526,0.01698486879467964,0,0,0,0,0
1787296667099,177,0,0,10,0.21559758484363556,18.946264266967773,67.03434753417969,0,0,0,0,0,0,0.001473909243941307,0.001360890339128673,0,0,12.81673812866211,12.810770988464355,12.82284927368164,0.015215323306620121,0.016422955319285393,0,0,0,0,0
1787296667119,178,0,0,10,-0.17455266416072845,-6.149550914764404,68.41541290283203,0,0,0,0,0,0,0.0008374908356927335,0.0011310206027701497,0,0,12.818008422851562,12.812586784362793,12.82308292388916,0.015559440478682518,0.016599087044596672,0,0,0,0,0
1787296667140,179,0,0,10,-0.018186703324317932,3.1750900745391846,70.70452880859375,0,0,0,0,0,0,0.0018681040965020657,0.0016524920938536525,0,0,12.819314956665039,12.811649322509766,12.82388973236084,0.01540571078658104,0.017042627558112144,0,0,0,0,0
1787296667160,180,0,0,10,-0.05630941316485405,-0.5807121396064758,61.77851867675781,0,0,0,0,0,0,0.0007625654106959701,0.001383389811962843,0,0,12.81860065460205,12.810110092163086,12.82688045501709,0.015136804431676865,0.016396190971136093,0,0,0,0,0
1787296667180,181,0,0,10,-0.04951794818043709,-2.2489101886749268,63.6052360534668,0,0,0,0,0,0,0.0010150831658393145,0.0011791022261604667,0,0,12.817974090576172,12.813541412353516,12.823732376098633,0.015210852958261967,0.01623465307056904,0,0,0,0,0
1787296667200,182,0,0,10,-0.057991933077573776,-3.1713361740112305,64.12568664550781,0,0,0,0,0,0,0.0007329211803153157,0.0010569932637736201,0,0,12.817420959472656,12.811901092529297,12.824732780456543,0.0153411366045475,0.01621534861624241,0,0,0,0,0
1787296667220,183,0,0,10,-0.03938625007867813,-7.828830718994141,78.83182525634766,0,0,0,0,0,0,0.000663083977997303,0.0010118746431544423,0,0,12.816102027893066,12.812241554260254,12.82229995727539,0.015161741524934769,0.01653430424630642,0,0,0,0,0
1787296667240,184,0,0,10,-0.004374681506305933,-6.072858810424805,73.01825714111328,0,0,0,0,0,0,0.0006946988287381828,0.0009733949555084109,0,0,12.81867790222168,12.814868927001953,12.82284927368164,0.015293157659471035,0.016981013119220734,0,0,0,0,0
1787296667260,185,0,0,10,-0.042870935052633286,-9.755009651184082,106.5833969116211,0,0,0,0,0,0,0.0014607785269618034,0.0014316239394247532,0,0,12.819917678833008,12.813565254211426,12.8265962600708,0.014997673220932484,0.016347460448741913,0,0,0,0,0
1787296667280,186,0,0,10,0.004522423725575209,-1.8632861375808716,79.84922790527344,0,0,0,0,0,0,0.002648318652063608,0.0015948195941746235,0,0,12.817326545715332,12.811938285827637,12.821581840515137,0.015113545581698418,0.01605423353612423,0,0,0,0,0
1787296667301,187,0,0,10,0.11354983597993851,3.2522809505462646,120.16223907470703,0,0,0,0,0,0,0.0021490557119250298,0.0015393286012113094,0,0,12.817672729492188,12.812383651733398,12.82459545135498,0.01519762072712183,0.016499750316143036,0,0,0,0,0
1787296667321,188,0,0,10,-0.04391811415553093,-3.919656276702881,99.14823913574219,0,0,0,0,0,0,0.0033716843463480473,0.0011637010611593723,0,0,12.815960884094238,12.811528205871582,12.821748733520508,0.015283875167369843,0.016260184347629547,0,0,0,0,0
1787296667341,189,0,0,10,-0.18235501646995544,-16.645328521728516,242.8942108154297,0,0,0,0,0,0,0.003550255671143532,0.002101726131513715,0,0,12.818324089050293,12.812636375427246,12.824625015258789,0.015507020056247711,0.017270779237151146,0,0,0,0,0
1787296667361,190,0,0,10,-0.008734338916838169,-0.198929563164711,93.12926483154297,0,0,0,0,0,0,0.002585550770163536,0.001415060949511826,0,0,12.815998077392578,12.81138801574707,12.82201099395752,0.015236753039062023,0.01638299971818924,0,0,0,0,0
1787296667381,191,0,0,10,-0.07312752306461334,-7.504661560058594,67.47676849365234,0,0,0,0,0,0,0.0021919352002441883,0.0018278274219483137,0,0,12.817272186279297,12.80721378326416,12.822132110595703,0.015403171069920063,0.017268182709813118,0,0,0,0,0
1787296667401,192,0,0,10,0.06837405264377594,7.807749271392822,111.6091079711914,0,0,0,0,0,0,0.0026130257174372673,0.002418168354779482,0,0,12.818462371826172,12.814589500427246,12.825475692749023,0.015211391262710094,0.01671021804213524,0,0,0,0,0
1787296667421,193,0,0,10,0.005316342227160931,-2.277092933654785,114.54820251464844,0,0,0,0,0,0,0.0020047957077622414,0.0020853441674262285,0,0,12.817981719970703,12.813310623168945,12.821775436401367,0.015433430671691895,0.016401229426264763,0,0,0,0,0
1787296667441,194,0,0,10,-0.04484149441123009,-2.4654407501220703,114.28235626220703,0,0,0,0,0,0,0.002991729648783803,0.0023700306192040443,0,0,12.819196701049805,12.813603401184082,12.8241605758667,0.015332844108343124,0.016011206433176994,0,0,0,0,0
1787296667461,195,0,0,10,-0.03929588571190834,-0.3794349133968353,65.79789733886719,0,0,0,0,0,0,0.001009242725558579,0.001521873869933188,0,0,12.817144393920898,12.810755729675293,12.823603630065918,0.015475944615900517,0.01703137718141079,0,0,0,0,0
1787296667481,196,0,0,10,-0.10820625722408295,-7.477466583251953,62.99592208862305,0,0,0,0,0,0,0.0017461611423641443,0.0013784675393253565,0,0,12.815669059753418,12.806780815124512,12.824824333190918,0.015248614363372326,0.01603749208152294,0,0,0,0,0
1787296667502,197,0,0,10,-0.0023929367307573557,2.998800277709961,70.50796508789062,0,0,0,0,0,0,0.0014035156928002834,0.0015402925200760365,0,0,12.816232681274414,12.81240177154541,12.821152687072754,0.015279934741556644,0.016602221876382828,0,0,0,0,0
1787296667521,198,0,0,10,0.09491904824972153,11.016833305358887,52.48982238769531,0,0,0,0,0,0,0.001733082695864141,0.0016462859930470586,0,0,12.815492630004883,12.808257102966309,12.821341514587402,0.015065724961459637,0.016723599284887314,0,0,0,0,0
1787296667542,199,0,0,10,-0.04551439732313156,-1.353292465209961,49.99649429321289,0,0,0,0,0,0,0.001574663445353508,0.0014899468515068293,0,0,12.81711483001709,12.810868263244629,12.823413848876953,0.015247507952153683,0.017315927892923355,0,0,0,0,0
1787296667562,200,0,0,10,-0.047324761748313904,-4.24964714050293,45.1340217590332,0,0,0,0,0,0,0.0005781098152510822,0.0010552729945629835,0,0,12.817571640014648,12.813379287719727,12.826926231384277,0.01528398972004652,0.017323117703199387,0,0,0,0,0
1787296667582,201,0,0,10,-0.024961085990071297,-7.653174877166748,69.91683197021484,0,0,0,0,0,0,0.0010086126858368516,0.001300106756389141,0,0,12.81715202331543,12.81215763092041,12.820110321044922,0.01523504313081503,0.016525495797395706,0,0,0,0,0
1787296667602,202,0,0,10,-0.03417035937309265,-5.72969913482666,68.57946014404297,0,0,0,0,0,0,0.0009039596188813448,0.0010566751006990671,0,0,12.818175315856934,12.812848091125488,12.823249816894531,0.01527480036020279,0.01648755371570587,0,0,0,0,0
1787296667622,203,0,0,10,0.048644792288541794,-1.8408305644989014,110.64567565917969,0,0,0,0,0,0,0.0015321848914027214,0.001608804683201015,0,0,12.818269729614258,12.814167976379395,12.823908805847168,0.015290306881070137,0.01638524793088436,0,0,0,0,0
1787296667642,204,0,0,10,0.12057153880596161,15.130364418029785,76.58821105957031,0,0,0,0,0,0,0.0012658655177801847,0.00139678455889225,0,0,12.8162841796875,12.810519218444824,12.821066856384277,0.015181542374193668,0.01660379208624363,0,0,0,0,0
1787296667662,205,0,0,10,-0.023449838161468506,2.6730809211730957,29.125349044799805,0,0,0,0,0,0,0.000559815380256623,0.0008549483609385788,0,0,12.817151069641113,12.812646865844727,12.820991516113281,0.01529814675450325,0.016028983518481255,0,0,0,0,0
1787296667682,206,0,0,10,0.0746331661939621,9.933611869812012,32.38146209716797,0,0,0,0,0,0,0.00006806046440033242,0.00024006268358789384,0,0,12.816575050354004,12.812324523925781,12.821415901184082,0.0155129823833704,0.01709897071123123,0,0,0,0,0
1787296667702,207,0,0,10,-0.02673480100929737,-5.936737537384033,64.82174682617188,0,0,0,0,0,0,0.0009482881869189441,0.001074981177225709,0,0,12.818180084228516,12.80782413482666,12.824553489685059,0.01516234502196312,0.016589492559432983,0,0,0,0,0
1787296667722,208,0,0,10,-0.04766836762428284,-4.615896224975586,43.040409088134766,0,0,0,0,0,0,0.0009192210854962468,0.0011798160849139094,0,0,12.814763069152832,12.812005043029785,12.819564819335938,0.015138083137571812,0.016231484711170197,0,0,0,0,0
1787296667743,209,0,0,10,-0.08224307000637054,-7.226659774780273,48.74772262573242,0,0,0,0,0,0,0.0016680716071277857,0.001948803081177175,0,0,12.8181734085083,12.81552791595459,12.822504043579102,0.015263523906469345,0.01671706512570381,0,0,0,0,0
1787296667763,210,0,0,10,0.03972503915429115,0.8156379461288452,75.33033752441406,0,0,0,0,0,0,0.000960304809268564,0.0013935795286670327,0,0,12.81725025177002,12.811461448669434,12.825845718383789,0.015007206238806248,0.0162121020257473,0,0,0,0,0
1787296667783,211,0,0,10,-0.06648978590965271,-3.7620949745178223,40.896446228027344,0,0,0,0,0,0,0.0006863201269879937,0.0011350387940183282,0,0,12.818816184997559,12.813182830810547,12.822833061218262,0.01522303931415081,0.01697048544883728,0,0,0,0,0
1787296667803,212,0,0,10,-0.3189728558063507,-32.32623291015625,142.40081787109375,0,0,0,0,0,0,0.0020768751855939627,0.0019826991483569145,0,0,12.816332817077637,12.806987762451172,12.822120666503906,0.015176662243902683,0.016315625980496407,0,0,0,0,0
1787296667823,213,0,0,10,-0.14833827316761017,-10.855255126953125,76.80719757080078,0,0,0,0,0,0,0.00141142716165632,0.0016695901285856962,0,0,12.816957473754883,12.81251335144043,12.821470260620117,0.015298706479370594,0.01768103428184986,0,0,0,0,0
1787296667843,214,0,0,10,0.07285251468420029,10.821318626403809,88.53650665283203,0,0,0,0,0,0,0.0015356967924162745,0.0015975681599229574,0,0,12.817777633666992,12.813722610473633,12.824872970581055,0.01518800389021635,0.016210975125432014,0,0,0,0,0
1787296667863,215,0,0,10,0.09470324218273163,12.126021385192871,76.82657623291016,0,0,0,0,0,0,0.002064754255115986,0.0023133133072406054,0,0,12.817798614501953,12.81332015991211,12.823001861572266,0.01517815887928009,0.01682398095726967,0,0,0,0,0
1787296667883,216,0,0,10,0.07138453423976898,6.559202194213867,55.81940841674805,0,0,0,0,0,0,0.0018499091966077685,0.0014838572824373841,0,0,12.815829277038574,12.811469078063965,12.820466995239258,0.015709571540355682,0.017323700711131096,0,0,0,0,0
1787296667904,217,0,0,10,0.12017813324928284,-0.02803870290517807,127.3757553100586,0,0,0,0,0,0,0.0031334173399955034,0.001770628965459764,0,0,12.81668758392334,12.812883377075195,12.824320793151855,0.015277155674993992,0.01608806475996971,0,0,0,0,0
1787296667924,218,0,0,10,-0.06969539821147919,-2.887618064880371,72.35880279541016,0,0,0,0,0,0,0.0012172982096672058,0.001656051492318511,0,0,12.81742000579834,12.812172889709473,12.822481155395508,0.015774153172969818,0.01688384637236595,0,0,0,0,0
1787296667944,219,0,0,10,0.48630788922309875,45.094444274902344,131.67721557617188,0,0,0,0,0,0,0.002326893387362361,0.0016494019655510783,0,0,12.818059921264648,12.81335735321045,12.824542045593262,0.015249977819621563,0.016262279823422432,0,0,0,0,0
1787296667964,220,0,0,10,-0.08386604487895966,-4.833791255950928,66.47430419921875,0,0,0,0,0,0,0.0016008246457204223,0.0014872156316414475,0,0,12.817266464233398,12.813758850097656,12.82164192199707,0.01524884533137083,0.01653968170285225,0,0,0,0,0
1787296667984,221,0,0,10,-0.018079962581396103,1.0878981351852417,51.358943939208984,0,0,0,0,0,0,0.003097805893048644,0.0018614897271618247,0,0,12.817333221435547,12.8131742477417,12.825428009033203,0.015168336220085621,0.016294505447149277,0,0,0,0,0
1787296668004,222,0,0,10,-0.06465160846710205,-1.1135035753250122,35.15270233154297,0,0,0,0,0,0,0.0009803230641409755,0.0013718310510739684,0,0,12.817383766174316,12.806180953979492,12.824156761169434,0.015481100417673588,0.01685095578432083,0,0,0,0,0
1787296668024,223,0,0,10,-0.015552091412246227,-6.517533302307129,105.933349609375,0,0,0,0,0,0,0.001144616398960352,0.0012768495362251997,0,0,12.819937705993652,12.813925743103027,12.825713157653809,0.015466761775314808,0.016580915078520775,0,0,0,0,0
1787296668044,224,0,0,10,-0.047788556665182114,-8.664679527282715,80.17474365234375,0,0,0,0,0,0,0.0013564657419919968,0.001703284797258675,0,0,12.817231178283691,12.812358856201172,12.823575019836426,0.015249756164848804,0.01688358001410961,0,0,0,0,0
1787296668064,225,0,0,10,0.20589253306388855,21.88705825805664,73.6317138671875,0,0,0,0,0,0,0.0020281837787479162,0.0020412954036146402,0,0,12.818602561950684,12.81134033203125,12.82508373260498,0.015192522667348385,0.01654009521007538,0,0,0,0,0
1787296668085,226,0,0,10,-0.061666395515203476,-6.149451732635498,85.94022369384766,0,0,0,0,0,0,0.0012382901040837169,0.0014318968169391155,0,0,12.818184852600098,12.813815116882324,12.823066711425781,0.015529781579971313,0.01743498630821705,0,0,0,0,0
1787296668105,227,0,0,10,0.08997449278831482,13.683711051940918,67.8700942993164,0,0,0,0,0,0,0.0019519627094268799,0.0020282447803765535,0,0,12.81911563873291,12.815656661987305,12.826363563537598,0.01563987135887146,0.016614725813269615,0,0,0,0,0
1787296668125,228,0,0,10,-0.04389031603932381,-3.5333709716796875,70.29826354980469,0,0,0,0,0,0,0.000987399136647582,0.001501966267824173,0,0,12.817302703857422,12.811179161071777,12.822065353393555,0.015551676042377949,0.016822053119540215,0,0,0,0,0
1787296668145,229,0,0,10,-0.05992988497018814,-4.8928985595703125,53.09408950805664,0,0,0,0,0,0,0.001265617785975337,0.0015261920634657145,0,0,12.818146705627441,12.812945365905762,12.825222969055176,0.01581888645887375,0.017148809507489204,0,0,0,0,0
1787296668165,230,0,0,10,0.015567614696919918,1.6090608835220337,81.02543640136719,0,0,0,0,0,0,0.0013129401486366987,0.0013766118790954351,0,0,12.815587997436523,12.809745788574219,12.825615882873535,0.015680229291319847,0.016691261902451515,0,0,0,0,0
1787296668185,231,0,0,10,-0.06838563084602356,-7.540627956390381,66.26078796386719,0,0,0,0,0,0,0.001879656221717596,0.0016689508920535445,0,0,12.815916061401367,12.811564445495605,12.821688652038574,0.015609628520905972,0.016768326982855797,0,0,0,0,0
1787296668205,232,0,0,10,-0.0036200087051838636,2.2783493995666504,53.6224365234375,0,0,0,0,0,0,0.001522041391581297,0.0017510587349534035,0,0,12.81648063659668,12.810046195983887,12.823634147644043,0.015551643446087837,0.016826458275318146,0,0,0,0,0
1787296668225,233,0,0,10,-0.052194010466337204,-7.770639896392822,85.64567565917969,0,0,0,0,0,0,0.0013522953959181905,0.001406147493980825,0,0,12.817517280578613,12.81115436553955,12.821512222290039,0.015768781304359436,0.016636401414871216,0,0,0,0,0
1787296668245,234,0,0,10,0.12179678678512573,10.203714370727539,76.50066375732422,0,0,0,0,0,0,0.0006116806180216372,0.0008675606804899871,0,0,12.817097663879395,12.810037612915039,12.82253646850586,0.015675317496061325,0.01653716154396534,0,0,0,0,0
1787296668265,235,0,0,10,-0.04310901090502739,-5.79667329788208,59.30964279174805,0,0,0,0,0,0,0.0010549419093877077,0.0009277411154471338,0,0,12.817039489746094,12.80886173248291,12.824857711791992,0.015359926968812943,0.016770565882325172,0,0,0,0,0
1787296668285,236,0,0,10,-0.046900879591703415,-6.18366003036499,60.610382080078125,0,0,0,0,0,0,0.0012399271363392472,0.001301715150475502,0,0,12.818092346191406,12.812421798706055,12.825078964233398,0.01543461438268423,0.016608264297246933,0,0,0,0,0
1787296668305,237,0,0,10,-0.031164124608039856,-4.660760879516602,49.02347183227539,0,0,0,0,0,0,0.0008156151161529124,0.001089783851057291,0,0,12.819123268127441,12.812682151794434,12.826675415039062,0.01573627069592476,0.017138371244072914,0,0,0,0,0
1787296668325,238,0,0,10,-0.03237420693039894,-4.126742362976074,43.9536018371582,0,0,0,0,0,0,0.0004913634620606899,0.0009489957010373473,0,0,12.817414283752441,12.809185981750488,12.823095321655273,0.015701645985245705,0.01670965924859047,0,0,0,0,0
1787296668346,239,0,0,10,0.019111791625618935,-1.0472166538238525,58.68963623046875,0,0,0,0,0,0,0.0008820753428153694,0.0012477108975872397,0,0,12.817597389221191,12.81363296508789,12.823057174682617,0.015498029999434948,0.017280573025345802,0,0,0,0,0
1787296668366,240,0,0,10,0.4453873038291931,41.04807662963867,96.2594223022461,0,0,0,0,0,0,0.0015245424583554268,0.0017256912542507052,0,0,12.81689739227295,12.812110900878906,12.822729110717773,0.015741966664791107,0.016806261613965034,0,0,0,0,0
1787296668386,241,0,0,10,0.10975886881351471,7.307982921600342,99.40457153320312,0,0,0,0,0,0,0.0030979651492089033,0.0022354291286319494,0,0,12.815895080566406,12.807269096374512,12.821939468383789,0.015567413531243801,0.016706380993127823,0,0,0,0,0
1787296668406,242,0,0,10,0.10957974940538406,7.342292785644531,126.08172607421875,0,0,0,0,0,0,0.002340496052056551,0.0024361093528568745,0,0,12.817739486694336,12.814372062683105,12.825445175170898,0.015415570698678493,0.016597269102931023,0,0,0,0,0
1787296668426,243,0,0,10,0.07733868062496185,-0.4301190674304962,107.97830200195312,0,0,0,0,0,0,0.0024779720697551966,0.0018527170177549124,0,0,12.81795597076416,12.814408302307129,12.822711944580078,0.015831561759114265,0.01734677329659462,0,0,0,0,0
1787296668446,244,0,0,10,-0.11291995644569397,-3.5909154415130615,133.43438720703125,0,0,0,0,0,0,0.0022891955450177193,0.0015673753805458546,0,0,12.816892623901367,12.81278133392334,12.822610855102539,0.0157760176807642,0.016879688948392868,0,0,0,0,0
1787296668466,245,0,0,10,-0.045226771384477615,-2.606639862060547,120.7476577758789,0,0,0,0,0,0,0.0013570633018389344,0.0015843274304643273,0,0,12.818221092224121,12.813857078552246,12.822674751281738,0.015674281865358353,0.016871774569153786,0,0,0,0,0
1787296668486,246,0,0,10,-0.12468826770782471,-0.9530569314956665,60.09828567504883,0,0,0,0,0,0,0.0007123456452973187,0.0010624247370287776,0,0,12.817145347595215,12.812623977661133,12.82217788696289,0.01570695824921131,0.0164850652217865,0,0,0,0,0
1787296668506,247,0,0,10,-0.16068226099014282,-8.266063690185547,74.99815368652344,0,0,0,0,0,0,0.001210834481753409,0.0013678368413820863,0,0,12.817802429199219,12.812586784362793,12.82303237915039,0.0159137025475502,0.016782069578766823,0,0,0,0,0
1787296668526,248,0,0,10,0.05855622515082359,8.544342041015625,62.704952239990234,0,0,0,0,0,0,0.0014933568891137838,0.0011329194530844688,0,0,12.816511154174805,12.81066608428955,12.820293426513672,0.015718752518296242,0.017013173550367355,0,0,0,0,0
1787296668547,249,0,0,10,0.07111325860023499,11.646154403686523,91.05074310302734,0,0,0,0,0,0,0.0010899693006649613,0.0012475784169510007,0,0,12.817879676818848,12.811356544494629,12.821913719177246,0.015559305436909199,0.01666027307510376,0,0,0,0,0
1787296668567,250,0,0,10,-0.10073812305927277,-5.1270432472229,89.0412826538086,0,0,0,0,0,0,0.0017608162015676498,0.0016090866411104798,0,0,12.816609382629395,12.810197830200195,12.821131706237793,0.01564553566277027,0.016568968072533607,0,0,0,0,0
1787296668587,251,0,0,10,-0.06782688945531845,-2.4238998889923096,61.00293731689453,0,0,0,0,0,0,0.0009643878438510001,0.001112179597839713,0,0,12.81607723236084,12.808796882629395,12.821524620056152,0.01551157794892788,0.017153257504105568,0,0,0,0,0
1787296668607,252,0,0,10,-0.04514424130320549,-8.058408737182617,116.285400390625,0,0,0,0,0,0,0.0018805641448125243,0.0018451022915542126,0,0,12.816082954406738,12.808135986328125,12.821348190307617,0.01544278860092163,0.01694939285516739,0,0,0,0,0
1787296668627,253,0,0,10,-0.12042756378650665,-3.636505365371704,130.94786071777344,0,0,0,0,0,0,0.002395784016698599,0.0020897425711154938,0,0,12.816967010498047,12.812726974487305,12.828968048095703,0.015644116327166557,0.01644240692257881,0,0,0,0,0
1787296668647,254,0,0,10,-0.04379177466034889,-1.6296865940093994,63.59988021850586,0,0,0,0,0,0,0.0007973857573233545,0.0012155931908637285,0,0,12.817249298095703,12.812745094299316,12.819984436035156,0.015521463938057423,0.016870534047484398,0,0,0,0,0
1787296668667,255,0,0,10,0.03483956679701805,0.8231605291366577,64.73741149902344,0,0,0,0,0,0,0.0021732542663812637,0.0017879714723676443,0,0,12.819265365600586,12.808645248413086,12.826116561889648,0.015420841984450817,0.016996925696730614,0,0,0,0,0
1787296668687,256,0,0,10,-0.0511445589363575,-5.433803558349609,63.52785110473633,0,0,0,0,0,0,0.0010011190315708518,0.0014107349561527371,0,0,12.816650390625,12.812257766723633,12.821428298950195,0.015616010874509811,0.017143843695521355,0,0,0,0,0
1787296668707,257,0,0,10,0.05563462898135185,8.958528518676758,28.993297576904297,0,0,0,0,0,0,0.00024377625959459692,0.0006123417406342924,0,0,12.816720962524414,12.812691688537598,12.82105541229248,0.015824323520064354,0.01676066592335701,0,0,0,0,0
1787296668728,258,0,0,10,-0.015691878274083138,-2.3897180557250977,29.261512756347656,0,0,0,0,0,0,0.00010069191921502352,0.0002627974026836455,0,0,12.81863021850586,12.811649322509766,12.824419975280762,0.015679551288485527,0.016512276604771614,0,0,0,0,0
1787296668748,259,0,0,10,-0.007385497447103262,-4.625857353210449,63.446414947509766,0,0,0,0,0,0,0.0005176780978217721,0.0007204444264061749,0,0,12.81503677368164,12.808148384094238,12.818706512451172,0.015554532408714294,0.016681961715221405,0,0,0,0,0
1787296668768,260,0,0,10,0.037464939057826996,-1.5731337070465088,82.8166275024414,0,0,0,0,0,0,0.000918835517950356,0.001095823012292385,0,0,12.815744400024414,12.810772895812988,12.821508407592773,0.015572542324662209,0.016949526965618134,0,0,0,0,0
1787296668788,261,0,0,10,-0.036490071564912796,-8.746566772460938,68.1416244506836,0,0,0,0,0,0,0.0016686561284586787,0.0011958315735682845,0,0,12.816433906555176,12.813040733337402,12.819242477416992,0.015857629477977753,0.01684798114001751,0,0,0,0,0
1787296668808,262,0,0,10,-0.03853342682123184,-3.017303943634033,33.895286560058594,0,0,0,0,0,0,0.0008250343962572515,0.0011910735629498959,0,0,12.815425872802734,12.809012413024902,12.821678161621094,0.015745673328638077,0.01666281558573246,0,0,0,0,0
1787296668828,263,0,0,10,-0.017497751861810684,-1.6783219575881958,35.36221694946289,0,0,0,0,0,0,0.0004297915438655764,0.0007499413331970572,0,0,12.814455032348633,12.809891700744629,12.819724082946777,0.015629086643457413,0.016579920426011086,0,0,0,0,0
1787296668848,264,0,0,10,0.12162678688764572,11.449671745300293,41.10127258300781,0,0,0,0,0,0,0.0008003829279914498,0.0011170066427439451,0,0,12.818387985229492,12.814802169799805,12.823725700378418,0.015460154972970486,0.016624772921204567,0,0,0,0,0
1787296668868,265,0,0,10,-0.0833868607878685,-2.668647527694702,68.57847595214844,0,0,0,0,0,0,0.0020102711860090494,0.002358719939365983,0,0,12.815855979919434,12.803613662719727,12.822488784790039,0.015542962588369846,0.017183495685458183,0,0,0,0,0
1787296668888,266,0,0,10,-0.034297119826078415,0.4115076959133148,38.5943603515625,0,0,0,0,0,0,0.00040163533412851393,0.0009364861180074513,0,0,12.817699432373047,12.812686920166016,12.821779251098633,0.015675092115998268,0.01647746004164219,0,0,0,0,0
1787296668908,267,0,0,10,-0.05182338505983353,-3.4018096923828125,46.2230110168457,0,0,0,0,0,0,0.0005476120859384537,0.0007958553615026176,0,0,12.816211700439453,12.810553550720215,12.820723533630371,0.01584520749747753,0.01712203398346901,0,0,0,0,0
1787296668928,268,0,0,10,-0.023664532229304314,-0.8493767976760864,24.946208953857422,0,0,0,0,0,0,0.00006657684571109712,0.00022991112200543284,0,0,12.816410064697266,12.81248664855957,12.821081161499023,0.015635613352060318,0.016441740095615387,0,0,0,0,0
1787296668949,269,0,0,10,0.0010765150655061007,2.0787227153778076,42.177677154541016,0,0,0,0,0,0,0.000035639772249851376,0.00011964901204919443,0,0,12.816162109375,12.809646606445312,12.82131576538086,0.015453575178980827,0.016634633764624596,0,0,0,0,0
1787296668969,270,0,0,10,-0.03862166404724121,-5.195671081542969,67.02780151367188,0,0,0,0,0,0,0.0003807599423453212,0.0005725492956116796,0,0,12.815680503845215,12.80909252166748,12.824546813964844,0.015594763681292534,0.017321383580565453,0,0,0,0,0
1787296668989,271,0,0,10,-0.13122598826885223,-5.726229190826416,46.87657928466797,0,0,0,0,0,0,0.0010519367642700672,0.0014745991211384535,0,0,12.814577102661133,12.799450874328613,12.82260513305664,0.015862813219428062,0.017352640628814697,0,0,0,0,0
1787296669009,272,0,0,10,-0.05387245863676071,-5.19508695602417,78.60513305664062,0,0,0,0,0,0,0.001420818269252777,0.0016260419506579638,0,0,12.81699275970459,12.809505462646484,12.821735382080078,0.015565031208097935,0.016647906973958015,0,0,0,0,0
1787296669029,273,0,0,10,0.09324301779270172,10.321255683898926,80.16405487060547,0,0,0,0,0,0,0.0016790179070085287,0.001821142970584333,0,0,12.816216468811035,12.812994956970215,12.823324203491211,0.01542624644935131,0.01655309647321701,0,0,0,0,0
1787296669049,274,0,0,10,0.03745972737669945,5.391570568084717,62.1536979675293,0,0,0,0,0,0,0.0013512078439816833,0.0013129101134836674,0,0,12.817357063293457,12.813396453857422,12.822011947631836,0.015618160367012024,0.016984188929200172,0,0,0,0,0
1787296669070,275,0,0,10,-0.08857284486293793,0.7371607422828674,77.45537567138672,0,0,0,0,0,0,0.0014613146195188165,0.0013038626639172435,0,0,12.818403244018555,12.814544677734375,12.823356628417969,0.015659239143133163,0.017435038462281227,0,0,0,0,0
1787296669089,276,0,0,10,-0.12710152566432953,-2.291785478591919,62.71290969848633,0,0,0,0,0,0,0.001326719531789422,0.0017114357324317098,0,0,12.817553520202637,12.81391429901123,12.820408821105957,0.015431537292897701,0.016818180680274963,0,0,0,0,0
1787296669110,277,0,0,10,-0.03547390177845955,-1.3915984630584717,90.31934356689453,0,0,0,0,0,0,0.0009392014471814036,0.0012292976025491953,0,0,12.817477226257324,12.81163501739502,12.823535919189453,0.015440010465681553,0.01640956848859787,0,0,0,0,0
1787296669129,278,0,0,10,0.1647951900959015,18.373605728149414,79.63934326171875,0,0,0,0,0,0,0.0007443561917170882,0.0009490266675129533,0,0,12.816791534423828,12.810848236083984,12.823370933532715,0.015530377626419067,0.016753260046243668,0,0,0,0,0
1787296669150,279,0,0,10,-0.08310575783252716,-8.416546821594238,73.2754135131836,0,0,0,0,0,0,0.0014451438328251243,0.0016995941987261176,0,0,12.816420555114746,12.80905818939209,12.820157051086426,0.015407118014991283,0.016384020447731018,0,0,0,0,0
1787296669170,280,0,0,10,-0.08548138290643692,-2.8819527626037598,50.12796401977539,0,0,0,0,0,0,0.0011217724531888962,0.0014216062845662236,0,0,12.815916061401367,12.807209014892578,12.82121753692627,0.01564130187034607,0.016600104048848152,0,0,0,0,0
1787296669190,281,0,0,10,-0.08679274469614029,-5.114751815795898,71.42282104492188,0,0,0,0,0,0,0.001056621433235705,0.0012635049642995,0,0,12.815179824829102,12.809981346130371,12.820016860961914,0.015889974310994148,0.01710827648639679,0,0,0,0,0
1787296669210,282,0,0,10,0.08445382863283157,7.909960746765137,90.27749633789062,0,0,0,0,0,0,0.0012881464790552855,0.0014221577439457178,0,0,12.816943168640137,12.812873840332031,12.822298049926758,0.01585662178695202,0.016935225576162338,0,0,0,0,0
1787296669230,283,0,0,10,0.028553854674100876,1.2143521308898926,60.36311721801758,0,0,0,0,0,0,0.0017035583732649684,0.0015409501502290368,0,0,12.814929962158203,12.810937881469727,12.822052955627441,0.015611458569765091,0.01656692661345005,0,0,0,0,0
1787296669250,284,0,0,10,-0.061415690928697586,-6.315165996551514,51.587379455566406,0,0,0,0,0,0,0.0008334338199347258,0.0011394098401069641,0,0,12.818403244018555,12.809723854064941,12.826016426086426,0.015719570219516754,0.016738994047045708,0,0,0,0,0
1787296669270,285,0,0,10,0.11948933452367783,11.19694995880127,45.60427474975586,0,0,0,0,0,0,0.000165275065228343,0.00044881057692691684,0,0,12.817147254943848,12.81131362915039,12.822230339050293,0.01564302109181881,0.016938606277108192,0,0,0,0,0
1787296669290,286,0,0,10,-0.021423136815428734,-6.271344184875488,73.01870727539062,0,0,0,0,0,0,0.0005963273579254746,0.0009336628136225045,0,0,12.817787170410156,12.808694839477539,12.824259757995605,0.015642689540982246,0.01670938916504383,0,0,0,0,0
1787296669310,287,0,0,10,-0.09832720458507538,-15.876911163330078,88.33881378173828,0,0,0,0,0,0,0.0011444719275459647,0.0010661202250048518,0,0,12.81821060180664,12.810519218444824,12.820978164672852,0.015554794110357761,0.016597935929894447,0,0,0,0,0
1787296669330,288,0,0,10,-0.04135560244321823,-1.0696157217025757,44.41753005981445,0,0,0,0,0,0,0.0005185615736991167,0.000781872367952019,0,0,12.81888484954834,12.814436912536621,12.823946952819824,0.015634404495358467,0.01708844117820263,0,0,0,0,0
1787296669351,289,0,0,10,-0.10679392516613007,-2.2970516681671143,57.708316802978516,0,0,0,0,0,0,0.0016234767390415072,0.0016547112027183175,0,0,12.817075729370117,12.809281349182129,12.822794914245605,0.01567899063229561,0.016617795452475548,0,0,0,0,0
1787296669371,290,0,0,10,-0.012056457810103893,-0.6660925149917603,53.75565719604492,0,0,0,0,0,0,0.0007233631331473589,0.0012348382733762264,0,0,12.817731857299805,12.81031608581543,12.823479652404785,0.01540377363562584,0.016817083582282066,0,0,0,0,0
1787296669391,291,0,0,10,0.03902539610862732,3.0750346183776855,58.124366760253906,0,0,0,0,0,0,0.00027446579770185053,0.0006911205127835274,0,0,12.816422462463379,12.812907218933105,12.822465896606445,0.015546631999313831,0.01675763539969921,0,0,0,0,0
1787296669411,292,0,0,10,-0.04129175469279289,-8.546485900878906,73.46149444580078,0,0,0,0,0,0,0.000971512752585113,0.0015753889456391335,0,0,12.819130897521973,12.81506061553955,12.82552719116211,0.015571889467537403,0.016796616837382317,0,0,0,0,0
1787296669431,293,0,0,10,-0.18613478541374207,-18.262950897216797,75.68419647216797,0,0,0,0,0,0,0.001037399866618216,0.0014040645910426974,0,0,12.816338539123535,12.808761596679688,12.820558547973633,0.015786470845341682,0.016910390928387642,0,0,0,0,0
1787296669451,294,0,0,10,-0.13034886121749878,-8.506755828857422,89.42047882080078,0,0,0,0,0,0,0.0014589728089049459,0.0015907339984551072,0,0,12.816905975341797,12.81224536895752,12.82119083404541,0.015485822223126888,0.016570931300520897,0,0,0,0,0
1787296669471,295,0,0,10,0.03293851390480995,4.427489280700684,78.46843719482422,0,0,0,0,0,0,0.0009184615919366479,0.001222785678692162,0,0,12.817505836486816,12.813268661499023,12.823107719421387,0.0156618170440197,0.01653250865638256,0,0,0,0,0
1787296669491,296,0,0,10,-0.06193928048014641,-14.108580589294434,88.10771942138672,0,0,0,0,0,0,0.003200731473043561,0.0020066893193870783,0,0,12.817863464355469,12.814157485961914,12.828733444213867,0.015525352209806442,0.016683248803019524,0,0,0,0,0
1787296669511,297,0,0,10,0.09909055382013321,8.270956039428711,94.39518737792969,0,0,0,0,0,0,0.0034552353899925947,0.0018733767792582512,0,0,12.817065238952637,12.811145782470703,12.820755958557129,0.015690475702285767,0.016732417047023773,0,0,0,0,0
1787296669531,298,0,0,10,0.10137360543012619,5.21454381942749,78.38361358642578,0,0,0,0,0,0,0.002255209954455495,0.0019677639938890934,0,0,12.818337440490723,12.814600944519043,12.820995330810547,0.015347094275057316,0.016803545877337456,0,0,0,0,0
1787296669552,299,0,0,10,0.060845524072647095,0.22686831653118134,96.13333129882812,0,0,0,0,0,0,0.0022098184563219547,0.002153489738702774,0,0,12.8169527053833,12.809271812438965,12.821623802185059,0.015627417713403702,0.016765501350164413,0,0,0,0,0
1787296669572,300,0,0,10,-0.04962359368801117,-7.519958019256592,82.90518951416016,0,0,0,0,0,0,0.0008793752058409154,0.0014020935632288456,0,0,12.816604614257812,12.814558982849121,12.824252128601074,0.01571640931069851,0.016679780557751656,0,0,0,0,0
1787296669592,301,0,0,10,0.1147630512714386,8.507450103759766,99.40765380859375,0,0,0,0,0,0,0.0012824765872210264,0.0014839374925941229,0,0,12.817115783691406,12.810248374938965,12.821537017822266,0.015600751154124737,0.016328178346157074,0,0,0,0,0
1787296669612,302,0,0,10,-0.08080538362264633,-7.46713399887085,54.13734436035156,0,0,0,0,0,0,0.0011230057571083307,0.0013101333752274513,0,0,12.816405296325684,12.807833671569824,12.819620132446289,0.015615761280059814,0.016705842688679695,0,0,0,0,0
1787296669632,303,0,0,10,0.2650112211704254,22.174829483032227,175.12820434570312,0,0,0,0,0,0,0.0033747642301023006,0.0019202814437448978,0,0,12.816489219665527,12.812939643859863,12.821247100830078,0.015465477481484413,0.016715144738554955,0,0,0,0,0
1787296669652,304,0,0,10,0.39869603514671326,36.257171630859375,119.15744018554688,0,0,0,0,0,0,0.0022547587286680937,0.001754977973178029,0,0,12.8187255859375,12.811346054077148,12.825519561767578,0.015558846294879913,0.01697937771677971,0,0,0,0,0
1787296669672,305,0,0,10,-0.029970601201057434,-2.976067066192627,79.01992797851562,0,0,0,0,0,0,0.0017644371837377548,0.0015785456635057926,0,0,12.817479133605957,12.812541961669922,12.820950508117676,0.015562188811600208,0.01662491261959076,0,0,0,0,0
1787296669692,306,0,0,10,-0.04728790745139122,-4.188755512237549,45.175209045410156,0,0,0,0,0,0,0.0006618365296162665,0.0009426928008906543,0,0,12.816938400268555,12.811270713806152,12.823128700256348,0.015620430000126362,0.01689683459699154,0,0,0,0,0
1787296669712,307,0,0,10,-0.019340312108397484,4.215224742889404,44.6993522644043,0,0,0,0,0,0,0.0006611088756471872,0.000973428541328758,0,0,12.816574096679688,12.81286907196045,12.82524299621582,0.015438730828464031,0.016254914924502373,0,0,0,0,0
1787296669733,308,0,0,10,-0.015165794640779495,-1.4528104066848755,46.85567855834961,0,0,0,0,0,0,0.0003827808250207454,0.0007013935828581452,0,0,12.816659927368164,12.811258316040039,12.822017669677734,0.015497585758566856,0.0171493049710989,0,0,0,0,0
1787296669753,309,0,0,10,-0.01608954183757305,-1.9745914936065674,51.657073974609375,0,0,0,0,0,0,0.001319778268225491,0.0014037052169442177,0,0,12.815896034240723,12.81255054473877,12.81820297241211,0.015445263125002384,0.016278007999062538,0,0,0,0,0
1787296669773,310,0,0,10,-0.03458782657980919,-0.7111130952835083,18.975908279418945,0,0,0,0,0,0,0.0003065136552322656,0.0006766826845705509,0,0,12.816606521606445,12.807219505310059,12.821442604064941,0.015729809179902077,0.01690605841577053,0,0,0,0,0
1787296669793,311,0,0,10,0.0032199628185480833,4.101416110992432,51.35667037963867,0,0,0,0,0,0,0.00027832554769702256,0.0006240139482542872,0,0,12.816741943359375,12.804655075073242,12.823139190673828,0.015424156561493874,0.016812918707728386,0,0,0,0,0
1787296669813,312,0,0,10,-0.05509493872523308,-7.71242618560791,62.18292236328125,0,0,0,0,0,0,0.0010587263386696577,0.001189699280075729,0,0,12.81597900390625,12.810955047607422,12.820257186889648,0.015559528023004532,0.016345838084816933,0,0,0,0,0
1787296669833,313,0,0,10,0.043761733919382095,-1.0410746335983276,97.71566009521484,0,0,0,0,0,0,0.002287448849529028,0.0019479196052998304,0,0,12.816781997680664,12.809361457824707,12.823857307434082,0.015741555020213127,0.017035476863384247,0,0,0,0,0
1787296669853,314,0,0,10,0.10826778411865234,6.546998977661133,47.522159576416016,0,0,0,0,0,0,0.0016676345840096474,0.0020092360209673643,0,0,12.816576957702637,12.80933666229248,12.82194995880127,0.015398222021758556,0.0165936890989542,0,0,0,0,0
1787296669873,315,0,0,10,0.0036815074272453785,0.3275673985481262,48.62586975097656,0,0,0,0,0,0,0.00045352173037827015,0.0009795172372832894,0,0,12.815703392028809,12.808611869812012,12.820223808288574,0.015390601009130478,0.016715187579393387,0,0,0,0,0
1787296669893,316,0,0,10,-0.057945795357227325,-6.5777506828308105,54.321102142333984,0,0,0,0,0,0,0.0008526011370122433,0.001118260552175343,0,0,12.81682014465332,12.81325912475586,12.821477890014648,0.015620236285030842,0.01703144796192646,0,0,0,0,0
1787296669913,317,0,0,10,0.13594630360603333,15.160791397094727,67.38357543945312,0,0,0,0,0,0,0.0014479684177786112,0.0011614998802542686,0,0,12.81705379486084,12.813039779663086,12.82314395904541,0.01575171947479248,0.01711413636803627,0,0,0,0,0
1787296669933,318,0,0,10,0.10300321877002716,10.73642349243164,60.052310943603516,0,0,0,0,0,0,0.0009042603778652847,0.0011026215506717563,0,0,12.81843090057373,12.813118934631348,12.82352352142334,0.015754632651805878,0.0168516393750906,0,0,0,0,0
1787296669954,319,0,0,10,-0.06334824115037918,-9.473214149475098,88.85874938964844,0,0,0,0,0,0,0.001232938258908689,0.001486457185819745,0,0,12.816161155700684,12.805939674377441,12.822305679321289,0.01565861701965332,0.016829179599881172,0,0,0,0,0
1787296669974,320,0,0,10,-0.0064138369634747505,-0.019634824246168137,65.09251403808594,0,0,0,0,0,0,0.0007909334381110966,0.0012838757829740644,0,0,12.815519332885742,12.807415008544922,12.823067665100098,0.015839777886867523,0.01668459363281727,0,0,0,0,0
1787296669994,321,0,0,10,0.05863736942410469,1.6005802154541016,38.60863494873047,0,0,0,0,0,0,0.0006468014325946569,0.0008683957275934517,0,0,12.81622314453125,12.811848640441895,12.823430061340332,0.015651961788535118,0.016515962779521942,0,0,0,0,0
1787296670014,322,0,0,10,-0.05663571506738663,-10.852185249328613,69.95389556884766,0,0,0,0,0,0,0.0009312889305874705,0.0014061236288398504,0,0,12.816040992736816,12.810046195983887,12.819470405578613,0.015769440680742264,0.017227819189429283,0,0,0,0,0
1787296670034,323,0,0,10,-0.09742239862680435,-9.398481369018555,112.5326156616211,0,0,0,0,0,0,0.002162717981263995,0.0017068268498405814,0,0,12.816539764404297,12.811007499694824,12.822185516357422,0.015698641538619995,0.016843806952238083,0,0,0,0,0
1787296670054,324,0,0,10,0.10053520649671555,10.616958618164062,62.25455856323242,0,0,0,0,0,0,0.001982945017516613,0.001063085626810789,0,0,12.818573951721191,12.81553840637207,12.823545455932617,0.01570906490087509,0.01636682264506817,0,0,0,0,0
1787296670075,325,0,0,10,-0.07788867503404617,-8.115067481994629,88.50214385986328,0,0,0,0,0,0,0.0020117282401770353,0.0014621656155213714,0,0,12.818119049072266,12.81308364868164,12.823616981506348,0.01564132049679756,0.016307439655065536,0,0,0,0,0
1787296670094,326,0,0,10,-0.0023827289696782827,2.631108522415161,61.49327850341797,0,0,0,0,0,0,0.002627259586006403,0.0022588148713111877,0,0,12.81614875793457,12.812349319458008,12.822148323059082,0.015512432903051376,0.017000647261738777,0,0,0,0,0
1787296670114,327,0,0,10,-0.06852187216281891,-4.1733808517456055,66.84681701660156,0,0,0,0,0,0,0.0013512460282072425,0.001866628765128553,0,0,12.81625747680664,12.812369346618652,12.822236061096191,0.015536630526185036,0.016557522118091583,0,0,0,0,0
1787296670134,328,0,0,10,-0.04135167598724365,-5.203470706939697,78.51783752441406,0,0,0,0,0,0,0.001415287610143423,0.0014317710883915424,0,0,12.816722869873047,12.811239242553711,12.82050895690918,0.01548748929053545,0.016885170713067055,0,0,0,0,0
1787296670155,329,0,0,10,0.05814024433493614,9.021790504455566,49.73875045776367,0,0,0,0,0,0,0.0030842123087495565,0.0029562944546341896,0,0,12.816305160522461,12.81157112121582,12.820380210876465,0.015304423868656158,0.01637275330722332,0,0,0,0,0
1787296670175,330,0,0,10,-0.06428633630275726,-4.78779411315918,55.847801208496094,0,0,0,0,0,0,0.0011347141116857529,0.0016458136960864067,0,0,12.81716537475586,12.813302040100098,12.819830894470215,0.015372999012470245,0.01625235751271248,0,0,0,0,0
1787296670195,331,0,0,10,0.006024511530995369,-0.2335214912891388,59.885990142822266,0,0,0,0,0,0,0.0009565051877871156,0.0016922857612371445,0,0,12.815444946289062,12.809468269348145,12.822677612304688,0.015608103945851326,0.01678835228085518,0,0,0,0,0
1787296670215,332,0,0,10,0.06666513532400131,7.795748710632324,61.220069885253906,0,0,0,0,0,0,0.0013490690616890788,0.0015289103612303734,0,0,12.817033767700195,12.813579559326172,12.822278022766113,0.015550694428384304,0.016831202432513237,0,0,0,0,0
1787296670235,333,0,0,10,0.14523077011108398,11.200172424316406,75.72724151611328,0,0,0,0,0,0,0.0023849024437367916,0.0022493689320981503,0,0,12.815741539001465,12.811880111694336,12.82325553894043,0.015390648506581783,0.016376979649066925,0,0,0,0,0
1787296670255,334,0,0,10,-0.08477737009525299,-10.26551342010498,111.14989471435547,0,0,0,0,0,0,0.0013312564697116613,0.0015271427109837532,0,0,12.81731128692627,12.812949180603027,12.822442054748535,0.015628445893526077,0.0166549701243639,0,0,0,0,0
1787296670276,335,0,0,10,-0.08948338031768799,-8.58450984954834,64.99932861328125,0,0,0,0,0,0,0.0021984821651130915,0.002454966539517045,0,0,12.818339347839355,12.814377784729004,12.823504447937012,0.015328258275985718,0.016750585287809372,0,0,0,0,0
1787296670295,336,0,0,10,-0.0806017816066742,-4.332047462463379,70.9226303100586,0,0,0,0,0,0,0.0009805129375308752,0.0014334620209410787,0,0,12.818572044372559,12.81550407409668,12.823989868164062,0.015487845987081528,0.016549985855817795,0,0,0,0,0
1787296670315,337,0,0,10,-0.06694071739912033,-2.0148520469665527,40.1705436706543,0,0,0,0,0,0,0.0005302026402205229,0.0008748394902795553,0,0,12.817827224731445,12.812297821044922,12.82452392578125,0.015373017638921738,0.016425061970949173,0,0,0,0,0
1787296670335,338,0,0,10,0.10166918486356735,9.604679107666016,74.73487854003906,0,0,0,0,0,0,0.0012082192115485668,0.001379575696773827,0,0,12.818694114685059,12.814781188964844,12.821721076965332,0.01544744148850441,0.016312867403030396,0,0,0,0,0
1787296670356,339,0,0,10,0.02073388360440731,5.107424259185791,74.21305847167969,0,0,0,0,0,0,0.001068746205419302,0.0010113443713635206,0,0,12.818207740783691,12.814242362976074,12.825155258178711,0.015561670996248722,0.01656508632004261,0,0,0,0,0
1787296670376,340,0,0,10,0.09714111685752869,6.670001029968262,92.5615234375,0,0,0,0,0,0,0.0022078556939959526,0.00172737508546561,0,0,12.815632820129395,12.811965942382812,12.82546329498291,0.015710482373833656,0.016880150884389877,0,0,0,0,0
1787296670396,341,0,0,10,-0.02239241637289524,-5.357797622680664,129.57925415039062,0,0,0,0,0,0,0.0020878727082163095,0.0015526151983067393,0,0,12.818490982055664,12.809796333312988,12.823761940002441,0.015848224982619286,0.017201554030179977,0,0,0,0,0
1787296670416,342,0,0,10,0.11159056425094604,8.86927604675293,139.95404052734375,0,0,0,0,0,0,0.0021496815606951714,0.002086510183289647,0,0,12.815956115722656,12.81014347076416,12.820111274719238,0.015579123049974442,0.01687435433268547,0,0,0,0,0
1787296670436,343,0,0,10,-0.15906405448913574,-8.375167846679688,72.68183135986328,0,0,0,0,0,0,0.0018499497091397643,0.0017189312493428588,0,0,12.817319869995117,12.809922218322754,12.822463035583496,0.01527747418731451,0.016799550503492355,0,0,0,0,0
1787296670456,344,0,0,10,0.024753481149673462,4.487411022186279,45.33137893676758,0,0,0,0,0,0,0.0018404751317575574,0.0013866896042600274,0,0,12.817397117614746,12.812760353088379,12.822978973388672,0.01578306406736374,0.016579845920205116,0,0,0,0,0
1787296670476,345,0,0,10,0.04961993545293808,5.608922004699707,70.18124389648438,0,0,0,0,0,0,0.0012295546475797892,0.001313799642957747,0,0,12.817298889160156,12.813923835754395,12.82485294342041,0.01576196402311325,0.01649135909974575,0,0,0,0,0
1787296670496,346,0,0,10,-0.014072234742343426,-3.8839194774627686,88.32000732421875,0,0,0,0,0,0,0.0012197676114737988,0.0013981255469843745,0,0,12.818202018737793,12.809847831726074,12.82298755645752,0.01565645821392536,0.016599232330918312,0,0,0,0,0
1787296670517,347,0,0,10,-0.12363451719284058,-14.431817054748535,96.74056243896484,0,0,0,0,0,0,0.0016948897391557693,0.001843473524786532,0,0,12.817005157470703,12.813971519470215,12.825840950012207,0.01546725258231163,0.016862669959664345,0,0,0,0,0
1787296670536,348,0,0,10,-0.11170870065689087,-6.538191795349121,63.09605026245117,0,0,0,0,0,0,0.0005903671844862401,0.0010283577721565962,0,0,12.817413330078125,12.812784194946289,12.820963859558105,0.015493791550397873,0.01633594185113907,0,0,0,0,0
1787296670557,349,0,0,10,-0.06396999210119247,-3.2105016708374023,51.907012939453125,0,0,0,0,0,0,0.001121034030802548,0.0013570169685408473,0,0,12.818368911743164,12.811471939086914,12.823708534240723,0.015463788993656635,0.016253098845481873,0,0,0,0,0
1787296670577,350,0,0,10,-0.013650861568748951,-3.004624366760254,41.07490158081055,0,0,0,0,0,0,0.0014509453903883696,0.0015702102100476623,0,0,12.816632270812988,12.81229305267334,12.821418762207031,0.015505475923418999,0.017162924632430077,0,0,0,0,0
1787296670597,351,0,0,10,-0.14654229581356049,-16.60625457763672,84.10318756103516,0,0,0,0,0,0,0.0019428038503974676,0.0017478172667324543,0,0,12.81654167175293,12.811264038085938,12.821694374084473,0.01569259539246559,0.016795359551906586,0,0,0,0,0
1787296670617,352,0,0,10,0.21192806959152222,24.753515243530273,88.44822692871094,0,0,0,0,0,0,0.0009620086057111621,0.0013774032704532146,0,0,12.817219734191895,12.813310623168945,12.822882652282715,0.015567335300147533,0.0170423686504364,0,0,0,0,0
1787296670637,353,0,0,10,-0.04645507410168648,-6.564374923706055,96.5894775390625,0,0,0,0,0,0,0.0018973079277202487,0.0023824272211641073,0,0,12.817517280578613,12.812685012817383,12.824335098266602,0.01552534382790327,0.01651008427143097,0,0,0,0,0
1787296670657,354,0,0,10,0.05544266477227211,4.459323883056641,117.75997924804688,0,0,0,0,0,0,0.0010188608430325985,0.0013551003066822886,0,0,12.819188117980957,12.814881324768066,12.826358795166016,0.015509819611907005,0.017008818686008453,0,0,0,0,0
1787296670677,355,0,0,10,0.02684049867093563,1.8914518356323242,85.48574829101562,0,0,0,0,0,0,0.002179353730753064,0.001973250415176153,0,0,12.81800365447998,12.811412811279297,12.823573112487793,0.015565776266157627,0.016954632475972176,0,0,0,0,0
1787296670697,356,0,0,10,0.11802828311920166,11.14945125579834,97.31371307373047,0,0,0,0,0,0,0.001214154763147235,0.0015059387078508735,0,0,12.816279411315918,12.813310623168945,12.823582649230957,0.015734417364001274,0.017346642911434174,0,0,0,0,0
1787296670717,357,0,0,10,0.01347032468765974,-1.32857084274292,50.088462829589844,0,0,0,0,0,0,0.0013843964552506804,0.0011739982292056084,0,0,12.817593574523926,12.810818672180176,12.824294090270996,0.01549974363297224,0.01666465774178505,0,0,0,0,0
1787296670737,358,0,0,10,0.06955845654010773,6.878245830535889,55.7866096496582,0,0,0,0,0,0,0.0012305707205086946,0.0014208281645551324,0,0,12.817862510681152,12.813457489013672,12.82425594329834,0.015572922304272652,0.016711058095097542,0,0,0,0,0
1787296670758,359,0,0,10,-0.09962289035320282,-5.576858997344971,73.60704040527344,0,0,0,0,0,0,0.001863147015683353,0.002156340517103672,0,0,12.817363739013672,12.811020851135254,12.821356773376465,0.015392038971185684,0.01629992201924324,0,0,0,0,0
1787296670778,360,0,0,10,0.09731276333332062,8.888757705688477,59.92493438720703,0,0,0,0,0,0,0.0010439316974952817,0.001290837419219315,0,0,12.817049026489258,12.813127517700195,12.82202434539795,0.015644075348973274,0.01667822152376175,0,0,0,0,0
1787296670798,361,0,0,10,-0.15901489555835724,-19.14389991760254,125.80426788330078,0,0,0,0,0,0,0.0029565629083663225,0.00218582502566278,0,0,12.81805419921875,12.811286926269531,12.82443618774414,0.015376850962638855,0.016543610021471977,0,0,0,0,0
1787296670818,362,0,0,10,-0.02504870481789112,9.035455703735352,76.1080551147461,0,0,0,0,0,0,0.0008535169763490558,0.0013706721365451813,0,0,12.815421104431152,12.810489654541016,12.819517135620117,0.01563125103712082,0.016688579693436623,0,0,0,0,0
1787296670838,363,0,0,10,-0.25420141220092773,-24.797569274902344,183.27488708496094,0,0,0,0,0,0,0.002871681470423937,0.0022485777735710144,0,0,12.816887855529785,12.812956809997559,12.822909355163574,0.015389560721814632,0.016596386209130287,0,0,0,0,0
1787296670858,364,0,0,10,-0.010894615203142166,-0.6128855347633362,110.7546157836914,0,0,0,0,0,0,0.0019480454502627254,0.0017955543007701635,0,0,12.818236351013184,12.813699722290039,12.824071884155273,0.01554613932967186,0.01658056117594242,0,0,0,0,0
1787296670878,365,0,0,10,0.04126451537013054,4.514626979827881,111.24690246582031,0,0,0,0,0,0,0.0019614112097769976,0.0018696460174396634,0,0,12.818245887756348,12.811944007873535,12.823344230651855,0.01545187272131443,0.01652020774781704,0,0,0,0,0
1787296670898,366,0,0,10,-0.030018022283911705,-1.427977442741394,54.66191864013672,0,0,0,0,0,0,0.0005387109122239053,0.0010527430567890406,0,0,12.818144798278809,12.812620162963867,12.823225975036621,0.015653599053621292,0.016868656501173973,0,0,0,0,0
1787296670919,367,0,0,10,0.006903859321027994,7.025041103363037,67.24694061279297,0,0,0,0,0,0,0.0013347477652132511,0.0016993547324091196,0,0,12.818814277648926,12.81197452545166,12.82435131072998,0.015343095175921917,0.016699226573109627,0,0,0,0,0
1787296670938,368,0,0,10,0.07146024703979492,10.320047378540039,76.1032943725586,0,0,0,0,0,0,0.002875295467674732,0.002076369011774659,0,0,12.815342903137207,12.810715675354004,12.822222709655762,0.015669817104935646,0.016921380534768105,0,0,0,0,0
1787296670959,369,0,0,10,-0.08578674495220184,-5.041899681091309,77.51229095458984,0,0,0,0,0,0,0.0015507404459640384,0.0019182689720764756,0,0,12.817190170288086,12.811850547790527,12.821969985961914,0.015609513968229294,0.01679692417383194,0,0,0,0,0
1787296670979,370,0,0,10,0.1384739875793457,19.36841583251953,96.57745361328125,0,0,0,0,0,0,0.0009428829071111977,0.0012746128486469388,0,0,12.817093849182129,12.80884075164795,12.82483196258545,0.015728849917650223,0.01707809790968895,0,0,0,0,0
1787296670999,371,0,0,10,-0.047465939074754715,1.1400505304336548,76.36094665527344,0,0,0,0,0,0,0.0008126717293635011,0.0012525231577455997,0,0,12.817730903625488,12.812439918518066,12.822933197021484,0.01568954810500145,0.016551071777939796,0,0,0,0,0
1787296671019,372,0,0,10,0.6042011976242065,55.832000732421875,128.42999267578125,0,0,0,0,0,0,0.0021542939357459545,0.0018080679001286626,0,0,12.815731048583984,12.808472633361816,12.825504302978516,0.015673158690333366,0.016868850216269493,0,0,0,0,0
1787296671039,373,0,0,10,-0.09549009799957275,-7.9828057289123535,91.47239685058594,0,0,0,0,0,0,0.0013681086711585522,0.0016940301284193993,0,0,12.81458568572998,12.809618949890137,12.822766304016113,0.015360009856522083,0.016526002436876297,0,0,0,0,0
1787296671059,374,0,0,10,-0.131704181432724,-10.718330383300781,89.14261627197266,0,0,0,0,0,0,0.0011341191129758954,0.001189079717732966,0,0,12.816812515258789,12.812331199645996,12.822372436523438,0.01538870669901371,0.0164877250790596,0,0,0,0,0
1787296671079,375,0,0,10,-0.05273859202861786,-2.015659809112549,88.27474975585938,0,0,0,0,0,0,0.0007491012802347541,0.0014289678074419498,0,0,12.817306518554688,12.81223201751709,12.820846557617188,0.015412747859954834,0.016709227114915848,0,0,0,0,0
1787296671099,376,0,0,10,0.25853005051612854,21.72123146057129,88.7911376953125,0,0,0,0,0,0,0.002810105448588729,0.001752311596646905,0,0,12.817571640014648,12.81269359588623,12.823711395263672,0.015663551166653633,0.016862967982888222,0,0,0,0,0
1787296671120,377,3,0,10,7.06762170791626,291.58673095703125,98.59171295166016,0,0,0,0,0,0,0.2339211255311966,0.09556164592504501,0.8649148344993591,0.2566618025302887,12.812092781066895,12.806107521057129,12.819437980651855,0.015764491632580757,0.0172574520111084,0.002037821337580681,0,0,0,0
1787296671139,378,3,0,10,10.715510368347168,167.66122436523438,69.5246810913086,0,0,0,0,0,0,0.40494343638420105,0.07452495396137238,0.9835768342018127,0.06405046582221985,12.808298110961914,12.800283432006836,12.814908981323242,0.016144752502441406,0.01742831990122795,0.3395107090473175,0,0,0,0
1787296671160,379,3,0,10,12.160719871520996,71.06788635253906,45.91252517700195,0,0,0,0,0,0,0.52699875831604,0.05499677360057831,0.9980034232139587,0.011780323460698128,12.804970741271973,12.798396110534668,12.809588432312012,0.01605699025094509,0.01682807318866253,0.4784702658653259,0,0,0,0
1787296671180,380,3,0,10,12.257272720336914,0.6142131090164185,34.54413986206055,0,0,0,0,0,0,0.6288092136383057,0.0456823967397213,0.9997572898864746,0.0019176629139110446,12.800594329833984,12.793933868408203,12.80367660522461,0.015922898426651955,0.017445219680666924,0.5843442678451538,0,0,0,0
1787296671200,381,3,0,10,11.59193229675293,-32.504783630371094,18.084136962890625,0,0,0,0,0,0,0.7177197933197021,0.04038558155298233,0.9999704957008362,0.0002921516716014594,12.797516822814941,12.78980827331543,12.803248405456543,0.015541475266218185,0.016739746555685997,0.6725724339485168,0,0,0,0
1787296671220,382,3,0,10,10.441697120666504,-53.69117736816406,11.132561683654785,0,0,0,0,0,0,0.7999444603919983,0.03704162687063217,0.9999964237213135,0.00004269911732990295,12.792868614196777,12.788999557495117,12.798286437988281,0.014569918625056744,0.016468241810798645,0.7585943341255188,0,0,0,0
1787296671240,383,3,0,10,9.307833671569824,-56.169979095458984,9.619117736816406,0,0,0,0,0,0,0.875489354133606,0.0335458479821682,0.9999995827674866,0.000006056863185222028,12.790753364562988,12.787335395812988,12.798795700073242,0.013011054135859013,0.014895034022629261,0.8424113392829895,0,0,0,0
1787296671260,384,3,0,10,8.295455932617188,-47.87250900268555,10.273144721984863,0,0,0,0,0,0,0.9433977007865906,0.03035149723291397,0.9999997615814209,9.483105145591253e-7,12.788782119750977,12.7850923538208,12.793750762939453,0.00896950252354145,0.012621770612895489,0.9063761830329895,0,0,0,0
1787296671280,385,3,0,10,7.829869270324707,-19.91381072998047,14.904436111450195,0,0,0,0,0,0,1.0052016973495483,0.02822752296924591,0.9999997615814209,3.2472482303091965e-7,12.787394523620605,12.783987045288086,12.795051574707031,0.005916118156164885,0.007547908462584019,0.9747535586357117,0,0,0,0
1787296671300,386,3,0,10,7.515177249908447,-25.462223052978516,17.551515579223633,0,0,0,0,0,0,1.0683956146240234,0.02861797623336315,0.9999997615814209,2.4891141947591677e-7,12.785199165344238,12.782917976379395,12.788558959960938,0.011438232846558094,0.01543152891099453,1.0365121364593506,0,0,0,0
1787296671320,387,3,0,10,-2.346432685852051,-266.8233947753906,276.18756103515625,0,0,0,0,0,0,1.1243046522140503,0.02540651150047779,0.9999997615814209,2.3969425910763675e-7,12.784518241882324,12.780105590820312,12.78848648071289,0.019777175039052963,0.022962301969528198,1.0982720851898193,0,0,0,0
1787296671341,388,3,0,10,-4.676915645599365,-119.52005004882812,87.09303283691406,0,0,0,0,0,0,1.184868335723877,0.02656503953039646,0.9999997615814209,2.385736479482148e-7,12.783591270446777,12.780028343200684,12.786737442016602,0.019416578114032745,0.023751001805067062,1.1534147262573242,0,0,0,0
1787296671361,389,3,0,10,-4.369179725646973,12.380244255065918,57.408447265625,0,0,0,0,0,0,1.237890362739563,0.02366824820637703,0.9999997615814209,2.3843742269491486e-7,12.781991958618164,12.776241302490234,12.787129402160645,0.011731699109077454,0.01689436286687851,1.2129684686660767,0,0,0,0
1787296671381,390,3,0,10,-2.5547351837158203,28.377384185791016,111.23004913330078,0,0,0,0,0,0,1.2926278114318848,0.024291470646858215,0.9999997615814209,2.384208244166075e-7,12.78085708618164,12.773972511291504,12.783289909362793,0.01229674182832241,0.014631050638854504,1.268110990524292,0,0,0,0
1787296671401,391,3,0,10,-3.8462226390838623,-57.90625762939453,41.70897674560547,0,0,0,0,0,0,1.344904899597168,0.022942369803786278,0.9999997615814209,2.384188633186568e-7,12.7788667678833,12.772469520568848,12.784270286560059,0.016603924334049225,0.018494540825486183,1.3188437223434448,0,0,0,0
1787296671421,392,3,0,10,-4.2110595703125,-12.819509506225586,37.22169494628906,0,0,0,0,0,0,1.391986608505249,0.02144504524767399,0.9999997615814209,2.384186927884002e-7,12.77719497680664,12.770085334777832,12.783037185668945,0.015283018350601196,0.017507333308458328,1.369573950767517,0,0,0,0
1787296671441,393,3,0,10,-4.080120086669922,4.474869728088379,30.453285217285156,0,0,0,0,0,0,1.4419933557510376,0.022162025794386864,0.9999997615814209,2.384186927884002e-7,12.774496078491211,12.769231796264648,12.783020973205566,0.014396005310118198,0.01535187941044569,1.4181004762649536,0,0,0,0
1787296671462,394,3,0,10,-4.0879974365234375,0.9264571666717529,27.289953231811523,0,0,0,0,0,0,1.4894109964370728,0.021285641938447952,0.9999997615814209,2.384186927884002e-7,12.774162292480469,12.769122123718262,12.778181076049805,0.015005882829427719,0.016213443130254745,1.4644193649291992,0,0,0,0
1787296671481,395,3,0,10,-3.9695098400115967,2.2251980304718018,41.0931282043457,0,0,0,0,0,0,1.5372557640075684,0.02103656530380249,0.9999997615814209,2.384186927884002e-7,12.772326469421387,12.763849258422852,12.7762451171875,0.015071460977196693,0.015970543026924133,1.5151495933532715,0,0,0,0
1787296671501,396,3,0,10,-3.9057397842407227,2.465475559234619,33.90694808959961,0,0,0,0,0,0,1.5799379348754883,0.01943802461028099,0.9999997615814209,2.384186927884002e-7,12.768296241760254,12.76298999786377,12.774566650390625,0.015071946196258068,0.01689346693456173,1.5570586919784546,0,0,0,0
1787296671521,397,3,0,10,-3.70249605178833,9.898335456848145,28.758127212524414,0,0,0,0,0,0,1.6236644983291626,0.01900322735309601,0.9999997615814209,2.384186927884002e-7,12.769889831542969,12.766005516052246,12.777506828308105,0.015099364332854748,0.0163660179823637,1.5989677906036377,0,0,0,0
1787296671542,398,3,0,10,-3.5256009101867676,7.417175769805908,26.217864990234375,0,0,0,0,0,0,1.664358139038086,0.01815142296254635,0.9999997615814209,2.384186927884002e-7,12.764440536499023,12.757083892822266,12.771148681640625,0.015432218089699745,0.01649126596748829,1.6430819034576416,0,0,0,0
1787296671562,399,3,0,10,-3.397279977798462,7.8708577156066895,21.6953125,0,0,0,0,0,0,1.6995604038238525,0.01648809388279915,0.9999997615814209,2.384186927884002e-7,12.764730453491211,12.75984001159668,12.768061637878418,0.015074011869728565,0.016811741515994072,1.680578589439392,0,0,0,0
1787296671582,400,3,0,10,-3.374382972717285,-1.6332823038101196,32.991943359375,0,0,0,0,0,0,1.7394042015075684,0.017990538850426674,0.9999997615814209,2.384186927884002e-7,12.763703346252441,12.758088111877441,12.769882202148438,0.015383729711174965,0.01670141890645027,1.713664174079895,0,0,0,0
1787296671602,401,3,0,10,-3.278345823287964,2.0014865398406982,26.867103576660156,0,0,0,0,0,0,1.7721714973449707,0.014450239948928356,0.9993215799331665,0.0007782155880704522,12.761815071105957,12.758733749389648,12.768275260925293,0.015299901366233826,0.015940925106406212,1.757778286933899,0,0,0,0
1787296671622,402,3,0,10,-3.0890393257141113,9.82999038696289,31.103517532348633,0,0,0,0,0,0,1.8062306642532349,0.015265231020748615,0.9936663508415222,0.0037170876748859882,12.760783195495605,12.756124496459961,12.76797103881836,0.015118164010345936,0.016779914498329163,1.7864513397216797,0,0,0,0
1787296671643,403,3,0,10,-2.9608263969421387,7.5986504554748535,31.470552444458008,0,0,0,0,0,0,1.8371869325637817,0.01361291017383337,0.9950425028800964,0.004074135795235634,12.760297775268555,12.756735801696777,12.766837120056152,0.01544855535030365,0.016399266198277473,1.8239480257034302,0,0,0,0
1787296671662,404,3,0,10,-2.7954320907592773,9.557042121887207,32.719642639160156,0,0,0,0,0,0,1.8673630952835083,0.013774903491139412,0.9934121370315552,0.003300876123830676,12.758337020874023,12.752553939819336,12.761419296264648,0.01563091203570366,0.01646842621266842,1.852623701095581,0,0,0,0
1787296671682,405,3,0,10,-2.774688959121704,0.6158626079559326,33.812904357910156,0,0,0,0,0,0,1.8960847854614258,0.012948986142873764,0.9948992729187012,0.003283598693087697,12.758756637573242,12.74834156036377,12.763104438781738,0.015636978670954704,0.01677478849887848,1.8812981843948364,0,0,0,0
1787296671702,406,3,0,10,-2.6931443214416504,2.2820823192596436,29.085309982299805,0,0,0,0,0,0,1.9245339632034302,0.012655435130000114,0.9951613545417786,0.0032370537519454956,12.756033897399902,12.750598907470703,12.759810447692871,0.015423242934048176,0.01653898134827614,1.9121774435043335,0,0,0,0
1787296671722,407,3,0,10,-2.6130638122558594,5.037378311157227,24.397531509399414,0,0,0,0,0,0,1.9486393928527832,0.011500540189445019,0.9954652786254883,0.002694750437512994,12.753952026367188,12.748682975769043,12.758461952209473,0.015515360981225967,0.01650429330766201,1.9320282936096191,0,0,0,0
1787296671742,408,3,0,10,-2.4652299880981445,8.893035888671875,21.754056930541992,0,0,0,0,0,0,1.973358392715454,0.01132278237491846,0.9953504800796509,0.0026946039870381355,12.75482177734375,12.750349998474121,12.760441780090332,0.015628555789589882,0.016843320801854134,1.9584964513778687,0,0,0,0
1787296671763,409,3,0,10,-2.3919365406036377,3.213879108428955,18.366436004638672,0,0,0,0,0,0,1.9976451396942139,0.01049211248755455,0.9954389929771423,0.003219662932679057,12.753388404846191,12.745959281921387,12.758511543273926,0.015650320798158646,0.017122887074947357,1.9783486127853394,0,0,0,0
1787296671783,410,3,0,10,-2.570321559906006,-8.059326171875,8.700252532958984,0,0,0,0,0,0,2.021331548690796,0.010595045983791351,0.9938475489616394,0.003098300425335765,12.75183391571045,12.744418144226074,12.75886058807373,0.015530207194387913,0.01689923368394375,2.0114340782165527,0,0,0,0
1787296671803,411,3,0,10,-2.640456199645996,-4.323479175567627,10.803467750549316,0,0,0,0,0,0,2.0424304008483887,0.009524337016046047,0.9951360821723938,0.0032336462754756212,12.751391410827637,12.744804382324219,12.758496284484863,0.015525336377322674,0.01633353903889656,2.0290799140930176,0,0,0,0
1787296671823,412,3,0,10,-2.6370253562927246,0.17778609693050385,9.681133270263672,0,0,0,0,0,0,2.0620272159576416,0.008680121973156929,0.99537193775177,0.0034830302465707064,12.749200820922852,12.742541313171387,12.754459381103516,0.015368197113275528,0.0164759773761034,2.048929452896118,0,0,0,0
1787296671843,413,3,0,10,-2.613067150115967,3.594454050064087,13.699177742004395,0,0,0,0,0,0,2.080292224884033,0.008511600084602833,0.9962703585624695,0.0029682719614356756,12.747291564941406,12.74201774597168,12.751504898071289,0.015291934832930565,0.01618977077305317,2.068781614303589,0,0,0,0
1787296671863,414,4,2,1,146.27099609375,6822.65771484375,11588.1376953125,33.241981506347656,19.407854080200195,34.171966552734375,0.23385679721832275,-6.768170356750488,6.063853740692139,2.1108169555664062,0.015990322455763817,0.973781943321228,0.018029548227787018,12.662598609924316,12.544316291809082,12.750882148742676,0.12267211824655533,0.33686402440071106,2.090838670730591,0,336.90625,0.0003771217889152467,5.5878987312316895
1787296671883,415,4,2,1,90.93484497070312,-2425.5986328125,4870.435546875,59.28159713745117,10.08371353149414,56.859920501708984,0.6671580076217651,-6.5645670890808105,5.40647554397583,2.023265838623047,0.04866481199860573,0.9968125224113464,0.008566956967115402,12.635307312011719,12.431699752807617,12.797112464904785,0.23397484421730042,0.3762850761413574,1.9364407062530518,0,345.9278869628906,0.0004935770994052291,4.455749034881592
1787296671903,416,4,2,1,30.798303604125977,-1437.4312744140625,3040.841064453125,58.08576202392578,1.9962338209152222,59.61824035644531,1.6822534799575806,-0.31879723072052,4.39354944229126,2.058215856552124,0.039924148470163345,0.9968301057815552,0.0057006035931408405,12.58763313293457,12.498228073120117,12.787836074829102,0.2190895676612854,0.3180164396762848,2.002610445022583,0,354.91131591796875,0.000630239665042609,9.432289123535156
1787296671924,417,4,2,1,29.44325828552246,-210.49591064453125,728.2525024414062,59.65336990356445,2.0682055950164795,59.95358657836914,-1.3752939701080322,-4.203183650970459,3.0374577045440674,2.057938575744629,0.03655736520886421,0.9996145963668823,0.0014638500288128853,12.657156944274902,12.498701095581055,12.707683563232422,0.14262118935585022,0.30969101190567017,1.9739360809326172,0,363.8832702636719,0.0006288288277573884,4.708400249481201
1787296671944,418,4,2,1,30.74064826965332,51.03192901611328,176.29347229003906,60.76045227050781,1.133263111114502,59.99435806274414,0.00831711757928133,-2.8458590507507324,2.9905152320861816,2.0386478900909424,0.0199851393699646,0.9999531507492065,0.0002716650487855077,12.61907958984375,12.558820724487305,12.658265113830566,0.17915087938308716,0.22695636749267578,2.0070228576660156,0,372.86767578125,0.0006368092144839466,5.976765155792236
1787296671964,419,4,2,1,34.08281326293945,165.5148468017578,63.174564361572266,60.07836151123047,0.8603140115737915,59.99931716918945,1.2563915252685547,0.7021865248680115,2.6555144786834717,2.0540802478790283,0.016906721517443657,0.9999943971633911,0.000044366570364218205,12.607758522033691,12.583396911621094,12.666581153869629,0.17486152052879333,0.19815856218338013,2.037902355194092,0,381.88726806640625,0.0006753774941898882,7.103165626525879
1787296671984,420,4,2,1,38.842350006103516,240.01573181152344,37.43392562866211,59.728370666503906,0.5601513385772705,59.99991989135742,-1.081167221069336,-2.129251003265381,-0.265886127948761,2.084043264389038,0.01586005836725235,0.9999993443489075,0.000006724490503984271,12.63150405883789,12.607748031616211,12.654653549194336,0.13470065593719482,0.19016878306865692,2.0445196628570557,0,390.8580017089844,0.00066177494591102,5.986905574798584
1787296672004,421,4,2,1,44.70719909667969,294.41461181640625,26.01251220703125,59.991302490234375,0.38132908940315247,59.99998474121094,0.3651215732097626,-1.2647734880447388,1.5575944185256958,2.089453935623169,0.0072028012946248055,0.9999997615814209,0.0000010473852398718009,12.637511253356934,12.607483863830566,12.648468971252441,0.12480594217777252,0.15436337888240814,2.0731940269470215,0,399.841552734375,0.0006897150306031108,5.592234134674072
1787296672024,422,4,2,1,51.329368591308594,334.1082763671875,21.457244873046875,60.20949935913086,0.301378071308136,59.99998474121094,0.22111694514751434,-0.23401644825935364,1.384491205215454,2.100639820098877,0.005137140396982431,0.9999997615814209,3.3677000033094373e-7,12.621163368225098,12.604820251464844,12.639518737792969,0.13729000091552734,0.14762313663959503,2.090838670730591,0,408.8134460449219,0.0006718946970067918,6.205957412719727
1787296672044,423,4,2,1,58.57717514038086,363.9866027832031,15.794588088989258,59.852516174316406,0.1765633225440979,59.99998474121094,-0.6317281723022461,-1.113187551498413,-0.17463813722133636,2.118119716644287,0.0059905508533120155,0.9976940751075745,0.002907118760049343,12.631840705871582,12.62595272064209,12.64225959777832,0.12181441485881805,0.12742845714092255,2.1128957271575928,0,417.79571533203125,0.0006976681179367006,5.825346946716309
1787296672064,424,4,2,1,66.20989227294922,385.573486328125,14.869138717651367,59.961429595947266,0.1058969646692276,59.99998474121094,0.015023053623735905,-0.5757550597190857,0.5218380093574524,2.134474277496338,0.006827814504504204,0.9966475963592529,0.00281537976115942,12.631970405578613,12.622186660766602,12.640739440917969,0.12062004953622818,0.12502706050872803,2.1261303424835205,0,426.7667236328125,0.0006782691925764084,5.937145709991455
1787296672085,425,4,2,1,74.21427154541016,402.2744445800781,10.885331153869629,59.98895263671875,0.08304915577173233,59.99998474121094,0.06065601855516434,-0.7118070125579834,0.4683816432952881,2.138993501663208,0.0030951390508562326,0.9992602467536926,0.001583075150847435,12.619810104370117,12.61031436920166,12.625511169433594,0.1359412521123886,0.14283861219882965,2.1349527835845947,0,435.7496337890625,0.0007020930643193424,6.169283866882324
1787296672105,426,4,2,1,82.3937759399414,413.9598693847656,12.032679557800293,59.91590118408203,0.07370252162218094,59.99998474121094,-0.6414585709571838,-0.9762610197067261,-0.4405915439128876,2.1515440940856934,0.006333985365927219,0.9947983026504517,0.003415436716750264,12.6233491897583,12.616290092468262,12.629460334777832,0.12502099573612213,0.1390976458787918,2.1371588706970215,0,444.72027587890625,0.000681182777043432,5.983825206756592
1787296672125,427,4,2,1,90.81355285644531,423.5381774902344,8.6689453125,59.95281219482422,0.13144400715827942,59.99998474121094,-0.12483124434947968,-0.7264880537986755,0.191290944814682,2.163029670715332,0.004350293893367052,0.9973622560501099,0.0032695492263883352,12.615347862243652,12.606179237365723,12.623854637145996,0.12399985641241074,0.12627442181110382,2.1592159271240234,0,453.7054748535156,0.0007053028093650937,6.13411283493042
1787296672145,428,4,2,1,99.28803253173828,429.8146667480469,11.223280906677246,59.97959899902344,0.13216087222099304,59.99998474121094,-0.2418125867843628,-0.5423927307128906,0.8402376174926758,2.1684300899505615,0.0026942146942019463,0.9994815587997437,0.0012110588140785694,12.615468978881836,12.604887962341309,12.621563911437988,0.1276869922876358,0.13137471675872803,2.163628339767456,0,462.6741638183594,0.0006832596845924854,6.170077323913574
1787296672165,429,4,2,1,107.93810272216797,435.5702209472656,7.922945976257324,59.918190002441406,0.1579400897026062,59.99998474121094,-0.3308742046356201,-0.852850615978241,-0.07523863017559052,2.171476364135742,0.002469510305672884,0.9992515444755554,0.0011973950313404202,12.610236167907715,12.603743553161621,12.616196632385254,0.12714074552059174,0.1285886913537979,2.1680383682250977,0,471.6573181152344,0.0007063310476951301,6.167855739593506
1787296672185,430,4,2,1,116.56954956054688,438.81134033203125,11.499120712280273,59.96410369873047,0.10535561293363571,59.99998474121094,-0.3755784034729004,-0.7602676749229431,-0.12407366931438446,2.1785967350006104,0.004530415404587984,0.998329758644104,0.0018846670864149928,12.603410720825195,12.595553398132324,12.610867500305176,0.12694492936134338,0.1283295452594757,2.1702444553375244,0,480.62799072265625,0.0006844429881311953,6.267731666564941
1787296672206,431,4,2,1,125.14952850341797,442.125732421875,38.34703826904297,60.048828125,0.17584563791751862,59.99998474121094,-0.13019828498363495,-0.4984118342399597,0.5952423214912415,2.1867449283599854,0.004577146377414465,0.9979938268661499,0.0022417313884943724,12.592862129211426,12.516168594360352,12.601593017578125,0.12763574719429016,0.13145102560520172,2.1790668964385986,0,489.6136474609375,0.0006786682642996311,6.182361125946045
1787296672225,432,4,2,1,134.04034423828125,446.64459228515625,10.003985404968262,59.911460876464844,0.11885485053062439,59.99998474121094,-0.40583929419517517,-0.8243317604064941,0.1085822582244873,2.193554162979126,0.00371726555749774,0.9989789128303528,0.0017462451942265034,12.598445892333984,12.592422485351562,12.606274604797363,0.12266752123832703,0.1258576363325119,2.1878902912139893,0,498.63482666015625,0.0007108997670002282,6.008922576904297
1787296672245,433,4,2,1,142.7979278564453,446.9188537597656,12.952479362487793,59.95487594604492,0.11436372250318527,59.99998474121094,-0.3885386884212494,-0.9274244904518127,0.2053292989730835,2.194570779800415,0.0026413360610604286,0.9998400211334229,0.0005151586956344545,12.600032806396484,12.592202186584473,12.612441062927246,0.12904484570026398,0.1325322538614273,2.1878902912139893,0,507.6034851074219,0.0006866830517537892,6.155148983001709
1787296672266,434,4,2,1,151.44688415527344,447.8276062011719,45.0974006652832,59.914878845214844,0.17018777132034302,59.99998474121094,-0.5048661231994629,-0.9431381821632385,0.19206053018569946,2.2008705139160156,0.0035086313728243113,0.9988273978233337,0.0015155236469581723,12.601724624633789,12.592817306518555,12.60569953918457,0.12220156192779541,0.129267618060112,2.190096616744995,0,516.5868530273438,0.000677732692565769,5.892731666564941
1787296672286,435,4,2,1,160.43820190429688,452.0769348144531,11.464828491210938,59.8272819519043,0.0933070257306099,59.99998474121094,-0.2923431694507599,-0.747428297996521,0.02512563206255436,2.202333450317383,0.0025347175542265177,0.9996748566627502,0.0007851127302274108,12.592527389526367,12.584676742553711,12.60031509399414,0.12412090599536896,0.13020826876163483,2.1945078372955322,0,525.6083374023438,0.0007103494717739522,6.037204265594482
1787296672306,436,4,2,1,169.24461364746094,451.119873046875,14.93297004699707,60.08089065551758,0.20059742033481598,59.99998474121094,-0.4981454014778137,-0.9645000696182251,0.28867021203041077,2.201782464981079,0.002609581220895052,0.9999605417251587,0.00017446285346522927,12.577764511108398,12.570318222045898,12.585954666137695,0.13965147733688354,0.15146620571613312,2.1945064067840576,0,534.580078125,0.0006876237457618117,6.268507957458496
1787296672326,437,4,2,1,178.1917266845703,452.5707702636719,9.85703182220459,59.847232818603516,0.154506653547287,59.99998474121094,-0.8340741395950317,-1.2477428913116455,-0.39782676100730896,2.2073280811309814,0.002944078529253602,0.9991373419761658,0.0009209694690071046,12.581695556640625,12.575904846191406,12.593305587768555,0.12415977567434311,0.12772752344608307,2.1967127323150635,0,543.5623168945312,0.0007106638513505459,5.997811794281006
1787296672346,438,4,2,1,186.9901580810547,451.86029052734375,16.302589416503906,59.81275939941406,0.1166478767991066,59.99998474121094,-0.11933309584856033,-0.5584564805030823,0.1892658919095993,2.2109291553497314,0.003739684820175171,0.9992777109146118,0.0013338970020413399,12.575977325439453,12.569265365600586,12.58263111114502,0.13399362564086914,0.14820560812950134,2.205536365509033,0,552.5328369140625,0.0006880254368297756,6.3793110847473145
1787296672366,439,4,2,1,195.94451904296875,453.4665832519531,10.84011173248291,60.0834846496582,0.1989222913980484,59.99998474121094,-0.6744232773780823,-1.2592566013336182,0.06437338888645172,2.211732864379883,0.003142090979963541,0.999637246131897,0.0005951501079834998,12.588882446289062,12.566664695739746,12.602620124816895,0.1293204128742218,0.15099526941776276,2.2033300399780273,0,561.5159301757812,0.0007089427090249956,5.900350093841553
1787296672386,440,4,2,1,204.73497009277344,452.6480712890625,17.898569107055664,59.86026382446289,0.12177962064743042,59.99998474121094,-0.5677435994148254,-1.168121099472046,-0.08614689111709595,2.2134947776794434,0.0024872589856386185,0.9999231696128845,0.00022889638785272837,12.601642608642578,12.597793579101562,12.60707950592041,0.11995858699083328,0.12082721292972565,2.2077412605285645,0,570.4863891601562,0.0006885867333039641,5.828807830810547
1787296672406,441,4,2,1,213.69676208496094,454.379150390625,11.847928047180176,59.989402770996094,0.1522204875946045,59.99998474121094,-0.13777561485767365,-0.905195951461792,0.5506523251533508,2.220707654953003,0.003689135890454054,0.9992924928665161,0.000717027869541198,12.59700870513916,12.587891578674316,12.608377456665039,0.1333555430173874,0.14280380308628082,2.2143585681915283,0,579.4698486328125,0.0007114000036381185,6.188702583312988
1787296672426,442,4,2,1,222.47955322265625,453.4496154785156,19.493213653564453,59.91901779174805,0.1280214488506317,59.99998474121094,-0.8441786766052246,-1.433780550956726,-0.3212461769580841,2.2143561840057373,0.003994829952716827,0.9999139904975891,0.00025918224127963185,12.604681015014648,12.595386505126953,12.612011909484863,0.1323346495628357,0.1401689499616623,2.2077412605285645,0,588.4403076171875,0.0006887834751978517,5.834408283233643
1787296672447,443,4,2,1,231.44854736328125,455.28387451171875,12.84831714630127,59.942806243896484,0.12968148291110992,59.99998474121094,-0.6640092730522156,-1.273945689201355,0.24842989444732666,2.2131412029266357,0.0031517583411186934,0.9999895691871643,0.00005241054168436676,12.645402908325195,12.6002779006958,12.695061683654785,0.12586775422096252,0.12847349047660828,2.2077412605285645,0,597.4238891601562,0.0007112474995665252,5.9790496826171875
1787296672467,444,4,2,1,240.22348022460938,454.2427978515625,21.088598251342773,59.84972381591797,0.08359137177467346,59.99998474121094,-0.4055454134941101,-0.8666519522666931,0.11241527646780014,2.2094624042510986,0.002684646286070347,0.9999987483024597,0.000008895800419850275,12.644796371459961,12.636798858642578,12.661141395568848,0.13385692238807678,0.1446083039045334,2.203331470489502,0,606.3956909179688,0.0006891932571306825,6.262985706329346
1787296672487,445,4,2,1,249.20030212402344,456.212890625,13.85303020477295,60.03404998779297,0.1225951537489891,59.99998474121094,-0.699776291847229,-1.1583194732666016,-0.017298676073551178,2.2175023555755615,0.0038784388452768326,0.9999381303787231,0.000056837550800992176,12.643719673156738,12.630763053894043,12.651516914367676,0.13213986158370972,0.14578373730182648,2.209947347640991,0,615.3779296875,0.0007118789362721145,5.983848571777344
1787296672507,446,4,2,1,257.9680480957031,455.0666198730469,22.685136795043945,59.82084655761719,0.08021008223295212,59.99998474121094,-0.8339888453483582,-1.2294355630874634,-0.6353697180747986,2.218348503112793,0.003211276838555932,0.9999431371688843,0.00014395959442481399,12.656005859375,12.652196884155273,12.664795875549316,0.12528680264949799,0.1264098584651947,2.209947347640991,0,624.3483276367188,0.0006893873796798289,5.964232444763184
1787296672527,447,4,2,1,266.52008056640625,456.3980712890625,87.91666412353516,59.958740234375,0.1396491527557373,59.99998474121094,-0.5203678607940674,-1.365095853805542,0.8278682231903076,2.2254879474639893,0.004255860578268766,0.9985672831535339,0.0014916660729795694,12.648509979248047,12.639973640441895,12.654082298278809,0.13667158782482147,0.14204983413219452,2.216564893722534,0,633.3318481445312,0.0006811180501244962,6.104292392730713
1787296672547,448,4,2,1,275.6534729003906,461.423583984375,20.547075271606445,59.943153381347656,0.10506856441497803,59.99998474121094,-1.0112924575805664,-1.3684310913085938,-0.32651466131210327,2.2268457412719727,0.0022996189072728157,0.9997634291648865,0.0006633197772316635,12.646907806396484,12.638591766357422,12.655086517333984,0.13467054069042206,0.14507244527339935,2.2187697887420654,0,642.3532104492188,0.0007113724132068455,5.956292152404785
1787296672567,449,4,2,1,284.4552001953125,458.6268310546875,25.232728958129883,59.79206848144531,0.1156453937292099,59.99998474121094,-0.7760800123214722,-1.258618950843811,-0.1367621272802353,2.225773334503174,0.003204832086339593,0.9997429847717285,0.0006689029978588223,12.651710510253906,12.644338607788086,12.658415794372559,0.12733472883701324,0.1317651867866516,2.2165634632110596,0,651.3250732421875,0.0006893077515996993,5.99429988861084
1787296672587,450,4,2,1,293.4844970703125,460.1950378417969,16.13385009765625,60.058284759521484,0.1722652167081833,59.99998474121094,-0.5414882302284241,-0.873043417930603,0.31728827953338623,2.224132776260376,0.0021955908741801977,0.9999687671661377,0.0001438291947124526,12.659006118774414,12.645672798156738,12.671304702758789,0.13823828101158142,0.14257396757602692,2.2143585681915283,0,660.3070068359375,0.0007115331827662885,6.238308429718018
1787296672607,451,4,2,1,302.25750732421875,458.2925720214844,26.46831703186035,59.940338134765625,0.15963050723075867,59.99998474121094,-0.9937843680381775,-1.3520585298538208,-0.6792522072792053,2.227404832839966,0.0044997986406087875,0.9993452429771423,0.0006753506604582071,12.68384838104248,12.67784309387207,12.693131446838379,0.13004381954669952,0.13484551012516022,2.2187697887420654,0,669.27734375,0.0006895475089550018,5.856245994567871
1787296672627,452,4,2,1,311.2790832519531,460.34405517578125,17.223613739013672,59.82355880737305,0.11052112281322479,59.99998474121094,-0.6501405239105225,-1.1867849826812744,0.15551389753818512,2.226942539215088,0.003386794589459896,0.9998025298118591,0.00042579544242471457,12.691634178161621,12.684991836547852,12.698684692382812,0.13249100744724274,0.14217983186244965,2.2209746837615967,0,678.2606201171875,0.0007117653731256723,5.871741771697998
1787296672648,453,4,2,1,320.0333557128906,458.5367431640625,28.147539138793945,59.986297607421875,0.14964348077774048,59.99998474121094,-0.8301064968109131,-1.532071590423584,0.12313075363636017,2.226456642150879,0.003717212239280343,0.9999760389328003,0.00009975663851946592,12.693920135498047,12.682635307312012,12.70277214050293,0.13942168653011322,0.14899598062038422,2.2143585681915283,0,687.2311401367188,0.0006898930878378451,5.902910232543945
1787296672668,454,4,2,1,329.0539245605469,460.8460693359375,18.29558563232422,59.82351303100586,0.14880521595478058,59.99998474121094,-1.032537579536438,-1.5049539804458618,-0.7894772291183472,2.226325273513794,0.0028543714433908463,0.999997079372406,0.00001799387791834306,12.691991806030273,12.682769775390625,12.70309829711914,0.13177895545959473,0.1346374750137329,2.2209746837615967,0,696.2166748046875,0.0007129842997528613,6.078341484069824
1787296672688,455,4,2,1,337.7945556640625,459.0504455566406,29.802736282348633,59.80708312988281,0.13467423617839813,59.99998474121094,-0.7381223440170288,-1.0367592573165894,0.26704272627830505,2.2295870780944824,0.0030148050282150507,0.9999167919158936,0.0001271557848667726,12.697258949279785,12.682849884033203,12.703967094421387,0.1376931369304657,0.14670820534229279,2.2253856658935547,0,705.1849975585938,0.0006901092710904777,6.127789497375488
1787296672708,456,4,2,1,346.81842041015625,461.553955078125,19.33461570739746,59.95543670654297,0.1630622297525406,59.99998474121094,-0.8811918497085571,-1.311943769454956,-0.036168210208415985,2.233248472213745,0.003727143397554755,0.9997631907463074,0.0003349527542013675,12.698676109313965,12.68124008178711,12.706424713134766,0.14017368853092194,0.1474694162607193,2.2231807708740234,0,714.1680908203125,0.000711961358319968,5.833770751953125
1787296672728,457,4,2,1,355.5478515625,459.6871643066406,31.425907135009766,59.84480667114258,0.16657643020153046,59.99998474121094,-1.0162944793701172,-1.6576212644577026,-0.19987934827804565,2.23032546043396,0.0027201969642192125,0.999971330165863,0.00009823762957239524,12.696085929870605,12.68698787689209,12.701494216918945,0.13485540449619293,0.1436641663312912,2.2209746837615967,0,723.138671875,0.0006905501941218972,5.889826774597168
1787296672748,458,4,2,1,364.57720947265625,462.3636779785156,20.359485626220703,59.905460357666016,0.14369095861911774,59.99998474121094,-0.9346516728401184,-1.3364431858062744,-0.6970886588096619,2.2303950786590576,0.002544570481404662,0.999996542930603,0.000018875514797400683,12.699539184570312,12.694409370422363,12.704578399658203,0.13819395005702972,0.14124462008476257,2.2231807708740234,0,732.1219482421875,0.000712631328497082,6.264840126037598
1787296672768,459,4,2,1,373.2969665527344,460.3989562988281,33.037391662597656,59.8769416809082,0.12848715484142303,59.99998474121094,-0.9944396018981934,-1.3381670713424683,0.16085638105869293,2.2323474884033203,0.0025277147069573402,0.9999911189079285,0.00001750479350448586,12.722990036010742,12.704533576965332,12.74026107788086,0.14028482139110565,0.14370596408843994,2.2275919914245605,0,741.0924682617188,0.0006909468211233616,6.007115840911865
1787296672788,460,4,2,1,382.3326721191406,463.2163391113281,21.36821937561035,59.73588180541992,0.1755334883928299,59.99998474121094,-0.9383881092071533,-1.248233675956726,0.09457477927207947,2.2351932525634766,0.004503726493567228,0.9994126558303833,0.0009988686069846153,12.736882209777832,12.723716735839844,12.748581886291504,0.14128243923187256,0.1470826119184494,2.2275919914245605,0,750.0758056640625,0.0007129410514608026,5.827488422393799
1787296672809,461,4,2,1,391.0439758300781,461.14227294921875,34.6148681640625,59.830955505371094,0.18430933356285095,59.99998474121094,-1.0310214757919312,-1.593711256980896,-0.1334330290555954,2.2368319034576416,0.0033061194699257612,0.9998852610588074,0.0003236944612581283,12.742234230041504,12.733323097229004,12.750482559204102,0.14033427834510803,0.14689339697360992,2.232004404067993,0,759.0474853515625,0.0006910867523401976,5.8375654220581055
1787296672829,462,4,2,1,400.0862121582031,464.08758544921875,22.373445510864258,59.87985610961914,0.14015933871269226,59.99998474121094,-1.075989842414856,-1.5197372436523438,-0.08266124129295349,2.236307382583618,0.002783822361379862,0.9999860525131226,0.00006726101855747402,12.738292694091797,12.728816032409668,12.74855899810791,0.13694457709789276,0.14241695404052734,2.2231807708740234,0,768.0294189453125,0.0007132014143280685,5.980802059173584
1787296672848,463,4,2,1,408.78924560546875,461.9163818359375,36.219642639160156,59.976051330566406,0.14697830379009247,59.99998474121094,-1.002665638923645,-1.4718204736709595,-0.11708038300275803,2.2371366024017334,0.0034804174210876226,0.9999982714653015,0.000011600234756770078,12.740962982177734,12.73434829711914,12.754928588867188,0.14344926178455353,0.14716407656669617,2.2275919914245605,0,776.9998168945312,0.000691751018166542,6.144636154174805
1787296672869,464,4,2,1,417.8388366699219,464.99127197265625,23.378530502319336,60.00048065185547,0.17942726612091064,59.99998474121094,-1.0557230710983276,-1.6040675640106201,-0.43653959035873413,2.23803448677063,0.0026374731678515673,0.9999997615814209,0.0000018117630133929197,12.735455513000488,12.72835922241211,12.745359420776367,0.14711861312389374,0.15519097447395325,2.232004404067993,0,785.983154296875,0.0007135687046684325,6.024888515472412
1787296672889,465,4,2,1,426.1493225097656,470.9488525390625,180.21238708496094,59.83869934082031,0.17123301327228546,59.99998474121094,-1.2873115539550781,-1.8757343292236328,-0.917393684387207,2.2338128089904785,0.0033680428750813007,0.9999997615814209,4.297005204989546e-7,12.751955032348633,12.746097564697266,12.761311531066895,0.13775181770324707,0.14004798233509064,2.2253856658935547,0,794.953857421875,0.0006853989325463772,6.027235507965088
1787296672909,466,4,2,1,434.6916198730469,478.7206726074219,201.38134765625,59.80872344970703,0.1827109158039093,59.99998474121094,-1.0047452449798584,-1.3110862970352173,0.1550396829843521,2.239830493927002,0.003782338462769985,0.9989526867866516,0.0011255494318902493,12.765947341918945,12.761099815368652,12.780054092407227,0.14564654231071472,0.1540699452161789,2.232004404067993,0,803.9752807617188,0.0006870871875435114,6.177566051483154
1787296672929,467,4,2,1,443.3118591308594,483.8162536621094,207.64886474609375,59.864166259765625,0.2383062243461609,59.99998474121094,-1.1760077476501465,-1.702601432800293,0.3546689450740814,2.2414934635162354,0.0018814888317137957,0.9997656345367432,0.0005635865381918848,12.782769203186035,12.767498970031738,12.794611930847168,0.154423788189888,0.16236695647239685,2.2386205196380615,0,812.996826171875,0.0006882072775624692,5.956932067871094
1787296672949,468,4,2,1,451.9899597167969,487.7929992675781,212.1698455810547,59.74419021606445,0.173906609416008,59.99998474121094,-1.44002103805542,-2.095022678375244,-0.3199160099029541,2.243699312210083,0.0030205093789845705,0.9994131922721863,0.0009397399262525141,12.787293434143066,12.775591850280762,12.800493240356445,0.14023658633232117,0.14036987721920013,2.2364156246185303,0,822.0194091796875,0.0006876337574794888,5.913618087768555
1787296672970,469,4,2,1,460.70928955078125,490.9120178222656,216.51524353027344,59.76118850708008,0.1367761790752411,59.99998474121094,-1.081858515739441,-1.4240994453430176,-0.20116157829761505,2.2483506202697754,0.0028673848137259483,0.9990682601928711,0.0017042179824784398,12.784810066223145,12.777247428894043,12.791997909545898,0.14827242493629456,0.15979501605033875,2.243032932281494,0,831.0399169921875,0.0006893063546158373,6.21006965637207
1787296672990,470,4,2,1,469.4598693847656,493.5615539550781,220.8224334716797,59.859649658203125,0.22613541781902313,59.99998474121094,-1.356579303741455,-2.0797293186187744,-0.22856155037879944,2.2526040077209473,0.002867576666176319,0.9990454912185669,0.0013845483772456646,12.783287048339844,12.776440620422363,12.791261672973633,0.15700465440750122,0.16233332455158234,2.2474441528320312,0,840.0614013671875,0.0006900227745063603,6.050326347351074
1787296673010,471,4,2,1,478.2337646484375,495.7992248535156,225.22633361816406,59.65060806274414,0.28113359212875366,59.99998474121094,-1.4671396017074585,-2.0855791568756104,-0.19103994965553284,2.252983331680298,0.0030434634536504745,0.9995285868644714,0.001011554733850062,12.793943405151367,12.78038501739502,12.800317764282227,0.1426878720521927,0.15034233033657074,2.2474441528320312,0,849.0839233398438,0.0006894776015542448,5.877273082733154
1787296673030,472,4,2,1,487.0243225097656,497.70819091796875,229.62315368652344,59.71642303466797,0.17860311269760132,59.99998474121094,-1.030765175819397,-1.3654714822769165,-0.11315903812646866,2.2527413368225098,0.0030794742051512003,0.9999427199363708,0.00023760285694152117,12.814323425292969,12.799762725830078,12.830965042114258,0.14967218041419983,0.16105696558952332,2.2452392578125,0,858.104248046875,0.0006909651565365493,6.177194118499756
1787296673050,473,4,2,1,495.8272705078125,499.4015197753906,234.03994750976562,59.921321868896484,0.2606704533100128,59.99998474121094,-1.3360286951065063,-2.0145325660705566,0.24030320346355438,2.2552433013916016,0.003272546222433448,0.9996891617774963,0.0007170867756940424,12.834568977355957,12.81796932220459,12.842240333557129,0.16166652739048004,0.1721992790699005,2.249650239944458,0,867.1256713867188,0.000691105262376368,6.007073879241943
1787296673071,474,4,2,1,505.09490966796875,491.07916259765625,61.818016052246094,59.780029296875,0.2513759434223175,59.99998474121094,-1.5802459716796875,-2.0332818031311035,-0.5388455986976624,2.2559123039245605,0.0028098199982196093,0.9996881484985352,0.0007649288163520396,12.842288970947266,12.829980850219727,12.860774993896484,0.142630472779274,0.14719052612781525,2.2452378273010254,0,876.1481323242188,0.0006964817875996232,5.851548194885254
1787296673091,475,4,2,1,514.5228271484375,487.0888671875,28.304405212402344,59.866058349609375,0.2659643888473511,59.99998474121094,-1.0989962816238403,-1.523257851600647,0.1944543868303299,2.260075092315674,0.0025993306189775467,0.9998375773429871,0.000472636689664796,12.83803653717041,12.826945304870605,12.856928825378418,0.15351003408432007,0.16599687933921814,2.254061460494995,0,885.1300659179688,0.0007179069216363132,6.379881858825684
1787296673111,476,4,2,1,522.953125,489.83441162109375,223.8555450439453,60.17741775512695,0.3346152901649475,59.99998474121094,-1.2437278032302856,-2.259366989135742,-0.4136572480201721,2.2617928981781006,0.002748544095084071,0.9997377991676331,0.0005659455782733858,12.836020469665527,12.82646369934082,12.850177764892578,0.1614580750465393,0.17899960279464722,2.256267786026001,0,894.1009521484375,0.0006899001891724765,5.9401326179504395
1787296673131,477,4,2,1,532.0844116210938,485.5595397949219,63.85327911376953,59.90481948852539,0.240149587392807,59.99998474121094,-1.389733076095581,-2.394660234451294,-0.2630462348461151,2.266467809677124,0.0032623440492898226,0.9994001388549805,0.0009818602120503783,12.863019943237305,12.850329399108887,12.880745887756348,0.13916940987110138,0.1513187289237976,2.2562663555145264,0,903.122314453125,0.0006977595621719956,5.669737815856934
1787296673151,478,4,2,1,541.4257202148438,483.5719299316406,30.432846069335938,59.94756317138672,0.257348895072937,59.99998474121094,-0.9269714951515198,-1.6701301336288452,-0.053516361862421036,2.264089822769165,0.002434072783216834,0.9999270439147949,0.00026526307919993997,12.867619514465332,12.857382774353027,12.887993812561035,0.16112475097179413,0.17767886817455292,2.2584726810455322,0,912.107666015625,0.0007211542688310146,6.2854814529418945
1787296673172,479,4,2,1,550.2442016601562,477.166015625,47.751651763916016,59.827816009521484,0.41604265570640564,59.99998474121094,-1.6320301294326782,-2.613011360168457,-0.6011868715286255,2.2632505893707275,0.0029194671660661697,0.9999911189079285,0.000050007958634523675,12.883349418640137,12.86197566986084,12.898985862731934,0.16413581371307373,0.18962284922599792,2.254061460494995,0,921.0759887695312,0.0006973202107474208,5.63139009475708
1787296673191,480,4,2,1,559.4840698242188,478.8251037597656,30.39183235168457,59.56941604614258,0.22991935908794403,59.99998474121094,-1.5151253938674927,-2.5010597705841064,-0.6641133427619934,2.264435052871704,0.003201074665412307,0.9997625946998596,0.0003700008091982454,12.888724327087402,12.878512382507324,12.904474258422852,0.14076131582260132,0.14824630320072174,2.256267786026001,0,930.0591430664062,0.0007191193872131407,5.724809646606445
1787296673212,481,4,2,1,568.2142333984375,473.92620849609375,49.804237365722656,59.907962799072266,0.27229979634284973,59.99998474121094,-1.1977159976959229,-1.9668253660202026,0.2825864851474762,2.2626442909240723,0.003911461215466261,0.9998963475227356,0.0002689916582312435,12.8556489944458,12.834909439086914,12.880699157714844,0.17630822956562042,0.19540442526340485,2.2562663555145264,0,939.029541015625,0.000697242678143084,6.731480121612549
1787296673232,482,4,2,1,577.402099609375,476.7786560058594,31.854385375976562,60.02560806274414,0.26086437702178955,59.99998474121094,-1.6605087518692017,-2.6799118518829346,-0.4515010416507721,2.2646102905273438,0.003992241341620684,0.9997628331184387,0.0002574718673713505,12.888222694396973,12.837241172790527,12.917318344116211,0.15201595425605774,0.18324360251426697,2.256267786026001,0,948.0128784179688,0.0007196370861493051,5.415143013000488
1787296673251,483,4,2,1,586.0805053710938,472.5344543457031,51.74433135986328,59.72803497314453,0.1704847514629364,59.99998474121094,-1.1907849311828613,-2.402681589126587,-0.23496763408184052,2.26800274848938,0.0026787882670760155,0.9998469948768616,0.00019494201114866883,12.908987045288086,12.902273178100586,12.934462547302246,0.14720545709133148,0.16137440502643585,2.2606775760650635,0,956.9844360351562,0.0006971010006964207,5.939747333526611
1787296673272,484,4,2,1,595.2439575195312,476.0962219238281,33.11252212524414,60.04719924926758,0.3747973144054413,59.99998474121094,-1.3748972415924072,-2.718424081802368,-0.09589982777833939,2.2640678882598877,0.0033298395574092865,0.9999814629554749,0.00006087014844524674,12.893860816955566,12.8731689453125,12.903966903686523,0.18470260500907898,0.19739438593387604,2.2584726810455322,0,965.9662475585938,0.000718983996193856,6.316432952880859
1787296673292,485,4,2,1,603.89111328125,472.1679992675781,53.537906646728516,59.71903610229492,0.3243647515773773,59.99998474121094,-2.057191848754883,-2.9178543090820312,-0.5528301000595093,2.274268865585327,0.00393160292878747,0.9988201260566711,0.0015673195011913776,12.922356605529785,12.896384239196777,12.943463325500488,0.1446961909532547,0.17673982679843903,2.2628836631774902,0,974.9368286132812,0.0006975373835302889,5.438625812530518
1787296673312,486,4,2,1,613.0444946289062,476.14752197265625,34.26011276245117,59.86408233642578,0.35859087109565735,59.99998474121094,-1.2389179468154907,-1.673538088798523,-0.44405993819236755,2.2731289863586426,0.0034810153301805258,0.9992353320121765,0.0016979527426883578,12.884394645690918,12.857059478759766,12.918810844421387,0.16939249634742737,0.19026653468608856,2.2650887966156006,0,983.919921875,0.0007195220678113401,6.748908042907715
1787296673332,487,4,2,1,621.6705932617188,472.30859375,55.22301483154297,60.07788848876953,0.47016024589538574,59.99998474121094,-1.5729376077651978,-2.495156764984131,-0.3799625337123871,2.2742063999176025,0.003350151004269719,0.9999070763587952,0.0003923238255083561,12.915600776672363,12.870509147644043,12.945662498474121,0.17175699770450592,0.20042085647583008,2.2606775760650635,0,992.8903198242188,0.0006978760939091444,5.6343889236450195
1787296673352,488,4,2,1,630.8218383789062,476.5702209472656,35.32687759399414,59.597816467285156,0.25109919905662537,59.99998474121094,-1.6933386325836182,-2.6141960620880127,-0.746035635471344,2.2794480323791504,0.003459295490756631,0.9985706806182861,0.002225747797638178,12.943400382995605,12.935404777526855,12.963933944702148,0.1534494012594223,0.16237804293632507,2.276118516921997,0,1001.8757934570312,0.0007214843644760549,5.718382358551025
1787296673372,489,4,2,1,639.4330444335938,472.7477722167969,56.876522064208984,60.08086013793945,0.4252207279205322,59.99998474121094,-1.4794591665267944,-2.170884609222412,-0.6176843643188477,2.277510404586792,0.0025748086627572775,0.9998262524604797,0.000618146441411227,12.918930053710938,12.901382446289062,12.933225631713867,0.17398613691329956,0.18751373887062073,2.2717061042785645,0,1010.8441772460938,0.0006979833706282079,6.435787200927734
1787296673392,490,4,2,1,647.5247802734375,467.031005859375,161.32135009765625,59.87556838989258,0.32038822770118713,59.99998474121094,-1.5717610120773315,-2.6087112426757812,-0.6179255247116089,2.28545880317688,0.0033853724598884583,0.9982631802558899,0.0017302376218140125,12.937050819396973,12.929810523986816,12.94682502746582,0.1632038652896881,0.1777743399143219,2.280529737472534,0,1019.86572265625,0.0007461830391548574,5.554574489593506
1787296673413,491,4,2,1,655.95166015625,484.8636779785156,231.7188262939453,59.73847198486328,0.22329820692539215,59.99998474121094,-1.7090752124786377,-2.3959403038024902,-0.8414162993431091,2.2785873413085938,0.004159255884587765,0.9997889399528503,0.0006326073780655861,12.927708625793457,12.913091659545898,12.938947677612305,0.16584151983261108,0.17323221266269684,2.2672948837280273,0,1028.8497314453125,0.0006925773341208696,6.193803787231445
1787296673433,492,4,2,1,665.5768432617188,493.4303894042969,51.34299850463867,60.097076416015625,0.3301767408847809,59.99998474121094,-1.4497978687286377,-2.3147404193878174,-0.6795574426651001,2.290193557739258,0.006395203061401844,0.9968516826629639,0.0026623348239809275,12.947606086730957,12.923458099365234,12.967366218566895,0.1717054694890976,0.1801716387271881,2.278324842453003,0,1037.87353515625,0.0007211242336779833,6.032155990600586
1787296673453,493,4,2,1,674.3692016601562,484.3487854003906,60.0681266784668,59.80772018432617,0.37820473313331604,59.99998474121094,-1.8389878273010254,-2.6624367237091064,-0.7454265356063843,2.2852320671081543,0.00363089214079082,0.9995895624160767,0.001114134443923831,12.961912155151367,12.948615074157715,12.97529125213623,0.17234177887439728,0.18647770583629608,2.276118516921997,0,1046.8419189453125,0.0006990110850892961,5.771899223327637
1787296673473,494,4,2,1,683.6821899414062,486.3133544921875,37.407901763916016,59.83940124511719,0.29418015480041504,59.99998474121094,-1.7120198011398315,-2.7446930408477783,-0.7181134223937988,2.2921526432037354,0.005023617297410965,0.9984477162361145,0.0015012361109256744,12.958597183227539,12.938725471496582,12.979643821716309,0.16226321458816528,0.16547782719135284,2.2805283069610596,0,1055.824951171875,0.0007202105480246246,5.997109889984131
1787296673493,495,4,2,1,692.3744506835938,480.3326721191406,60.859832763671875,59.97279739379883,0.388788640499115,59.99998474121094,-1.4554871320724487,-2.3480961322784424,-0.879188060760498,2.289418935775757,0.0035470130387693644,0.9996917247772217,0.0008332611178047955,12.943706512451172,12.92182445526123,12.95975112915039,0.1830417364835739,0.19285626709461212,2.284940719604492,0,1064.7955322265625,0.0006988137029111385,6.203094959259033
1787296673513,496,4,2,1,701.62548828125,483.74822998046875,38.791934967041016,59.896728515625,0.31960394978523254,59.99998474121094,-1.9898085594177246,-3.0363869667053223,-0.7629387378692627,2.293541669845581,0.004231245722621679,0.9996301531791687,0.0005373204476200044,12.977490425109863,12.945642471313477,12.99195384979248,0.16426703333854675,0.19123972952365875,2.2827346324920654,0,1073.779052734375,0.0007201509433798492,5.669521331787109
1787296673533,497,4,2,1,710.258544921875,478.5693359375,62.84010696411133,59.878570556640625,0.3444896340370178,59.99998474121094,-1.5004162788391113,-2.229630708694458,-0.8186885118484497,2.288513660430908,0.004754764027893543,0.9996939897537231,0.0006944776396267116,12.985625267028809,12.977892875671387,13.00218391418457,0.1771315634250641,0.18995971977710724,2.280529737472534,0,1082.7509765625,0.0006989035755395889,6.102783203125
1787296673553,498,4,2,1,719.4808959960938,482.8384094238281,40.096473693847656,60.010589599609375,0.44817498326301575,59.99998474121094,-2.1167287826538086,-2.873762845993042,-0.7573007345199585,2.296821117401123,0.004695326555520296,0.9998809695243835,0.00023326644441112876,12.985284805297852,12.961956024169922,12.997145652770996,0.17386101186275482,0.19476385414600372,2.284940719604492,0,1091.7330322265625,0.0007202112465165555,5.893919467926025
1787296673574,499,4,2,1,728.0787963867188,478.02294921875,64.6746826171875,59.792579650878906,0.35305190086364746,59.99998474121094,-1.7181180715560913,-2.593184232711792,-0.5459574460983276,2.294813871383667,0.004395909141749144,0.999586284160614,0.0010059945052489638,12.982795715332031,12.968732833862305,13.000898361206055,0.172866553068161,0.1804826408624649,2.287147045135498,0,1100.7034912109375,0.0006991628324612975,5.8956403732299805
1787296673593,500,4,2,1,737.28857421875,482.7821960449219,41.290035247802734,59.91774368286133,0.3988315165042877,59.99998474121094,-1.8788732290267944,-2.694915771484375,-0.9294179677963257,2.296342372894287,0.0036278460174798965,0.999915599822998,0.00027084065368399024,12.998047828674316,12.976035118103027,13.012377738952637,0.17748810350894928,0.18595781922340393,2.287147045135498,0,1109.686767578125,0.0007204712019301951,6.136005878448486
1787296673614,501,4,2,1,745.864013671875,478.0948181152344,66.38919830322266,59.86102294921875,0.5115852355957031,59.99998474121094,-1.8976635932922363,-2.8106391429901123,-0.8804638385772705,2.297680139541626,0.003578553209081292,0.9997637271881104,0.0004988272557966411,13.015564918518066,13.00604248046875,13.030113220214844,0.18337313830852509,0.19492602348327637,2.2915594577789307,0,1118.6572265625,0.000699438329320401,5.836326599121094
1787296673634,502,4,2,1,755.07080078125,483.1404113769531,42.34246063232422,59.915374755859375,0.40318337082862854,59.99998474121094,-1.982313632965088,-3.0082266330718994,-0.8676706552505493,2.2998580932617188,0.0026323096826672554,0.999971330165863,0.0001180581675725989,13.018959045410156,12.998387336730957,13.035383224487305,0.16979193687438965,0.18366315960884094,2.289353370666504,0,1127.642333984375,0.0007212613709270954,5.837984085083008
1787296673654,503,4,2,1,762.9404907226562,493.8229675292969,333.78564453125,59.71725082397461,0.39338022470474243,59.99998474121094,-1.780754566192627,-2.8389294147491455,-0.7928081750869751,2.2957112789154053,0.004891327582299709,0.9999872446060181,0.00004561182140605524,13.004814147949219,12.98573112487793,13.0254545211792,0.18808478116989136,0.20062704384326935,2.284940719604492,0,1136.6124267578125,0.0006944990600459278,6.285073280334473
1787296673674,504,4,2,1,771.2277221679688,507.20452880859375,369.9211120605469,59.99167251586914,0.3625399172306061,59.99998474121094,-1.7426462173461914,-3.199190378189087,-0.9068421721458435,2.302672863006592,0.005746832583099604,0.9988722205162048,0.0009643669473007321,13.0448579788208,13.011305809020996,13.072136878967285,0.17724505066871643,0.18733572959899902,2.284940719604492,0,1145.6329345703125,0.0006965170032344759,5.631685256958008
1787296673694,505,4,2,1,779.6602172851562,515.8043212890625,377.6997375488281,59.941917419433594,0.46930190920829773,59.99998474121094,-2.219409465789795,-3.1276919841766357,-1.3812081813812256,2.3018276691436768,0.003181028412654996,0.9998629689216614,0.00039143033791333437,13.04409122467041,13.027470588684082,13.072086334228516,0.18242605030536652,0.19308149814605713,2.295969247817993,0,1154.654296875,0.0006978890742175281,6.160495281219482
1787296673715,506,4,2,1,788.1995239257812,522.1961669921875,382.30596923828125,59.81703186035156,0.4783979654312134,59.99998474121094,-1.7674152851104736,-3.2410595417022705,-0.8259490728378296,2.309708833694458,0.0031950813718140125,0.9992138147354126,0.0009703843970783055,13.05146312713623,13.037285804748535,13.072324752807617,0.1834140121936798,0.19778628647327423,2.3047916889190674,0,1163.6771240234375,0.0006981507176533341,5.878591060638428
1787296673735,507,4,2,1,796.8170166015625,527.173095703125,386.54083251953125,60.182334899902344,0.4189407527446747,59.99998474121094,-1.8861148357391357,-3.295842409133911,-0.8844549655914307,2.312671422958374,0.002695671748369932,0.9993007779121399,0.0009432110236957669,13.05775260925293,13.022608757019043,13.080700874328613,0.1815968006849289,0.19540002942085266,2.306997776031494,0,1172.697265625,0.0006993868737481534,5.964447975158691
1787296673755,508,4,2,1,806.219970703125,514.8701171875,101.14118194580078,59.84788131713867,0.47300294041633606,59.99998474121094,-2.080256223678589,-3.03324031829834,-1.0663645267486572,2.3175270557403564,0.0029632002115249634,0.9977364540100098,0.002767562633380294,13.083846092224121,13.07819652557373,13.103615760803223,0.18911132216453552,0.2010117620229721,2.3114089965820312,0,1181.71826171875,0.000705443206243217,6.156303882598877
1787296673775,509,4,2,1,815.9094848632812,509.50640869140625,45.733619689941406,59.84940719604492,0.5232682228088379,59.99998474121094,-2.0961740016937256,-3.234178304672241,-0.9047909379005432,2.3214590549468994,0.0032644744496792555,0.9972478151321411,0.0030405158177018166,13.092697143554688,13.062671661376953,13.111644744873047,0.1869172602891922,0.20349514484405518,2.3136138916015625,0,1190.7037353515625,0.0007279088604263961,5.754371643066406
1787296673795,510,4,2,1,824.7808227539062,498.1686096191406,71.25020599365234,60.0106086730957,0.39343059062957764,59.99998474121094,-1.8809127807617188,-3.204584836959839,-1.0703264474868774,2.3237268924713135,0.0033188192173838615,0.998583972454071,0.0020174707751721144,13.084531784057617,13.057909965515137,13.10706615447998,0.1845279186964035,0.19281767308712006,2.313615322113037,0,1199.6722412109375,0.0007041856879368424,6.00121545791626
1787296673816,511,4,2,1,834.2640380859375,499.3829650878906,44.96970748901367,60.089168548583984,0.4637852609157562,59.99998474121094,-2.047451972961426,-3.2094874382019043,-1.0062835216522217,2.325065851211548,0.002577744424343109,0.9997705221176147,0.0006301451940089464,13.109477043151855,13.085098266601562,13.127676010131836,0.18921375274658203,0.2003841996192932,2.3158202171325684,0,1208.657958984375,0.0007292738882824779,6.064281463623047
1787296673835,512,4,2,1,842.9688720703125,491.0398254394531,73.78347778320312,59.837711334228516,0.47241127490997314,59.99998474121094,-2.2614619731903076,-3.1950931549072266,-0.9497871398925781,2.3268589973449707,0.0022118131164461374,0.999841570854187,0.00038502327515743673,13.12912654876709,13.116904258728027,13.151464462280273,0.19325728714466095,0.20491069555282593,2.3224387168884277,0,1217.6260986328125,0.0007036931347101927,5.967845439910889
1787296673855,513,4,2,1,852.3428344726562,494.45965576171875,46.84270477294922,59.813934326171875,0.4968022406101227,59.99998474121094,-1.9515246152877808,-3.2066237926483154,-1.0963233709335327,2.3310842514038086,0.002470440464094281,0.9986879825592041,0.0014140168204903603,13.135037422180176,13.118887901306152,13.156678199768066,0.1869126558303833,0.20175515115261078,2.3268487453460693,0,1226.608642578125,0.0007251586066558957,5.827685832977295
1787296673876,514,4,2,1,860.1761474609375,504.95361328125,377.8432312011719,60.176326751708984,0.4308646023273468,59.99998474121094,-1.9437148571014404,-3.3588550090789795,-1.0100289583206177,2.3296103477478027,0.0033652549609541893,0.999840497970581,0.0004909001872874796,13.142403602600098,13.107898712158203,13.170988082885742,0.1917247474193573,0.20493817329406738,2.3224375247955322,0,1235.5794677734375,0.0006986597436480224,6.002238750457764
1787296673896,515,4,2,1,869.2420654296875,501.22705078125,107.56522369384766,60.0488166809082,0.4929429590702057,59.99998474121094,-2.1289470195770264,-3.347914934158325,-1.0419973134994507,2.3349759578704834,0.0027077440172433853,0.9991428852081299,0.000963417871389538,13.175177574157715,13.155756950378418,13.197324752807617,0.1945440024137497,0.20738376677036285,2.329054832458496,0,1244.6021728515625,0.0007037329487502575,5.951955795288086
1787296673916,516,4,2,1,878.71728515625,500.6891784667969,50.962364196777344,59.95864486694336,0.5204012989997864,59.99998474121094,-2.3489067554473877,-3.2539308071136475,-0.7404466867446899,2.3420557975769043,0.0033645948860794306,0.9972909688949585,0.0028468898963183165,13.186023712158203,13.163177490234375,13.20429515838623,0.18944351375102997,0.20556694269180298,2.333466053009033,0,1253.5841064453125,0.0007245682063512504,5.910401344299316
1787296673936,517,4,2,1,887.3825073242188,492.0660095214844,78.2273941040039,59.82767868041992,0.4530806541442871,59.99998474121094,-2.2359402179718018,-3.354006767272949,-0.7479658126831055,2.341651678085327,0.0025668747257441282,0.9990143775939941,0.0019868863746523857,13.1835298538208,13.158042907714844,13.197279930114746,0.19793249666690826,0.2087559700012207,2.3334672451019287,0,1262.5548095703125,0.0007035964517854154,6.212944984436035
1787296673956,518,4,2,1,896.760986328125,496.0506286621094,49.519432067871094,59.828731536865234,0.6150949001312256,59.99998474121094,-2.146857261657715,-3.3784286975860596,-1.0319002866744995,2.34721040725708,0.003579209093004465,0.996705174446106,0.003108222270384431,13.21843433380127,13.186102867126465,13.24026107788086,0.20031730830669403,0.2129869908094406,2.337878465652466,0,1271.538330078125,0.0007243644213303924,5.922707557678223
1787296673976,519,4,2,1,905.3421630859375,489.0192565917969,80.12525177001953,59.8480339050293,0.6011055111885071,59.99998474121094,-2.2043402194976807,-3.706338882446289,-1.0343899726867676,2.352470636367798,0.004292702302336693,0.9958809018135071,0.002855166094377637,13.23499870300293,13.210845947265625,13.255483627319336,0.19508954882621765,0.20882897078990936,2.342289686203003,0,1280.5086669921875,0.0007034324808046222,5.671905994415283
1787296673996,520,4,2,1,914.6712036132812,494.1229553222656,50.9326286315918,60.0299186706543,0.4930853545665741,59.99998474121094,-1.9806461334228516,-3.1942267417907715,-1.1225104331970215,2.349989175796509,0.0031756930984556675,0.9990556240081787,0.001915271976031363,13.229242324829102,13.209660530090332,13.243352890014648,0.1976727396249771,0.20930072665214539,2.344494581222534,0,1289.4932861328125,0.0007018236792646348,6.011716842651367
1787296674016,521,4,2,1,923.20263671875,487.71563720703125,82.03816223144531,60.14917755126953,0.4997768998146057,59.99998474121094,-1.994297742843628,-3.4445207118988037,-1.108539342880249,2.3545796871185303,0.003121695015579462,0.999122679233551,0.0011710203252732754,13.265482902526855,13.231099128723145,13.29423999786377,0.19917838275432587,0.21330568194389343,2.346700668334961,0,1298.4617919921875,0.0007035629241727293,5.801730155944824
1787296674036,522,4,2,1,930.979248046875,486.9394836425781,273.12506103515625,60.238739013671875,0.5068435668945312,59.99998474121094,-2.2249648571014404,-3.8042750358581543,-1.1890727281570435,2.352813243865967,0.003860433818772435,0.999232292175293,0.0011314050061628222,13.284482955932617,13.265839576721191,13.307010650634766,0.19631198048591614,0.21597722172737122,2.3444957733154297,0,1307.4453125,0.000697012001182884,5.7426676750183105
1787296674057,523,4,2,1,939.2333374023438,501.7973327636719,306.82598876953125,60.07365036010742,0.5945457816123962,59.99998474121094,-2.225565195083618,-3.5349040031433105,-1.0583933591842651,2.3560564517974854,0.003206491470336914,0.9992510080337524,0.0010360021842643619,13.28337287902832,13.262990951538086,13.309652328491211,0.1980956345796585,0.21151632070541382,2.348906993865967,0,1316.4669189453125,0.0007005502702668309,6.08682918548584
1787296674077,524,4,2,1,947.6404418945312,514.0997924804688,344.74755859375,60.188812255859375,0.5931424498558044,59.99998474121094,-2.2248904705047607,-3.5989725589752197,-0.9969614744186401,2.3563034534454346,0.003361569484695792,0.9998002648353577,0.00038771305116824806,13.31921100616455,13.29083251953125,13.349860191345215,0.20124229788780212,0.21576760709285736,2.346700668334961,0,1325.4888916015625,0.000701647310052067,5.947907447814941
1787296674097,525,4,2,1,957.7321166992188,522.4820556640625,74.16192626953125,60.17177963256836,0.6568973660469055,59.99998474121094,-2.4063477516174316,-3.592033624649048,-0.4990292191505432,2.358234405517578,0.0030171130783855915,0.9995991587638855,0.000519460067152977,13.338566780090332,13.327038764953613,13.35822582244873,0.2024424821138382,0.22087350487709045,2.3533167839050293,0,1334.512451171875,0.0007286615436896682,5.834035396575928
1787296674117,526,4,2,1,1110.067626953125,8694.1318359375,5910.62353515625,59.178462982177734,1.6119308471679688,59.99998474121094,-0.7884809970855713,-10.914217948913574,3.658869743347168,2.356734275817871,0.006698535289615393,0.9990183115005493,0.0014166306937113404,13.260950088500977,13.180564880371094,13.376562118530273,0.290609747171402,0.43471312522888184,2.3444957733154297,0,1343.4808349609375,0.005027105566114187,10.705812454223633
1787296674137,527,4,2,1,1406.55029296875,8972.9150390625,8289.9892578125,9.053241729736328,17.466676712036133,10.15583324432373,-0.2197342962026596,-10.80655288696289,8.06369686126709,2.3960232734680176,0.011509038507938385,0.9553412199020386,0.012972316704690456,13.408453941345215,13.093520164489746,13.493234634399414,0.32043930888175964,0.44598692655563354,2.348906993865967,0,1352.4638671875,0.006235276814550161,1.9893519878387451
1787296674157,528,4,2,1,1490.645751953125,4567.5234375,2570.483154296875,1.1278743743896484,4.284545421600342,1.2347124814987183,-0.1191314309835434,-1.9992880821228027,3.5337162017822266,2.394653558731079,0.004662133753299713,0.9699397683143616,0.007332811132073402,13.57261848449707,13.497490882873535,13.63262939453125,0.2962084412574768,0.31826844811439514,2.386403799057007,0,1361.434326171875,0.0025012637488543987,0.23833541572093964
1787296674177,529,4,2,1,1521.0350341796875,1689.2998046875,1500.8662109375,0.28480586409568787,0.9230025410652161,0.15011218190193176,-0.019811995327472687,-1.6659085750579834,2.043227434158325,2.3990135192871094,0.003612380474805832,0.9720258712768555,0.005280645564198494,13.689717292785645,13.635662078857422,13.737682342529297,0.2729869782924652,0.28579768538475037,2.3930211067199707,0,1370.4169921875,-0.003179554594680667,0.054054927080869675
1787296674197,530,4,2,1,1513.3673095703125,-122.89665985107422,952.8150634765625,0.11572348326444626,0.509555459022522,0.018250135704874992,0.1259533315896988,-1.30730140209198,1.9129669666290283,2.4060659408569336,0.004117550794035196,0.9707769751548767,0.005142178386449814,13.805758476257324,13.741260528564453,13.852873802185059,0.251409113407135,0.26413553953170776,2.399637222290039,0,1379.3890380859375,-0.008888552896678448,0.01712881214916706
1787296674218,531,4,2,1,1488.1142578125,-1233.91357421875,754.5303955078125,0.15349483489990234,0.42114362120628357,0.002218790352344513,-0.16280333697795868,-1.3760097026824951,1.1875869035720825,2.4124226570129395,0.004494430497288704,0.9693857431411743,0.005816097836941481,13.904274940490723,13.862419128417969,13.947790145874023,0.23475104570388794,0.24879136681556702,2.404048204421997,0,1388.371337890625,-0.01366090402007103,0.02495669759809971
1787296674238,532,4,2,1,1432.4918212890625,-2590.733642578125,807.7627563476562,-0.12079150974750519,0.34887197613716125,0.000269753101747483,0.15487751364707947,-1.111246943473816,1.329976201057434,2.417558193206787,0.0022639937233179808,0.9683326482772827,0.003297550370916724,14.00837516784668,13.953518867492676,14.053642272949219,0.21284805238246918,0.22351166605949402,2.415076732635498,0,1397.34228515625,-0.016423966735601425,-0.029073983430862427
1787296674258,533,4,2,1,1379.677490234375,-2595.724853515625,600.820068359375,3.8159377574920654,2.666985511779785,3.9021317958831787,-0.04869714006781578,-0.9372082352638245,1.0921778678894043,2.421839475631714,0.004374395124614239,0.9681273102760315,0.005740971304476261,14.087911605834961,14.051936149597168,14.112622261047363,0.21448515355587006,0.22778981924057007,2.4106669425964355,0,1406.3253173828125,-0.016627250239253044,0.7223207354545593
1787296674278,534,4,2,1,1388.581298828125,920.7776489257812,1811.6148681640625,9.637530326843262,2.246107339859009,9.605161666870117,0.0008662138134241104,-1.1898530721664429,2.060826063156128,2.4251692295074463,0.005692705512046814,0.9712445139884949,0.008300978690385818,14.119791984558105,14.085972785949707,14.148478507995605,0.2672591507434845,0.2902088165283203,2.412871837615967,0,1415.295654296875,-0.01514862198382616,2.2062277793884277
1787296674298,535,4,2,1,1451.266357421875,2456.143310546875,1267.5760498046875,1.7300777435302734,2.8334996700286865,1.4953217506408691,-0.28561922907829285,-2.0265281200408936,2.069683790206909,2.433898687362671,0.0033397478982806206,0.9640911817550659,0.0035930147860199213,14.225552558898926,14.158812522888184,14.272161483764648,0.25874099135398865,0.2914290428161621,2.428311586380005,0,1424.2802734375,-0.01523507572710514,0.39085304737091064
1787296674318,536,4,2,1,1445.902587890625,-165.89215087890625,1052.1414794921875,0.16787153482437134,0.8069626092910767,0.18179619312286377,0.11764252185821533,-1.0570555925369263,1.5317764282226562,2.4380970001220703,0.002926371991634369,0.9626325964927673,0.003717242507264018,14.316676139831543,14.274215698242188,14.34837532043457,0.2338971644639969,0.24914874136447906,2.4349288940429688,0,1433.2486572265625,-0.01616029255092144,0.033034518361091614
1787296674338,537,4,2,1,1429.64404296875,-750.0111083984375,627.4971313476562,1.297754168510437,1.2275763750076294,1.4863754510879517,-0.29181694984436035,-1.2259759902954102,1.42242431640625,2.4431657791137695,0.0031399528961628675,0.9609304070472717,0.005011768080294132,14.377030372619629,14.355552673339844,14.403145790100098,0.22821877896785736,0.23912380635738373,2.4349288940429688,0,1442.232177734375,-0.016163304448127747,0.2556532323360443
1787296674358,538,4,2,1,1419.8885498046875,-171.800048828125,727.8759155273438,7.529763698577881,2.311161756515503,7.792974948883057,0.15398338437080383,-1.1763637065887451,1.7551299333572388,2.4439330101013184,0.00197804463095963,0.9645088315010071,0.0037554267328232527,14.386373519897461,14.37497615814209,14.405139923095703,0.257889986038208,0.2802082300186157,2.4371337890625,0,1451.202392578125,-0.015128737315535545,1.663988709449768
1787296674378,539,4,2,1,1472.1378173828125,2287.343994140625,944.7930908203125,2.262023687362671,2.783940076828003,2.046858072280884,-0.40174853801727295,-1.6924585103988647,2.010335683822632,2.4507129192352295,0.003417681436985731,0.96021968126297,0.0044317301362752914,14.430524826049805,14.382777214050293,14.44852352142334,0.25761985778808594,0.2886996567249298,2.443751096725464,0,1460.185546875,-0.014653257094323635,0.5053799748420715
1787296674398,540,4,2,1,1459.7113037109375,-574.1896362304688,1130.1409912109375,0.8960872292518616,1.1302456855773926,1.0543087720870972,0.005709262099117041,-1.192065715789795,1.6652684211730957,2.4532713890075684,0.0020859884098172188,0.9597914814949036,0.0032449127174913883,14.459259986877441,14.449239730834961,14.474658012390137,0.2354242205619812,0.24557489156723022,2.448162317276001,0,1469.15576171875,-0.014869612641632557,0.18282191455364227
1787296674418,541,4,2,1,1467.697998046875,681.8417358398438,896.9745483398438,3.358849048614502,1.393712043762207,3.419025182723999,-0.21515510976314545,-1.5709460973739624,2.145127058029175,2.456298828125,0.0039047461468726397,0.9611049294471741,0.004319839645177126,14.46957015991211,14.459711074829102,14.478046417236328,0.2520461976528168,0.26273682713508606,2.4459574222564697,0,1478.13916015625,-0.014247489161789417,0.7180163860321045
1787296674439,542,4,2,1,1464.6009521484375,-190.71429443359375,728.3878784179688,4.478813648223877,1.5899089574813843,4.655435085296631,0.13336430490016937,-1.3720840215682983,1.6520308256149292,2.4567313194274902,0.002278948901221156,0.9620506763458252,0.0036864536814391613,14.478280067443848,14.468936920166016,14.486567497253418,0.2564024031162262,0.2696020007133484,2.4525747299194336,0,1487.1094970703125,-0.013675335794687271,0.9754651784896851
1787296674459,543,4,2,1,1498.0609130859375,1616.7210693359375,861.6061401367188,2.1129531860351562,2.131610631942749,1.9734816551208496,-0.37133246660232544,-1.6920182704925537,2.4811692237854004,2.4611666202545166,0.004000586457550526,0.9607624411582947,0.004726736340671778,14.49570083618164,14.475214958190918,14.509700775146484,0.25696051120758057,0.28132280707359314,2.450368642807007,0,1496.0927734375,-0.013126242905855179,0.4652355909347534
1787296674479,544,4,2,1,1484.18701171875,-544.0531616210938,924.1024169921875,3.4679372310638428,2.301619052886963,3.6743478775024414,0.06189102679491043,-1.4309834241867065,1.740924596786499,2.4621996879577637,0.0029649361968040466,0.9615194797515869,0.004884835798293352,14.50814437866211,14.4971342086792,14.52329158782959,0.2513095736503601,0.2643810212612152,2.4547810554504395,0,1505.0631103515625,-0.012847055681049824,0.7511013746261597
1787296674499,545,4,2,1,1516.06005859375,1670.560791015625,1014.6737670898438,2.3860974311828613,2.2616167068481445,2.201404571533203,-0.38032862544059753,-1.991658329963684,2.277230739593506,2.4663655757904053,0.004247654229402542,0.9592294096946716,0.0057378001511096954,14.515649795532227,14.498208045959473,14.527047157287598,0.2596837878227234,0.28074461221694946,2.4525747299194336,0,1514.0465087890625,-0.012249567545950413,0.5279719233512878
1787296674519,546,4,2,1,1504.616943359375,-364.2847900390625,956.3009033203125,3.397205352783203,2.124892234802246,3.4156017303466797,0.06568429619073868,-1.2095433473587036,1.9634039402008057,2.4663443565368652,0.003741628024727106,0.961814820766449,0.005594965070486069,14.525705337524414,14.513771057128906,14.53881549835205,0.25319916009902954,0.2638343572616577,2.459190845489502,0,1523.018310546875,-0.011985542252659798,0.738368570804596
1787296674539,547,4,2,1,1527.8370361328125,1120.6312255859375,1053.0577392578125,2.612156629562378,1.94667649269104,2.3208200931549072,-0.1856027990579605,-1.7655194997787476,2.3359487056732178,2.4703989028930664,0.0027355735655874014,0.9581987261772156,0.003867864841595292,14.528840065002441,14.508703231811523,14.538164138793945,0.25912946462631226,0.278940349817276,2.461397171020508,0,1532.0003662109375,-0.011384490877389908,0.5794512629508972
1787296674559,548,4,2,1,1517.693359375,-322.878173828125,966.4179077148438,4.740056991577148,2.2436881065368652,4.803990840911865,0.26332616806030273,-1.6357131004333496,2.311807632446289,2.470233201980591,0.0024622748605906963,0.9600762724876404,0.003374463878571987,14.522445678710938,14.507960319519043,14.539036750793457,0.2607995271682739,0.27388349175453186,2.465808153152466,0,1540.970947265625,-0.010867810808122158,1.0496989488601685
1787296674579,549,4,2,1,1549.4822998046875,1173.8140869140625,960.6251831054688,1.7293610572814941,2.1658718585968018,1.625828742980957,-0.013705250807106495,-1.9243756532669067,1.8058573007583618,2.4725570678710938,0.002771327504888177,0.9593996405601501,0.0041385842487216,14.53001880645752,14.504956245422363,14.5385160446167,0.26045259833335876,0.28685009479522705,2.461397171020508,0,1549.9925537109375,-0.010393182747066021,0.38940227031707764
1787296674600,550,4,2,1,1535.3121337890625,-401.8394470214844,951.1304931640625,4.688297748565674,2.295551300048828,5.0575737953186035,0.21606780588626862,-1.1999825239181519,2.5625545978546143,2.4721240997314453,0.0035155173391103745,0.9624564051628113,0.005941793322563171,14.528142929077148,14.515028953552246,14.541452407836914,0.2653372287750244,0.2890031635761261,2.465808153152466,0,1558.9755859375,-0.009910937398672104,1.0570772886276245
1787296674620,551,4,2,1,1566.4283447265625,1088.9896240234375,889.5504760742188,1.7184840440750122,2.115227460861206,1.5107120275497437,-0.28539982438087463,-1.6855731010437012,1.7828809022903442,2.4758729934692383,0.0037182446103543043,0.9608336091041565,0.00490214116871357,14.532893180847168,14.511492729187012,14.540030479431152,0.26165342330932617,0.28422194719314575,2.4636032581329346,0,1567.997314453125,-0.009444672614336014,0.3883287012577057
1787296674640,552,4,2,1,1558.44482421875,229.20578002929688,1131.8018798828125,5.007018566131592,2.0168330669403076,5.061457633972168,-0.09742594510316849,-1.8147331476211548,2.017714262008667,2.4758846759796143,0.003554108552634716,0.9620797634124756,0.0056217811070382595,14.528685569763184,14.521382331848145,14.538955688476562,0.27111801505088806,0.291738361120224,2.4702205657958984,0,1577.020263671875,-0.008853819221258163,1.1591309309005737
1787296674660,553,4,2,1,1580.8812255859375,516.6329345703125,1062.81884765625,1.1941636800765991,1.7457307577133179,1.1513049602508545,0.05161353573203087,-1.9651893377304077,1.6430115699768066,2.4791834354400635,0.002938286168500781,0.958270788192749,0.004203381948173046,14.538556098937988,14.52773666381836,14.546670913696289,0.25965821743011475,0.28093868494033813,2.472425699234009,0,1585.990234375,-0.008547811768949032,0.26883664727211
1787296674680,554,4,2,1,1579.8404541015625,609.2919311523438,1182.4111328125,4.988457679748535,1.8614908456802368,5.046107769012451,0.20007944107055664,-1.8166173696517944,2.191190004348755,2.477997303009033,0.003781308652833104,0.9626787304878235,0.006310207303613424,14.532550811767578,14.524407386779785,14.54294204711914,0.2756011188030243,0.29217058420181274,2.461397171020508,0,1595.010498046875,-0.007866892963647842,1.1639491319656372
1787296674700,555,4,2,1,1592.6231689453125,-71.89752960205078,1303.589111328125,1.361940622329712,1.5122199058532715,1.6174354553222656,-0.020196884870529175,-1.694477915763855,1.8159738779067993,2.48162579536438,0.0034250502940267324,0.9583367705345154,0.005246974993497133,14.543144226074219,14.534805297851562,14.558650970458984,0.26317188143730164,0.28016260266304016,2.472425699234009,0,1604.0318603515625,-0.0076172081753611565,0.3087209463119507
1787296674721,556,4,2,1,1603.453125,1041.7113037109375,1220.35595703125,4.518958568572998,1.546362280845642,4.4116339683532715,-0.2667727768421173,-1.67550790309906,2.6365370750427246,2.4808812141418457,0.003959164954721928,0.9624781608581543,0.0057851094752550125,14.531282424926758,14.5173921585083,14.538347244262695,0.2790071368217468,0.2959025800228119,2.4702205657958984,0,1613.054443359375,-0.0069185225293040276,1.0720094442367554
1787296674741,557,4,2,1,1606.5592041015625,-219.59512329101562,1019.18505859375,2.6600654125213623,1.9186111688613892,2.6622395515441895,0.2971853017807007,-1.9115906953811646,1.927762508392334,2.4812870025634766,0.0030489994678646326,0.961911141872406,0.004405746702104807,14.533125877380371,14.527117729187012,14.5380277633667,0.26678240299224854,0.27585190534591675,2.476836681365967,0,1622.03662109375,-0.006646676920354366,0.6014444828033447
1787296674761,558,4,2,1,1625.0623779296875,1205.2274169921875,957.886962890625,3.5477724075317383,2.030820369720459,3.4665606021881104,-0.12018637359142303,-1.8953384160995483,2.50557541847229,2.4823052883148193,0.003106946125626564,0.9625473022460938,0.005074095446616411,14.528761863708496,14.514514923095703,14.534038543701172,0.28030264377593994,0.298222154378891,2.472425699234009,0,1631.00732421875,-0.005965854041278362,0.8465930819511414
1787296674781,559,4,2,1,1621.696533203125,-252.18685913085938,893.5640869140625,3.558509111404419,2.0864014625549316,3.681640863418579,0.004861883819103241,-1.8302723169326782,1.769874930381775,2.4832825660705566,0.0033058326225727797,0.963601291179657,0.004940268117934465,14.528424263000488,14.511486053466797,14.540130615234375,0.27460333704948425,0.2874329090118408,2.476836681365967,0,1639.98974609375,-0.005632197018712759,0.8376585245132446
1787296674801,560,4,2,1,1645.37939453125,1029.4884033203125,1090.636962890625,2.349809408187866,2.0492141246795654,2.179854393005371,-0.07648709416389465,-1.9424086809158325,2.7471697330474854,2.4850125312805176,0.0036085471510887146,0.9612785577774048,0.005427636671811342,14.52995491027832,14.510456085205078,14.536934852600098,0.277649849653244,0.299793541431427,2.4746317863464355,0,1648.960205078125,-0.0051010772585868835,0.5596787333488464
1787296674821,561,4,2,1,1636.779052734375,-180.77146911621094,984.63427734375,4.646790027618408,2.0872223377227783,4.9426350593566895,0.17680741846561432,-1.7849016189575195,2.668290138244629,2.4841535091400146,0.0035863714292645454,0.9639176726341248,0.005676932167261839,14.52743148803711,14.519672393798828,14.538740158081055,0.28288429975509644,0.30405887961387634,2.4790430068969727,0,1657.9456787109375,-0.004606946371495724,1.120834231376648
1787296674841,562,4,2,1,1664.1751708984375,812.23681640625,959.5031127929688,1.4973762035369873,2.0105886459350586,1.323972463607788,-0.1704590767621994,-1.9269566535949707,1.5890753269195557,2.489067554473877,0.0027468346524983644,0.9587582945823669,0.00410715164616704,14.53280258178711,14.511995315551758,14.539654731750488,0.2753309905529022,0.29673245549201965,2.485659122467041,0,1666.9154052734375,-0.004235151223838329,0.35880061984062195
1787296674861,563,4,2,1,1661.0902099609375,532.6395874023438,1160.277099609375,4.8818840980529785,1.8232359886169434,4.98695707321167,0.2184021919965744,-1.9618313312530518,2.768796443939209,2.4859604835510254,0.0029539118986576796,0.9639384746551514,0.004962194245308638,14.527615547180176,14.514823913574219,14.540143966674805,0.288036048412323,0.30690062046051025,2.4790430068969727,0,1675.9354248046875,-0.0036253975704312325,1.1906155347824097
1787296674882,564,4,2,1,1672.3028564453125,-102.61898040771484,1222.5260009765625,1.8447788953781128,1.563217282295227,2.0264601707458496,-0.08046117424964905,-2.020432233810425,2.041393756866455,2.4881067276000977,0.0029358169995248318,0.9620214104652405,0.004548664204776287,14.528533935546875,14.522032737731934,14.535104751586914,0.2778263986110687,0.29893460869789124,2.4812490940093994,0,1684.9185791015625,-0.0033498890697956085,0.4395422041416168
1787296674902,565,4,2,1,1686.34326171875,1122.2572021484375,1140.85205078125,4.2881550788879395,1.6419780254364014,4.103322505950928,-0.06624899059534073,-2.1867620944976807,2.674760103225708,2.4877049922943115,0.0033725735265761614,0.9640105962753296,0.005186206661164761,14.515129089355469,14.50464916229248,14.524837493896484,0.29105570912361145,0.30986326932907104,2.4812490940093994,0,1693.88916015625,-0.002681690501049161,1.0602984428405762
1787296674922,566,4,2,1,1684.8438720703125,-348.0443115234375,974.857421875,3.1506619453430176,1.803344964981079,3.3849692344665527,0.19381330907344818,-1.8660560846328735,2.2993156909942627,2.488415241241455,0.002742283744737506,0.9631603956222534,0.004269959405064583,14.515235900878906,14.501379013061523,14.527146339416504,0.2842065393924713,0.2980189919471741,2.4834542274475098,0,1702.87451171875,-0.0023780076298862696,0.7626492977142334
1787296674942,567,4,2,1,1708.4027099609375,1076.6572265625,1062.3111572265625,2.7105963230133057,1.9733314514160156,2.465546131134033,-0.11551936715841293,-2.024111270904541,2.6835103034973145,2.4911038875579834,0.003221375634893775,0.9598962068557739,0.004804660100489855,14.516948699951172,14.498054504394531,14.527037620544434,0.2890303134918213,0.311939537525177,2.4812490940093994,0,1711.8428955078125,-0.0018310826271772385,0.6700129508972168
1787296674962,568,4,2,1,1700.883056640625,-121.29547119140625,987.5693359375,4.673027515411377,2.0929956436157227,4.9064531326293945,0.2500309646129608,-1.5874385833740234,2.6569533348083496,2.4881889820098877,0.0029705273918807507,0.96560138463974,0.005066621117293835,14.513123512268066,14.497846603393555,14.530282020568848,0.29347580671310425,0.31317955255508423,2.479041576385498,0,1720.826171875,-0.0013617275981232524,1.1663808822631836
1787296674982,569,4,2,1,1725.3258056640625,644.6085205078125,1051.3675537109375,1.6507635116577148,1.859279751777649,1.5298504829406738,-0.027344778180122375,-1.885146975517273,1.8760164976119995,2.4917850494384766,0.0032132205087691545,0.9608265161514282,0.005036910530179739,14.514974594116211,14.498531341552734,14.521692276000977,0.2854900062084198,0.30978938937187195,2.485659122467041,0,1729.7967529296875,-0.0010043899528682232,0.4062398672103882
1787296675002,570,4,2,1,1725.9742431640625,662.7202758789062,1102.4698486328125,4.681385040283203,1.7183340787887573,4.785314559936523,-0.10329040139913559,-1.9058865308761597,2.7225937843322754,2.489351272583008,0.0032853041775524616,0.9665099382400513,0.004789581522345543,14.497401237487793,14.484102249145508,14.51204776763916,0.29979321360588074,0.31662654876708984,2.4790430068969727,0,1738.7801513671875,-0.0003970996767748147,1.1907821893692017
1787296675022,571,4,2,1,1734.34375,-97.23296356201172,1042.313720703125,2.6171672344207764,1.8843212127685547,2.6267971992492676,0.22770297527313232,-2.093994379043579,2.184558629989624,2.4911882877349854,0.002521856687963009,0.9631829857826233,0.0035559670068323612,14.501474380493164,14.493160247802734,14.515047073364258,0.2888129651546478,0.30212852358818054,2.4878652095794678,0,1747.752197265625,-0.0001255922397831455,0.640105128288269
1787296675042,572,4,2,1,1753.7265625,1297.990478515625,1032.8065185546875,3.4080796241760254,1.864496111869812,3.0860633850097656,-0.3529980480670929,-2.0414280891418457,2.5562291145324707,2.4906835556030273,0.0019372410606592894,0.9655831456184387,0.003026951104402542,14.489442825317383,14.48240852355957,14.49494457244873,0.2999362051486969,0.3186468482017517,2.485659122467041,0,1756.7364501953125,0.00047261937288567424,0.8702102303504944
1787296675063,573,4,2,1,1745.670654296875,-359.7678527832031,942.6866455078125,4.106671333312988,1.9441447257995605,4.446622848510742,0.412468820810318,-1.436004877090454,2.748445987701416,2.4903759956359863,0.0031765876337885857,0.9661386013031006,0.0048923674039542675,14.482184410095215,14.472611427307129,14.49152946472168,0.29825571179389954,0.3155602812767029,2.4834554195404053,0,1765.75634765625,0.0008386312983930111,1.0238982439041138
1787296675083,574,4,2,1,1771.1146240234375,782.791015625,951.2337646484375,2.0618088245391846,1.7856515645980835,1.8332571983337402,-0.2567562162876129,-2.128641128540039,1.717736840248108,2.4933102130889893,0.0028235868085175753,0.9630087614059448,0.004496405366808176,14.479660987854004,14.463898658752441,14.483920097351074,0.2950710356235504,0.3207923173904419,2.4834542274475098,0,1774.7774658203125,0.0012427757028490305,0.5213488340377808
1787296675103,575,4,2,1,1771.6165771484375,692.7452392578125,1141.2615966796875,4.723295211791992,1.6354694366455078,4.829098224639893,-0.11424152553081512,-2.0034778118133545,2.41298246383667,2.4911365509033203,0.004461593925952911,0.965242326259613,0.005852364469319582,14.46569538116455,14.4530611038208,14.486929893493652,0.3074444532394409,0.3258216977119446,2.481247901916504,0,1783.7496337890625,0.0018238710472360253,1.2328433990478516
1787296675123,576,4,2,1,1779.63232421875,-69.96456909179688,1000.3116455078125,2.725154161453247,1.7730367183685303,2.730769157409668,0.24124418199062347,-2.0953519344329834,2.029092788696289,2.493574380874634,0.003702728310599923,0.9624693989753723,0.004984081722795963,14.461172103881836,14.451058387756348,14.470239639282227,0.29750627279281616,0.311072438955307,2.4834542274475098,0,1792.731689453125,0.002101555000990629,0.6844735741615295
1787296675143,577,4,2,1,1799.227294921875,1267.381591796875,943.8536987304688,3.26534366607666,1.7473599910736084,2.997331380844116,-0.384316623210907,-2.259132146835327,2.9162814617156982,2.4940266609191895,0.004140096716582775,0.964993953704834,0.005886118859052658,14.456308364868164,14.448554039001465,14.460967063903809,0.30715978145599365,0.3254172205924988,2.485659122467041,0,1801.7025146484375,0.0026608151383697987,0.8524717092514038
1787296675163,578,4,2,1,1791.6649169921875,-162.9241485595703,967.8897094726562,4.407679557800293,1.8096343278884888,4.699580192565918,0.30358392000198364,-1.9068480730056763,2.853262186050415,2.4915902614593506,0.0033398291561752558,0.9677215814590454,0.005287188105285168,14.451272010803223,14.439023971557617,14.467577934265137,0.3087295591831207,0.3297545313835144,2.485659122467041,0,1810.7235107421875,0.003076496534049511,1.1511876583099365
1787296675183,579,4,2,1,1814.0185546875,536.1871337890625,1055.4576416015625,1.948990821838379,1.6809117794036865,1.855953574180603,0.08973459154367447,-2.09043550491333,2.1277787685394287,2.49566650390625,0.003544644685462117,0.9618346691131592,0.005436684936285019,14.454401969909668,14.44172191619873,14.46658706665039,0.3019700050354004,0.3248094618320465,2.4878652095794678,0,1819.7078857421875,0.003434699960052967,0.5026171803474426
1787296675204,580,4,2,1,1819.84765625,910.2527465820312,1136.30712890625,4.701050758361816,1.4353989362716675,4.411574840545654,-0.2675281763076782,-2.3938677310943604,2.691809892654419,2.493506669998169,0.003899717703461647,0.9665980339050293,0.006068746093660593,14.448541641235352,14.439905166625977,14.456221580505371,0.3141084909439087,0.3312106430530548,2.4812490940093994,0,1828.677978515625,0.004010406788438559,1.2562646865844727
1787296675224,581,4,2,1,1821.360107421875,-259.8371276855469,957.140625,3.2467386722564697,1.6836473941802979,3.5972867012023926,0.0934920385479927,-1.7949892282485962,2.43395733833313,2.4948477745056152,0.00562873063609004,0.9659456014633179,0.00797764491289854,14.450798034667969,14.437918663024902,14.458427429199219,0.30864474177360535,0.3213041126728058,2.485659122467041,0,1837.698486328125,0.004304307047277689,0.8529209494590759
1787296675244,582,4,2,1,1844.35400390625,1043.3985595703125,1014.9566040039062,2.4847829341888428,2.0339882373809814,2.386099100112915,-0.07495482265949249,-2.2765603065490723,2.3499386310577393,2.494638681411743,0.0033786806743592024,0.9659333825111389,0.005084448494017124,14.444838523864746,14.435739517211914,14.451790809631348,0.31151437759399414,0.3340277373790741,2.485659122467041,0,1846.719970703125,0.004791393410414457,0.6625528931617737
1787296675264,583,4,2,1,1840.8343505859375,316.77520751953125,1051.71337890625,4.927280902862549,1.7831496000289917,4.911041736602783,0.24620267748832703,-1.9583256244659424,2.6507537364959717,2.4931116104125977,0.004146271850913763,0.967825174331665,0.006440266035497189,14.435959815979004,14.428108215332031,14.446789741516113,0.3172520697116852,0.3367709219455719,2.485659122467041,0,1855.7431640625,0.005272421520203352,1.3236149549484253
1787296675284,584,4,2,1,1853.458984375,62.346126556396484,1058.1544189453125,2.6324398517608643,1.621321439743042,2.649616003036499,0.010761701501905918,-2.084930419921875,2.187511920928955,2.4957399368286133,0.0032323997002094984,0.9641733169555664,0.004858647473156452,14.434608459472656,14.428937911987305,14.442556381225586,0.31114649772644043,0.3318537771701813,2.492276430130005,0,1864.72509765625,0.005570880137383938,0.6975141167640686
1787296675304,585,4,2,1,1870.5072021484375,1201.922119140625,983.7916870117188,3.4852850437164307,1.6783473491668701,3.394031286239624,-0.3153945207595825,-2.2410550117492676,2.9238040447235107,2.493898391723633,0.00292741390876472,0.9682212471961975,0.0048313867300748825,14.430473327636719,14.427851676940918,14.434086799621582,0.3207440674304962,0.3393286466598511,2.4878652095794678,0,1873.6956787109375,0.006111259572207928,0.9466939568519592
1787296675324,586,4,2,1,1865.33154296875,-55.71455001831055,998.290283203125,4.418369293212891,1.8364797830581665,4.7314629554748535,0.17406527698040009,-2.190912961959839,2.8409371376037598,2.492337942123413,0.0035628550685942173,0.9709379076957703,0.005972201004624367,14.425822257995605,14.416534423828125,14.433396339416504,0.32203972339630127,0.3414532244205475,2.485659122467041,0,1882.6790771484375,0.00650062644854188,1.203727126121521
1787296675345,587,4,2,1,1884.5711669921875,344.17333984375,1127.0611572265625,2.0157604217529297,1.5528508424758911,2.026242971420288,0.14928293228149414,-2.1306633949279785,2.159273624420166,2.496485471725464,0.0035086949355900288,0.9652008414268494,0.005861589685082436,14.426066398620605,14.420095443725586,14.42895793914795,0.3145717978477478,0.3362415134906769,2.485659122467041,0,1891.7003173828125,0.006825365126132965,0.5386019945144653
1787296675365,588,4,2,1,1894.0364990234375,986.2320556640625,1032.092529296875,4.197230815887451,1.5423380136489868,4.077064514160156,0.013828553259372711,-2.2897791862487793,3.2378337383270264,2.4962949752807617,0.0033803589176386595,0.9657527804374695,0.005553648807108402,14.410415649414062,14.392146110534668,14.426614761352539,0.3258560001850128,0.3433992564678192,2.4878652095794678,0,1900.6724853515625,0.00737417209893465,1.1584328413009644
1787296675385,589,4,2,1,1892.03466796875,-272.5896911621094,1006.753173828125,4.071261405944824,1.9447170495986938,4.085177421569824,0.3574887216091156,-2.087780237197876,3.0823450088500977,2.495311975479126,0.004233920481055975,0.9664517641067505,0.0059071737341582775,14.398008346557617,14.380175590515137,14.422225952148438,0.3219083249568939,0.3334875702857971,2.4878652095794678,0,1909.6544189453125,0.007699225097894669,1.106102705001831
1787296675405,590,4,2,1,1914.31103515625,685.9904174804688,994.1541748046875,2.3471884727478027,1.6615893840789795,2.156710147857666,-0.09120365977287292,-2.1617796421051025,2.222884178161621,2.497004747390747,0.003812828566879034,0.9661248922348022,0.005598109681159258,14.39466667175293,14.379353523254395,14.40394401550293,0.32099878787994385,0.34643885493278503,2.4878652095794678,0,1918.624755859375,0.008087951689958572,0.6434338092803955
1787296675425,591,4,2,1,1919.2513427734375,883.9288940429688,1124.480224609375,4.661767959594727,1.3318150043487549,4.515041351318359,-0.2532508075237274,-2.227886915206909,3.292468309402466,2.4945833683013916,0.0036043536383658648,0.9703145027160645,0.005244384054094553,14.379701614379883,14.3655366897583,14.397381782531738,0.33188098669052124,0.34715622663497925,2.4878652095794678,0,1927.6080322265625,0.008617960847914219,1.3114737272262573
1787296675445,592,4,2,1,1921.8470458984375,-92.68344116210938,943.4749145507812,3.6707282066345215,1.8200010061264038,3.7581393718719482,-0.031527671962976456,-2.1995742321014404,2.4659152030944824,2.496676445007324,0.005002021789550781,0.9674311876296997,0.007627640850841999,14.38070011138916,14.373735427856445,14.391371726989746,0.3266560137271881,0.33667561411857605,2.4834542274475098,0,1936.5784912109375,0.008912963792681694,1.0223652124404907
1787296675465,593,4,2,1,1942.6470947265625,880.7637329101562,900.4031372070312,2.5453102588653564,1.6894856691360474,2.3485050201416016,-0.32072505354881287,-2.3735904693603516,3.1348211765289307,2.4964303970336914,0.00451771030202508,0.968944251537323,0.006080353166908026,14.380973815917969,14.369853973388672,14.391462326049805,0.327750563621521,0.34853217005729675,2.4878652095794678,0,1945.5640869140625,0.009331663139164448,0.7104761004447937
1787296675485,594,4,2,1,1945.3956298828125,771.5545654296875,1048.172607421875,4.670517921447754,1.3893319368362427,4.513929843902588,-0.2217174917459488,-2.360413074493408,2.9488697052001953,2.496588706970215,0.003706554416567087,0.9685043096542358,0.005285237450152636,14.375395774841309,14.365806579589844,14.386204719543457,0.336469829082489,0.35076913237571716,2.490070104598999,0,1954.5855712890625,0.009831568226218224,1.3349171876907349
1787296675506,595,4,2,1,1948.7249755859375,-152.2359619140625,925.6591186523438,3.533616542816162,1.7216928005218506,3.681265115737915,0.03884158283472061,-2.061596155166626,2.5570623874664307,2.496662139892578,0.0035274310503154993,0.9678356647491455,0.005831305868923664,14.37722110748291,14.36700439453125,14.388288497924805,0.3312303125858307,0.34379833936691284,2.4878652095794678,0,1963.60498046875,0.010117201134562492,0.996924638748169
1787296675526,596,4,2,1,1970.189208984375,942.1276245117188,864.1527709960938,2.6143834590911865,1.7002633810043335,2.5068249702453613,-0.36504921317100525,-2.3156485557556152,3.235966205596924,2.4976656436920166,0.004143320024013519,0.9680629372596741,0.005676341243088245,14.375893592834473,14.366884231567383,14.379892349243164,0.3331579267978668,0.3548225462436676,2.481247901916504,0,1972.575439453125,0.010537562891840935,0.7394946813583374
1787296675546,597,4,2,1,1971.7120361328125,680.743896484375,1029.7613525390625,4.630228519439697,1.397153377532959,4.572470188140869,-0.2100677639245987,-2.0894134044647217,3.162113904953003,2.495922088623047,0.0038245234172791243,0.9709126949310303,0.005091909319162369,14.372649192810059,14.36159896850586,14.38106918334961,0.34066474437713623,0.3556654453277588,2.4878652095794678,0,1981.5584716796875,0.011014341376721859,1.336898684501648
1787296675566,598,4,2,1,1976.31103515625,-80.3900375366211,895.8914794921875,3.675335645675659,1.6837208271026611,3.7512736320495605,0.017739638686180115,-2.2333273887634277,2.5157883167266846,2.496068239212036,0.003017309121787548,0.9696080088615417,0.004663475323468447,14.376191139221191,14.364048957824707,14.386651992797852,0.3358873128890991,0.3465307652950287,2.4878652095794678,0,1990.5302734375,0.011307585053145885,1.0511736869812012
1787296675586,599,4,2,1,1996.5660400390625,838.958251953125,926.4658203125,2.5753815174102783,1.6641091108322144,2.429305076599121,-0.3225574791431427,-2.357389450073242,3.055856227874756,2.4982247352600098,0.0030061339493840933,0.967227578163147,0.004478962626308203,14.376416206359863,14.365118026733398,14.385537147521973,0.3364872932434082,0.36019933223724365,2.485659122467041,0,1999.51220703125,0.011702210642397404,0.737578272819519
1787296675606,600,4,2,1,2000.87890625,868.5368041992188,1106.3897705078125,4.5905656814575195,1.3049074411392212,4.469540596008301,-0.2763957977294922,-2.448753833770752,3.24324631690979,2.497957706451416,0.003581950208172202,0.9689661264419556,0.004751145374029875,14.374239921569824,14.361612319946289,14.38829517364502,0.34483209252357483,0.36118805408477783,2.4878652095794678,0,2008.4827880859375,0.012185006402432919,1.343157172203064
1787296675626,601,4,2,1,2002.53125,-111.16915893554688,861.212890625,3.994070291519165,1.854324221611023,4.091262340545654,0.22730039060115814,-2.5882678031921387,2.471698760986328,2.4964516162872314,0.00430019898340106,0.9689496755599976,0.006085341330617666,14.377446174621582,14.369378089904785,14.391871452331543,0.34052735567092896,0.3516087234020233,2.485659122467041,0,2017.466064453125,0.01248148363083601,1.1474153995513916
1787296675646,602,4,2,1,2021.5506591796875,610.477783203125,966.110595703125,2.5540311336517334,1.4907913208007812,2.4807472229003906,0.018185822293162346,-2.631636619567871,2.6987531185150146,2.49835205078125,0.00428729085251689,0.9670447707176208,0.006747567560523748,14.37720012664795,14.367105484008789,14.386445999145508,0.340183287858963,0.36383622884750366,2.4878652095794678,0,2026.487548828125,0.012856705114245415,0.7358830571174622
1787296675667,603,4,2,1,2028.9361572265625,894.947265625,999.0115356445312,4.279224395751953,1.331904649734497,4.150472164154053,0.06869115680456161,-2.501577138900757,3.20798397064209,2.4979000091552734,0.0038124111015349627,0.9678190350532532,0.00584795419126749,14.374622344970703,14.361557006835938,14.386117935180664,0.34800559282302856,0.3669074475765228,2.4878652095794678,0,2035.45947265625,0.013339434750378132,1.25985848903656
1787296675687,604,4,2,1,2028.05859375,-143.86021423339844,970.7353515625,4.205695152282715,1.5299172401428223,4.464083194732666,0.45533010363578796,-2.182792901992798,3.2787342071533203,2.4963152408599854,0.00468276534229517,0.9697474837303162,0.006747151724994183,14.373372077941895,14.36190128326416,14.381220817565918,0.3477538526058197,0.3675893247127533,2.4878652095794678,0,2044.4417724609375,0.013677671551704407,1.225541114807129
1787296675707,605,4,2,1,2044.7342529296875,189.9056854248047,1147.145263671875,2.3911781311035156,1.3135830163955688,2.540583372116089,-0.03616267070174217,-2.8307301998138428,2.3004343509674072,2.4989538192749023,0.003207633038982749,0.9671560525894165,0.005499872379004955,14.37748908996582,14.364790916442871,14.382062911987305,0.34420689940452576,0.3621388375759125,2.4944825172424316,0,2053.41162109375,0.013994576409459114,0.6965013742446899
1787296675727,606,4,2,1,2058.86181640625,1074.13818359375,936.0714721679688,3.774223804473877,1.5168890953063965,3.7024121284484863,-0.32507452368736267,-2.5994279384613037,2.9654629230499268,2.498141288757324,0.003810264403000474,0.9693461656570435,0.005537599790841341,14.371434211730957,14.364206314086914,14.377632141113281,0.3525153398513794,0.3706119954586029,2.4878652095794678,0,2062.394775390625,0.014469340443611145,1.1254639625549316
1787296675747,607,4,2,1,2057.8154296875,229.5282440185547,969.63671875,4.900352478027344,1.7111738920211792,4.814235210418701,-0.03320908173918724,-2.671694755554199,3.5169320106506348,2.4969208240509033,0.0041395616717636585,0.9712468385696411,0.006123213563114405,14.360742568969727,14.350104331970215,14.37510871887207,0.3537093698978424,0.37094730138778687,2.4878652095794678,0,2071.36572265625,0.014845466241240501,1.4720677137374878
1787296675767,608,4,2,1,2069.48876953125,30.141719818115234,1008.1078491210938,3.1100900173187256,1.529423713684082,3.0537800788879395,0.2780660390853882,-2.345522403717041,2.70600962638855,2.4970433712005615,0.003558176336809993,0.9691370129585266,0.004405442159622908,14.36012077331543,14.352143287658691,14.372330665588379,0.34818994998931885,0.3680689036846161,2.4878652095794678,0,2080.38818359375,0.015123162418603897,0.9130758047103882
1787296675787,609,4,2,1,2086.404296875,946.4180908203125,926.2391357421875,3.091949701309204,1.6507829427719116,3.07336163520813,-0.11659923195838928,-2.893768310546875,2.9710848331451416,2.4972217082977295,0.004010103177279234,0.9705535173416138,0.00666011543944478,14.35525131225586,14.347339630126953,14.36428451538086,0.35467636585235596,0.3756393790245056,2.4878652095794678,0,2089.370849609375,0.015557387843728065,0.9300702214241028
1787296675807,610,4,2,1,2088.835693359375,597.6444091796875,1035.01513671875,4.5672478675842285,1.398979902267456,4.49229097366333,-0.2066320776939392,-2.522768974304199,2.858384370803833,2.4976861476898193,0.005183306057006121,0.9721675515174866,0.007333202287554741,14.353043556213379,14.343889236450195,14.359213829040527,0.35960152745246887,0.37543702125549316,2.4878652095794678,0,2098.341552734375,0.015970909968018532,1.3938204050064087
1787296675827,611,4,2,1,2094.09912109375,-4.9154205322265625,902.4006958007812,3.9516000747680664,1.7300382852554321,3.98525071144104,-0.01788520999252796,-2.6510074138641357,2.8924360275268555,2.4979379177093506,0.0045001087710261345,0.9693301320075989,0.0069790249690413475,14.352230072021484,14.344162940979004,14.361211776733398,0.3560454249382019,0.36632040143013,2.4900715351104736,0,2107.3623046875,0.016263896599411964,1.196429967880249
1787296675848,612,4,2,1,2110.837646484375,515.8294677734375,991.1131591796875,2.652174949645996,1.5235732793807983,2.638793468475342,0.18403922021389008,-2.458014488220215,3.0720279216766357,2.4999420642852783,0.004098172765225172,0.9669851660728455,0.006753852590918541,14.352490425109863,14.343757629394531,14.358183860778809,0.3558093309402466,0.37854352593421936,2.4834542274475098,0,2116.347412109375,0.016619721427559853,0.7970798015594482
1787296675868,613,4,2,1,2120.7734375,950.154541015625,913.3980712890625,3.8730521202087402,1.509312629699707,3.8623924255371094,-0.125728040933609,-2.542264461517334,3.1754419803619385,2.4989662170410156,0.0038181613199412823,0.9689474105834961,0.006021873559802771,14.35009765625,14.340802192687988,14.362202644348145,0.3633286952972412,0.38108083605766296,2.4834542274475098,0,2125.367431640625,0.017064092680811882,1.1902186870574951
1787296675888,614,4,2,1,2120.967041015625,187.9193878173828,1032.7127685546875,4.752702713012695,1.7250193357467651,4.781730651855469,-0.07258501648902893,-2.713456392288208,2.8281872272491455,2.4977989196777344,0.004317165818065405,0.9712813496589661,0.00672638276591897,14.350165367126465,14.344552040100098,14.36043930053711,0.36406901478767395,0.38359197974205017,2.490070104598999,0,2134.33740234375,0.017411619424819946,1.47017240524292
1787296675908,615,4,2,1,2132.431396484375,57.66070556640625,951.6185913085938,3.322244644165039,1.4451889991760254,3.282224655151367,0.36072590947151184,-2.357006788253784,2.8040692806243896,2.4988229274749756,0.002881848718971014,0.9691766500473022,0.004776988178491592,14.35111141204834,14.345732688903809,14.356471061706543,0.3599792718887329,0.37782078981399536,2.492276430130005,0,2143.321044921875,0.01770498976111412,1.004517912864685
1787296675928,616,4,2,1,2150.07958984375,927.4656372070312,800.9981689453125,3.049006700515747,1.5794082880020142,2.8804235458374023,-0.3168032765388489,-2.443011999130249,3.799588203430176,2.4987220764160156,0.004132942762225866,0.9696186780929565,0.007101354189217091,14.35145092010498,14.344494819641113,14.361454963684082,0.3640521466732025,0.3818822503089905,2.4878652095794678,0,2152.292236328125,0.018100105226039886,0.9445301294326782
1787296675948,617,4,2,1,2154.8271484375,847.6956176757812,1066.0076904296875,4.5953240394592285,1.2604997158050537,4.428042888641357,-0.1882604956626892,-2.6306869983673096,3.016704559326172,2.498749256134033,0.003985095303505659,0.969864547252655,0.006333389785140753,14.349446296691895,14.340991973876953,14.358237266540527,0.36961203813552856,0.3891182541847229,2.4878652095794678,0,2161.314208984375,0.018516791984438896,1.439477801322937
1787296675968,618,4,2,1,2154.869384765625,-152.55111694335938,946.0154418945312,4.183839321136475,1.5042507648468018,4.429665565490723,0.45334044098854065,-2.556112766265869,3.7552366256713867,2.4972736835479736,0.00472672563046217,0.9704399108886719,0.00633948715403676,14.348506927490234,14.33918285369873,14.354949951171875,0.36850836873054504,0.3873191177845001,2.4878652095794678,0,2170.296630859375,0.018820224329829216,1.2922240495681763
1787296675989,619,4,2,1,2170.3232421875,172.8183135986328,1045.0469970703125,2.884777545928955,1.295822262763977,2.9851338863372803,-0.04410068318247795,-2.5468480587005615,2.846126079559326,2.4981491565704346,0.0030044689774513245,0.9707995057106018,0.004856159444898367,14.349308013916016,14.34560489654541,14.355684280395508,0.3668005168437958,0.3829247057437897,2.4900715351104736,0,2179.266845703125,0.019128065556287766,0.8962929844856262
1787296676009,620,4,2,1,2184.97705078125,889.7273559570312,970.119140625,3.3803131580352783,1.5788424015045166,3.266493082046509,0.01501619815826416,-2.5342187881469727,3.6576597690582275,2.4981086254119873,0.003909359686076641,0.9704062938690186,0.005925220903009176,14.345004081726074,14.335695266723633,14.3528413772583,0.37117841839790344,0.3870212435722351,2.4878666400909424,0,2188.249755859375,0.019534964114427567,1.0622403621673584
1787296676029,621,4,2,1,2188.037353515625,565.12353515625,1003.1956787109375,4.579816818237305,1.3732521533966064,4.590401649475098,-0.16313627362251282,-2.5013537406921387,3.8334975242614746,2.4982361793518066,0.0036939901765435934,0.9722105264663696,0.005000903271138668,14.340917587280273,14.328557968139648,14.34854507446289,0.3759799897670746,0.39000821113586426,2.490070104598999,0,2197.22021484375,0.01991388015449047,1.458954930305481
1787296676049,622,4,2,1,2191.196533203125,-192.4320831298828,983.3995361328125,4.218089580535889,1.5805110931396484,4.186254501342773,0.4091878831386566,-2.3835182189941406,3.7297708988189697,2.4983460903167725,0.004609315190464258,0.969508707523346,0.006275530438870192,14.339972496032715,14.329700469970703,14.352455139160156,0.3724983036518097,0.3820969760417938,2.4878652095794678,0,2206.2041015625,0.020202362909913063,1.3197513818740845
1787296676069,623,4,2,1,2206.809326171875,189.70480346679688,1150.165771484375,2.8089041709899902,1.3207818269729614,2.854318380355835,-0.11962467432022095,-2.808964252471924,2.2122862339019775,2.5001087188720703,0.004580449312925339,0.9681194424629211,0.007473368663340807,14.344598770141602,14.329543113708496,14.35084342956543,0.37225475907325745,0.39460885524749756,2.492276430130005,0,2215.173095703125,0.020519105717539787,0.8874877095222473
1787296676089,624,4,2,1,2220.4599609375,847.609130859375,1023.3070678710938,3.5874736309051514,1.4408196210861206,3.3836662769317627,-0.06772200018167496,-3.0484771728515625,3.115623712539673,2.5001158714294434,0.00425403518602252,0.9677741527557373,0.006530802696943283,14.341228485107422,14.326427459716797,14.346391677856445,0.37678518891334534,0.39749473333358765,2.4900715351104736,0,2224.15625,0.020916648209095,1.1460579633712769
1787296676109,625,4,2,1,2223.584716796875,541.7388916015625,1020.8873901367188,4.650454521179199,1.3937618732452393,4.718979358673096,-0.20896878838539124,-2.6778738498687744,3.6005823612213135,2.4973044395446777,0.003877837909385562,0.9734303951263428,0.005874868016690016,14.340616226196289,14.330487251281738,14.347302436828613,0.38210129737854004,0.39747360348701477,2.4834542274475098,0,2233.12646484375,0.021299898624420166,1.5054551362991333
1787296676129,626,4,2,1,2227.337890625,-168.621337890625,969.6055297851562,4.201885223388672,1.4227476119995117,4.250702381134033,0.35532882809638977,-2.3936166763305664,3.4108288288116455,2.4986867904663086,0.004477820359170437,0.9699061512947083,0.006787221413105726,14.338583946228027,14.32784366607666,14.352034568786621,0.3790346086025238,0.38910675048828125,2.490070104598999,0,2242.10986328125,0.021593619138002396,1.3368562459945679
1787296676149,627,4,2,1,2242.403564453125,161.05728149414062,1024.4287109375,2.9162473678588867,1.2873969078063965,3.1191937923431396,-0.11937454342842102,-3.1614277362823486,2.879305124282837,2.500601291656494,0.0040131788700819016,0.9686325788497925,0.005881370976567268,14.343642234802246,14.331521034240723,14.3512601852417,0.37899988889694214,0.39812666177749634,2.492276430130005,0,2251.080810546875,0.02189457416534424,0.9356234073638916
1787296676169,628,4,2,1,2257.5595703125,900.0264282226562,966.8572998046875,3.283121347427368,1.5905228853225708,3.267388343811035,0.008793801069259644,-2.8150720596313477,3.718999147415161,2.500371217727661,0.0032948479056358337,0.9681878089904785,0.005210303235799074,14.343589782714844,14.3297119140625,14.351781845092773,0.3827550411224365,0.40249431133270264,2.4878652095794678,0,2260.10302734375,0.022279750555753708,1.0638686418533325
1787296676190,629,4,2,1,2262.67431640625,816.68603515625,1088.0633544921875,4.682535171508789,1.33627450466156,4.590819358825684,-0.20738549530506134,-2.7616450786590576,3.8317930698394775,2.499793767929077,0.0035236927215009928,0.970283031463623,0.005081493873149157,14.340821266174316,14.327956199645996,14.3489351272583,0.387734055519104,0.4016672372817993,2.490070104598999,0,2269.08447265625,0.02266671508550644,1.5383784770965576
1787296676210,630,4,2,1,2265.052734375,53.99203109741211,970.0281982421875,4.327840328216553,1.4267990589141846,4.5483856201171875,0.1923033893108368,-2.993756055831909,3.793301820755005,2.496896743774414,0.004692308139055967,0.9725056290626526,0.006675504148006439,14.34288215637207,14.336403846740723,14.349126815795898,0.38770225644111633,0.40341609716415405,2.490070104598999,0,2278.0546875,0.02295888215303421,1.4152913093566895
1787296676230,631,4,2,1,2276.9921875,60.5091552734375,1001.2892456054688,3.4434187412261963,1.5000441074371338,3.375422477722168,0.32584047317504883,-2.660672426223755,2.895254373550415,2.499159574508667,0.0039438651874661446,0.9694275856018066,0.005671451333910227,14.341901779174805,14.333053588867188,14.3496732711792,0.3835165798664093,0.39694303274154663,2.492276430130005,0,2287.037841796875,0.02323184721171856,1.1102352142333984
1787296676250,632,4,2,1,2293.240234375,782.6929931640625,866.839599609375,3.1626956462860107,1.383284091949463,3.0379762649536133,-0.3801361322402954,-2.9714431762695312,3.8141930103302,2.5003325939178467,0.00433614756911993,0.9696549773216248,0.006521163508296013,14.343307495117188,14.336267471313477,14.350156784057617,0.3869727551937103,0.4067942202091217,2.490070104598999,0,2296.00830078125,0.02358265407383442,1.0378693342208862
1787296676270,633,4,2,1,2300.358642578125,869.1651611328125,894.5994873046875,4.063205718994141,1.4802073240280151,4.089412689208984,-0.1277090311050415,-3.2400474548339844,3.798518657684326,2.499560832977295,0.0047730752266943455,0.9705992937088013,0.007249584887176752,14.343891143798828,14.332474708557129,14.348812103271484,0.3926072418689728,0.40945950150489807,2.485659122467041,0,2304.993408203125,0.02396984212100506,1.3479118347167969
1787296676290,634,4,2,1,2303.379638671875,364.0028076171875,1004.035888671875,4.811630725860596,1.4156278371810913,4.790585994720459,0.17265278100967407,-2.8645193576812744,3.238217830657959,2.4979405403137207,0.004467322491109371,0.9725161790847778,0.007296014577150345,14.342031478881836,14.331782341003418,14.35150146484375,0.3935798406600952,0.41108372807502747,2.4878652095794678,0,2313.961669921875,0.024294132366776466,1.598646879196167
1787296676310,635,4,2,1,2311.509521484375,43.86280822753906,905.2127685546875,3.9133524894714355,1.5231446027755737,4.017263412475586,0.0009768711170181632,-2.897967576980591,2.880427598953247,2.4992926120758057,0.005330280400812626,0.9715203642845154,0.007927185855805874,14.342835426330566,14.33299732208252,14.34995174407959,0.3918679356575012,0.4042034149169922,2.4878652095794678,0,2322.944580078125,0.024560492485761642,1.302842617034912
1787296676330,636,4,2,1,2323.897216796875,211.77381896972656,1077.1129150390625,3.01485276222229,1.2186540365219116,3.1053948402404785,-0.09481222182512283,-2.9979593753814697,3.7618281841278076,2.5003111362457275,0.004000158980488777,0.969794511795044,0.006181168369948864,14.345701217651367,14.338460922241211,14.35159683227539,0.39205971360206604,0.41415315866470337,2.492276430130005,0,2331.91552734375,0.02487040124833584,1.0002996921539307
1787296676350,637,4,2,1,2338.509033203125,896.2935180664062,983.7149047851562,3.4852118492126465,1.5859270095825195,3.382431745529175,-0.12627577781677246,-3.0165865421295166,3.329271078109741,2.4995265007019043,0.0039323908276855946,0.9699303507804871,0.0060689556412398815,14.345562934875488,14.335487365722656,14.352917671203613,0.3957700729370117,0.4141542315483093,2.4878652095794678,0,2340.8984375,0.025236310437321663,1.1698317527770996
1787296676370,638,4,2,1,2344.443115234375,810.5208740234375,1044.5264892578125,4.528183937072754,1.1708301305770874,4.390478610992432,-0.027988119050860405,-2.714667797088623,3.268873929977417,2.4986624717712402,0.003682283917441964,0.9718998074531555,0.0063065276481211185,14.341947555541992,14.326139450073242,14.349844932556152,0.3997671902179718,0.4178244471549988,2.4878652095794678,0,2349.870361328125,0.025590118020772934,1.5317074060440063
1787296676390,639,4,2,1,2347.41259765625,222.26348876953125,1023.0535888671875,4.762204170227051,1.5574084520339966,4.728583335876465,-0.07218020409345627,-3.262584924697876,3.6577203273773193,2.497897148132324,0.00532915536314249,0.9743450284004211,0.007717541418969631,14.340524673461914,14.334160804748535,14.348600387573242,0.4007546305656433,0.419755220413208,2.485659122467041,0,2358.852783203125,0.025892816483974457,1.621026635169983
1787296676411,640,4,2,1,2356.615966796875,15.815196990966797,881.1278076171875,3.7184269428253174,1.3159010410308838,3.899090528488159,0.06180696189403534,-2.742708683013916,2.9661784172058105,2.4984984397888184,0.004399046767503023,0.9731090664863586,0.0064664557576179504,14.341007232666016,14.325906753540039,14.348799705505371,0.3995586037635803,0.41325464844703674,2.485659122467041,0,2367.8232421875,0.026161717250943184,1.256914496421814
1787296676431,641,4,2,1,2370.115966796875,302.9891357421875,1069.690185546875,2.886141538619995,1.267189621925354,3.036888599395752,0.05356922745704651,-3.224761724472046,3.7311794757843018,2.4998855590820312,0.004198106937110424,0.9704766869544983,0.006720302160829306,14.342853546142578,14.33180046081543,14.348838806152344,0.3992937505245209,0.4211784899234772,2.4878652095794678,0,2376.806640625,0.026455314829945564,0.9730027914047241
1787296676451,642,4,2,1,2383.285888671875,875.283447265625,1010.72607421875,3.486057996749878,1.4844868183135986,3.501579999923706,-0.03197208419442177,-3.0430116653442383,3.6091952323913574,2.500145435333252,0.004630934912711382,0.9686862826347351,0.006490844301879406,14.344374656677246,14.329557418823242,14.350662231445312,0.4037359952926636,0.4228675365447998,2.4878652095794678,0,2385.77685546875,0.02681281603872776,1.1898024082183838
1787296676471,643,4,2,1,2389.669921875,809.9182739257812,979.8134155273438,4.512847423553467,1.250934362411499,4.367755889892578,0.017059940844774246,-2.825873613357544,3.2418949604034424,2.5001282691955566,0.0043837218545377254,0.9693323373794556,0.0067534674890339375,14.342830657958984,14.334945678710938,14.348731994628906,0.40686652064323425,0.423464834690094,2.4878652095794678,0,2394.76025390625,0.02715529128909111,1.5546610355377197
1787296676491,644,4,2,1,2392.82470703125,249.68768310546875,926.3972778320312,4.825377464294434,1.490980863571167,4.727421283721924,0.1782352179288864,-2.922536611557007,4.135105609893799,2.4994490146636963,0.006243952549993992,0.9719672203063965,0.009503504261374474,14.341971397399902,14.334549903869629,14.349886894226074,0.4074227511882782,0.4209969639778137,2.485659122467041,0,2403.73193359375,0.02744916081428528,1.6588788032531738
1787296676511,645,4,2,1,2401.912109375,97.04081726074219,834.4773559570312,4.1433610916137695,1.426513910293579,4.13437557220459,0.08007461577653885,-2.582761526107788,3.1174018383026123,2.5004708766937256,0.003682755632326007,0.9695777893066406,0.0058996956795454025,14.338729858398438,14.326482772827148,14.34953498840332,0.4067702293395996,0.4192334711551666,2.492276430130005,0,2412.71337890625,0.027726473286747932,1.428423523902893
1787296676532,646,4,2,1,2414.179443359375,219.85244750976562,1032.61083984375,3.22446608543396,1.2393503189086914,3.255889892578125,-0.18685832619667053,-3.5549042224884033,3.604071617126465,2.501142978668213,0.0033978454302996397,0.9687934517860413,0.0053726909682154655,14.34187126159668,14.333030700683594,14.349418640136719,0.4065057933330536,0.42864662408828735,2.4944825172424316,0,2421.68408203125,0.028003208339214325,1.1121159791946411
1787296676551,647,4,2,1,2428.35107421875,827.5657348632812,835.4786987304688,3.402874231338501,1.4339351654052734,3.3641295433044434,-0.297043114900589,-2.875290632247925,3.772406816482544,2.500852584838867,0.003928367514163256,0.9692604541778564,0.006129755172878504,14.340832710266113,14.330998420715332,14.3469820022583,0.41037070751190186,0.42666560411453247,2.4878652095794678,0,2430.6669921875,0.02833966724574566,1.1791975498199463
1787296676571,648,4,2,1,2437.09765625,947.4189453125,867.3961181640625,3.9859392642974854,1.3801417350769043,3.9667985439300537,-0.385178804397583,-2.887453317642212,3.4146716594696045,2.499633550643921,0.0035977589432150126,0.9717614054679871,0.0049691456370055676,14.341341018676758,14.329941749572754,14.350427627563477,0.4140622019767761,0.4305514991283417,2.4878652095794678,0,2439.63720703125,0.02867344208061695,1.3980244398117065
1787296676592,649,4,2,1,2440.762939453125,553.9306640625,976.3023071289062,4.693485260009766,1.3972104787826538,4.604919910430908,-0.30340155959129333,-3.1573970317840576,3.651442527770996,2.498990774154663,0.004408429376780987,0.9726941585540771,0.006300111301243305,14.342073440551758,14.330962181091309,14.349882125854492,0.4161158800125122,0.4307778477668762,2.4878652095794678,0,2448.6201171875,0.028989503160119057,1.6607041358947754
1787296676612,650,4,2,1,2446.10009765625,120.61309814453125,1028.2403564453125,4.535526752471924,1.3947062492370605,4.629790782928467,0.04762311652302742,-3.198500871658325,4.407050609588623,2.497001886367798,0.006420300342142582,0.9738984107971191,0.009894976392388344,14.340782165527344,14.333683013916016,14.347636222839355,0.41667500138282776,0.43511882424354553,2.485659122467041,0,2457.643310546875,0.029268069192767143,1.599650502204895
1787296676632,651,4,2,1,2456.020263671875,32.77819061279297,886.6196899414062,3.811661720275879,1.2490975856781006,3.9070377349853516,0.019570281729102135,-3.0429201126098633,3.396120071411133,2.4993112087249756,0.004257217049598694,0.9715576767921448,0.006800463888794184,14.340950965881348,14.335699081420898,14.348182678222656,0.4152470827102661,0.42786329984664917,2.490070104598999,0,2466.611328125,0.029535388574004173,1.339333176612854
1787296676652,652,4,2,1,2468.220703125,218.4535675048828,1089.1182861328125,3.1828644275665283,1.226134181022644,3.2382419109344482,-0.12718741595745087,-3.0792794227600098,4.085172653198242,2.5007476806640625,0.004606293048709631,0.9695707559585571,0.0072566973976790905,14.340916633605957,14.334064483642578,14.351223945617676,0.4155653417110443,0.4381984770298004,2.485659122467041,0,2475.594970703125,0.029819102957844734,1.12173593044281
1787296676672,653,4,2,1,2482.2578125,821.1656494140625,816.3516845703125,3.5470337867736816,1.3483854532241821,3.462013006210327,-0.4444628059864044,-3.4641776084899902,3.8550350666046143,2.501213550567627,0.004912554752081633,0.9693462252616882,0.007585981395095587,14.340270042419434,14.329493522644043,14.345627784729004,0.41878098249435425,0.438511461019516,2.4878652095794678,0,2484.564697265625,0.03014589659869671,1.2615957260131836
1787296676692,654,4,2,1,2491.7529296875,1024.147216796875,937.4973754882812,4.164364337921143,1.3915644884109497,4.006644248962402,-0.3888981342315674,-3.014113426208496,3.2421767711639404,2.5010359287261963,0.004947818350046873,0.9705747365951538,0.006418259348720312,14.340776443481445,14.327889442443848,14.346820831298828,0.42266547679901123,0.43432655930519104,2.4878652095794678,0,2493.548583984375,0.03048359788954258,1.4876548051834106
1787296676712,655,4,2,1,2496.919921875,710.2908325195312,1055.5340576171875,4.704387187957764,1.23478102684021,4.656277656555176,-0.2591923773288727,-3.5442862510681152,4.395827293395996,2.4998509883880615,0.005077633541077375,0.971192479133606,0.007775216829031706,14.340668678283691,14.33055591583252,14.345939636230469,0.4253350496292114,0.43910983204841614,2.4878652095794678,0,2502.56982421875,0.030779356136918068,1.6919026374816895
1787296676732,656,4,2,1,2501.0361328125,218.9461669921875,1016.441650390625,4.852483749389648,1.482851505279541,4.778409957885742,-0.03731786832213402,-3.630794048309326,3.959728479385376,2.4986541271209717,0.005028299987316132,0.9728482961654663,0.00800328515470028,14.336531639099121,14.327147483825684,14.346085548400879,0.4252701997756958,0.4438107907772064,2.4878652095794678,0,2511.593017578125,0.031052544713020325,1.749581217765808
1787296676753,657,4,2,1,2508.94775390625,-38.97201919555664,911.8660888671875,4.162923812866211,1.3428949117660522,4.177515983581543,0.2776964604854584,-3.278581142425537,3.638993978500366,2.4987120628356934,0.004977603908628225,0.9719579219818115,0.007952297106385231,14.335699081420898,14.320609092712402,14.346692085266113,0.4239625036716461,0.4335467219352722,2.4878652095794678,0,2520.561767578125,0.03131154552102089,1.4835808277130127
1787296676773,658,4,2,1,2521.145263671875,163.4476318359375,970.5929565429688,3.6965713500976562,1.1715528964996338,3.6231119632720947,0.2734760344028473,-3.404139518737793,3.4527387619018555,2.5005240440368652,0.004165194928646088,0.9686111211776733,0.006012394092977047,14.33736801147461,14.329689025878906,14.351679801940918,0.42419788241386414,0.44145262241363525,2.490070104598999,0,2529.545166015625,0.031586356461048126,1.31691575050354
1787296676793,659,4,2,1,2533.941162109375,522.1685180664062,882.4297485351562,3.3622255325317383,1.2756295204162598,3.391653060913086,0.21772648394107819,-3.301332473754883,3.665588855743408,2.5002570152282715,0.004543646704405546,0.9693862795829773,0.00696960324421525,14.336699485778809,14.32696533203125,14.34703540802002,0.4268438220024109,0.44565314054489136,2.4878652095794678,0,2538.51611328125,0.03188490867614746,1.208186388015747
1787296676813,660,4,2,1,2545.856689453125,871.4717407226562,868.5443725585938,3.5549869537353516,1.424607515335083,3.5506577491760254,-0.157001793384552,-3.4061989784240723,4.660192012786865,2.499565601348877,0.003750232281163335,0.9708144068717957,0.005861353594809771,14.338468551635742,14.325302124023438,14.34712028503418,0.4298926591873169,0.4492816627025604,2.492276430130005,0,2547.499755859375,0.032193463295698166,1.293566346168518
1787296676833,661,4,2,1,2553.6787109375,897.7240600585938,922.4981689453125,4.149049758911133,1.3817325830459595,4.156001091003418,-0.3115953505039215,-3.4052040576934814,4.335265636444092,2.5003244876861572,0.004467895720154047,0.9710432887077332,0.006692453287541866,14.337709426879883,14.32911491394043,14.343118667602539,0.43318915367126465,0.4456712007522583,2.4878652095794678,0,2556.470458984375,0.03250250965356827,1.5198825597763062
1787296676853,662,4,2,1,2559.08447265625,651.6240844726562,1012.4287719726562,4.707970142364502,1.235149621963501,4.747306823730469,-0.3060355484485626,-2.814067840576172,3.2512643337249756,2.499450206756592,0.0039360662922263145,0.9717294573783875,0.006276797968894243,14.336313247680664,14.32909870147705,14.346061706542969,0.43566176295280457,0.4499173164367676,2.4878652095794678,0,2565.4541015625,0.03279867768287659,1.7337719202041626
1787296676873,663,4,2,1,2564.789306640625,279.71197509765625,941.9689331054688,4.8380513191223145,1.4424420595169067,4.75219202041626,0.16650420427322388,-3.3954250812530518,3.0697903633117676,2.499695301055908,0.004960048943758011,0.9716740846633911,0.007652525790035725,14.335604667663574,14.32977294921875,14.343839645385742,0.4354282319545746,0.45116326212882996,2.4878652095794678,0,2574.425048828125,0.033066775649785995,1.7780050039291382
1787296676893,664,4,2,1,2571.05810546875,-88.0364761352539,859.4844360351562,4.234783172607422,1.277949333190918,4.538811683654785,0.5835108160972595,-3.4090726375579834,4.119645595550537,2.4982383251190186,0.005161252338439226,0.9722727537155151,0.007619015872478485,14.33750057220459,14.329811096191406,14.347691535949707,0.4359036087989807,0.45006445050239563,2.4878652095794678,0,2583.40966796875,0.033320244401693344,1.5382616519927979
1787296676914,665,4,2,1,2582.5283203125,31.804264068603516,879.938232421875,3.6732723712921143,1.1885766983032227,3.9986212253570557,0.05719563737511635,-3.6114144325256348,3.133864641189575,2.5002293586730957,0.004875441547483206,0.9702028632164001,0.00801584217697382,14.3385009765625,14.326786041259766,14.346362113952637,0.43602654337882996,0.4495011866092682,2.492276430130005,0,2592.4296875,0.033582206815481186,1.3610975742340088
1787296676934,666,4,2,1,2594.58740234375,272.4512023925781,937.0889892578125,3.455512762069702,1.2312535047531128,3.5637712478637695,-0.11031641811132431,-3.5401194095611572,4.474542140960693,2.500932216644287,0.002708897227421403,0.9697834253311157,0.004243981558829546,14.336241722106934,14.330273628234863,14.343792915344238,0.4370987117290497,0.45688292384147644,2.4944825172424316,0,2601.451416015625,0.03385929390788078,1.2796157598495483
1787296676954,667,4,2,1,2607.2734375,609.90869140625,956.9703979492188,3.4541852474212646,1.3256237506866455,3.3116910457611084,0.0417860746383667,-3.3172075748443604,4.43516731262207,2.50113844871521,0.0032271340023726225,0.9691801071166992,0.005570837762206793,14.336201667785645,14.32209300994873,14.345499038696289,0.4375874996185303,0.45860615372657776,2.490070104598999,0,2610.421630859375,0.03413970023393631,1.277186632156372
1787296676974,668,4,2,1,2616.8662109375,813.728759765625,956.5501708984375,3.857029676437378,1.362668752670288,3.8543670177459717,-0.14115864038467407,-3.219158172607422,3.4581687450408936,2.4999771118164062,0.0036043059080839157,0.970277726650238,0.005535215139389038,14.334756851196289,14.325614929199219,14.344517707824707,0.44210711121559143,0.45764681696891785,2.4878652095794678,0,2619.4052734375,0.03444509953260422,1.4422459602355957
1787296676994,669,4,2,1,2626.44384765625,944.1640014648438,934.67626953125,4.128942489624023,1.2325363159179688,4.152602195739746,-0.4142736494541168,-3.5128612518310547,4.5617146492004395,2.499393939971924,0.005558922421187162,0.9736379384994507,0.007737651001662016,14.3357572555542,14.329808235168457,14.342655181884766,0.44517990946769714,0.46145039796829224,2.4878652095794678,0,2628.376220703125,0.034739818423986435,1.553544282913208
1787296677014,670,4,2,1,2632.826904296875,748.6976928710938,985.4976806640625,4.7454752922058105,1.100466251373291,4.531004428863525,-0.026495469734072685,-3.218958616256714,3.850109338760376,2.498866319656372,0.005258859135210514,0.9726320505142212,0.008766889572143555,14.333728790283203,14.323050498962402,14.343306541442871,0.445808470249176,0.46234503388404846,2.485659122467041,0,2637.35888671875,0.0350152924656868,1.7880349159240723
1787296677034,671,4,2,1,2639.080322265625,528.82763671875,1089.0745849609375,4.807308197021484,1.3088898658752441,4.882994651794434,0.009612765163183212,-3.703446626663208,4.651756286621094,2.4983794689178467,0.004109381232410669,0.9736884832382202,0.00700445007532835,14.334105491638184,14.323232650756836,14.343459129333496,0.44846174120903015,0.4651768207550049,2.4900715351104736,0,2646.329345703125,0.03528780862689018,1.8239257335662842
1787296677055,672,4,2,1,2645.386474609375,199.1014862060547,974.5528564453125,4.681835174560547,1.3842097520828247,4.743405818939209,-0.0747828260064125,-3.123223066329956,3.454087734222412,2.4986143112182617,0.006019689608365297,0.9742162823677063,0.00894310511648655,14.332210540771484,14.325803756713867,14.339922904968262,0.4488987922668457,0.4630190134048462,2.4856603145599365,0,2655.312744140625,0.03554259613156319,1.7770957946777344
1787296677074,673,4,2,1,2652.431640625,-108.11721801757812,921.5054321289062,4.18963623046875,1.3572293519973755,4.3261613845825195,0.4998568296432495,-3.4102096557617188,3.9821531772613525,2.500563621520996,0.0048444150015711784,0.9692686796188354,0.00705691846087575,14.335271835327148,14.327162742614746,14.346102714538574,0.4482097029685974,0.4619719684123993,2.492276430130005,0,2664.283447265625,0.0357845239341259,1.5676082372665405
1787296677094,674,4,2,1,2663.708984375,65.9692611694336,864.9959106445312,3.9308342933654785,1.1657977104187012,4.057157516479492,0.03840656578540802,-3.2897684574127197,3.318356990814209,2.500316619873047,0.00444786949083209,0.9708014130592346,0.007391698658466339,14.332688331604004,14.32433795928955,14.340944290161133,0.4490513205528259,0.4655506908893585,2.485659122467041,0,2673.267333984375,0.03604753687977791,1.4922806024551392
1787296677114,675,4,2,1,2675.38037109375,259.2969055175781,923.7193603515625,3.80104398727417,1.2742193937301636,3.70446515083313,0.18372437357902527,-3.583256483078003,4.113494873046875,2.5002667903900146,0.003818424651399255,0.9701821804046631,0.005919298157095909,14.332714080810547,14.325248718261719,14.342207908630371,0.44938990473747253,0.46955999732017517,2.4878652095794678,0,2682.237548828125,0.036309849470853806,1.439939260482788
1787296677135,676,4,2,1,2685.73779296875,356.5147399902344,1045.440185546875,3.430666923522949,1.209169864654541,3.474161148071289,0.014416874386370182,-3.43259334564209,4.486958026885986,2.5003151893615723,0.004547464661300182,0.9716706275939941,0.006869388744235039,14.332863807678223,14.320697784423828,14.343607902526855,0.45119068026542664,0.47174808382987976,2.4878652095794678,0,2691.220947265625,0.03657090291380882,1.308721899986267
1787296677155,677,4,2,1,2697.279296875,658.9819946289062,944.0162353515625,3.7552924156188965,1.15674889087677,3.601783037185669,-0.14091888070106506,-3.3983144760131836,4.344482898712158,2.501102924346924,0.003978979308158159,0.9704458713531494,0.005886945407837629,14.331154823303223,14.322739601135254,14.343509674072266,0.453164279460907,0.4727000892162323,2.4878652095794678,0,2700.192138671875,0.0368482880294323,1.440412998199463
1787296677175,678,4,2,1,2707.428466796875,849.3409423828125,988.5641479492188,3.8676490783691406,1.371496319770813,3.8534579277038574,-0.1863279789686203,-3.7193548679351807,4.620663642883301,2.499035358428955,0.004194092005491257,0.9724043011665344,0.0064912354573607445,14.331018447875977,14.323626518249512,14.339794158935547,0.4565786123275757,0.4752606153488159,2.4878652095794678,0,2709.17431640625,0.03713430464267731,1.4939645528793335
1787296677195,679,4,2,1,2716.101806640625,869.1659545898438,838.0548095703125,4.273098468780518,1.1561895608901978,4.099807262420654,-0.21515674889087677,-3.7343497276306152,4.257594585418701,2.500115394592285,0.004541056230664253,0.9728295803070068,0.006616076920181513,14.330819129943848,14.319168090820312,14.339818954467773,0.4581810235977173,0.4756975471973419,2.4878652095794678,0,2718.1455078125,0.037405092269182205,1.6565064191818237
1787296677215,680,4,2,1,2723.128173828125,745.3679809570312,898.869384765625,4.395683765411377,1.367333173751831,4.447987079620361,-0.10074587166309357,-3.191030740737915,3.6056342124938965,2.4993643760681152,0.005021107383072376,0.9717524647712708,0.007507767528295517,14.329893112182617,14.317266464233398,14.340123176574707,0.4610733091831207,0.4746699929237366,2.4878652095794678,0,2727.13134765625,0.03767716512084007,1.7136163711547852
1787296677235,681,4,2,1,2731.364501953125,719.2133178710938,1022.847412109375,4.930996417999268,1.1340336799621582,4.732187747955322,-0.10297166556119919,-3.8392341136932373,4.723353385925293,2.4998998641967773,0.004327927716076374,0.9723243117332458,0.006753064692020416,14.329126358032227,14.323833465576172,14.338398933410645,0.4622837007045746,0.4780990481376648,2.4878652095794678,0,2736.099365234375,0.037944916635751724,1.9320456981658936
1787296677255,682,4,2,1,2737.9443359375,468.2442321777344,986.8685302734375,4.672663688659668,1.2604529857635498,4.772194862365723,-0.047907013446092606,-3.4240596294403076,4.609508991241455,2.499796152114868,0.004799291025847197,0.9728244543075562,0.007016499526798725,14.329236030578613,14.322442054748535,14.338278770446777,0.46449631452560425,0.4810439348220825,2.490070104598999,0,2745.0830078125,0.038197074085474014,1.835022211074829
1787296677275,683,4,2,1,2745.69482421875,350.0722961425781,909.93115234375,4.9378557205200195,1.3089606761932373,4.91200065612793,0.25730761885643005,-3.792062282562256,4.318216800689697,2.4990720748901367,0.005046073347330093,0.9729695320129395,0.00832653883844614,14.329549789428711,14.323684692382812,14.341631889343262,0.46511930227279663,0.47864559292793274,2.4856603145599365,0,2754.0546875,0.038455791771411896,1.9357495307922363
1787296677296,684,4,2,1,2753.89501953125,216.06324768066406,902.0753784179688,4.670848369598389,1.260172724723816,4.698479175567627,-0.13308286666870117,-4.203132629394531,4.060724258422852,2.4997544288635254,0.004703805781900883,0.9727907180786133,0.006916239857673645,14.330519676208496,14.321578025817871,14.34344482421875,0.4663805663585663,0.4790727496147156,2.4900715351104736,0,2763.07568359375,0.038704778999090195,1.8464066982269287
1787296677316,685,4,2,1,2761.12060546875,-28.122608184814453,1042.540771484375,4.231222152709961,1.2186378240585327,4.710649490356445,0.287438303232193,-3.4079596996307373,4.587583541870117,2.497832775115967,0.005278670694679022,0.9730321168899536,0.0070965951308608055,14.330948829650879,14.320289611816406,14.339631080627441,0.46771302819252014,0.48570895195007324,2.4878652095794678,0,2772.09765625,0.03893664479255676,1.6596119403839111
1787296677336,686,4,2,1,2770.369140625,-47.308650970458984,1010.0247192382812,4.3932881355285645,1.381230115890503,4.422972679138184,0.34024038910865784,-3.6504154205322266,4.5118489265441895,2.49815034866333,0.005445550195872784,0.9736617803573608,0.008470120839774609,14.326125144958496,14.317521095275879,14.337929725646973,0.46678245067596436,0.4763948619365692,2.485659122467041,0,2781.1201171875,0.03918701410293579,1.721924066543579
1787296677356,687,4,2,1,2781.646728515625,121.51705169677734,890.6680908203125,3.9546501636505127,1.2811967134475708,4.164685249328613,-0.04193029925227165,-4.148171901702881,4.074482440948486,2.4999537467956543,0.005623373668640852,0.9728241562843323,0.008731512352824211,14.327557563781738,14.321334838867188,14.335004806518555,0.4686695635318756,0.4843948185443878,2.4878652095794678,0,2790.140869140625,0.039433322846889496,1.5688329935073853
1787296677376,688,4,2,1,2790.43896484375,74.45073699951172,959.1737060546875,3.9136998653411865,1.1901122331619263,4.010973930358887,0.29769980907440186,-3.869748830795288,4.459170341491699,2.500521421432495,0.004121097270399332,0.9699313044548035,0.005842498503625393,14.327901840209961,14.320676803588867,14.336813926696777,0.46915701031684875,0.48601922392845154,2.490070104598999,0,2799.161865234375,0.039681363850831985,1.544402003288269
1787296677396,689,4,2,1,2801.233642578125,215.73329162597656,947.924072265625,3.839040517807007,1.3272168636322021,3.8137800693511963,0.24185922741889954,-3.558568000793457,3.683199167251587,2.5011396408081055,0.003856302471831441,0.9692392349243164,0.005852933041751385,14.328216552734375,14.321377754211426,14.33893871307373,0.4699278473854065,0.4850524365901947,2.492276430130005,0,2808.1455078125,0.03992735594511032,1.5172990560531616
1787296677417,690,4,2,1,2811.044189453125,283.4626770019531,999.9630126953125,3.7062907218933105,1.2611521482467651,3.726658344268799,-0.12243037670850754,-3.5130813121795654,3.8555850982666016,2.5011422634124756,0.003717665560543537,0.9700320363044739,0.006532640196382999,14.329111099243164,14.321268081665039,14.340559005737305,0.47193434834480286,0.48832204937934875,2.4878652095794678,0,2817.115966796875,0.04017644003033638,1.482685923576355
1787296677437,691,4,2,1,2820.639404296875,342.7681579589844,1062.537353515625,3.61867618560791,1.249990701675415,3.653972864151001,-0.09326901286840439,-3.3573060035705566,3.7648348808288574,2.501133680343628,0.005134800914674997,0.9694823026657104,0.008239135146141052,14.328730583190918,14.31737995147705,14.340550422668457,0.4733491539955139,0.4899585545063019,2.481247901916504,0,2826.10107421875,0.04043025150895119,1.450170636177063
1787296677457,692,4,2,1,2831.875244140625,579.241455078125,939.3006591796875,3.7160847187042236,1.248957633972168,3.676098346710205,0.09372780472040176,-3.288982391357422,3.6091742515563965,2.500908851623535,0.003979426342993975,0.9699960350990295,0.006480677053332329,14.328548431396484,14.318949699401855,14.337004661560059,0.4751392900943756,0.4911333918571472,2.490070104598999,0,2835.0693359375,0.04068707302212715,1.4903326034545898
1787296677477,693,4,2,1,2841.4921875,653.543212890625,928.0272216796875,3.897733211517334,1.1933683156967163,3.725513219833374,-0.015312397852540016,-3.6711132526397705,3.9056522846221924,2.500520944595337,0.005915815010666847,0.9718243479728699,0.009281794540584087,14.326674461364746,14.315011024475098,14.337387084960938,0.4766991138458252,0.4908343553543091,2.4878652095794678,0,2844.052734375,0.040937941521406174,1.572320818901062
1787296677497,694,4,2,1,2851.70654296875,793.5135498046875,854.0328369140625,3.896411657333374,1.297837495803833,3.7745962142944336,-0.3922528624534607,-3.9359958171844482,4.427989959716797,2.4997899532318115,0.005613160319626331,0.9732641577720642,0.008598621934652328,14.326164245605469,14.318092346191406,14.33702564239502,0.4788780212402344,0.49627453088760376,2.4878652095794678,0,2853.023193359375,0.041190750896930695,1.5804738998413086
1787296677517,695,4,2,1,2860.795166015625,824.1044311523438,893.334228515625,3.900329113006592,1.3195521831512451,3.836226463317871,-0.31689125299453735,-3.4176883697509766,4.782040596008301,2.4993667602539062,0.0049146199598908424,0.9725560545921326,0.008188500069081783,14.329991340637207,14.319421768188477,14.343904495239258,0.480978786945343,0.49559810757637024,2.4856603145599365,0,2862.0068359375,0.041438132524490356,1.5899966955184937
1787296677537,696,4,2,1,2869.543701171875,824.3907470703125,1009.2403564453125,4.031735420227051,1.3556478023529053,3.995678186416626,-0.12357578426599503,-3.2965221405029297,4.055348873138428,2.499807119369507,0.004756043665111065,0.9715548157691956,0.00747551629319787,14.326837539672852,14.317014694213867,14.333483695983887,0.482947438955307,0.49772343039512634,2.485659122467041,0,2871.030517578125,0.0416865199804306,1.6481256484985352
1787296677558,697,4,2,1,2877.8994140625,776.6976318359375,816.0405883789062,4.167038440704346,1.2374646663665771,4.088896751403809,0.06556865572929382,-4.126168251037598,4.6546807289123535,2.500932216644287,0.004761701449751854,0.9698018431663513,0.007385639473795891,14.325634956359863,14.314004898071289,14.334495544433594,0.48421695828437805,0.5000825524330139,2.4878652095794678,0,2879.99951171875,0.04193020239472389,1.7024006843566895
1787296677577,698,4,2,1,2886.61328125,761.1669921875,1074.0113525390625,4.2925124168396,1.2152118682861328,4.134373188018799,-0.09417921304702759,-3.4887642860412598,4.725160121917725,2.5003228187561035,0.005410423967987299,0.9711560606956482,0.008881696499884129,14.324070930480957,14.30868911743164,14.331616401672363,0.4856313467025757,0.501345157623291,2.4856603145599365,0,2888.983154296875,0.04217071086168289,1.7615995407104492
1787296677598,699,4,2,1,2895.90283203125,833.3446044921875,851.580322265625,4.486301898956299,1.144399642944336,4.319651126861572,-0.19737860560417175,-3.9962596893310547,4.343961238861084,2.501772880554199,0.005543674807995558,0.9709656238555908,0.007630594074726105,14.324553489685059,14.311119079589844,14.334781646728516,0.487300843000412,0.5026049017906189,2.4878652095794678,0,2897.95361328125,0.04241908714175224,1.8497729301452637
1787296677618,700,4,2,1,2905.817138671875,933.4096069335938,988.8173828125,4.523011207580566,1.2392200231552124,4.368284225463867,-0.5090383887290955,-3.4243953227996826,4.69694185256958,2.4999637603759766,0.004652923904359341,0.9720057249069214,0.007587980479001999,14.323680877685547,14.314257621765137,14.332374572753906,0.48949134349823,0.5058234333992004,2.4878652095794678,0,2906.937255859375,0.04266296699643135,1.87897789478302
1787296677638,701,4,2,1,2914.031494140625,863.8923950195312,980.3104858398438,4.489130973815918,1.2019352912902832,4.461243152618408,-0.4310362935066223,-3.8284921646118164,5.070554256439209,2.5003364086151123,0.0037870677188038826,0.9717622995376587,0.005815513897687197,14.32595443725586,14.317148208618164,14.33939266204834,0.49162936210632324,0.5069594383239746,2.490070104598999,0,2915.90869140625,0.0428994745016098,1.8674203157424927
1787296677658,702,4,2,1,2922.742431640625,829.5490112304688,877.335205078125,4.4566826820373535,1.2094438076019287,4.439706325531006,-0.32279860973358154,-3.8421051502227783,3.8023693561553955,2.500335693359375,0.005175433587282896,0.9722223877906799,0.007761734537780285,14.322775840759277,14.310562133789062,14.33182430267334,0.4930327832698822,0.5055094361305237,2.4878652095794678,0,2924.8916015625,0.04313471168279648,1.85713529586792
1787296677678,703,4,2,1,2931.089111328125,762.093017578125,845.678466796875,4.4800190925598145,1.3239552974700928,4.48179292678833,-0.21727770566940308,-3.6149871349334717,4.1037750244140625,2.498790740966797,0.005118671804666519,0.973042905330658,0.0077311503700912,14.325335502624512,14.319029808044434,14.334795951843262,0.4943966865539551,0.5083193778991699,2.4878652095794678,0,2933.8623046875,0.043362487107515335,1.8727551698684692
1787296677698,704,4,2,1,2940.28369140625,798.302734375,971.213623046875,4.546834468841553,1.3060264587402344,4.513370513916016,-0.25448110699653625,-3.5949599742889404,4.760627746582031,2.500427484512329,0.005047081038355827,0.9720575213432312,0.0075620911084115505,14.323315620422363,14.31046199798584,14.334598541259766,0.49596089124679565,0.5108860731124878,2.490070104598999,0,2942.845947265625,0.04359928518533707,1.911584496498108
1787296677718,705,4,2,1,2948.494140625,725.643798828125,987.607666015625,4.628086090087891,1.2312027215957642,4.582889556884766,-0.17251820862293243,-3.47387433052063,5.028038024902344,2.500643491744995,0.004055085591971874,0.9718074202537537,0.005882300436496735,14.321105003356934,14.304780960083008,14.333171844482422,0.49745577573776245,0.5131037831306458,2.490070104598999,0,2951.817138671875,0.04382682964205742,1.9494704008102417
1787296677739,706,4,2,1,2957.93017578125,765.7100830078125,979.4772338867188,4.5294413566589355,1.2507351636886597,4.541037559509277,-0.19825983047485352,-3.842357873916626,5.0625739097595215,2.5004658699035645,0.005011332221329212,0.9720368981361389,0.00743851438164711,14.322803497314453,14.316546440124512,14.332158088684082,0.49910223484039307,0.5150537490844727,2.4812490940093994,0,2960.800537109375,0.04405810683965683,1.9127963781356812
1787296677758,707,4,2,1,2966.444580078125,727.1197509765625,996.4439086914062,4.575927257537842,1.3036112785339355,4.620375633239746,-0.19324111938476562,-3.6411054134368896,4.937280654907227,2.5000810623168945,0.004488082602620125,0.9711101651191711,0.006915464997291565,14.321873664855957,14.313754081726074,14.330184936523438,0.5005567073822021,0.5167503356933594,2.4900715351104736,0,2969.77099609375,0.04428564012050629,1.9391496181488037
1787296677779,708,4,2,1,2975.951904296875,772.121337890625,992.28466796875,4.552531719207764,1.2538340091705322,4.563652038574219,-0.19467423856258392,-3.7077934741973877,5.325690746307373,2.4994218349456787,0.0038201874122023582,0.9729673862457275,0.006141383666545153,14.322012901306152,14.31123161315918,14.330987930297852,0.5020243525505066,0.5176602602005005,2.4878652095794678,0,2978.75390625,0.044516902416944504,1.9346343278884888
1787296677799,709,4,2,1,2985.33837890625,785.1648559570312,973.9838256835938,4.478682518005371,1.2319978475570679,4.501698017120361,-0.3074042797088623,-3.8118603229522705,4.846930503845215,2.4993979930877686,0.004143834579735994,0.9730151295661926,0.006634946912527084,14.321310997009277,14.312406539916992,14.327248573303223,0.5033843517303467,0.518471896648407,2.4878652095794678,0,2987.724853515625,0.044738974422216415,1.9091520309448242
1787296677819,710,4,2,1,2994.549560546875,814.773193359375,923.7388916015625,4.53528356552124,1.2233699560165405,4.529638767242432,-0.33812540769577026,-4.040102958679199,4.129822254180908,2.500673532485962,0.0047768824733793736,0.9717486500740051,0.00722646526992321,14.32225227355957,14.3109130859375,14.332744598388672,0.5047261714935303,0.5176515579223633,2.4878652095794678,0,2996.70849609375,0.04496583715081215,1.9355559349060059
1787296677839,711,4,2,1,3004.75390625,925.2387084960938,928.850341796875,4.515262126922607,1.2287733554840088,4.475712776184082,-0.4861046075820923,-4.037846565246582,4.195032119750977,2.499424695968628,0.0048401569947600365,0.9742652773857117,0.006611822172999382,14.32282543182373,14.306352615356445,14.331275939941406,0.505989134311676,0.5193352103233337,2.4878652095794678,0,3005.6796875,0.04519115388393402,1.930159091949463
1787296677859,712,4,2,1,3013.8212890625,915.35498046875,998.1500244140625,4.525763988494873,1.1958320140838623,4.4150071144104,-0.4004022479057312,-3.7381432056427,5.3756279945373535,2.500558853149414,0.00536686833947897,0.9727072715759277,0.0073487297631800175,14.320931434631348,14.303065299987793,14.327253341674805,0.507102370262146,0.5240359306335449,2.4878652095794678,0,3014.66357421875,0.04540673643350601,1.941058874130249
1787296677879,713,4,2,1,3021.876953125,802.9728393554688,887.7025756835938,4.514768123626709,1.1739988327026367,4.3516082763671875,-0.22821474075317383,-4.22465181350708,4.254449844360352,2.5016469955444336,0.005075868684798479,0.970582902431488,0.007404712960124016,14.32181453704834,14.312308311462402,14.327256202697754,0.507779598236084,0.5229591131210327,2.4878652095794678,0,3023.63427734375,0.04562561959028244,1.9425333738327026
1787296677899,714,4,2,1,3030.2919921875,737.1791381835938,989.8987426757812,4.384913444519043,1.1857019662857056,4.284048557281494,-0.12016494572162628,-4.192762851715088,4.758365631103516,2.5007731914520264,0.00490223104134202,0.9712747931480408,0.007590665481984615,14.321464538574219,14.314127922058105,14.332454681396484,0.5092030167579651,0.5248166918754578,2.4878652095794678,0,3032.6171875,0.04584822803735733,1.8861461877822876
1787296677919,715,4,2,1,3039.74365234375,765.5899658203125,849.9244995117188,4.286167144775391,1.267171025276184,4.249240398406982,0.03769221901893616,-4.088655471801758,5.046221733093262,2.500429391860962,0.004100525286048651,0.9712974429130554,0.006815582979470491,14.320755958557129,14.312191009521484,14.326807022094727,0.5106866955757141,0.5273088216781616,2.4878652095794678,0,3041.587646484375,0.046069882810115814,1.8495334386825562
1787296677940,716,4,2,1,3049.46240234375,819.4841918945312,968.2242431640625,4.104670524597168,1.3965128660202026,4.157815933227539,-0.22193238139152527,-4.014068603515625,4.152541160583496,2.4995017051696777,0.006542249117046595,0.9708212614059448,0.009066913276910782,14.320417404174805,14.307500839233398,14.335227012634277,0.5122748613357544,0.5285944938659668,2.4878652095794678,0,3050.571044921875,0.04628889262676239,1.7766950130462646
1787296677960,717,4,2,1,3058.771240234375,822.2825927734375,801.787353515625,4.094664096832275,1.2159976959228516,4.079316139221191,-0.34261083602905273,-4.214786052703857,4.427951335906982,2.4996273517608643,0.0045262230560183525,0.97297602891922,0.007427893579006195,14.319206237792969,14.30932331085205,14.327610969543457,0.5134062170982361,0.5280391573905945,2.492276430130005,0,3059.54150390625,0.04650472477078438,1.7780530452728271
1787296677980,718,4,2,1,3067.09619140625,740.842529296875,938.4894409179688,4.101419925689697,1.2148723602294922,4.027365207672119,-0.3769476115703583,-3.841207504272461,5.4017157554626465,2.500680685043335,0.004766215104609728,0.9722673892974854,0.006759436335414648,14.319527626037598,14.306251525878906,14.332789421081543,0.5143550634384155,0.5336823463439941,2.4878652095794678,0,3068.5263671875,0.04671971872448921,1.7852803468704224
1787296678000,719,4,2,1,3075.467041015625,643.2816772460938,971.6522216796875,4.021541595458984,1.226652979850769,3.901423215866089,0.021453237161040306,-4.282767295837402,4.453145503997803,2.5003502368927,0.0036128421779721975,0.9721230864524841,0.006022662855684757,14.318455696105957,14.307581901550293,14.325654029846191,0.5149155259132385,0.5313088893890381,2.4856603145599365,0,3077.49462890625,0.04693334549665451,1.7480247020721436
1787296678020,720,4,2,1,3083.800537109375,558.6355590820312,905.3092041015625,3.832157611846924,1.2363775968551636,3.866670846939087,0.18524989485740662,-4.101478099822998,4.381133556365967,2.4997670650482178,0.005543613340705633,0.9711222648620605,0.007727266754955053,14.320086479187012,14.306957244873047,14.32795238494873,0.516343891620636,0.5305971503257751,2.4878652095794678,0,3086.47802734375,0.04714386537671089,1.6659215688705444
1787296678040,721,4,2,1,3090.54443359375,324.8646240234375,1021.85888671875,3.8422305583953857,1.164399266242981,3.9148409366607666,-0.04735114052891731,-4.030766487121582,4.5119781494140625,2.5014138221740723,0.005017738789319992,0.9706811308860779,0.008295342326164246,14.319538116455078,14.309863090515137,14.328987121582031,0.5176489949226379,0.5313050150871277,2.490070104598999,0,3095.448974609375,0.04735787585377693,1.6816051006317139
1787296678060,722,4,2,1,3099.218017578125,325.98602294921875,869.8969116210938,4.064544677734375,1.13251793384552,4.068089485168457,-0.14377836883068085,-4.149778842926025,5.261491775512695,2.5015294551849365,0.005155792459845543,0.9711347818374634,0.007614404894411564,14.319364547729492,14.310323715209961,14.32970905303955,0.5190523862838745,0.5365403890609741,2.490070104598999,0,3104.4697265625,0.04758128896355629,1.789153814315796
1787296678080,723,4,2,1,3107.091064453125,215.3845977783203,895.7017822265625,4.137668132781982,1.2091909646987915,4.121106147766113,0.28759413957595825,-4.109724044799805,5.2146525382995605,2.500187397003174,0.005491933319717646,0.9704258441925049,0.007457125466316938,14.318476676940918,14.306437492370605,14.323589324951172,0.5201943516731262,0.5397096872329712,2.4878652095794678,0,3113.454345703125,0.04780026897788048,1.8111430406570435
1787296678100,724,4,2,1,3115.07275390625,117.7700424194336,901.478759765625,4.049498558044434,1.0578874349594116,4.202911376953125,0.15774063766002655,-4.234386444091797,5.051929950714111,2.499723434448242,0.0036634455900639296,0.9721382856369019,0.005443876143544912,14.31787109375,14.307259559631348,14.327227592468262,0.5222048759460449,0.5413214564323425,2.4878652095794678,0,3122.42236328125,0.048012666404247284,1.7861744165420532
1787296678120,725,4,2,1,3124.012939453125,167.98843383789062,876.197509765625,4.421755790710449,1.1670325994491577,4.498447418212891,-0.029149483889341354,-4.071313858032227,5.04793643951416,2.500192642211914,0.005618460942059755,0.9731636047363281,0.008616430684924126,14.318511962890625,14.307449340820312,14.326240539550781,0.5242645740509033,0.5356775522232056,2.4834542274475098,0,3131.40625,0.04823317006230354,1.9660301208496094
1787296678141,726,4,2,1,3130.580078125,-43.8004035949707,936.7791137695312,4.528436183929443,1.1286946535110474,4.6994781494140625,0.47842201590538025,-3.7887284755706787,4.4906907081604,2.4989259243011475,0.004757693037390709,0.9726382493972778,0.006474744062870741,14.316791534423828,14.305346488952637,14.324470520019531,0.5265634655952454,0.540429413318634,2.490070104598999,0,3140.42822265625,0.048456694930791855,1.995670199394226
1787296678161,727,4,2,1,3141.130126953125,147.7050323486328,959.9326782226562,4.649408340454102,1.2248324155807495,4.831798553466797,0.029306631535291672,-4.202630996704102,4.249996662139893,2.4977214336395264,0.005138562526553869,0.9755204319953918,0.008106504566967487,14.316912651062012,14.307051658630371,14.324241638183594,0.5290590524673462,0.5402136445045471,2.485659122467041,0,3149.451904296875,0.048675451427698135,2.0771350860595703
1787296678181,728,4,2,1,3150.860595703125,263.2893371582031,928.2762451171875,5.0524749755859375,1.3911408185958862,4.981174468994141,0.23251095414161682,-4.192368507385254,4.4266180992126465,2.498934030532837,0.0053967381827533245,0.9750085473060608,0.00832558423280716,14.316390991210938,14.307836532592773,14.325166702270508,0.5305137038230896,0.5465900301933289,2.4878652095794678,0,3158.4208984375,0.048890937119722366,2.2614431381225586
1787296678201,729,4,2,1,3161.9775390625,498.5556335449219,1069.034423828125,4.94864559173584,1.188424825668335,4.972293376922607,-0.10228464007377625,-4.255035877227783,5.188586235046387,2.4985148906707764,0.005786902736872435,0.9753558039665222,0.009187796153128147,14.31700611114502,14.30770206451416,14.326684951782227,0.5328329205513,0.544988214969635,2.485659122467041,0,3167.404541015625,0.049108535051345825,2.2390315532684326
1787296678221,730,4,2,1,3172.42041015625,633.6921997070312,1044.3079833984375,5.0473713874816895,1.099579930305481,4.9490437507629395,-0.33351272344589233,-4.175167083740234,4.230233669281006,2.499570608139038,0.005323846824467182,0.9744979739189148,0.007993784733116627,14.315156936645508,14.304216384887695,14.324773788452148,0.5341307520866394,0.5441247224807739,2.4878652095794678,0,3176.42578125,0.04931899532675743,2.2876250743865967
1787296678241,731,4,2,1,3181.954833984375,661.4132080078125,943.0780029296875,4.768828392028809,1.2963054180145264,4.797943592071533,0.20643992722034454,-4.3365349769592285,4.930397987365723,2.4989922046661377,0.004337796475738287,0.9737845659255981,0.006912963464856148,14.314642906188965,14.300189018249512,14.323486328125,0.5355943441390991,0.5521075129508972,2.4834542274475098,0,3185.39697265625,0.049521833658218384,2.153286933898926
1787296678261,732,4,2,1,3193.3037109375,872.6859741210938,987.24072265625,4.648339748382568,1.1167044639587402,4.636484146118164,-0.5789713263511658,-4.194981098175049,5.288669586181641,2.500370740890503,0.004561159759759903,0.9731681942939758,0.006898962426930666,14.315800666809082,14.302007675170898,14.323677062988281,0.5370224714279175,0.5520963668823242,2.490070104598999,0,3194.379150390625,0.04973122477531433,2.1140825748443604
1787296678281,733,4,2,1,3201.83642578125,738.6926879882812,814.0934448242188,4.4044718742370605,1.1994596719741821,4.319565296173096,0.06131739169359207,-4.352177619934082,4.195000171661377,2.499217987060547,0.003920508548617363,0.9724351763725281,0.004989589098840952,14.31579303741455,14.304269790649414,14.323648452758789,0.5368172526359558,0.5531291365623474,2.4878652095794678,0,3203.349853515625,0.04991879314184189,1.997689962387085
1787296678302,734,4,2,1,3210.7734375,715.9971923828125,965.2146606445312,4.288185119628906,1.1063569784164429,4.163116931915283,-0.5039311647415161,-3.75757098197937,4.681274890899658,2.4999163150787354,0.005178835708647966,0.9733332991600037,0.00796922855079174,14.31589126586914,14.305347442626953,14.325949668884277,0.5376418232917786,0.552696704864502,2.479041576385498,0,3212.33349609375,0.050116222351789474,1.9642002582550049
1787296678322,735,4,2,1,3219.245361328125,603.8709106445312,798.0889282226562,4.0334391593933105,1.2361458539962769,4.002222061157227,0.18713600933551788,-4.335654258728027,4.975165367126465,2.5001232624053955,0.005179287400096655,0.9720577597618103,0.008052959106862545,14.313300132751465,14.300272941589355,14.322554588317871,0.5387452840805054,0.5588498711585999,2.4878652095794678,0,3221.35498046875,0.05031585320830345,1.83391273021698
1787296678342,736,4,2,1,3225.447265625,304.8235168457031,910.64404296875,4.104184627532959,1.192670464515686,4.16680383682251,-0.06754572689533234,-4.231693267822266,3.938263416290283,2.5021815299987793,0.0044891019351780415,0.9713296294212341,0.005968591198325157,14.315313339233398,14.305188179016113,14.324851036071777,0.5397272109985352,0.552611768245697,2.490070104598999,0,3230.325927734375,0.05050801485776901,1.8739835023880005
1787296678362,737,4,2,1,3232.010498046875,104.41439056396484,1049.12890625,4.174304008483887,1.0730208158493042,4.325653076171875,0.2352338433265686,-3.458876371383667,5.173526763916016,2.4999544620513916,0.004783728159964085,0.9714397192001343,0.006111194379627705,14.313095092773438,14.302388191223145,14.322722434997559,0.5413383841514587,0.5569051504135132,2.4878652095794678,0,3239.347900390625,0.05071701481938362,1.9024237394332886
1787296678382,738,4,2,1,3240.30908203125,84.70660400390625,859.8568115234375,4.610974311828613,1.2559372186660767,4.551147937774658,0.2883499562740326,-4.445481300354004,5.527744293212891,2.5007317066192627,0.0053876726888120174,0.970331072807312,0.007689944002777338,14.312403678894043,14.299274444580078,14.321634292602539,0.5427069664001465,0.5616251826286316,2.490070104598999,0,3248.330078125,0.05093076080083847,2.1129343509674072
1787296678402,739,4,2,1,3249.394287109375,149.85658264160156,942.6156005859375,4.7242865562438965,1.1130112409591675,4.850888252258301,0.13080747425556183,-4.324104309082031,4.633029460906982,2.49839186668396,0.004749260377138853,0.9742830395698547,0.007056459318846464,14.313719749450684,14.297696113586426,14.322669982910156,0.5465021729469299,0.5613576769828796,2.4878652095794678,0,3257.30078125,0.05114147439599037,2.180380344390869
1787296678422,740,4,2,1,3259.7685546875,345.1806640625,1089.2471923828125,5.036322116851807,1.2251120805740356,5.050296783447266,0.17995092272758484,-3.735098361968994,5.503263473510742,2.49906849861145,0.005140731576830149,0.9736388325691223,0.008105129934847355,14.313749313354492,14.303108215332031,14.326132774353027,0.5487765073776245,0.5627177953720093,2.4878652095794678,0,3266.28466796875,0.05134933814406395,2.331343650817871
1787296678443,741,4,2,1,3271.15380859375,595.271484375,1137.206787109375,5.144538879394531,1.1054553985595703,5.050087928771973,-0.5081939101219177,-3.7371582984924316,5.343508243560791,2.4979727268218994,0.0070672896690666676,0.9777041077613831,0.0097575131803751,14.312649726867676,14.303915023803711,14.323369979858398,0.5500006079673767,0.5653851628303528,2.479041576385498,0,3275.25537109375,0.05154889449477196,2.40320086479187
1787296678463,742,4,2,1,3281.916015625,721.6236572265625,1003.2540893554688,4.743358135223389,1.1695228815078735,4.761773586273193,-0.36694860458374023,-3.5903687477111816,5.249368190765381,2.4990344047546387,0.004012536723166704,0.9736389517784119,0.0058478862047195435,14.312479019165039,14.300812721252441,14.323357582092285,0.5514004230499268,0.5659836530685425,2.490070104598999,0,3284.27734375,0.05174128711223602,2.2196178436279297
1787296678483,743,4,2,1,3291.4404296875,707.9035034179688,1110.0894775390625,4.531556129455566,1.1486012935638428,4.444815158843994,-0.23452037572860718,-3.8383657932281494,5.532359600067139,2.500645160675049,0.00436973012983799,0.9718769788742065,0.0071287089958786964,14.312302589416504,14.299773216247559,14.32265567779541,0.5515488386154175,0.5687013864517212,2.490070104598999,0,3293.260009765625,0.051922108978033066,2.1134774684906006
1787296678503,744,4,2,1,3300.70849609375,696.3900756835938,1021.6141357421875,4.332260608673096,1.1429890394210815,4.286794662475586,-0.5762643814086914,-3.3973591327667236,5.446511268615723,2.4999260902404785,0.005377760622650385,0.9741373658180237,0.00819437112659216,14.310701370239258,14.299872398376465,14.319872856140137,0.5524731874465942,0.5687481760978699,2.4878652095794678,0,3302.230712890625,0.05210874602198601,2.028155565261841
1787296678523,745,4,2,1,3307.2431640625,395.15032958984375,1132.6094970703125,4.036438465118408,1.1596254110336304,4.0940327644348145,-0.1687004119157791,-3.2618002891540527,5.502074241638184,2.500807762145996,0.004721350967884064,0.9713242650032043,0.00731438584625721,14.310465812683105,14.302154541015625,14.318159103393555,0.5531090497970581,0.569904625415802,2.4900715351104736,0,3311.214599609375,0.05229809507727623,1.887631893157959
1787296678543,746,4,2,1,3313.925537109375,180.38148498535156,939.767578125,4.357000350952148,1.0551365613937378,4.289997577667236,0.38025203347206116,-4.216655254364014,4.0225934982299805,2.500562906265259,0.005061351228505373,0.9701739549636841,0.006574103608727455,14.310726165771484,14.297115325927734,14.321202278137207,0.5537638068199158,0.568352222442627,2.4878652095794678,0,3320.185302734375,0.05249251425266266,2.029534339904785
1787296678563,747,4,2,1,3321.19873046875,63.94340133666992,801.8419189453125,4.6605658531188965,1.2232378721237183,4.587337017059326,0.4446609914302826,-4.507405757904053,3.595839262008667,2.4993534088134766,0.003663676092401147,0.9734581708908081,0.005647452548146248,14.30971622467041,14.297670364379883,14.320597648620605,0.5560991764068604,0.5704680681228638,2.4900715351104736,0,3329.20703125,0.05269850045442581,2.1834263801574707
1787296678583,748,4,2,1,3330.737060546875,211.4529266357422,1033.2308349609375,4.941514492034912,1.3108234405517578,5.020845890045166,-0.2704639136791229,-4.436546802520752,5.704249382019043,2.4974827766418457,0.004781437572091818,0.976376473903656,0.008105670101940632,14.310982704162598,14.302994728088379,14.32146167755127,0.5600221157073975,0.5750548839569092,2.4878652095794678,0,3338.2265625,0.05291161686182022,2.359020471572876
1787296678604,749,4,2,1,3342.23974609375,482.8218688964844,1128.177001953125,4.987090110778809,1.1548593044281006,5.037925720214844,-0.2654839754104614,-3.610076665878296,5.663306713104248,2.498213529586792,0.004158238414674997,0.9767504930496216,0.006220115348696709,14.309914588928223,14.298611640930176,14.32012939453125,0.5622408986091614,0.5752348899841309,2.492276430130005,0,3347.21044921875,0.05310898274183273,2.3760085105895996
1787296678624,750,4,2,1,3353.422119140625,675.6014404296875,914.162109375,4.91633939743042,1.254286527633667,4.8566412925720215,0.15235956013202667,-4.493645191192627,3.184567928314209,2.4996488094329834,0.004023444838821888,0.9732273817062378,0.006201927084475756,14.308816909790039,14.29625415802002,14.31782341003418,0.5629621744155884,0.5757441520690918,2.4878652095794678,0,3356.18017578125,0.053294867277145386,2.3422820568084717
1787296678644,751,4,2,1,3363.380859375,710.3892211914062,1058.12890625,4.64445161819458,1.210532307624817,4.529761791229248,-0.0846717432141304,-4.5893778800964355,5.591891765594482,2.499675750732422,0.003951691556721926,0.9735027551651001,0.006466792430728674,14.309770584106445,14.29910659790039,14.320536613464355,0.5633992552757263,0.5806704163551331,2.4878652095794678,0,3365.163818359375,0.05347660928964615,2.211704730987549
1787296678664,752,4,2,1,3372.722412109375,665.2151489257812,842.4664306640625,4.469756603240967,1.084670901298523,4.232989311218262,-0.16520176827907562,-4.221410751342773,5.078427791595459,2.5015885829925537,0.005954728927463293,0.9722700119018555,0.008641410619020462,14.309908866882324,14.300472259521484,14.319091796875,0.5631613731384277,0.5776349902153015,2.4878652095794678,0,3374.135009765625,0.05365263298153877,2.133441925048828
1787296678684,753,4,2,1,3378.568359375,324.1506652832031,1004.5096435546875,4.219238758087158,1.1687318086624146,4.223045825958252,-0.20006754994392395,-4.551225662231445,4.4861345291137695,2.5005152225494385,0.0042448267340660095,0.9732620120048523,0.006219568196684122,14.309174537658691,14.29497241973877,14.318920135498047,0.5647999048233032,0.5829693675041199,2.485659122467041,0,3383.117431640625,0.05383438244462013,2.019838333129883
1787296678704,754,4,2,1,3385.22412109375,134.11752319335938,871.510986328125,4.434495449066162,1.0827354192733765,4.501288414001465,-0.020252889022231102,-4.2656426429748535,5.3052167892456055,2.5002899169921875,0.004816523287445307,0.973304808139801,0.007500411476939917,14.310912132263184,14.2958402633667,14.323568344116211,0.5663452744483948,0.5809162259101868,2.4878652095794678,0,3392.087646484375,0.054026469588279724,2.1257131099700928
1787296678724,755,4,2,1,3393.60986328125,172.79554748535156,1055.0921630859375,4.745318412780762,1.0690752267837524,5.006819725036621,-0.0939822643995285,-4.213604927062988,5.728387832641602,2.4980525970458984,0.005869701970368624,0.9748986959457397,0.008429769426584244,14.309649467468262,14.295414924621582,14.32075309753418,0.570551872253418,0.5859413146972656,2.485659122467041,0,3401.0712890625,0.05423441901803017,2.2872536182403564
1787296678744,756,4,2,1,3405.498779296875,490.9815673828125,1077.55078125,4.8897199630737305,1.0685893297195435,4.983458518981934,-0.1383073925971985,-4.422682762145996,5.760423183441162,2.4979825019836426,0.004765533376485109,0.9759856462478638,0.0076691643334925175,14.308103561401367,14.285859107971191,14.318089485168457,0.572736382484436,0.5838577151298523,2.490070104598999,0,3410.09326171875,0.05442894250154495,2.3690879344940186
1787296678765,757,4,2,1,3416.865478515625,688.087158203125,897.0097045898438,4.756280899047852,1.2007814645767212,4.784917831420898,-0.059118058532476425,-4.6149516105651855,5.5389790534973145,2.49908447265625,0.004503275733441114,0.9747524857521057,0.007666127756237984,14.30825424194336,14.292390823364258,14.32508373260498,0.5731610059738159,0.5890396237373352,2.4856603145599365,0,3419.11474609375,0.05460489168763161,2.305232524871826
1787296678785,758,4,2,1,3427.2724609375,774.8999633789062,932.2132568359375,4.507745265960693,1.278292179107666,4.51349401473999,-0.06059296801686287,-4.69251823425293,4.087242126464844,2.499032974243164,0.006573798600584269,0.9724276661872864,0.008813969790935516,14.308825492858887,14.297928810119629,14.319507598876953,0.5740309357643127,0.5859243273735046,2.4856603145599365,0,3428.1376953125,0.054779984056949615,2.191483497619629
1787296678805,759,4,2,1,3434.90478515625,549.1220703125,825.8703002929688,4.210990905761719,1.1621198654174805,4.186264991760254,0.18083341419696808,-4.186570167541504,5.4959211349487305,2.500861406326294,0.0047569796442985535,0.9717348217964172,0.007673933170735836,14.306391716003418,14.290889739990234,14.314913749694824,0.5737573504447937,0.5880196690559387,2.4878652095794678,0,3437.106201171875,0.05494789034128189,2.042043924331665
1787296678825,760,4,2,1,3439.633056640625,148.9571990966797,942.3793334960938,4.386209964752197,1.0829267501831055,4.449984550476074,0.3565896153450012,-3.860842227935791,5.404387950897217,2.499173402786255,0.005357198882848024,0.9731322526931763,0.007473853882402182,14.308433532714844,14.296210289001465,14.319833755493164,0.575088620185852,0.5913503766059875,2.4834542274475098,0,3446.08984375,0.05513281747698784,2.1247358322143555
1787296678845,761,4,2,1,3446.7431640625,38.30275344848633,859.2733764648438,4.733748912811279,1.0898520946502686,4.857990264892578,0.47494542598724365,-4.129051208496094,5.449909210205078,2.4991676807403564,0.005198048427700996,0.9729686975479126,0.006957968231290579,14.306227684020996,14.29383659362793,14.315714836120605,0.5782108306884766,0.5943875908851624,2.4878652095794678,0,3455.114013671875,0.05533277243375778,2.2983744144439697
1787296678865,762,4,2,1,3459.463134765625,500.9290466308594,1069.53173828125,5.164425373077393,1.3461917638778687,5.176549911499023,0.20288197696208954,-4.712148189544678,4.261262893676758,2.497825860977173,0.00497592706233263,0.9756470322608948,0.007103765849024057,14.304401397705078,14.287656784057617,14.31956958770752,0.5814575552940369,0.593704342842102,2.490070104598999,0,3464.082763671875,0.05553358048200607,2.5393285751342773
1787296678886,763,4,2,1,3471.157958984375,720.708984375,925.0180053710938,4.882850646972656,1.2566105127334595,4.869540214538574,0.02758702076971531,-4.584117889404297,4.245589733123779,2.500631093978882,0.004783825017511845,0.9726568460464478,0.007830356247723103,14.304886817932129,14.295851707458496,14.318279266357422,0.5824699401855469,0.5933975577354431,2.4878652095794678,0,3473.1025390625,0.055715497583150864,2.422171115875244
1787296678906,764,4,2,1,3481.65625,775.1788940429688,970.15380859375,4.475824356079102,1.3002411127090454,4.54430627822876,-0.24007157981395721,-4.642596244812012,4.253355979919434,2.4992711544036865,0.0046752640046179295,0.9746833443641663,0.0077300467528402805,14.30653190612793,14.291224479675293,14.318880081176758,0.5829096436500549,0.5971056818962097,2.481247901916504,0,3482.086181640625,0.05587359517812729,2.210606813430786
1787296678926,765,4,2,1,3487.151123046875,356.0563049316406,1098.35546875,4.133039474487305,1.2001681327819824,4.228079795837402,-0.09922072291374207,-4.952561378479004,4.297918796539307,2.501995086669922,0.0047841849736869335,0.9705644845962524,0.007922900840640068,14.306700706481934,14.29137897491455,14.316094398498535,0.5827955007553101,0.5979400277137756,2.4856603145599365,0,3491.10791015625,0.05603674426674843,2.0380961894989014
1787296678946,766,4,2,1,3493.31298828125,119.31177520751953,991.0059204101562,4.458318710327148,1.0559399127960205,4.57083797454834,-0.06628727912902832,-4.518285274505615,4.267940044403076,2.500842809677124,0.005330439656972885,0.9715101718902588,0.008234057575464249,14.305654525756836,14.294656753540039,14.317307472229004,0.5841770768165588,0.5992924571037292,2.4856603145599365,0,3500.07861328125,0.056220248341560364,2.203796863555908
1787296678966,767,4,2,1,3501.97119140625,200.3165740966797,913.16064453125,4.98588228225708,1.184438943862915,5.0541276931762695,-0.023447144776582718,-4.613493919372559,3.9082107543945312,2.499319553375244,0.004674512427300215,0.9748383164405823,0.007549123838543892,14.305481910705566,14.292707443237305,14.317874908447266,0.5875506401062012,0.6026611924171448,2.4834542274475098,0,3509.062255859375,0.05642212927341461,2.4778125286102295
1787296678986,768,4,2,1,3514.94091796875,619.5445556640625,1002.5184936523438,5.181363582611084,1.0926026105880737,5.0846381187438965,-0.24616265296936035,-4.184436321258545,5.367257118225098,2.4997894763946533,0.004579613916575909,0.9748443365097046,0.006680379156023264,14.301399230957031,14.290736198425293,14.31158447265625,0.5899108052253723,0.605934202671051,2.4878652095794678,0,3518.033447265625,0.056608282029628754,2.5904972553253174
1787296679006,769,4,2,1,3526.145263671875,776.409912109375,894.1056518554688,4.926047325134277,1.0909178256988525,4.689370155334473,-0.21182401478290558,-4.488384246826172,5.970929145812988,2.5000381469726562,0.005076626315712929,0.9740657210350037,0.007875912822782993,14.302380561828613,14.289491653442383,14.316373825073242,0.5894029140472412,0.6059709191322327,2.490070104598999,0,3527.01611328125,0.05677013471722603,2.4603524208068848
1787296679026,770,4,2,1,3534.331787109375,599.7446899414062,896.2360229492188,4.393532752990723,1.094354271888733,4.346750736236572,0.13572639226913452,-4.688880443572998,5.6520562171936035,2.500964641571045,0.004603040870279074,0.9718560576438904,0.007330744527280331,14.30410099029541,14.288686752319336,14.316170692443848,0.5903876423835754,0.6037575602531433,2.4878652095794678,0,3535.986572265625,0.056922245770692825,2.188814163208008
1787296679046,771,4,2,1,3538.9765625,175.1432647705078,1050.9385986328125,4.431598663330078,1.1176689863204956,4.464333534240723,0.2742270529270172,-4.557720184326172,4.973007678985596,2.502342462539673,0.0052711875177919865,0.9692142605781555,0.008028451353311539,14.303275108337402,14.29328727722168,14.315422058105469,0.5911906957626343,0.6062002182006836,2.4878652095794678,0,3544.969970703125,0.057096440345048904,2.2059378623962402
1787296679066,772,4,2,1,3546.3466796875,118.4700927734375,1027.475830078125,4.824881076812744,1.095465898513794,5.006734848022461,0.3770717978477478,-4.353589057922363,5.960480690002441,2.498934745788574,0.004917545709758997,0.973598301410675,0.006788941565901041,14.304149627685547,14.29286003112793,14.312911987304688,0.5951435565948486,0.6121278405189514,2.4900715351104736,0,3553.94091796875,0.05729317665100098,2.4164464473724365
1787296679087,773,4,2,1,3559.22900390625,542.7369995117188,992.4591064453125,5.061947345733643,1.10562002658844,4.990189075469971,-0.2627667188644409,-4.944943428039551,4.994789123535156,2.4996721744537354,0.004004378337413073,0.9748628735542297,0.005726938601583242,14.303914070129395,14.289566040039062,14.31395435333252,0.5970836281776428,0.6068611145019531,2.4878652095794678,0,3562.924560546875,0.057477787137031555,2.565476655960083
1787296679107,774,4,2,1,3571.008544921875,786.418701171875,935.6851196289062,4.9361419677734375,1.1477402448654175,4.81010627746582,-0.2894151508808136,-4.463503837585449,4.7144775390625,2.500490188598633,0.003956614062190056,0.9738394618034363,0.005395740270614624,14.303123474121094,14.281988143920898,14.316971778869629,0.5971785187721252,0.6151149272918701,2.4878652095794678,0,3571.94873046875,0.05764302238821983,2.4959707260131836
1787296679127,775,4,2,1,3579.443115234375,608.6981201171875,987.5044555664062,4.3393144607543945,1.1590871810913086,4.334830284118652,0.036499686539173126,-4.8395795822143555,5.0791192054748535,2.4995079040527344,0.006087677553296089,0.9727676510810852,0.008518894203007221,14.300335884094238,14.284159660339355,14.316420555114746,0.5979371666908264,0.6113417148590088,2.490070104598999,0,3580.967529296875,0.0577995628118515,2.190910816192627
1787296679147,776,4,2,1,3583.50537109375,127.6865005493164,906.5475463867188,4.381016254425049,1.0914539098739624,4.54692268371582,0.2025236338376999,-4.204194068908691,5.682228088378906,2.4999897480010986,0.006094307638704777,0.9713490605354309,0.008149952627718449,14.303781509399414,14.288750648498535,14.320008277893066,0.5988221168518066,0.617895245552063,2.4878652095794678,0,3589.98828125,0.05797092244029045,2.2142019271850586
1787296679167,777,4,2,1,3591.86865234375,200.4046173095703,975.7274780273438,5.047405242919922,1.262027621269226,5.147810935974121,-0.000004078154233866371,-4.603540897369385,5.179946422576904,2.499068260192871,0.0050466954708099365,0.9743143916130066,0.008124357089400291,14.303396224975586,14.286890029907227,14.315143585205078,0.6025499701499939,0.6195237040519714,2.4812490940093994,0,3598.958984375,0.05816958099603653,2.5739550590515137
1787296679187,778,4,2,1,3605.69287109375,700.83203125,1067.9224853515625,5.269002914428711,1.0614482164382935,5.103692054748535,0.10211152583360672,-4.497384548187256,5.363985061645508,2.499117851257324,0.00563680287450552,0.9756266474723816,0.008327222429215908,14.299970626831055,14.28637409210205,14.313807487487793,0.6044273376464844,0.6161460280418396,2.4878652095794678,0,3607.944091796875,0.05835734307765961,2.6948318481445312
1787296679207,779,4,2,1,3616.354248046875,755.9365234375,934.7516479492188,4.686645984649658,1.1995532512664795,4.653043746948242,-0.09252285957336426,-4.6572265625,5.808183193206787,2.5007126331329346,0.0048817978240549564,0.9716711640357971,0.007402714807540178,14.301478385925293,14.291349411010742,14.31079387664795,0.6046811938285828,0.620638906955719,2.4878652095794678,0,3616.91259765625,0.058503407984972,2.400117874145508
1787296679227,780,4,2,1,3621.946044921875,319.0166931152344,1035.2559814453125,4.30634069442749,1.1001129150390625,4.306716442108154,-0.21545518934726715,-4.9536309242248535,4.718860149383545,2.5010056495666504,0.004054183140397072,0.9730823636054993,0.005778586026281118,14.301070213317871,14.284461975097656,14.315768241882324,0.6042755246162415,0.6205393075942993,2.4878652095794678,0,3625.89599609375,0.05864933505654335,2.203671932220459
1787296679248,781,4,2,1,3626.478759765625,-13.40895938873291,1022.677734375,4.8080973625183105,1.2551231384277344,4.838040828704834,0.4413556456565857,-4.866021633148193,5.560990333557129,2.5005247592926025,0.004103279206901789,0.9722529053688049,0.006563554052263498,14.301844596862793,14.287355422973633,14.313729286193848,0.6064751744270325,0.6199250221252441,2.4878652095794678,0,3634.86669921875,0.05883031710982323,2.4486052989959717
1787296679268,782,4,2,1,3639.680419921875,522.7967529296875,991.5445556640625,5.152952194213867,1.2201231718063354,5.257853984832764,0.07594186067581177,-4.7824811935424805,4.999509334564209,2.4971718788146973,0.005502800457179546,0.9767362475395203,0.008385250344872475,14.298325538635254,14.285346031188965,14.31360912322998,0.6111774444580078,0.6252346634864807,2.481247901916504,0,3643.85009765625,0.05903607979416847,2.6673812866210938
1787296679288,783,4,2,1,3653.16357421875,861.9537353515625,1000.9151000976562,4.844225883483887,1.0943406820297241,4.785534381866455,-0.4936401844024658,-4.5087127685546875,5.391266822814941,2.5009078979492188,0.005553361959755421,0.97402423620224,0.007505296729505062,14.301198959350586,14.290979385375977,14.30884838104248,0.6111268997192383,0.6245795488357544,2.4878652095794678,0,3652.821533203125,0.059189215302467346,2.5114569664001465
1787296679308,784,4,2,1,3660.01953125,562.4962768554688,1007.58203125,4.411025524139404,1.152707576751709,4.428317546844482,0.13944204151630402,-4.885794162750244,6.170439720153809,2.5000228881835938,0.004309802781790495,0.9732949137687683,0.006956182420253754,14.296302795410156,14.285627365112305,14.308354377746582,0.6111696362495422,0.6243231296539307,2.490070104598999,0,3661.803955078125,0.05932633578777313,2.2715656757354736
1787296679328,785,4,2,1,3664.736572265625,165.08836364746094,968.940673828125,4.582828521728516,1.1042488813400269,4.677358150482178,0.019264543429017067,-5.085434913635254,6.15846586227417,2.500216484069824,0.004789486527442932,0.9725083708763123,0.007469974923878908,14.298211097717285,14.28239917755127,14.31103229522705,0.6124312877655029,0.629104733467102,2.4878652095794678,0,3670.775146484375,0.05949389562010765,2.3723573684692383
1787296679348,786,4,2,1,3674.152099609375,310.82794189453125,876.9214477539062,5.183047771453857,1.2395695447921753,5.1541056632995605,0.2993355393409729,-4.80938720703125,4.813923358917236,2.4980111122131348,0.006468513980507851,0.975825309753418,0.010266556404531002,14.299651145935059,14.284958839416504,14.31024169921875,0.615530252456665,0.6304545998573303,2.4834542274475098,0,3679.7587890625,0.059673894196748734,2.690218687057495
1787296679368,787,4,2,1,3687.097900390625,694.3194580078125,854.2113647460938,4.988848686218262,1.141124963760376,4.95914888381958,-0.2290353775024414,-4.778388977050781,5.3598313331604,2.499605894088745,0.004926880821585655,0.9746000170707703,0.007568428758531809,14.298638343811035,14.284751892089844,14.308751106262207,0.6170778274536133,0.6293352246284485,2.4878652095794678,0,3688.728515625,0.0598333515226841,2.6093602180480957
1787296679388,788,4,2,1,3696.70849609375,642.920654296875,910.04345703125,4.629515647888184,1.0430365800857544,4.440784931182861,-0.005439496133476496,-4.844173908233643,5.3496575355529785,2.5013675689697266,0.005299112759530544,0.9727711081504822,0.007406285498291254,14.297098159790039,14.284077644348145,14.308493614196777,0.6164924502372742,0.6300142407417297,2.4878652095794678,0,3697.7138671875,0.059976961463689804,2.417771577835083
1787296679408,789,4,2,1,3700.208984375,110.25440216064453,972.0858764648438,4.551446437835693,0.9571235775947571,4.63704776763916,0.14836208522319794,-4.674374580383301,5.322813034057617,2.4996795654296875,0.004927506670355797,0.9732360243797302,0.007229454815387726,14.297948837280273,14.289122581481934,14.308110237121582,0.6179221868515015,0.6299854516983032,2.4878652095794678,0,3706.68310546875,0.06013619899749756,2.379617691040039
1787296679428,790,4,2,1,3709.693603515625,283.7261657714844,1048.6717529296875,5.251927852630615,1.2381596565246582,5.196198463439941,0.11226123571395874,-5.054720401763916,4.781855583190918,2.49869441986084,0.005723101086914539,0.9756461977958679,0.009062323719263077,14.295746803283691,14.277898788452148,14.310881614685059,0.6215040683746338,0.6318598389625549,2.485659122467041,0,3715.666748046875,0.06032708287239075,2.762233257293701
1787296679449,791,4,2,1,3723.253173828125,724.851318359375,951.2454223632812,4.955112457275391,1.1845893859863281,4.999941349029541,-0.32749640941619873,-4.835912227630615,5.4141926765441895,2.500274181365967,0.003918538335710764,0.9732365608215332,0.0064801364205777645,14.296945571899414,14.28889274597168,14.307575225830078,0.6232156753540039,0.6353486180305481,2.492276430130005,0,3724.636962890625,0.06049036979675293,2.6181797981262207
1787296679469,792,4,2,1,3732.383056640625,615.41748046875,733.4273681640625,4.614884376525879,1.0991060733795166,4.467582702636719,0.14168359339237213,-4.988295555114746,5.250020980834961,2.5014126300811768,0.004615200217813253,0.9716097116470337,0.007412252016365528,14.29559326171875,14.279967308044434,14.306360244750977,0.6220661401748657,0.6383718252182007,2.4878652095794678,0,3733.620361328125,0.06062984839081764,2.426912546157837
1787296679489,793,4,2,1,3736.691162109375,174.24171447753906,846.7017211914062,4.652308464050293,1.055647850036621,4.7347493171691895,-0.045205771923065186,-4.822880744934082,5.078725337982178,2.4997940063476562,0.005078932270407677,0.9736630916595459,0.008336920291185379,14.29731273651123,14.28227424621582,14.306963920593262,0.6238623261451721,0.6419298648834229,2.4878652095794678,0,3742.591064453125,0.06079114228487015,2.4564290046691895
1787296679509,794,4,2,1,3747.27734375,444.4627380371094,1085.7108154296875,5.123032093048096,1.0882320404052734,5.22219181060791,0.3081347942352295,-4.821445941925049,5.976864814758301,2.4987661838531494,0.0052083758637309074,0.9741804003715515,0.007655644789338112,14.295207023620605,14.283662796020508,14.307015419006348,0.62840336561203,0.6434100270271301,2.490070104598999,0,3751.57373046875,0.060969363898038864,2.71543025970459
1787296679529,795,4,2,1,3760.58935546875,825.5861206054688,1079.995361328125,5.038052082061768,1.0695571899414062,4.922266483306885,-0.45061248540878296,-4.619694232940674,6.194082736968994,2.499934673309326,0.005437260493636131,0.9748775362968445,0.007868041284382343,14.296880722045898,14.287075996398926,14.305879592895508,0.6285413503646851,0.6419565081596375,2.4878652095794678,0,3760.5439453125,0.06111592426896095,2.6873509883880615
1787296679549,796,4,2,1,3766.802001953125,436.18017578125,891.6963500976562,4.389740943908691,1.118624210357666,4.443179607391357,-0.0052241175435483456,-5.150701999664307,5.272871971130371,2.499920129776001,0.004583696369081736,0.9729659557342529,0.0071680014953017235,14.29640007019043,14.287023544311523,14.30444049835205,0.6280573010444641,0.6420383453369141,2.490070104598999,0,3769.52734375,0.06124746426939964,2.3336431980133057
1787296679569,797,4,2,1,3770.14794921875,-41.70125961303711,1006.0530395507812,4.897629261016846,1.2223632335662842,4.8938469886779785,0.5731120109558105,-5.06552791595459,5.872276306152344,2.5009961128234863,0.004101200494915247,0.9718860387802124,0.006848560180515051,14.295632362365723,14.281976699829102,14.309560775756836,0.6296884417533875,0.6488060355186462,2.4878652095794678,0,3778.49755859375,0.061417873948812485,2.585007905960083
1787296679589,798,4,2,1,3783.903076171875,557.352294921875,1089.6619873046875,5.366109371185303,1.1447407007217407,5.124243259429932,-0.42121240496635437,-4.827230930328369,5.22415018081665,2.4988765716552734,0.005083478055894375,0.9768675565719604,0.007176137063652277,14.295132637023926,14.282087326049805,14.305131912231445,0.6327746510505676,0.6436111927032471,2.4878652095794678,0,3787.481201171875,0.06161290407180786,2.8919677734375
1787296679610,799,4,2,1,3796.828369140625,820.1253662109375,1004.2706298828125,4.662346363067627,1.3749274015426636,4.833256721496582,-0.3104984164237976,-4.980973243713379,5.990865230560303,2.4993441104888916,0.005072318483144045,0.9747490882873535,0.008333333767950535,14.295299530029297,14.280365943908691,14.30431842803955,0.6351777911186218,0.6513407230377197,2.485659122467041,0,3796.50537109375,0.061763230711221695,2.5048298835754395
1787296679630,800,4,2,1,3800.798095703125,206.72616577148438,1028.7630615234375,4.4240946769714355,1.075278878211975,4.482311725616455,0.37590399384498596,-4.536210536956787,5.9736104011535645,2.500877618789673,0.006436422001570463,0.9709680080413818,0.009443318471312523,14.29408073425293,14.281155586242676,14.308024406433105,0.633587121963501,0.6470403075218201,2.485659122467041,0,3805.5244140625,0.06188551336526871,2.35749888420105
1787296679650,801,4,2,1,3808.028076171875,223.69955444335938,1093.0577392578125,5.248467922210693,1.3514500856399536,5.2675323486328125,0.07988389581441879,-5.385657787322998,6.570651054382324,2.4989120960235596,0.004798499401658773,0.9755173325538635,0.00813988596200943,14.29310131072998,14.27584457397461,14.30573558807373,0.6375573873519897,0.6521105766296387,2.4834542274475098,0,3814.494873046875,0.06207207962870598,2.8323590755462646
1787296679670,802,4,2,1,3822.830322265625,797.9749145507812,1001.2269287109375,5.127192497253418,1.1736654043197632,5.080521583557129,-0.4071546494960785,-5.1304497718811035,5.3015875816345215,2.4999101161956787,0.004745498299598694,0.9744296669960022,0.0073754144832491875,14.29084300994873,14.278229713439941,14.306757926940918,0.6396692991256714,0.6547946333885193,2.485659122467041,0,3823.478271484375,0.06224298104643822,2.7769980430603027
1787296679690,803,4,2,1,3830.859619140625,520.0260009765625,1028.3330078125,4.355228424072266,1.2223647832870483,4.421575546264648,0.053632307797670364,-4.518982887268066,6.359735012054443,2.501444101333618,0.005295759066939354,0.9723484516143799,0.008189329877495766,14.292617797851562,14.280555725097656,14.302266120910645,0.6387916803359985,0.65360426902771,2.4878652095794678,0,3832.449951171875,0.06235766038298607,2.352957248687744
1787296679710,804,4,2,1,3833.2724609375,-31.817773818969727,1031.1025390625,4.900184631347656,1.207909107208252,4.957402229309082,0.6249554753303528,-5.144519329071045,6.3483500480651855,2.4997470378875732,0.004861969035118818,0.9732780456542969,0.00721367122605443,14.290399551391602,14.278367042541504,14.303104400634766,0.6406458020210266,0.6575897336006165,2.490070104598999,0,3841.432373046875,0.062520332634449,2.6262004375457764
1787296679730,805,4,2,1,3847.65673828125,629.980224609375,1008.382568359375,5.534880638122559,1.165675401687622,5.355208396911621,-0.12479788064956665,-4.485795021057129,4.906901836395264,2.4991848468780518,0.005352349020540714,0.9761016368865967,0.007970042526721954,14.28901481628418,14.276925086975098,14.302702903747559,0.6437253952026367,0.6604013442993164,2.4878652095794678,0,3850.40283203125,0.06270809471607208,3.0245344638824463
1787296679751,806,4,2,1,3859.78515625,762.9571533203125,871.3640747070312,4.678377628326416,1.2056118249893188,4.559115886688232,-0.47441723942756653,-4.995152950286865,5.2338409423828125,2.501072645187378,0.004718515556305647,0.9730280041694641,0.007040269207209349,14.297538757324219,14.283635139465332,14.310674667358398,0.6433771848678589,0.6598739624023438,2.4878652095794678,0,3859.38623046875,0.06283959746360779,2.5574944019317627
1787296679770,807,4,2,1,3862.232177734375,87.4749984741211,1030.515380859375,4.635379791259766,1.0481140613555908,4.675437927246094,-0.04028156399726868,-4.655301570892334,6.294323444366455,2.5006039142608643,0.0045807757414877415,0.9714774489402771,0.006224360316991806,14.30892562866211,14.29833984375,14.319134712219238,0.6429186463356018,0.658341109752655,2.492276430130005,0,3868.408203125,0.06296852976083755,2.5267486572265625
1787296679791,808,4,2,1,3873.390869140625,497.0719299316406,1191.739501953125,5.364872932434082,1.1736178398132324,5.452033996582031,0.03470206633210182,-4.948690414428711,5.279338836669922,2.498911142349243,0.004317072220146656,0.9749554991722107,0.00682818004861474,14.308237075805664,14.29308032989502,14.321606636047363,0.6486740708351135,0.6627371311187744,2.485659122467041,0,3877.37841796875,0.06316127628087997,2.948998212814331
1787296679811,809,4,2,1,3886.2099609375,730.5993041992188,965.0291748046875,4.808373928070068,1.196141242980957,4.69473934173584,-0.09025327861309052,-5.06371545791626,6.58848762512207,2.500946283340454,0.005531863775104284,0.9707905054092407,0.007797101978212595,14.318917274475098,14.301807403564453,14.328927993774414,0.6468325853347778,0.6597957015037537,2.485659122467041,0,3886.36181640625,0.0632888525724411,2.640209436416626
1787296679831,810,4,2,1,3890.440673828125,215.55337524414062,1067.1888427734375,4.700615882873535,1.0335639715194702,4.665775299072266,0.37505096197128296,-4.539180755615234,5.646877765655518,2.5011353492736816,0.0036344374530017376,0.971551775932312,0.005752195604145527,14.32741641998291,14.316413879394531,14.339247703552246,0.6467780470848083,0.6634894609451294,2.4944825172424316,0,3895.33349609375,0.06342004984617233,2.557344675064087
1787296679851,811,4,2,1,3898.697265625,297.60491943359375,1108.155029296875,5.3145647048950195,1.2966071367263794,5.3161773681640625,0.29068127274513245,-5.151241302490234,5.319150924682617,2.5001349449157715,0.004877463448792696,0.9735913276672363,0.008059727028012276,14.329877853393555,14.317450523376465,14.344717979431152,0.6509951949119568,0.6665167212486267,2.490070104598999,0,3904.315673828125,0.06360366940498352,2.918468952178955
1787296679871,812,4,2,1,3912.705322265625,733.2872314453125,961.2130737304688,5.078529357910156,1.1054058074951172,4.947881698608398,-0.16611455380916595,-5.164272785186768,6.155825614929199,2.501598596572876,0.005578802898526192,0.9734376072883606,0.007331971079111099,14.33254623413086,14.320623397827148,14.34185791015625,0.6512911319732666,0.6622870564460754,2.490070104598999,0,3913.285400390625,0.06374653428792953,2.8053619861602783
1787296679892,813,4,2,1,3918.750732421875,321.9993591308594,947.9752807617188,4.522083282470703,1.211740255355835,4.519108772277832,-0.1434551179409027,-4.578944206237793,6.556480884552002,2.502560615539551,0.005108296405524015,0.9714131355285645,0.006733322981745005,14.334830284118652,14.325386047363281,14.34625244140625,0.6505102515220642,0.6662296652793884,2.4878652095794678,0,3922.268798828125,0.06386399269104004,2.4965579509735107
1787296679911,814,4,2,1,3925.22705078125,238.6334686279297,956.8057861328125,5.282577037811279,1.202709436416626,5.319165229797363,-0.058149684220552444,-4.715181827545166,6.393771171569824,2.5004091262817383,0.004535754676908255,0.97397780418396,0.006516162306070328,14.335897445678711,14.319701194763184,14.3442964553833,0.6546061038970947,0.6717590689659119,2.4878652095794678,0,3931.2392578125,0.06404091417789459,2.9342470169067383
1787296679931,815,4,2,1,3940.366455078125,819.1130981445312,981.6983032226562,5.064456939697266,1.1643903255462646,5.006587505340576,-0.4965199828147888,-4.814258098602295,5.505077838897705,2.5022077560424805,0.004580664448440075,0.9710797667503357,0.006636640056967735,14.337434768676758,14.324353218078613,14.347527503967285,0.6557804346084595,0.6735383868217468,2.492276430130005,0,3940.22314453125,0.06418763846158981,2.8161051273345947
1787296679951,816,4,2,1,3945.751708984375,345.24578857421875,1042.7281494140625,4.562900543212891,1.06062650680542,4.576864242553711,-0.2341509312391281,-4.7262163162231445,5.512641906738281,2.502767324447632,0.004686644766479731,0.9702913761138916,0.006583768408745527,14.340346336364746,14.326476097106934,14.349466323852539,0.6551211476325989,0.6732221841812134,2.4878652095794678,0,3949.1943359375,0.06431145966053009,2.533684492111206
1787296679971,817,4,2,1,3952.055908203125,234.1577606201172,903.2697143554688,5.2538838386535645,1.1655092239379883,5.350912570953369,-0.02790221758186817,-4.771418571472168,5.441217422485352,2.498746633529663,0.00566358445212245,0.9742687344551086,0.008726505562663078,14.33816146850586,14.324336051940918,14.346818923950195,0.6590473055839539,0.6749851107597351,2.4856603145599365,0,3958.177001953125,0.06448820233345032,2.932441473007202
1787296679992,818,4,2,1,3967.26611328125,812.0841674804688,939.9808349609375,5.02546501159668,1.0184352397918701,4.9981160163879395,-0.39424705505371094,-4.825786590576172,5.29580020904541,2.5013086795806885,0.006058498751372099,0.9737714529037476,0.0076749324798583984,14.341093063354492,14.327433586120605,14.351531028747559,0.6601898074150085,0.6776947379112244,2.4878652095794678,0,3967.1474609375,0.0646393820643425,2.8100528717041016
1787296680012,819,4,2,1,3972.38671875,324.5790710449219,968.5363159179688,4.709827423095703,0.985201358795166,4.687077045440674,-0.09708411246538162,-4.912691116333008,5.108076095581055,2.500351667404175,0.004675406962633133,0.9718812704086304,0.007206697016954422,14.340843200683594,14.328455924987793,14.349864959716797,0.6596298217773438,0.6772114038467407,2.490070104598999,0,3976.12890625,0.06476365774869919,2.6329352855682373
1787296680032,820,4,2,1,3980.017822265625,322.9776916503906,893.0846557617188,5.345751762390137,1.0867916345596313,5.312219142913818,-0.03667200356721878,-4.929807186126709,5.987878322601318,2.4989264011383057,0.005319285672158003,0.975398600101471,0.008179949596524239,14.33903980255127,14.321179389953613,14.348272323608398,0.6630664467811584,0.6758835911750793,2.4878652095794678,0,3985.099853515625,0.06493300199508667,3.006814956665039
1787296680052,821,4,2,1,3993.1220703125,658.2310180664062,803.904541015625,5.040463924407959,0.9522788524627686,4.854483127593994,-0.21441595256328583,-4.682249069213867,6.495387077331543,2.5012457370758057,0.0053063347004354,0.9719199538230896,0.008128837682306767,14.341083526611328,14.326849937438965,14.351274490356445,0.6629169583320618,0.6765006184577942,2.485659122467041,0,3994.08203125,0.06506691873073578,2.837482213973999
1787296680072,822,4,2,1,3998.116943359375,236.69287109375,885.9812622070312,4.892022609710693,1.0088810920715332,4.847543239593506,0.24581709504127502,-5.030627727508545,5.729842662811279,2.500340700149536,0.004331049043685198,0.9732537269592285,0.006740177050232887,14.338382720947266,14.329191207885742,14.353169441223145,0.6639664769172668,0.6725364923477173,2.4878652095794678,0,4003.052734375,0.0652017742395401,2.739943742752075
1787296680092,823,4,2,1,4008.8447265625,527.9761962890625,893.3982543945312,5.179676055908203,0.9877694845199585,5.325159549713135,0.21967433393001556,-5.663179874420166,5.523380279541016,2.4986319541931152,0.004993335343897343,0.9744172692298889,0.007644586730748415,14.336692810058594,14.326210975646973,14.347555160522461,0.6688544750213623,0.6848742961883545,2.4878652095794678,0,4012.03857421875,0.06538236141204834,2.917726993560791
1787296680112,824,4,2,1,4019.370361328125,555.3029174804688,756.501220703125,4.758770942687988,1.0184208154678345,4.682012557983398,0.1622024029493332,-4.591507434844971,5.9330291748046875,2.500758409500122,0.004824153147637844,0.9712238311767578,0.007376265246421099,14.338530540466309,14.323725700378418,14.3502836227417,0.6678272485733032,0.6771591901779175,2.4900715351104736,0,4021.0087890625,0.0655096173286438,2.6903023719787598
1787296680132,825,4,2,1,4024.231689453125,164.30198669433594,839.6867065429688,4.891695022583008,0.863196074962616,4.9977707862854,0.04280509054660797,-5.350847244262695,4.956624507904053,2.498748302459717,0.005683932453393936,0.9739748239517212,0.008515855297446251,14.334300994873047,14.316795349121094,14.347753524780273,0.6690588593482971,0.680043637752533,2.490070104598999,0,4030.029052734375,0.06564820557832718,2.770160675048828
1787296680153,826,4,2,1,4037.157470703125,627.0413208007812,892.8934936523438,5.265584468841553,1.01639723777771,5.211562156677246,-0.3446354568004608,-4.796352386474609,5.380335330963135,2.499232053756714,0.004819402936846018,0.9748603701591492,0.007347061764448881,14.337112426757812,14.321765899658203,14.347975730895996,0.6723113059997559,0.6877354979515076,2.4834542274475098,0,4039.050048828125,0.06581410020589828,3.001418113708496
1787296680173,827,4,2,1,4046.1884765625,527.3920288085938,812.2714233398438,4.8537492752075195,1.0206130743026733,4.771047115325928,-0.28147581219673157,-5.110053539276123,6.04382848739624,2.500656843185425,0.004376172088086605,0.9728094935417175,0.006513794418424368,14.33692455291748,14.322346687316895,14.348791122436523,0.671937108039856,0.6804564595222473,2.490070104598999,0,4048.03564453125,0.06593647599220276,2.7676620483398438
1787296680193,828,4,2,1,4050.571533203125,118.00537872314453,851.444580078125,5.166557312011719,1.0730546712875366,5.120904922485352,0.40961992740631104,-5.4284186363220215,5.430314064025879,2.499680519104004,0.0036547696217894554,0.9735015034675598,0.0058347247540950775,14.334603309631348,14.323304176330566,14.34714412689209,0.6733773946762085,0.6904236674308777,2.4878652095794678,0,4057.004638671875,0.0660797581076622,2.9229681491851807
1787296680213,829,4,2,1,4064.101806640625,607.026611328125,899.2056274414062,5.130995750427246,1.049681544303894,5.118016719818115,0.06792736053466797,-5.6604695320129395,5.7056355476379395,2.4996299743652344,0.005616733804345131,0.9735956788063049,0.00928564928472042,14.335994720458984,14.319035530090332,14.34875774383545,0.6762388348579407,0.6859683990478516,2.485659122467041,0,4065.986328125,0.0662359967827797,2.9307055473327637
1787296680233,830,4,2,1,4071.74267578125,385.28424072265625,805.4013671875,4.818280220031738,0.8719797134399414,4.809722423553467,-0.03091297298669815,-4.927104949951172,5.515129566192627,2.501096248626709,0.0044148387387394905,0.9720445871353149,0.007222440559417009,14.33432388305664,14.32066822052002,14.348877906799316,0.6767682433128357,0.6936200857162476,2.490070104598999,0,4074.95751953125,0.06636384129524231,2.7594921588897705
1787296680253,831,4,2,1,4080.227783203125,414.2796936035156,827.4739990234375,5.0586066246032715,1.1427053213119507,5.231067180633545,-0.20510084927082062,-5.276968955993652,6.333483695983887,2.499157190322876,0.004844801500439644,0.9740403890609741,0.007643215823918581,14.334277153015137,14.325743675231934,14.347185134887695,0.6797019243240356,0.695433497428894,2.4878652095794678,0,4083.9404296875,0.06651373952627182,2.9071455001831055
1787296680273,832,4,2,1,4090.580078125,513.45556640625,894.7467041015625,4.959890842437744,0.9782217741012573,4.96602201461792,0.010043776594102383,-4.900330543518066,6.407764434814453,2.5014097690582275,0.004824008326977491,0.9724899530410767,0.006683289539068937,14.334467887878418,14.31836223602295,14.345398902893066,0.6801374554634094,0.690502941608429,2.492276430130005,0,4092.91064453125,0.06664847582578659,2.8481709957122803
1787296680293,833,4,2,1,4096.71630859375,196.1630859375,827.7283325195312,4.863821029663086,1.0168302059173584,4.932153224945068,0.34034502506256104,-4.594631195068359,5.597640037536621,2.500330686569214,0.005900087766349316,0.9706407785415649,0.007668990641832352,14.332725524902344,14.318336486816406,14.349031448364258,0.6811724901199341,0.7021098732948303,2.4878652095794678,0,4101.89453125,0.06677800416946411,2.790647506713867
1787296680314,834,4,2,1,4108.9091796875,596.8165893554688,826.5929565429688,5.2403435707092285,0.9999895691871643,5.230324745178223,-0.22735188901424408,-5.298492431640625,6.662214279174805,2.4990408420562744,0.004907203372567892,0.975033700466156,0.00795295275747776,14.333108901977539,14.31745433807373,14.345446586608887,0.6841800808906555,0.699501633644104,2.490070104598999,0,4110.86328125,0.06693270802497864,3.035019636154175
1787296680333,835,4,2,1,4117.8330078125,489.1829833984375,1000.0515747070312,4.846470832824707,1.124791145324707,4.771825790405273,-0.10827747732400894,-5.6162800788879395,6.242094993591309,2.501060962677002,0.004754494410008192,0.9723963141441345,0.0073492927476763725,14.33202075958252,14.31275749206543,14.345555305480957,0.6838364005088806,0.6936802268028259,2.490070104598999,0,4119.8427734375,0.06704753637313843,2.8012924194335938
1787296680354,836,4,2,1,4122.9169921875,178.61605834960938,727.5673828125,4.981219291687012,1.087254285812378,5.216442584991455,0.4449020326137543,-4.405959129333496,5.772558689117432,2.5000100135803223,0.004506140481680632,0.9718989133834839,0.0061695571057498455,14.331480026245117,14.31940746307373,14.34594440460205,0.6876475811004639,0.7011160254478455,2.490070104598999,0,4128.81396484375,0.06719386577606201,2.8775746822357178
1787296680374,837,4,2,1,4137.421875,690.5645751953125,945.7426147460938,4.875149726867676,1.1621403694152832,4.947504997253418,-0.39936572313308716,-5.491388320922852,6.9373040199279785,2.4999446868896484,0.004774122033268213,0.9742497205734253,0.00713843060657382,14.33415699005127,14.312151908874512,14.346563339233398,0.6878044605255127,0.6962934136390686,2.4878652095794678,0,4137.79541015625,0.06732034683227539,2.8312432765960693
1787296680394,838,4,2,1,4142.62353515625,272.31536865234375,660.6131591796875,4.901209354400635,0.9867260456085205,4.858441352844238,0.28104403614997864,-4.873561859130859,5.4917120933532715,2.500647783279419,0.004331457428634167,0.9723014235496521,0.00711838761344552,14.330225944519043,14.315797805786133,14.34711742401123,0.6880099177360535,0.7021601796150208,2.4900715351104736,0,4146.76513671875,0.06743402779102325,2.841005563735962
1787296680414,839,4,2,1,4154.0078125,594.913818359375,933.2219848632812,5.18031644821167,0.9554611444473267,5.278197765350342,-0.24963195621967316,-5.277800559997559,5.733933925628662,2.498211145401001,0.00431230990216136,0.9760379791259766,0.007123464718461037,14.331503868103027,14.312969207763672,14.344926834106445,0.6919272541999817,0.7065994739532471,2.485659122467041,0,4155.74658203125,0.06758107244968414,3.0393855571746826
1787296680434,840,4,2,1,4163.193359375,513.485107421875,1029.9169921875,4.864056587219238,1.1369600296020508,4.7854323387146,-0.01026484090834856,-5.087867736816406,7.266808032989502,2.501199722290039,0.003972699400037527,0.9726485013961792,0.005363778676837683,14.330357551574707,14.312590599060059,14.342352867126465,0.6914542317390442,0.7010632753372192,2.492276430130005,0,4164.80908203125,0.06769171357154846,2.841130495071411
1787296680454,841,4,2,1,4169.15869140625,281.6811828613281,875.9205322265625,5.227254867553711,0.9857828617095947,5.2108473777771,0.197057843208313,-4.95109224319458,6.487794876098633,2.4985790252685547,0.005074183922261,0.9740878939628601,0.00690541323274374,14.33078670501709,14.317068099975586,14.34786319732666,0.693739652633667,0.710321843624115,2.4834542274475098,0,4173.79296875,0.06782582402229309,3.0732126235961914
1787296680475,842,4,2,1,4181.94921875,622.3829956054688,656.01416015625,5.261141300201416,0.7692330479621887,4.891711711883545,-0.23680870234966278,-4.950167655944824,5.443524360656738,2.5017662048339844,0.005224018357694149,0.9721707105636597,0.007635326124727726,14.332362174987793,14.32033634185791,14.341448783874512,0.6932651996612549,0.7122673392295837,2.490070104598999,0,4182.8125,0.0679483637213707,3.1144678592681885
1787296680495,843,4,2,1,4186.42626953125,161.1517791748047,861.1588745117188,4.8755669593811035,0.9994040727615356,4.990365505218506,0.29374757409095764,-5.792551517486572,5.801854133605957,2.5003514289855957,0.0047951615415513515,0.9713592529296875,0.00664378609508276,14.329126358032227,14.308633804321289,14.346240997314453,0.6963680982589722,0.7111371755599976,2.4878652095794678,0,4191.8330078125,0.06807191669940948,2.865793228149414
1787296680515,844,4,2,1,4199.85400390625,672.5179443359375,1103.831298828125,5.195876598358154,1.150567650794983,5.201958179473877,-0.2734430432319641,-6.07959508895874,6.967635154724121,2.5007293224334717,0.003909407649189234,0.9729353189468384,0.005795713514089584,14.331351280212402,14.316276550292969,14.343459129333496,0.6988615393638611,0.7108017802238464,2.490070104598999,0,4200.8046875,0.06821819394826889,3.072706699371338
1787296680535,845,4,2,1,4207.650390625,460.80621337890625,982.1975708007812,4.748586654663086,1.2057702541351318,4.8271002769470215,0.09654665738344193,-5.3393988609313965,7.16639518737793,2.500345468521118,0.0048291743732988834,0.9724393486976624,0.007763523608446121,14.32988166809082,14.313350677490234,14.340853691101074,0.6992337107658386,0.7081755995750427,2.485659122467041,0,4209.7900390625,0.06832536309957504,2.806318521499634
1787296680555,846,4,2,1,4215.27197265625,419.6785583496094,935.3092041015625,5.305395126342773,1.0971217155456543,5.300102710723877,-0.1126013845205307,-5.188708305358887,7.444509506225586,2.5003745555877686,0.005062243435531855,0.9732044339179993,0.00813058391213417,14.328384399414062,14.311055183410645,14.339476585388184,0.7013643980026245,0.7140448689460754,2.492276430130005,0,4218.75927734375,0.06847251951694489,3.1563291549682617
1787296680575,847,4,2,1,4226.685546875,595.0765380859375,721.1773071289062,4.823050022125244,1.134885311126709,4.924175262451172,-0.197002112865448,-5.168157577514648,5.182824611663818,2.500246047973633,0.003642173483967781,0.9726352691650391,0.005886077415198088,14.333176612854004,14.308359146118164,14.34602165222168,0.7026394009590149,0.7149437069892883,2.4900715351104736,0,4227.74462890625,0.06859105825424194,2.877580404281616
1787296680595,848,4,2,1,4231.4775390625,170.94216918945312,698.4381713867188,4.966824531555176,1.0159296989440918,5.043206214904785,0.36387693881988525,-4.5068359375,5.455566883087158,2.5012717247009277,0.003977665677666664,0.9714797139167786,0.006324687972664833,14.339962005615234,14.320849418640137,14.353764533996582,0.703075647354126,0.7160791158676147,2.492276430130005,0,4236.7138671875,0.06870811432600021,2.944404363632202
1787296680615,849,4,2,1,4244.4921875,598.7578125,659.3934326171875,4.938644886016846,0.9274730086326599,5.062203884124756,-0.19169539213180542,-4.512853622436523,5.460269451141357,2.499809503555298,0.0050197201780974865,0.9728747606277466,0.007908187806606293,14.346745491027832,14.328267097473145,14.357288360595703,0.7051317095756531,0.7201001048088074,2.4878652095794678,0,4245.697265625,0.06883165240287781,2.950072765350342
1787296680636,850,4,2,1,4250.20263671875,241.63760375976562,820.8465576171875,4.73326301574707,1.0109022855758667,4.959885120391846,0.3600761890411377,-5.073439598083496,5.6263580322265625,2.500622510910034,0.005156371276825666,0.970761239528656,0.007417439017444849,14.344854354858398,14.32996940612793,14.357370376586914,0.7065367102622986,0.7187809944152832,2.490070104598999,0,4254.6669921875,0.06895335763692856,2.811493396759033
1787296680656,851,4,2,1,4262.78662109375,627.4464721679688,926.7619018554688,5.108684539794922,1.085519552230835,5.102143287658691,-0.5682928562164307,-5.25089693069458,5.930720329284668,2.499911069869995,0.004831518046557903,0.9744859337806702,0.0068760886788368225,14.351511001586914,14.337465286254883,14.361732482910156,0.7075382471084595,0.7178879380226135,2.4878652095794678,0,4263.65185546875,0.06907914578914642,3.075103521347046
1787296680676,852,4,2,1,4269.97021484375,405.07305908203125,997.0140380859375,4.729135513305664,1.1022074222564697,4.900278568267822,-0.02212737873196602,-5.346192359924316,7.329032897949219,2.5003368854522705,0.005079880356788635,0.9707658290863037,0.006669448688626289,14.350050926208496,14.32865047454834,14.364859580993652,0.7084282040596008,0.716150164604187,2.490070104598999,0,4272.61962890625,0.06918453425168991,2.828244924545288
1787296680696,853,4,2,1,4278.66015625,470.6827087402344,1163.236328125,5.438004016876221,1.1849076747894287,5.314799785614014,0.2728331387042999,-5.851268291473389,6.979632377624512,2.4995625019073486,0.003920683171600103,0.9739188551902771,0.005766607355326414,14.3473482131958,14.328511238098145,14.357998847961426,0.7109208106994629,0.7202343940734863,2.4878652095794678,0,4281.60107421875,0.06932975351810455,3.253021240234375
1787296680716,854,4,2,1,4289.740234375,572.3958129882812,782.68603515625,4.824220180511475,1.0583417415618896,4.840993404388428,-0.4500534236431122,-5.974750518798828,6.290655612945557,2.500690221786499,0.004721526987850666,0.9720089435577393,0.007819813676178455,14.352058410644531,14.336345672607422,14.360394477844238,0.7108458280563354,0.7247862815856934,2.4878652095794678,0,4290.57177734375,0.06942737847566605,2.9087257385253906
1787296680736,855,4,2,1,4295.025390625,274.7640380859375,639.7926635742188,4.935781002044678,0.9561058878898621,5.242671489715576,0.26398470997810364,-4.693451881408691,5.598284721374512,2.4994091987609863,0.004563231486827135,0.9721916913986206,0.006130640394985676,14.349733352661133,14.336241722106934,14.364283561706543,0.7145460844039917,0.7305073142051697,2.490070104598999,0,4299.5537109375,0.0695548877120018,2.9834251403808594
1787296680756,856,4,2,1,4306.84521484375,495.3097229003906,1003.1954956054688,4.7576494216918945,1.152306318283081,4.886593818664551,0.13146370649337769,-5.4958815574646,7.201043128967285,2.500805139541626,0.0034648783039301634,0.9713521599769592,0.005667315796017647,14.349812507629395,14.333016395568848,14.360095024108887,0.7146711349487305,0.7253516912460327,2.4900715351104736,0,4308.5244140625,0.06966037303209305,2.861410617828369
1787296680776,857,4,2,1,4313.06591796875,263.87066650390625,975.6347045898438,5.191231727600098,1.0421079397201538,5.157980442047119,0.08959487825632095,-6.249964237213135,6.822911262512207,2.5000646114349365,0.004181050229817629,0.9732595682144165,0.006568961311131716,14.347134590148926,14.329773902893066,14.357879638671875,0.7154048085212708,0.7249290943145752,2.4856603145599365,0,4317.50830078125,0.06978153437376022,3.144489049911499
1787296680796,858,4,2,1,4326.54248046875,695.0460205078125,705.6531372070312,4.768396854400635,1.123652696609497,4.9925923347473145,-0.3187357485294342,-5.5837721824646,5.801558494567871,2.4999430179595947,0.004366166424006224,0.9735156893730164,0.0067751468159258366,14.351712226867676,14.337418556213379,14.364540100097656,0.7186555862426758,0.7353106141090393,2.4856603145599365,0,4326.47607421875,0.06990094482898712,2.8963119983673096
1787296680816,859,4,2,1,4330.595703125,169.965087890625,963.0379028320312,4.792037487030029,1.1376316547393799,4.982413291931152,0.31223398447036743,-5.730184555053711,6.843526363372803,2.5001845359802246,0.004649227950721979,0.9711350202560425,0.006399369332939386,14.347667694091797,14.326967239379883,14.367316246032715,0.7188727259635925,0.726091206073761,2.492276430130005,0,4335.45751953125,0.0699976459145546,2.899571657180786
1787296680836,860,4,2,1,4344.03369140625,665.9978637695312,757.2907104492188,5.084383010864258,1.0320755243301392,5.090735912322998,0.16459044814109802,-6.013031959533691,5.5638885498046875,2.499732494354248,0.00456169992685318,0.97344571352005,0.007484270725399256,14.34781551361084,14.33045768737793,14.3577880859375,0.7213608026504517,0.7371135950088501,2.4878652095794678,0,4344.42724609375,0.07012297958135605,3.095567226409912
1787296680857,861,4,2,1,4349.87451171875,273.0389404296875,959.908447265625,5.009143352508545,1.037223219871521,4.858095169067383,0.08404553681612015,-5.379639625549316,6.8907856941223145,2.5006046295166016,0.004721272271126509,0.9726395010948181,0.007061832118779421,14.346816062927246,14.328455924987793,14.366040229797363,0.720159113407135,0.7279449701309204,2.492276430130005,0,4353.40966796875,0.07020777463912964,3.053429365158081
1787296680877,862,4,2,1,4361.49560546875,646.6363525390625,873.8406372070312,5.200906753540039,1.080171823501587,5.267117023468018,-0.33632102608680725,-5.880176067352295,5.490349292755127,2.500836133956909,0.004787947982549667,0.9725938439369202,0.00679995771497488,14.346085548400879,14.331206321716309,14.363332748413086,0.7247369885444641,0.7417621612548828,2.490070104598999,0,4362.3818359375,0.07034403830766678,3.2021896839141846
1787296680897,863,4,2,1,4368.3994140625,322.7452087402344,1043.0428466796875,4.91940975189209,0.9768337607383728,4.777101993560791,-0.10520830750465393,-5.674418926239014,7.021914958953857,2.5006442070007324,0.003801682498306036,0.9713507890701294,0.006052838638424873,14.344980239868164,14.329291343688965,14.36409854888916,0.7234256267547607,0.734272301197052,2.490070104598999,0,4371.36328125,0.07042728364467621,3.0035746097564697
1787296680917,864,4,2,1,4378.94384765625,574.3294067382812,1001.2190551757812,5.028680801391602,1.2393150329589844,5.23192024230957,-0.0767393410205841,-5.079982280731201,7.1760759353637695,2.4999196529388428,0.00538374949246645,0.9723761081695557,0.008590305224061012,14.347583770751953,14.330747604370117,14.365729331970215,0.7275615930557251,0.742016613483429,2.4878652095794678,0,4380.33349609375,0.07055190950632095,3.0950164794921875
1787296680937,865,4,2,1,4387.72802734375,476.0694885253906,716.0869140625,4.760593414306641,1.0460920333862305,4.859547138214111,0.1667085587978363,-5.537452220916748,6.348566055297852,2.499842882156372,0.004428468644618988,0.9727050065994263,0.007251863833516836,14.344141960144043,14.332634925842285,14.357684135437012,0.7276598215103149,0.7432057857513428,2.4878652095794678,0,4389.314453125,0.07064519822597504,2.930385112762451
1787296680957,866,4,2,1,4396.28857421875,534.6578369140625,1067.670166015625,5.128961563110352,1.0167691707611084,5.323015213012695,0.1957777738571167,-5.745290756225586,7.1615800857543945,2.4993765354156494,0.004290465265512466,0.9735278487205505,0.0068565066903829575,14.344478607177734,14.32944393157959,14.359931945800781,0.7311372756958008,0.7446041107177734,2.4878652095794678,0,4398.2841796875,0.07077857851982117,3.156852960586548
1787296680977,867,4,2,1,4405.62109375,459.3420104980469,997.5491333007812,4.933507442474365,1.216955542564392,4.758420467376709,0.43423235416412354,-5.721681118011475,6.899567604064941,2.5008533000946045,0.004439273849129677,0.9713473916053772,0.007282775826752186,14.345462799072266,14.328081130981445,14.357892990112305,0.7292689085006714,0.7413421273231506,2.4900715351104736,0,4407.265625,0.07086340337991714,3.092738151550293
1787296680997,868,4,2,1,4413.814453125,479.63037109375,1113.4981689453125,5.385076999664307,1.0856175422668457,5.240274906158447,0.16119219362735748,-6.213171482086182,6.637946128845215,2.499148368835449,0.005143060814589262,0.97392737865448,0.007527607958763838,14.342811584472656,14.3260498046875,14.361798286437988,0.732137143611908,0.7441058158874512,2.490070104598999,0,4416.28564453125,0.07099171727895737,3.373650312423706
1787296681018,869,4,2,1,4423.38623046875,427.26690673828125,973.1260375976562,5.1138200759887695,1.077716588973999,4.762633323669434,0.4521457254886627,-4.93343448638916,6.848796844482422,2.5004944801330566,0.0036945499014109373,0.9728655219078064,0.005257764831185341,14.343772888183594,14.322742462158203,14.359444618225098,0.7319508790969849,0.7409240007400513,2.490070104598999,0,4425.3046875,0.07107271999120712,3.1838390827178955
1787296681038,870,4,2,1,4431.20751953125,408.2539367675781,1037.6422119140625,5.406340599060059,1.2102625370025635,5.29980993270874,0.34119078516960144,-5.7511162757873535,7.373056411743164,2.4994544982910156,0.004824854899197817,0.9731900691986084,0.007481774780899286,14.344120979309082,14.32757568359375,14.357919692993164,0.7353811264038086,0.7536044120788574,2.492276430130005,0,4434.328125,0.07119765132665634,3.354221820831299
1787296681058,871,4,2,1,4441.80908203125,491.6822509765625,1008.105712890625,5.311618804931641,1.0807303190231323,4.802041530609131,0.3073677718639374,-5.348044395446777,5.978528022766113,2.5008621215820312,0.0050461129285395145,0.9712131023406982,0.008157649077475071,14.340433120727539,14.322396278381348,14.35644817352295,0.7346153855323792,0.7466443181037903,2.4878652095794678,0,4443.29736328125,0.07129738479852676,3.298815965652466
1787296681078,872,4,2,1,4450.10400390625,481.9795227050781,1090.9598388671875,5.511148452758789,1.1450093984603882,5.195815563201904,0.28075721859931946,-6.787230491638184,6.499416351318359,2.50051212310791,0.0041687204502522945,0.9717097282409668,0.0066964877769351006,14.34046459197998,14.327006340026855,14.354413986206055,0.7376977801322937,0.7493312954902649,2.4878652095794678,0,4452.318359375,0.071416936814785,3.4339637756347656
1787296681098,873,4,2,1,4459.65673828125,470.2496337890625,921.8958129882812,5.342585563659668,1.2095383405685425,4.929710388183594,0.5541815757751465,-5.561587810516357,6.2376251220703125,2.5000977516174316,0.004824492149055004,0.9726037383079529,0.008061852306127548,14.338213920593262,14.320084571838379,14.364188194274902,0.7379347681999207,0.7485715746879578,2.4878652095794678,0,4461.39208984375,0.07151098549365997,3.322885036468506
1787296681119,874,4,2,1,4468.5595703125,554.1088256835938,1080.25439453125,5.254793643951416,1.0336228609085083,5.370213031768799,0.26500365138053894,-5.976013660430908,6.057574272155762,2.4995951652526855,0.0047654383815824986,0.9730038046836853,0.007608489599078894,14.340570449829102,14.325321197509766,14.353169441223145,0.7430739402770996,0.7573426961898804,2.485659122467041,0,4470.36279296875,0.07164369523525238,3.2925994396209717
1787296681139,875,4,2,1,4478.21435546875,493.55560302734375,808.0410766601562,4.934756755828857,1.1162172555923462,4.812326431274414,0.2797278165817261,-6.047484397888184,7.28371524810791,2.500612735748291,0.0046507930383086205,0.9727759957313538,0.007033840287476778,14.338459968566895,14.322644233703613,14.35363483428955,0.7417163848876953,0.7516273856163025,2.492276430130005,0,4479.34326171875,0.07172273099422455,3.0870046615600586
1787296681159,876,4,2,1,4487.03271484375,581.1925659179688,985.7719116210938,5.138123989105225,1.151697039604187,5.329071521759033,0.08420433104038239,-5.084035396575928,7.093684196472168,2.4981272220611572,0.0054455106146633625,0.974090039730072,0.00729358522221446,14.340120315551758,14.321069717407227,14.35295295715332,0.7455105185508728,0.7593590021133423,2.4878652095794678,0,4488.31298828125,0.07184143364429474,3.2468414306640625
1787296681179,877,4,2,1,4495.20703125,397.1509094238281,911.999267578125,4.823038101196289,0.9945381283760071,4.926734924316406,-0.13830053806304932,-5.4105329513549805,6.515878677368164,2.5001485347747803,0.005161583423614502,0.9736749529838562,0.007835050113499165,14.340085983276367,14.323206901550293,14.352811813354492,0.7440468072891235,0.7554200291633606,2.4834542274475098,0,4497.2958984375,0.07192260771989822,3.1543233394622803
1787296681199,878,4,2,1,4504.78955078125,570.7257080078125,1079.0511474609375,5.271678447723389,1.1455658674240112,5.355679035186768,-0.2643488645553589,-6.05286169052124,7.341175079345703,2.498897075653076,0.004925352521240711,0.9738976359367371,0.007449225522577763,14.341740608215332,14.330178260803223,14.355156898498535,0.7476644515991211,0.7626252174377441,2.4878652095794678,0,4506.31689453125,0.07204915583133698,3.342423439025879
1787296681219,879,4,2,1,4512.505859375,352.41705322265625,817.4403076171875,5.083263397216797,1.029615879058838,4.93165922164917,-0.3012974262237549,-6.6548752784729,7.168938636779785,2.4999828338623047,0.00590683426707983,0.9741761088371277,0.008568661287426949,14.336522102355957,14.321797370910645,14.348833084106445,0.7471998929977417,0.7563875913619995,2.4856603145599365,0,4515.2861328125,0.07214420288801193,3.2226078510284424
1787296681239,880,4,2,1,4524.3076171875,697.9795532226562,956.8818359375,5.274248123168945,1.1047147512435913,5.241394996643066,-0.31085315346717834,-5.756699562072754,7.305866718292236,2.4997477531433105,0.004437355324625969,0.9747985005378723,0.005910338368266821,14.340996742248535,14.322234153747559,14.356379508972168,0.7505093812942505,0.7594200372695923,2.4878652095794678,0,4524.30908203125,0.07226462662220001,3.3662779331207275
1787296681260,881,4,2,1,4529.80859375,254.66647338867188,987.384033203125,4.909645080566406,1.125222086906433,4.88690710067749,0.26847097277641296,-5.882015228271484,6.288068771362305,2.5011487007141113,0.004629019647836685,0.9719982147216797,0.0069506242871284485,14.33699893951416,14.320234298706055,14.35147762298584,0.7500947117805481,0.7665441632270813,2.490070104598999,0,4533.29052734375,0.07233895361423492,3.1022791862487793
1787296681279,882,4,2,1,4541.7626953125,620.3995971679688,853.0430297851562,5.037152290344238,1.0936881303787231,5.152324676513672,0.067475825548172,-5.9124250411987305,5.891589641571045,2.49991512298584,0.0053405482321977615,0.974223792552948,0.007943285629153252,14.337882041931152,14.322253227233887,14.349889755249023,0.7535144090652466,0.7698777914047241,2.4834542274475098,0,4542.26025390625,0.07245234400033951,3.2060494422912598
1787296681300,883,4,2,1,4546.1806640625,154.85023498535156,928.9393920898438,5.000401973724365,0.8717225790023804,5.14879035949707,0.3320930600166321,-5.547767639160156,6.069549083709717,2.4996113777160645,0.004829083103686571,0.9717036485671997,0.00603122403845191,14.335532188415527,14.31870174407959,14.348897933959961,0.7541720271110535,0.7700899839401245,2.4878652095794678,0,4551.24365234375,0.0725531205534935,3.186732292175293
1787296681320,884,4,2,1,4560.4931640625,710.9152221679688,916.6372680664062,4.995977878570557,0.9521020650863647,5.150326251983643,-0.3778410851955414,-5.637355327606201,5.471736907958984,2.499840021133423,0.005191764794290066,0.9743692278862,0.007850943133234978,14.338179588317871,14.320757865905762,14.346296310424805,0.7568883895874023,0.7737693786621094,2.4878652095794678,0,4560.21435546875,0.07267533242702484,3.1926732063293457
1787296681340,885,4,2,1,4565.0595703125,249.97518920898438,929.6189575195312,4.996428966522217,1.0301437377929688,5.210696697235107,0.0411965548992157,-5.702095985412598,5.201906681060791,2.4997103214263916,0.004587916657328606,0.9734378457069397,0.007495051249861717,14.334835052490234,14.316672325134277,14.353836059570312,0.7574863433837891,0.772719144821167,2.4878652095794678,0,4569.19970703125,0.07277101278305054,3.207543134689331
1787296681360,886,4,2,1,4577.111328125,540.1901245117188,980.0821533203125,4.879289627075195,0.9091441631317139,5.015059471130371,0.20589372515678406,-5.511488914489746,5.575628757476807,2.4999992847442627,0.005158230662345886,0.9738801717758179,0.0076819900423288345,14.336194038391113,14.323262214660645,14.349183082580566,0.7592774033546448,0.7788980603218079,2.481247901916504,0,4578.16748046875,0.07287663221359253,3.116373300552368
1787296681380,887,4,2,1,4582.5322265625,225.57192993164062,808.0387573242188,5.119465351104736,1.0380290746688843,5.34091329574585,0.32715898752212524,-5.6098809242248535,6.511387348175049,2.4991326332092285,0.004276202991604805,0.9735430479049683,0.005319227464497089,14.332324028015137,14.306633949279785,14.346356391906738,0.7614988088607788,0.7760183215141296,2.490070104598999,0,4587.19189453125,0.07298675924539566,3.303387403488159
1787296681400,888,4,2,1,4596.4140625,650.9835815429688,972.7138061523438,4.854814529418945,1.291979193687439,4.95313024520874,-0.49416154623031616,-6.068490028381348,6.420895099639893,2.5006041526794434,0.0038893448654562235,0.9720420241355896,0.006281987298280001,14.334112167358398,14.312612533569336,14.344605445861816,0.7613844275474548,0.7764713764190674,2.4900715351104736,0,4596.17529296875,0.07308187335729599,3.128722906112671
1787296681420,889,4,2,1,4602.06005859375,418.2174072265625,980.4528198242188,5.476703643798828,1.1763776540756226,5.454943656921387,0.10387195646762848,-4.798761367797852,6.768301486968994,2.498958110809326,0.00522661255672574,0.9743971228599548,0.008424520492553711,14.333287239074707,14.316875457763672,14.34727954864502,0.7638477683067322,0.7729350328445435,2.4878652095794678,0,4605.14697265625,0.07320708781480789,3.538972854614258
1787296681440,890,4,2,1,4613.3994140625,510.5827941894531,755.203857421875,4.851856231689453,1.211200475692749,4.828431129455566,0.11664281785488129,-5.890377521514893,6.032147407531738,2.5008201599121094,0.004707362037152052,0.9724472761154175,0.007518424652516842,14.331119537353516,14.315875053405762,14.351916313171387,0.7639779448509216,0.7731502652168274,2.492276430130005,0,4614.12841796875,0.07328154146671295,3.137523889541626
1787296681460,891,4,2,1,4621.69677734375,548.5425415039062,1031.890380859375,5.103438377380371,0.9528185725212097,5.337321758270264,-0.39251604676246643,-6.1834306716918945,6.902978897094727,2.4999046325683594,0.004165918566286564,0.9739707112312317,0.00697673624381423,14.333500862121582,14.319660186767578,14.34626579284668,0.7673149704933167,0.7790407538414001,2.4878652095794678,0,4623.099609375,0.0733911469578743,3.303834915161133
1787296681481,892,4,2,1,4628.66552734375,283.6844177246094,985.6612548828125,5.343356132507324,1.0411458015441895,5.005517959594727,0.4946601092815399,-6.022762775421143,6.397473335266113,2.501077175140381,0.004835999105125666,0.9714809060096741,0.00797665398567915,14.330986976623535,14.31222915649414,14.345049858093262,0.765372633934021,0.783492922782898,2.4878652095794678,0,4632.08251953125,0.07348325848579407,3.561727523803711
1787296681501,893,4,2,1,4641.12744140625,647.7227172851562,971.8412475585938,5.043271064758301,1.4251173734664917,5.110307216644287,-0.029201192781329155,-5.145980358123779,6.786153316497803,2.500377893447876,0.0043446701020002365,0.9721705913543701,0.00680787768214941,14.333160400390625,14.314404487609863,14.350301742553711,0.7691425085067749,0.7776381969451904,2.492276430130005,0,4641.103515625,0.07358735799789429,3.3066701889038086
1787296681521,894,4,2,1,4645.66845703125,220.4246063232422,977.1051635742188,5.663056373596191,0.8993381857872009,5.260809898376465,0.02239997312426567,-6.439392566680908,6.356310844421387,2.500623941421509,0.005678224377334118,0.9712012410163879,0.008555582724511623,14.331371307373047,14.30810260772705,14.348990440368652,0.7680149078369141,0.7819157242774963,2.490070104598999,0,4650.07470703125,0.07367993891239166,3.71220326423645
1787296681541,895,4,2,1,4658.59765625,608.2841796875,956.7274169921875,5.603384017944336,1.3467475175857544,5.065411567687988,-0.061441805213689804,-5.798045635223389,6.066904067993164,2.500816822052002,0.006592025049030781,0.9709593653678894,0.01002674549818039,14.329429626464844,14.310133934020996,14.343639373779297,0.7698517441749573,0.7823225259780884,2.490070104598999,0,4659.09521484375,0.0737944170832634,3.6836230754852295
1787296681561,896,4,2,1,4664.91259765625,386.5065002441406,1043.08447265625,5.320806980133057,1.0970799922943115,5.433347702026367,-0.08995705842971802,-6.241347312927246,6.915812969207764,2.499065399169922,0.005193086341023445,0.9743184447288513,0.008461310528218746,14.32929801940918,14.314248085021973,14.347315788269043,0.7743720412254333,0.7901512980461121,2.4878652095794678,0,4668.1162109375,0.07390602678060532,3.4856936931610107
1787296681582,897,4,2,1,4676.17626953125,504.007568359375,951.0726318359375,4.91278076171875,1.2222944498062134,4.91099214553833,0.2327985018491745,-5.863108158111572,6.4515910148620605,2.5003435611724854,0.004448420368134975,0.9725461602210999,0.007320416159927845,14.326210021972656,14.30584716796875,14.341207504272461,0.7747867107391357,0.7900137901306152,2.485659122467041,0,4677.10107421875,0.07398799806833267,3.2033956050872803
1787296681602,898,4,2,1,4685.12109375,600.20361328125,1056.878662109375,5.256250858306885,0.8982040882110596,5.374719142913818,-0.3731878697872162,-6.367305278778076,7.634232044219971,2.4998412132263184,0.0042490572668612,0.97343909740448,0.007052761036902666,14.331391334533691,14.314918518066406,14.345782279968262,0.7773331999778748,0.7904217839241028,2.4944825172424316,0,4686.06884765625,0.07410412281751633,3.44767165184021
1787296681622,899,4,2,1,4691.013671875,226.7691650390625,994.386962890625,5.020124435424805,0.9450452327728271,5.091329574584961,0.5405448079109192,-5.699291229248047,6.528789520263672,2.500910520553589,0.004162000026553869,0.9710652232170105,0.006253708619624376,14.326581954956055,14.3129243850708,14.3397798538208,0.7777665853500366,0.7929859161376953,2.4878652095794678,0,4695.05126953125,0.07419497519731522,3.2739100456237793
1787296681642,900,4,2,1,4705.041015625,745.1375732421875,940.2554321289062,4.9860944747924805,0.9569442868232727,5.112461566925049,-0.35359472036361694,-6.223267555236816,7.136030673980713,2.499992847442627,0.004335260018706322,0.9738892316818237,0.006833036430180073,14.331207275390625,14.31706714630127,14.34233283996582,0.7801064252853394,0.7955849766731262,2.4878652095794678,0,4704.0205078125,0.07430475205183029,3.277287721633911
1787296681662,901,4,2,1,4707.34619140625,84.02381896972656,908.156494140625,5.130947589874268,0.9545161128044128,5.26434326171875,0.7601713538169861,-4.9738006591796875,7.44173526763916,2.498960494995117,0.003565013175830245,0.9746792912483215,0.006019142456352711,14.325417518615723,14.312247276306152,14.341328620910645,0.7814493179321289,0.7931863069534302,2.490070104598999,0,4713.0029296875,0.07439632713794708,3.350827932357788
1787296681682,902,4,2,1,4721.96826171875,621.7725830078125,905.1179809570312,4.916152000427246,1.0661194324493408,5.031167984008789,-0.4120413661003113,-6.338011741638184,5.302565097808838,2.5013275146484375,0.004906770773231983,0.9722024202346802,0.007826573215425014,14.328375816345215,14.310809135437012,14.342180252075195,0.7825967669487,0.8014516830444336,2.4878652095794678,0,4721.9755859375,0.0744972974061966,3.244666814804077
1787296681702,903,4,2,1,4729.8544921875,554.99658203125,1083.782470703125,5.217128753662109,0.9674360752105713,5.340622901916504,0.14242810010910034,-5.733794212341309,6.96659517288208,2.5002496242523193,0.004742711316794157,0.9730135798454285,0.007802329957485199,14.327147483825684,14.309144973754883,14.343884468078613,0.7848674058914185,0.8000544309616089,2.4878652095794678,0,4730.955078125,0.07459511607885361,3.4588210582733154
1787296681722,904,4,2,1,4736.724609375,287.820556640625,845.8680419921875,4.9717607498168945,1.1951782703399658,5.060305118560791,-0.1848812997341156,-6.196208953857422,6.750644683837891,2.5009865760803223,0.005009323358535767,0.9729607701301575,0.0073617915622889996,14.323790550231934,14.309619903564453,14.341917037963867,0.7840051054954529,0.7937036752700806,2.490070104598999,0,4739.9267578125,0.07467341423034668,3.316251039505005
1787296681742,905,4,2,1,4748.22900390625,651.8140258789062,976.1676025390625,5.478837966918945,1.3610759973526,5.4464240074157715,-0.03080308809876442,-5.736815452575684,6.546966552734375,2.4998767375946045,0.0035994446370750666,0.9732474088668823,0.005775783210992813,14.323712348937988,14.304014205932617,14.337934494018555,0.7875383496284485,0.8026527166366577,2.490070104598999,0,4748.9072265625,0.07480477541685104,3.6740357875823975
1787296681762,906,4,2,1,4752.72265625,106.524658203125,957.1060180664062,5.106504440307617,1.0029470920562744,5.157196044921875,0.6055845618247986,-6.030294418334961,6.464153289794922,2.499025821685791,0.004111184738576412,0.9743000864982605,0.006515773944556713,14.32387638092041,14.300760269165039,14.33825969696045,0.7877976894378662,0.8050727844238281,2.490070104598999,0,4757.8779296875,0.07488610595464706,3.3747432231903076
1787296681782,907,4,2,1,4765.9755859375,514.8004150390625,977.2952880859375,4.926604747772217,0.9713736176490784,5.032546043395996,-0.29248180985450745,-5.92814302444458,5.8097100257873535,2.4996330738067627,0.004879739601165056,0.9741070866584778,0.007990498095750809,14.326441764831543,14.302986145019531,14.339731216430664,0.7890336513519287,0.8065384030342102,2.4878652095794678,0,4766.861328125,0.07497423142194748,3.2749974727630615
1787296681802,908,4,2,1,4774.86767578125,644.71923828125,1038.173095703125,5.83046817779541,1.7741090059280396,5.596022605895996,0.27502313256263733,-6.410305976867676,6.596244812011719,2.5005884170532227,0.0047699688002467155,0.9720438718795776,0.007698489353060722,14.319670677185059,14.298070907592773,14.335290908813477,0.792177140712738,0.810668408870697,2.4878652095794678,0,4775.83349609375,0.07510837912559509,3.930391550064087
1787296681823,909,4,2,1,4781.62939453125,244.9549102783203,995.7593994140625,5.487407207489014,0.9644373059272766,4.892459392547607,0.5425300598144531,-6.375852108001709,6.29712438583374,2.501441717147827,0.003410267410799861,0.9710402488708496,0.005742720328271389,14.320549011230469,14.304590225219727,14.33492374420166,0.7893061637878418,0.8030703067779541,2.4878652095794678,0,4784.8544921875,0.07516336441040039,3.6504933834075928
1787296681843,910,4,2,1,4794.7587890625,744.3380126953125,918.4890747070312,5.801705360412598,0.8644680976867676,5.166810989379883,-1.0028367042541504,-6.792720794677734,7.449763774871826,2.499423027038574,0.00503856735303998,0.9746355414390564,0.00770952645689249,14.322800636291504,14.305045127868652,14.333271026611328,0.7910805940628052,0.8026964664459229,2.479041576385498,0,4793.87548828125,0.07528054714202881,3.941711187362671
1787296681863,911,4,2,1,4798.36474609375,256.0545654296875,1006.0550537109375,5.1572771072387695,0.758159875869751,5.173229694366455,0.09063218533992767,-6.445723056793213,6.861079692840576,2.49983286857605,0.004101427271962166,0.9730156064033508,0.006247632205486298,14.322361946105957,14.302763938903809,14.340727806091309,0.795114278793335,0.8078054189682007,2.490070104598999,0,4800,0.07536827772855759,3.4733548164367676
1787296681883,912,4,2,1,4802.39892578125,21.308652877807617,1033.6136474609375,3.550858736038208,0.9812315702438354,3.6099536418914795,0.2236691117286682,-6.527817249298096,6.4999165534973145,2.502572536468506,0.00426221638917923,0.9697704911231995,0.006696832366287708,14.343757629394531,14.328603744506836,14.359827995300293,0.7852986454963684,0.8015472888946533,2.490070104598999,0,4800,0.07526233047246933,2.325897216796875
1787296681903,913,4,2,1,4797.18408203125,-0.11189474910497665,1033.3193359375,5.485698699951172,1.2200981378555298,5.616096019744873,-0.36566245555877686,-5.826109886169434,7.175513744354248,2.4987666606903076,0.004270138684660196,0.9759575724601746,0.00647158594802022,14.331022262573242,14.310879707336426,14.353306770324707,0.7905014753341675,0.8116300106048584,2.4878652095794678,0,4800,0.07536542415618896,3.6809515953063965
1787296681924,914,4,2,1,4796.51220703125,-129.684814453125,944.2943115234375,5.15476655960083,0.8810037970542908,5.120571613311768,0.24707163870334625,-6.025060653686523,7.721446514129639,2.499478340148926,0.005536248907446861,0.9719513058662415,0.007349921856075525,14.323092460632324,14.282893180847168,14.334969520568848,0.7912334203720093,0.8008103966712952,2.4878652095794678,0,4800,0.07547442615032196,3.4686806201934814
1787296681943,915,4,2,1,4800.50537109375,69.1455078125,976.2904663085938,4.362325668334961,0.8485440611839294,4.479490756988525,0.13700132071971893,-6.273673057556152,6.915131568908691,2.501674175262451,0.004480244126170874,0.9713355302810669,0.0069609894417226315,14.337666511535645,14.317420959472656,14.352264404296875,0.788529634475708,0.8063689470291138,2.492276430130005,0,4800,0.07548096030950546,2.888735055923462
1787296681963,916,4,2,1,4796.29150390625,-134.3690643310547,1043.7957763671875,5.067296981811523,1.0526691675186157,5.412265777587891,-0.11639618873596191,-6.182446002960205,7.548994541168213,2.4971697330474854,0.006332967896014452,0.9758108854293823,0.00881833303719759,14.329154014587402,14.30671215057373,14.342584609985352,0.791641891002655,0.804764986038208,2.4812490940093994,0,4800,0.07557056844234467,3.3693478107452393
1787296681984,917,4,2,1,4799.9375,105.93302154541016,822.1935424804688,4.601102352142334,1.3212003707885742,4.740865230560303,0.04378390312194824,-5.7503275871276855,6.578535079956055,2.4997050762176514,0.0056566353887319565,0.9730724692344666,0.008884556591510773,14.325742721557617,14.303581237792969,14.338558197021484,0.7907372117042542,0.8018903732299805,2.490070104598999,0,4800,0.07563257962465286,3.0954697132110596
1787296682004,918,4,2,1,4800.78466796875,184.58554077148438,1041.6304931640625,5.213771820068359,1.1758017539978027,4.7479047775268555,0.45208093523979187,-6.739826679229736,7.974801063537598,2.4995625019073486,0.004916173405945301,0.9751648306846619,0.006840995512902737,14.333206176757812,14.322416305541992,14.34550666809082,0.7877663373947144,0.8062373399734497,2.490070104598999,0,4800,0.07566890865564346,3.4876646995544434
1787296682024,919,4,2,1,4795.931640625,-243.19064331054688,889.703369140625,4.8449273109436035,1.0645941495895386,5.092002868652344,-0.1439797431230545,-5.362229347229004,6.303079128265381,2.5004191398620605,0.004396551288664341,0.9719693660736084,0.006644003093242645,14.327042579650879,14.30916976928711,14.342060089111328,0.7905395030975342,0.8079268336296082,2.4878652095794678,0,4800,0.07573482394218445,3.233541250228882
1787296682044,920,4,2,1,4801.54736328125,263.59210205078125,839.456787109375,4.776584148406982,1.2110774517059326,4.7358574867248535,-0.016008226200938225,-6.392313480377197,6.121540069580078,2.5011608600616455,0.005330820567905903,0.9704574942588806,0.008072313852608204,14.331212043762207,14.308913230895996,14.34488582611084,0.7897263169288635,0.8079536557197571,2.4856603145599365,0,4800,0.07579568028450012,3.214137315750122
1787296682064,921,4,2,1,4797.94775390625,-58.34584426879883,1044.05126953125,5.610889434814453,1.4603750705718994,5.122574329376221,0.5285230278968811,-7.259304046630859,7.886307239532471,2.4997267723083496,0.004773127846419811,0.9744570851325989,0.007010199129581451,14.330288887023926,14.31454086303711,14.349058151245117,0.7883851528167725,0.8085243105888367,2.485659122467041,0,4800,0.07583758980035782,3.732257127761841
1787296682084,922,4,2,1,4797.7705078125,-120.66248321533203,975.3026123046875,4.703578948974609,1.2617590427398682,4.798545837402344,-0.30600035190582275,-5.599954128265381,5.454428672790527,2.4996726512908936,0.005627492442727089,0.9750959873199463,0.007967615500092506,14.328481674194336,14.3087158203125,14.346414566040039,0.7894915342330933,0.8090153336524963,2.4834542274475098,0,4800,0.07588881999254227,3.1394293308258057
1787296682105,923,4,2,1,4800.93603515625,232.4808349609375,946.2562255859375,4.824184894561768,1.2096195220947266,4.955558776855469,0.00868159905076027,-6.385525226593018,7.413495063781738,2.499462127685547,0.004948241636157036,0.9735652208328247,0.0076996986754238605,14.329657554626465,14.313761711120605,14.345487594604492,0.7909659743309021,0.8046347498893738,2.4834542274475098,0,4800,0.07595373690128326,3.246546745300293
1787296682125,924,4,2,1,4794.92138671875,-391.4195556640625,918.9378051757812,4.946406841278076,0.907129168510437,4.982118606567383,0.6254328489303589,-6.290161609649658,6.699351787567139,2.500509738922119,0.003672192106023431,0.9731863737106323,0.00531177781522274,14.330578804016113,14.31546688079834,14.346305847167969,0.7888493537902832,0.8027282357215881,2.4878652095794678,0,4800,0.07598467171192169,3.2764670848846436
1787296682145,925,4,2,1,4799.88818359375,141.86302185058594,967.8441162109375,4.770042896270752,0.9349522590637207,4.951980113983154,-0.320205956697464,-5.772111892700195,5.9247941970825195,2.500614643096924,0.004594121128320694,0.9724197387695312,0.007541853003203869,14.328338623046875,14.305994033813477,14.342758178710938,0.7909194231033325,0.8066663146018982,2.4856603145599365,0,4800,0.07606294006109238,3.174851655960083
1787296682165,926,4,2,1,4799.96484375,188.95486450195312,1046.905029296875,4.9540252685546875,1.2933393716812134,5.230763912200928,0.14455164968967438,-5.7180705070495605,7.422756671905518,2.498406410217285,0.005196588113903999,0.9753749370574951,0.008460313081741333,14.328369140625,14.30289077758789,14.34334945678711,0.7926080822944641,0.8096715807914734,2.4834554195404053,0,4800,0.07613791525363922,3.3313095569610596
1787296682185,927,4,2,1,4796.9833984375,-230.6613006591797,1005.966796875,4.7821149826049805,0.9293826222419739,4.778604507446289,0.39918607473373413,-6.57005500793457,7.249571800231934,2.5001912117004395,0.004162519704550505,0.9728095531463623,0.0071373190730810165,14.329642295837402,14.31372356414795,14.34454345703125,0.7887626886367798,0.80117267370224,2.4878652095794678,0,4800,0.0761539563536644,3.1726231575012207
1787296682205,928,4,2,1,4801.744140625,301.2119140625,926.38427734375,5.07069206237793,0.8944172263145447,4.882086753845215,-0.8685692548751831,-6.186206340789795,6.906270503997803,2.501934289932251,0.004284183029085398,0.971406877040863,0.006458967924118042,14.331905364990234,14.317168235778809,14.345584869384766,0.7892141342163086,0.807667076587677,2.4856603145599365,0,4800,0.07622382789850235,3.403273582458496
1787296682226,929,4,2,1,4796.39013671875,-213.57107543945312,873.6917114257812,5.15870475769043,1.2605023384094238,5.200133800506592,0.29931652545928955,-6.484973907470703,6.45044469833374,2.4985365867614746,0.004997566342353821,0.9736129641532898,0.006536458618938923,14.327620506286621,14.307766914367676,14.346614837646484,0.7900840640068054,0.8069252371788025,2.4878652095794678,0,4800,0.07627009600400925,3.5034546852111816
1787296682246,930,4,2,1,4799.501953125,7.657764434814453,970.1910400390625,4.6324591636657715,0.9214649200439453,4.680052757263184,0.2297545224428177,-6.23713493347168,7.396779537200928,2.5008857250213623,0.004693301860243082,0.9725869297981262,0.007065151818096638,14.331605911254883,14.310039520263672,14.3468599319458,0.7891908288002014,0.7991766333580017,2.4900715351104736,0,4800,0.07629498839378357,3.0757172107696533
1787296682266,931,4,2,1,4799.78515625,163.7249755859375,1043.492919921875,5.091134071350098,0.8586990833282471,5.204240322113037,-0.43931472301483154,-6.465670108795166,6.739384651184082,2.499220371246338,0.0055275531485676765,0.9754079580307007,0.00809498131275177,14.331117630004883,14.312705039978027,14.343450546264648,0.791281521320343,0.8040648698806763,2.4878652095794678,0,4800,0.07637619972229004,3.401308059692383
1787296682286,932,4,2,1,4796.623046875,-255.27371215820312,926.3847045898438,4.766884803771973,1.068260669708252,4.818176746368408,0.38584378361701965,-5.969413757324219,6.847540855407715,2.500643730163574,0.006378929130733013,0.9707913994789124,0.009221930056810379,14.327362060546875,14.307812690734863,14.346587181091309,0.7894846796989441,0.7994399666786194,2.4878652095794678,0,4800,0.07641047984361649,3.1885955333709717
1787296682306,933,4,2,1,4800.10400390625,104.00995635986328,943.5443725585938,4.993503093719482,1.1669114828109741,4.821444511413574,0.05414516478776932,-6.112439155578613,7.68862771987915,2.5013012886047363,0.004661246202886105,0.9719740748405457,0.007245481945574284,14.334129333496094,14.321290969848633,14.347404479980469,0.7881708145141602,0.8070211410522461,2.4878652095794678,0,4800,0.07645231485366821,3.3341212272644043
1787296682326,934,4,2,1,4796.48681640625,-142.73202514648438,1065.52001953125,5.186007022857666,1.1899977922439575,5.359635829925537,0.09337048977613449,-6.279815673828125,8.102328300476074,2.4994759559631348,0.004194393288344145,0.9723681211471558,0.0053983754478394985,14.33109188079834,14.311633110046387,14.343088150024414,0.7913309931755066,0.805551290512085,2.4878652095794678,0,4800,0.07652992010116577,3.4473719596862793
1787296682346,935,4,2,1,4800.06689453125,99.88131713867188,865.5657348632812,4.519046783447266,1.3512847423553467,4.764546871185303,0.05540815740823746,-5.897550106048584,5.031742095947266,2.5008373260498047,0.005974449682980776,0.9724141359329224,0.009661838412284851,14.328984260559082,14.313711166381836,14.348637580871582,0.7908529043197632,0.805840015411377,2.4834542274475098,0,4800,0.07657887041568756,3.0160508155822754
1787296682366,936,4,2,1,4800.50439453125,218.5014190673828,1032.617431640625,5.307247638702393,1.1876003742218018,5.173639297485352,-0.20962421596050262,-6.145593166351318,6.953563213348389,2.4989984035491943,0.004319635219871998,0.9755439758300781,0.006577989086508751,14.332372665405273,14.310640335083008,14.351478576660156,0.7896977663040161,0.8030481934547424,2.485659122467041,0,4800,0.07664068043231964,3.5770721435546875
1787296682386,937,4,2,1,4796.017578125,-284.947998046875,942.7545776367188,4.808809757232666,0.9301677346229553,5.115231990814209,-0.12464670836925507,-6.095066547393799,6.244032859802246,2.4990622997283936,0.004784172400832176,0.9737198948860168,0.007345631252974272,14.330643653869629,14.310445785522461,14.347715377807617,0.7901973128318787,0.8109132647514343,2.4878652095794678,0,4800,0.07667980343103409,3.202195644378662
1787296682407,938,4,2,1,4801.00830078125,192.59686279296875,988.1063232421875,4.94979190826416,1.4138977527618408,4.697718143463135,0.389986515045166,-6.537341594696045,6.499463081359863,2.5007965564727783,0.006159942131489515,0.9709659814834595,0.009299095720052719,14.333191871643066,14.31513500213623,14.343622207641602,0.7888181209564209,0.8051936030387878,2.4878652095794678,0,4800,0.0767337903380394,3.3094325065612793
1787296682427,939,4,2,1,4797.0419921875,-91.9248046875,946.9003295898438,5.291673183441162,1.0395087003707886,5.341529369354248,0.25474515557289124,-6.1165642738342285,6.473735809326172,2.4995594024658203,0.0048386333510279655,0.9745578169822693,0.007536239922046661,14.330336570739746,14.31527328491211,14.348913192749023,0.7907623648643494,0.8056945204734802,2.4878652095794678,0,4800,0.07680045813322067,3.547544002532959
1787296682447,940,4,2,1,4798.27099609375,-113.40259552001953,1026.9072265625,4.9221086502075195,0.8456456065177917,4.783008575439453,-0.3923187851905823,-6.055957794189453,6.081552028656006,2.500448703765869,0.005696628708392382,0.9738196730613708,0.008264385163784027,14.330070495605469,14.31244945526123,14.342548370361328,0.7886031866073608,0.7997052669525146,2.485659122467041,0,4800,0.07683388888835907,3.2883729934692383
1787296682467,941,4,2,1,4800.71337890625,192.73001098632812,957.0159912109375,4.946040153503418,1.1885663270950317,5.015276908874512,0.10232655704021454,-5.8102498054504395,7.525044918060303,2.500272750854492,0.005781393498182297,0.9736266136169434,0.008776016533374786,14.331172943115234,14.310368537902832,14.34531307220459,0.7905212044715881,0.8091443777084351,2.490070104598999,0,4800,0.07688985764980316,3.3092384338378906
1787296682488,942,4,2,1,4795.5419921875,-283.741943359375,868.6765747070312,5.048111915588379,1.0386523008346558,5.179579734802246,0.3154940605163574,-6.3525166511535645,7.551703453063965,2.5000317096710205,0.004420883487910032,0.9735526442527771,0.007302477490156889,14.331647872924805,14.316773414611816,14.351006507873535,0.7897043228149414,0.7988030910491943,2.4878652095794678,0,4800,0.07694289088249207,3.3776700496673584
1787296682507,943,4,2,1,4800.8544921875,188.73887634277344,937.6463623046875,4.616609573364258,0.8350664973258972,4.83904504776001,-0.3843221962451935,-6.409846305847168,7.111721038818359,2.501488208770752,0.004233165644109249,0.9709487557411194,0.007066207006573677,14.332849502563477,14.315181732177734,14.348611831665039,0.7904873490333557,0.8057210445404053,2.490070104598999,0,4800,0.07699742168188095,3.074185371398926
1787296682527,944,4,2,1,4799.74365234375,130.50047302246094,1077.9293212890625,4.9698710441589355,1.2450700998306274,5.101602554321289,0.48846277594566345,-4.977890968322754,7.462126731872559,2.4989776611328125,0.00630153575912118,0.9738537073135376,0.009777002036571503,14.330774307250977,14.312036514282227,14.34627914428711,0.7913158535957336,0.8040217161178589,2.4856603145599365,0,4800,0.07705442607402802,3.3175506591796875
1787296682547,945,4,2,1,4797.2392578125,-186.01097106933594,904.8741455078125,4.813509464263916,1.182770013809204,4.873766899108887,0.12280286848545074,-6.067469596862793,7.557363510131836,2.5010578632354736,0.004508936312049627,0.9723860621452332,0.006916336715221405,14.328611373901367,14.310279846191406,14.347986221313477,0.7889759540557861,0.7965010404586792,2.492276430130005,0,4800,0.077084019780159,3.2253153324127197
1787296682567,946,4,2,1,4801.0302734375,240.07269287109375,939.8684692382812,4.9148173332214355,1.0972270965576172,4.9957380294799805,-0.19795016944408417,-6.411508560180664,7.648173809051514,2.4993107318878174,0.0050733620300889015,0.9745932817459106,0.008065206930041313,14.331564903259277,14.314101219177246,14.344734191894531,0.7906680703163147,0.8094489574432373,2.4834542274475098,0,4800,0.0771501213312149,3.2771124839782715
1787296682588,947,4,2,1,4795.82275390625,-328.85003662109375,932.956298828125,4.577186107635498,1.005843997001648,4.944875240325928,0.4356769323348999,-4.972299575805664,6.879898548126221,2.4997878074645996,0.004930275026708841,0.97292560338974,0.007769057992845774,14.33115005493164,14.309260368347168,14.341736793518066,0.7910902500152588,0.8040288686752319,2.4878652095794678,0,4800,0.07718382030725479,3.0236878395080566
1787296682608,948,4,2,1,4799.75,73.5436782836914,830.0062866210938,4.860574722290039,1.2536184787750244,4.889797210693359,-0.5034136772155762,-6.137094497680664,6.1867218017578125,2.5006303787231445,0.004131699446588755,0.9729446768760681,0.006761965807527304,14.331835746765137,14.310837745666504,14.35042667388916,0.7887749075889587,0.799793004989624,2.4878652095794678,0,4800,0.07722938060760498,3.271254301071167
1787296682628,949,4,2,1,4799.4345703125,155.0465545654297,1111.3936767578125,5.2124528884887695,1.080297589302063,5.382847309112549,-0.1877766102552414,-5.784356594085693,6.856055736541748,2.499577522277832,0.00413928646594286,0.9742670655250549,0.0067181638441979885,14.33171272277832,14.308608055114746,14.345792770385742,0.7916121482849121,0.8075322508811951,2.4878652095794678,0,4800,0.07731132954359055,3.488577365875244
1787296682648,950,4,2,1,4797.23583984375,-242.68663024902344,982.9102783203125,4.527254104614258,1.0844773054122925,4.690665245056152,0.7584018111228943,-4.718622207641602,6.056070804595947,2.5001413822174072,0.0037822886370122433,0.9721223711967468,0.005442062392830849,14.330867767333984,14.316380500793457,14.343602180480957,0.7888435125350952,0.8044063448905945,2.4878652095794678,0,4800,0.07732246071100235,3.126957416534424
1787296682668,951,4,2,1,4801.01123046875,215.62071228027344,916.5214233398438,5.55427885055542,0.9243560433387756,4.852058410644531,-0.37177929282188416,-6.084465026855469,6.5099945068359375,2.4995524883270264,0.005357953254133463,0.9755005836486816,0.007853836752474308,14.334139823913574,14.319377899169922,14.350866317749023,0.7866489887237549,0.8048090934753418,2.4878652095794678,0,4800,0.07737724483013153,3.7608180046081543
1787296682688,952,4,2,1,4796.65576171875,-166.71434020996094,1006.2346801757812,5.293118000030518,0.8047280311584473,5.272191524505615,0.2025294154882431,-5.980973720550537,6.479567527770996,2.4997165203094482,0.00476795295253396,0.9733442068099976,0.007446147967129946,14.331207275390625,14.314669609069824,14.343417167663574,0.7902472019195557,0.805016040802002,2.4856603145599365,0,4800,0.07743363827466965,3.543691396713257
1787296682709,953,4,2,1,4800.26220703125,78.78563690185547,907.5872192382812,4.598054885864258,1.1335285902023315,4.571320533752441,0.5126431584358215,-5.559854507446289,6.277444362640381,2.5013370513916016,0.004655784461647272,0.9717984795570374,0.007763832341879606,14.330057144165039,14.313959121704102,14.346695899963379,0.7895636558532715,0.8092148303985596,2.485659122467041,0,4800,0.07746431231498718,3.042612075805664
1787296682729,954,4,2,1,4800.16650390625,183.39413452148438,984.4150390625,5.294008731842041,1.0632033348083496,5.215921401977539,-0.23960590362548828,-6.453863143920898,7.342791557312012,2.4997737407684326,0.005128262564539909,0.9749253392219543,0.007260660175234079,14.333313941955566,14.315051078796387,14.349105834960938,0.7898122072219849,0.8040035367012024,2.4878652095794678,0,4800,0.07752861827611923,3.567685604095459
1787296682749,955,4,2,1,4796.1142578125,-262.8913879394531,932.5679931640625,4.958470821380615,0.8782421946525574,5.066096782684326,0.16941677033901215,-6.521842956542969,6.938391208648682,2.499812364578247,0.005226988811045885,0.9715778827667236,0.0067066471092402935,14.328023910522461,14.311078071594238,14.343156814575195,0.7901360392570496,0.8030384182929993,2.4878652095794678,0,4800,0.07757323235273361,3.3135275840759277
1787296682769,956,4,2,1,4800.7275390625,122.27208709716797,1022.8517456054688,4.492013931274414,1.0141465663909912,4.688198566436768,0.09623019397258759,-5.989616870880127,6.143656253814697,2.500722885131836,0.005131919868290424,0.9718353748321533,0.00826050154864788,14.335164070129395,14.320080757141113,14.35073184967041,0.7902926206588745,0.805650532245636,2.4878652095794678,0,4800,0.0776090919971466,2.978670120239258
1787296682789,957,4,2,1,4797.7021484375,-63.11186599731445,999.1902465820312,5.152044773101807,1.1053483486175537,5.298562049865723,-0.21714168787002563,-5.410126209259033,6.757439613342285,2.5003819465637207,0.004908668342977762,0.9731816053390503,0.007779035251587629,14.332662582397461,14.31075382232666,14.35091495513916,0.7907378673553467,0.8082596659660339,2.4900715351104736,0,4800,0.07766745239496231,3.456692934036255
1787296682809,958,4,2,1,4798.58544921875,-56.38101577758789,1008.2921752929688,4.772909641265869,1.0134806632995605,4.973708629608154,0.0293367151170969,-6.235846519470215,7.353034973144531,2.5010640621185303,0.006230132654309273,0.9712594747543335,0.010106801055371761,14.33038330078125,14.313075065612793,14.353066444396973,0.790351927280426,0.8046297430992126,2.4812490940093994,0,4800,0.0777035653591156,3.187004327774048
1787296682829,959,4,2,1,4800.95751953125,183.88424682617188,979.3106689453125,4.689794063568115,0.8579288721084595,4.923067569732666,0.11005849391222,-6.270231246948242,6.430102825164795,2.499687433242798,0.004602963104844093,0.9735568165779114,0.007662046235054731,14.336142539978027,14.321440696716309,14.347859382629395,0.7904350161552429,0.8027480840682983,2.490070104598999,0,4800,0.07774809747934341,3.1088309288024902
1787296682849,960,4,2,1,4796.95556640625,-163.68092346191406,821.1739501953125,4.958176612854004,1.0700949430465698,5.161828517913818,-0.27572283148765564,-5.565009593963623,6.557590007781982,2.4996533393859863,0.0054517341777682304,0.9728225469589233,0.008301529102027416,14.328831672668457,14.312019348144531,14.34476375579834,0.7899730801582336,0.7978388071060181,2.490070104598999,0,4800,0.07780333608388901,3.326587677001953
1787296682870,961,4,2,1,4801.4599609375,245.95947265625,890.3410034179688,5.046830177307129,1.2165892124176025,4.863348484039307,-0.2984260320663452,-6.021183013916016,7.160264015197754,2.500551462173462,0.005604092963039875,0.971703827381134,0.00876615196466446,14.332748413085938,14.304426193237305,14.344000816345215,0.789189875125885,0.8039288520812988,2.490070104598999,0,4800,0.07785777002573013,3.382648468017578
1787296682890,962,4,2,1,4799.0615234375,2.176971673965454,1049.151123046875,4.8284077644348145,1.0717740058898926,5.03923225402832,0.21200226247310638,-6.319278717041016,7.317322731018066,2.5001347064971924,0.004317149054259062,0.9733574390411377,0.007291053421795368,14.33603286743164,14.31831169128418,14.34837532043457,0.790693461894989,0.8032184839248657,2.490070104598999,0,4800,0.07788603752851486,3.2033464908599854
1787296682910,963,4,2,1,4798.07080078125,-115.30707550048828,903.5086669921875,4.699968338012695,1.0581060647964478,4.87845516204834,-0.30892547965049744,-5.906968116760254,5.995584011077881,2.5006983280181885,0.0060546486638486385,0.9734772443771362,0.00917593203485012,14.331062316894531,14.312837600708008,14.356849670410156,0.7898122072219849,0.8065416216850281,2.4878652095794678,0,4800,0.0779215395450592,3.1466903686523438
1787296682930,964,4,2,1,4801.4404296875,279.434326171875,984.4945068359375,5.400040626525879,1.29764986038208,5.085269451141357,-0.1147274300456047,-6.031317710876465,7.109989643096924,2.499638319015503,0.004149658139795065,0.9731560945510864,0.006453320384025574,14.330770492553711,14.307701110839844,14.343427658081055,0.7897117733955383,0.8077189326286316,2.4878652095794678,0,4800,0.07798495143651962,3.6254427433013916
1787296682950,965,4,2,1,4795.6904296875,-385.3567810058594,954.08837890625,4.683039665222168,1.0227149724960327,4.8631391525268555,0.7716131806373596,-6.0378289222717285,7.582742691040039,2.499105930328369,0.003915584646165371,0.9740753769874573,0.0061525641940534115,14.33189582824707,14.31698989868164,14.344715118408203,0.7900424599647522,0.8089222311973572,2.4856603145599365,0,4800,0.07799328118562698,3.0741419792175293
1787296682970,966,4,2,1,4800.361328125,115.4683609008789,913.9398193359375,5.1252288818359375,1.2909305095672607,4.868239402770996,-0.26980260014533997,-6.515003204345703,4.710587501525879,2.5006651878356934,0.004397532902657986,0.9726942777633667,0.006989837624132633,14.332457542419434,14.320528984069824,14.351174354553223,0.7886279821395874,0.808006227016449,2.4878652095794678,0,4800,0.07803427428007126,3.4322397708892822
1787296682990,967,4,2,1,4800.18603515625,165.8079071044922,1001.932861328125,5.106096267700195,1.1423804759979248,5.221363544464111,-0.1208198070526123,-6.336902618408203,7.174907684326172,2.499030828475952,0.004279435146600008,0.9743022322654724,0.006728074047714472,14.332014083862305,14.315921783447266,14.346457481384277,0.7915129065513611,0.8043490052223206,2.4878652095794678,0,4800,0.07809023559093475,3.4462087154388428
1787296683010,968,4,2,1,4797.603515625,-241.7738800048828,999.677978515625,4.849575042724609,0.966151237487793,4.661191463470459,0.32010650634765625,-6.20304536819458,6.223582744598389,2.501070976257324,0.004597348161041737,0.9719542860984802,0.007358848117291927,14.333870887756348,14.321099281311035,14.352266311645508,0.7876208424568176,0.8021994233131409,2.490070104598999,0,4800,0.07808113098144531,3.2181856632232666
1787296683030,969,4,2,1,4802.02587890625,316.7711181640625,977.3306274414062,4.966279029846191,1.2747353315353394,4.964664936065674,-0.9028317928314209,-6.3270673751831055,7.190389633178711,2.5000133514404297,0.004795163404196501,0.9745056629180908,0.007409877143800259,14.333317756652832,14.315471649169922,14.350419044494629,0.7900602221488953,0.8088467121124268,2.4878652095794678,0,4800,0.07814527302980423,3.335249423980713
1787296683051,970,4,2,1,4796.80859375,-209.533203125,827.0844116210938,4.746490955352783,1.0818877220153809,5.127616882324219,0.35423165559768677,-6.314253807067871,7.479342460632324,2.4996633529663086,0.0046790544874966145,0.9728095531463623,0.007034696638584137,14.331805229187012,14.316699981689453,14.343432426452637,0.7920282483100891,0.8074594736099243,2.4900715351104736,0,4800,0.0781792625784874,3.182154417037964
1787296683071,971,4,2,1,4800.24072265625,27.77243423461914,965.9042358398438,4.9820027351379395,1.0980656147003174,4.466278076171875,0.5177252292633057,-6.2880940437316895,6.287014961242676,2.5003528594970703,0.0045945607125759125,0.9736184477806091,0.006905659101903439,14.3330078125,14.317657470703125,14.350971221923828,0.787578821182251,0.8036136627197266,2.490070104598999,0,4800,0.0781831294298172,3.2977030277252197
1787296683091,972,4,2,1,4800.59521484375,172.75804138183594,1047.24365234375,5.042556285858154,0.9515146017074585,5.074223041534424,-0.3957195580005646,-5.964972496032715,6.321964740753174,2.4998488426208496,0.0057534268125891685,0.9741606116294861,0.008939136750996113,14.333467483520508,14.31623363494873,14.34911823272705,0.7906384468078613,0.8055356740951538,2.4878652095794678,0,4800,0.07823149859905243,3.3740193843841553
1787296683111,973,4,2,1,4796.67529296875,-268.6733703613281,934.5452880859375,4.754056453704834,1.1671427488327026,4.909468650817871,0.28115031123161316,-5.9535369873046875,7.260100364685059,2.500793218612671,0.00459586875513196,0.9713817834854126,0.0069642579182982445,14.3314847946167,14.314444541931152,14.34603214263916,0.7898368239402771,0.7967377305030823,2.4900715351104736,0,4800,0.07825343310832977,3.1824727058410645
1787296683131,974,4,2,1,4800.509765625,97.8066177368164,952.3333740234375,4.956541538238525,1.0716075897216797,4.763125896453857,0.051938075572252274,-6.154878616333008,7.610558986663818,2.5011212825775146,0.004357751924544573,0.9728665947914124,0.006380286067724228,14.335580825805664,14.317598342895508,14.3482084274292,0.7882447242736816,0.8081751465797424,2.4878652095794678,0,4800,0.07828108966350555,3.3037657737731934
1787296683151,975,4,2,1,4797.45556640625,-115.85629272460938,1043.982421875,5.082678318023682,1.066899061203003,5.231473922729492,-0.14678646624088287,-6.676025390625,7.447264194488525,2.499966621398926,0.004618621896952391,0.9734843969345093,0.007465836592018604,14.331162452697754,14.311455726623535,14.344005584716797,0.7910804748535156,0.8048260807991028,2.485659122467041,0,4800,0.07833396643400192,3.384153127670288
1787296683171,976,4,2,1,4800.74853515625,96.35233306884766,843.1720581054688,4.719151020050049,1.1764498949050903,4.652676582336426,0.0306992344558239,-5.671629905700684,6.384555816650391,2.5001132488250732,0.0058530960232019424,0.9720866084098816,0.008913261815905571,14.329549789428711,14.306856155395508,14.345392227172852,0.7893186807632446,0.8031684756278992,2.485659122467041,0,4800,0.07835633307695389,3.1647586822509766
1787296683192,977,4,2,1,4800.958984375,203.5758819580078,1070.177001953125,5.170081615447998,1.086480975151062,5.092465400695801,-0.10538432002067566,-5.926430702209473,6.594230651855469,2.4999446868896484,0.0046373694203794,0.9752345681190491,0.006224179640412331,14.334537506103516,14.312674522399902,14.351228713989258,0.7895462512969971,0.8023383617401123,2.4856603145599365,0,4800,0.07839053869247437,3.4648303985595703
1787296683212,978,4,2,1,4796.0009765625,-289.540283203125,929.7373657226562,4.98646354675293,0.8322334289550781,5.101931571960449,-0.0023139244876801968,-5.928898811340332,6.888286113739014,2.4990246295928955,0.005131727550178766,0.9733536243438721,0.007048408035188913,14.329256057739258,14.308834075927734,14.344026565551758,0.7899649143218994,0.8000935912132263,2.485659122467041,0,4800,0.07842906564474106,3.3254172801971436
1787296683232,979,4,2,1,4801.4736328125,200.06089782714844,985.0571899414062,4.568734645843506,1.3626551628112793,4.759679794311523,-0.16400864720344543,-6.413964748382568,7.614805221557617,2.5007264614105225,0.004811860620975494,0.9720447659492493,0.007918943651020527,14.333606719970703,14.316837310791016,14.34644889831543,0.7907394766807556,0.8074773550033569,2.490070104598999,0,4800,0.07847201824188232,3.058849573135376
1787296683252,980,4,2,1,4797.3564453125,-119.85031127929688,902.2806396484375,5.392894268035889,1.2411009073257446,5.3149189949035645,0.08774751424789429,-6.288753986358643,7.3405632972717285,2.4994428157806396,0.00492277042940259,0.9736674427986145,0.007825937122106552,14.334709167480469,14.316194534301758,14.355301856994629,0.7899011373519897,0.8065674901008606,2.4878652095794678,0,4800,0.07851136475801468,3.6270997524261475
1787296683272,981,4,2,1,4798.3837890625,-96.94256591796875,995.1531982421875,4.710718154907227,0.6810401678085327,4.853602886199951,0.06063254177570343,-6.164353370666504,6.742240905761719,2.5005486011505127,0.004719291813671589,0.9722930192947388,0.007769047282636166,14.3323335647583,14.311598777770996,14.354727745056152,0.7903847694396973,0.8049777150154114,2.490070104598999,0,4800,0.07854117453098297,3.131197452545166
1787296683292,982,4,2,1,4801.40771484375,206.06539916992188,916.1231079101562,4.792462348937988,1.0372626781463623,4.876372814178467,0.11770210415124893,-6.061257839202881,5.8034586906433105,2.500490188598633,0.0048494841903448105,0.9736123085021973,0.0069289845414459705,14.335797309875488,14.319808959960938,14.351959228515625,0.7906396985054016,0.8038144111633301,2.4878652095794678,0,4800,0.0785803273320198,3.1867012977600098
1787296683312,983,4,2,1,4796.82470703125,-239.05551147460938,916.4588012695312,4.882573127746582,1.2798335552215576,5.018285751342773,0.10958298295736313,-6.0107741355896,7.259720802307129,2.5005149841308594,0.004288780968636274,0.9723184108734131,0.006874608341604471,14.33228588104248,14.316510200500488,14.347168922424316,0.7891450524330139,0.7956739664077759,2.4878652095794678,0,4800,0.0786045491695404,3.2741105556488037
1787296683332,984,4,2,1,4800.4580078125,150.8070831298828,920.6683349609375,4.938266754150391,1.1587241888046265,5.002301216125488,-0.22469957172870636,-5.974370956420898,7.334011077880859,2.499690532684326,0.0050414009019732475,0.9724515676498413,0.007193376775830984,14.333051681518555,14.318754196166992,14.349037170410156,0.7898841500282288,0.8076965808868408,2.4878652095794678,0,4800,0.07865498960018158,3.312835693359375
1787296683352,985,4,2,1,4799.34033203125,52.45896911621094,1047.5283203125,4.843089580535889,1.0485209226608276,5.130063056945801,0.2550666928291321,-6.2665276527404785,7.368139266967773,2.4997854232788086,0.00405615009367466,0.9731459021568298,0.006394482217729092,14.333218574523926,14.309483528137207,14.34402847290039,0.7920927405357361,0.8067821264266968,2.490070104598999,0,4800,0.07870408147573471,3.213841438293457
1787296683372,986,4,2,1,4798.439453125,-137.5928497314453,901.94921875,4.699172496795654,1.1997349262237549,4.728269577026367,-0.3837849795818329,-5.859133720397949,6.057168483734131,2.4999215602874756,0.005259963683784008,0.9740811586380005,0.008481250144541264,14.333441734313965,14.32010269165039,14.349319458007812,0.788674533367157,0.8047932386398315,2.485659122467041,0,4800,0.07871192693710327,3.149237871170044
1787296683393,987,4,2,1,4801.03857421875,206.44461059570312,990.146240234375,5.055431365966797,1.287522315979004,5.056337356567383,-0.20434385538101196,-5.993648529052734,6.658540725708008,2.4994454383850098,0.004438355099409819,0.9739418029785156,0.00738887581974268,14.334975242614746,14.313516616821289,14.351872444152832,0.7900260090827942,0.8039278984069824,2.4878652095794678,0,4800,0.07875948399305344,3.401188611984253
1787296683412,988,4,2,1,4795.18359375,-399.9634094238281,968.7565307617188,5.062394142150879,1.1177749633789062,5.053682327270508,0.7033750414848328,-5.744876384735107,6.670670509338379,2.4993913173675537,0.004470693413168192,0.9737136363983154,0.007056655827909708,14.334640502929688,14.316967964172363,14.35168170928955,0.7892377972602844,0.8058791756629944,2.490070104598999,0,4800,0.0787837952375412,3.3438918590545654
1787296683433,989,4,2,1,4800.87646484375,161.19534301757812,885.31787109375,4.8673834800720215,1.2719988822937012,4.865298271179199,-0.913935124874115,-6.866412162780762,4.6133246421813965,2.500652313232422,0.0040706247091293335,0.9724096059799194,0.006952401250600815,14.334396362304688,14.316415786743164,14.345908164978027,0.789276659488678,0.7992889881134033,2.490070104598999,0,4800,0.07883244752883911,3.2774274349212646
1787296683453,990,4,2,1,4800.18115234375,148.41636657714844,1047.8717041015625,5.074248790740967,1.0938056707382202,5.228775978088379,-0.15076875686645508,-6.627196311950684,6.95578670501709,2.498976945877075,0.003628326812759042,0.9746566414833069,0.006116956006735563,14.333873748779297,14.320568084716797,14.351791381835938,0.7910441756248474,0.8038097620010376,2.4878652095794678,0,4800,0.07887732237577438,3.416482925415039
1787296683473,991,4,2,1,4797.689453125,-219.23849487304688,1031.60595703125,4.709603309631348,0.8577591776847839,4.7260637283325195,0.46288421750068665,-5.9439239501953125,6.633205890655518,2.5008130073547363,0.004492535721510649,0.9728320240974426,0.006823001429438591,14.331209182739258,14.313228607177734,14.34613037109375,0.788854718208313,0.803245484828949,2.4878652095794678,0,4800,0.07887614518404007,3.1132123470306396
1787296683493,992,4,2,1,4801.92919921875,275.5546875,948.1180419921875,4.715075492858887,0.9754088521003723,4.958478927612305,-0.5801569223403931,-6.08921480178833,5.7906270027160645,2.501142740249634,0.004525056574493647,0.9728333353996277,0.0065439497120678425,14.336403846740723,14.32017993927002,14.352791786193848,0.7904748916625977,0.807866632938385,2.4878652095794678,0,4800,0.07892418652772903,3.146479368209839
1787296683513,993,4,2,1,4796.947265625,-188.3657989501953,842.7044067382812,5.071345806121826,1.3305052518844604,5.277743339538574,0.3986782431602478,-6.25571870803833,6.608968257904053,2.4983580112457275,0.005063619930297136,0.9743662476539612,0.006910656113177538,14.332548141479492,14.313469886779785,14.345832824707031,0.7911811470985413,0.8079625368118286,2.481247901916504,0,4800,0.07896122336387634,3.4045939445495605
1787296683533,994,4,2,1,4799.9306640625,5.275041103363037,955.5750122070312,4.704382419586182,0.9105600118637085,4.710859298706055,0.2934703230857849,-6.387635231018066,6.848853588104248,2.5010478496551514,0.004140392877161503,0.9724889397621155,0.006274822633713484,14.333778381347656,14.317057609558105,14.34814453125,0.7891412973403931,0.799099862575531,2.490070104598999,0,4800,0.07896622270345688,3.1189985275268555
1787296683553,995,4,2,1,4800.24853515625,168.54737854003906,1039.6375732421875,5.121171951293945,0.9759557843208313,5.239286422729492,-0.4321450889110565,-5.999049186706543,6.1769866943359375,2.4981236457824707,0.005474928766489029,0.9763269424438477,0.008948798291385174,14.33571720123291,14.320350646972656,14.350449562072754,0.7909725308418274,0.8051872849464417,2.4856603145599365,0,4800,0.07903094589710236,3.421328067779541
1787296683574,996,4,2,1,4797.0224609375,-252.2400360107422,912.2845458984375,4.677004814147949,1.1636487245559692,4.86880350112915,0.2524496018886566,-6.037656784057617,6.835092544555664,2.5002424716949463,0.005403934512287378,0.9723341464996338,0.008476870134472847,14.331334114074707,14.316557884216309,14.347515106201172,0.7899160385131836,0.7988684773445129,2.485659122467041,0,4800,0.07904881238937378,3.1348390579223633
1787296683594,997,4,2,1,4800.53759765625,94.36840057373047,951.7222900390625,4.927002906799316,1.0514470338821411,4.808978080749512,0.05213449150323868,-6.051765441894531,7.448822021484375,2.501628875732422,0.004391381982713938,0.9711628556251526,0.007164741400629282,14.33859920501709,14.317649841308594,14.350939750671387,0.7882986664772034,0.8079274892807007,2.4944825172424316,0,4800,0.07906963676214218,3.286806106567383
1787296683614,998,4,2,1,4797.130859375,-131.45851135253906,1051.28564453125,5.250648021697998,1.0636097192764282,5.34221076965332,0.030395640060305595,-6.146852493286133,7.5218353271484375,2.499854803085327,0.004369904287159443,0.9728805422782898,0.006758452858775854,14.332621574401855,14.317955017089844,14.345616340637207,0.7907993793487549,0.8083726763725281,2.4878652095794678,0,4800,0.07912782579660416,3.492884397506714
1787296683634,999,4,2,1,4800.78271484375,118.92181396484375,834.9183959960938,4.647961139678955,1.207794189453125,4.7558112144470215,0.020051177591085434,-6.164727210998535,5.628686904907227,2.5006978511810303,0.005341577343642712,0.9711204767227173,0.00801650807261467,14.333560943603516,14.311488151550293,14.348786354064941,0.7900623083114624,0.804775059223175,2.4878652095794678,0,4800,0.07915730029344559,3.1094422340393066
1787296683654,1000,4,2,1,4800.70703125,171.14028930664062,974.90380859375,5.224364757537842,1.0331121683120728,5.122135162353516,-0.19384492933750153,-6.252598762512207,6.1943888664245605,2.4996349811553955,0.004825548268854618,0.9747363328933716,0.007161522749811411,14.337924003601074,14.321398735046387,14.351547241210938,0.7890289425849915,0.8008993864059448,2.485659122467041,0,4800,0.07919149100780487,3.517238140106201
1787296683674,1001,4,2,1,4796.685546875,-239.99009704589844,915.0066528320312,4.7592291831970215,0.7992560267448425,5.056774139404297,0.040000610053539276,-5.925496578216553,7.052831172943115,2.499573230743408,0.004243029281497002,0.9730815887451172,0.006225027143955231,14.33333969116211,14.310493469238281,14.347199440002441,0.790698230266571,0.8088053464889526,2.4878652095794678,0,4800,0.07923055440187454,3.163555145263672
1787296683694,1002,4,2,1,4801.068359375,118.18817901611328,1032.5654296875,4.496386528015137,1.142870306968689,4.691826343536377,0.10151676833629608,-6.009427070617676,7.362955570220947,2.501312494277954,0.004212362691760063,0.9711933732032776,0.007029133848845959,14.338918685913086,14.317085266113281,14.350852012634277,0.7903026938438416,0.8067923784255981,2.490070104598999,0,4800,0.07925362884998322,2.9870047569274902
1787296683714,1003,4,2,1,4797.4755859375,-109.13607025146484,911.5077514648438,5.35646390914917,1.3510756492614746,5.33035945892334,0.07004096359014511,-6.611257076263428,7.798893451690674,2.4996490478515625,0.0044941077940166,0.9735097885131836,0.007480887230485678,14.334321975708008,14.31523323059082,14.354147911071777,0.7900588512420654,0.8086309432983398,2.490070104598999,0,4800,0.07930103689432144,3.5952374935150146
1787296683734,1004,4,2,1,4798.55126953125,-110.57365417480469,1007.7327270507812,4.912294387817383,0.7964687347412109,4.932671070098877,-0.355034202337265,-6.082600116729736,5.766623497009277,2.4993882179260254,0.004984733182936907,0.9744876027107239,0.008155899122357368,14.336165428161621,14.316216468811035,14.35278606414795,0.7887694239616394,0.8056209087371826,2.4878652095794678,0,4800,0.07931656390428543,3.334289789199829
1787296683754,1005,4,2,1,4800.97021484375,177.3941192626953,927.7398071289062,5.006350040435791,1.0120309591293335,5.007815837860107,0.2749931812286377,-5.861507415771484,6.11529541015625,2.499931812286377,0.004841992165893316,0.9736853837966919,0.007935404777526855,14.336798667907715,14.320836067199707,14.351761817932129,0.7902666330337524,0.805759608745575,2.4900715351104736,0,4800,0.0793604776263237,3.337100028991699
1787296683775,1006,4,2,1,4797.00390625,-199.65052795410156,884.1432495117188,4.918080806732178,1.205804467201233,5.112318992614746,0.12222854048013687,-5.766844272613525,7.193984031677246,2.5007503032684326,0.00476448517292738,0.9722877740859985,0.007980461232364178,14.33348560333252,14.31418228149414,14.356882095336914,0.789867103099823,0.7974634170532227,2.4856603145599365,0,4800,0.07939759641885757,3.3006954193115234
1787296683795,1007,4,2,1,4801.82080078125,234.344482421875,928.5999145507812,4.714579105377197,1.2075680494308472,4.8364105224609375,-0.31574249267578125,-6.235043525695801,7.5331807136535645,2.5015459060668945,0.004127782769501209,0.9705857038497925,0.0065824599005281925,14.336524963378906,14.309762954711914,14.350894927978516,0.7899696230888367,0.8109754323959351,2.4878652095794678,0,4800,0.07943007349967957,3.152597427368164
1787296683815,1008,4,2,1,4799.1337890625,13.36623764038086,1087.1331787109375,4.814362525939941,1.011011004447937,5.160295009613037,0.20174503326416016,-6.210307598114014,7.420715808868408,2.5000689029693604,0.004249264020472765,0.9735329747200012,0.006525714881718159,14.337377548217773,14.323492050170898,14.357361793518066,0.7916070818901062,0.8030500411987305,2.490070104598999,0,4800,0.07946327328681946,3.1962924003601074
1787296683835,1009,4,2,1,4798.28759765625,-125.8082504272461,894.2714233398438,4.878971576690674,1.1809589862823486,4.86761999130249,-0.15724259614944458,-5.815579891204834,5.986818313598633,2.5014190673828125,0.005708876997232437,0.9718962907791138,0.009088405407965183,14.332952499389648,14.318925857543945,14.344682693481445,0.7893046140670776,0.8045663833618164,2.4878652095794678,0,4800,0.0794869214296341,3.271127223968506
1787296683855,1010,4,2,1,4801.416015625,244.803466796875,973.6178588867188,4.885531425476074,1.1075741052627563,5.078370571136475,-0.0769912451505661,-5.968062877655029,6.4418487548828125,2.499788999557495,0.003923435229808092,0.9733037352561951,0.006374572403728962,14.33847427368164,14.31240177154541,14.352231979370117,0.7911204695701599,0.8060802817344666,2.4878652095794678,0,4800,0.0795377567410469,3.278661012649536
1787296683875,1011,4,2,1,4795.78759765625,-366.4705810546875,955.14013671875,4.911959648132324,0.9007905721664429,4.988529682159424,0.6499712467193604,-6.0636210441589355,6.781437397003174,2.4989254474639893,0.003770860843360424,0.9742869734764099,0.005907054990530014,14.334721565246582,14.320916175842285,14.34598159790039,0.7897196412086487,0.8061914443969727,2.4878652095794678,0,4800,0.07954930514097214,3.2405383586883545
1787296683895,1012,4,2,1,4801.13232421875,155.57284545898438,926.564453125,4.647140979766846,1.1567637920379639,4.83247709274292,-0.4883717894554138,-5.892706394195557,4.376486778259277,2.5012259483337402,0.004240893293172121,0.9717112183570862,0.006928122602403164,14.337841987609863,14.327150344848633,14.351990699768066,0.7898250818252563,0.808838427066803,2.490070104598999,0,4800,0.07958043366670609,3.1022257804870605
1787296683915,1013,4,2,1,4799.98095703125,148.23721313476562,1020.7941284179688,5.224240303039551,1.3398836851119995,5.3624444007873535,-0.03645433112978935,-6.25241756439209,7.456902503967285,2.499541997909546,0.004440643824636936,0.9737765192985535,0.007319976110011339,14.334953308105469,14.316731452941895,14.34798812866211,0.7914247512817383,0.8073128461837769,2.4878652095794678,0,4800,0.07963394373655319,3.5236802101135254
1787296683935,1014,4,2,1,4797.78759765625,-194.67501831054688,989.9055786132812,4.802907943725586,0.8113005757331848,4.816502094268799,0.4385852515697479,-6.083165645599365,7.015115261077881,2.5013368129730225,0.003378445515409112,0.9711326956748962,0.005741728004068136,14.3355131149292,14.318217277526855,14.35075855255127,0.7890639305114746,0.8029025793075562,2.492276430130005,0,4800,0.07963760942220688,3.1831166744232178
1787296683956,1015,4,2,1,4802.419921875,303.02667236328125,906.448486328125,4.916754722595215,0.9909396171569824,4.872308731079102,-0.9282547831535339,-6.599729061126709,7.224246025085449,2.5003950595855713,0.006497393362224102,0.9741324186325073,0.009373352862894535,14.338151931762695,14.31774616241455,14.348410606384277,0.788955807685852,0.8009309768676758,2.485659122467041,0,4800,0.07967927306890488,3.3754923343658447
1787296683976,1016,4,2,1,4797.1962890625,-198.96908569335938,914.5785522460938,5.296157360076904,1.3415709733963013,5.220935344696045,0.32722675800323486,-6.660590171813965,6.7766571044921875,2.4970486164093018,0.005828772205859423,0.9763856530189514,0.008527897298336029,14.333444595336914,14.30627727508545,14.347907066345215,0.7897137403488159,0.8056438565254211,2.4878652095794678,0,4800,0.07969655096530914,3.554950714111328
1787296683996,1017,4,2,1,4800.400390625,19.67636489868164,975.9957275390625,4.684112071990967,1.127655029296875,4.4911956787109375,0.5974506735801697,-6.27262020111084,6.497257232666016,2.5011537075042725,0.0030597227159887552,0.9714835286140442,0.005342314951121807,14.337636947631836,14.31905746459961,14.353693962097168,0.7873426079750061,0.803493082523346,2.4944825172424316,0,4800,0.07969340682029724,3.2405591011047363
1787296684016,1018,4,2,1,4800.82763671875,210.57852172851562,1036.72119140625,5.15571928024292,1.076725959777832,5.21292781829834,-0.43411844968795776,-5.66148042678833,6.849092483520508,2.5002334117889404,0.004643793683499098,0.973688006401062,0.006980324164032936,14.33623218536377,14.316861152648926,14.352783203125,0.7905279994010925,0.8078980445861816,2.4878652095794678,0,4800,0.07974865287542343,3.4733972549438477
1787296684036,1019,4,2,1,4796.76513671875,-258.2872314453125,944.8893432617188,4.832638263702393,1.061295747756958,5.004331111907959,0.3192731440067291,-6.2427659034729,7.5214924812316895,2.49942684173584,0.004482917953282595,0.9727819561958313,0.0062586721032857895,14.33211612701416,14.313886642456055,14.350053787231445,0.7903032898902893,0.7975852489471436,2.4878652095794678,0,4800,0.07977073639631271,3.237828493118286
1787296684056,1020,4,2,1,4801.1708984375,110.44770050048828,970.2152099609375,4.6992926597595215,0.9833722114562988,4.656937122344971,0.11281801015138626,-6.276622772216797,7.250441074371338,2.5005667209625244,0.004650433547794819,0.973156750202179,0.0070190466940402985,14.33881664276123,14.320867538452148,14.355632781982422,0.788787305355072,0.807228147983551,2.4878652095794678,0,4800,0.0797758623957634,3.1225242614746094
1787296684076,1021,4,2,1,4797.69677734375,-129.2975311279297,1047.4283447265625,4.8741865158081055,1.0743470191955566,5.225499153137207,-0.12516462802886963,-6.631627082824707,7.302349090576172,2.498689651489258,0.005511838011443615,0.9742240905761719,0.008043576031923294,14.33663272857666,14.323018074035645,14.35004711151123,0.7912358641624451,0.8041558861732483,2.4856603145599365,0,4800,0.07980991154909134,3.2433555126190186
1787296684097,1022,4,2,1,4800.3525390625,72.20494079589844,787.1510620117188,4.705209255218506,1.141015887260437,4.841651916503906,0.093145452439785,-5.711135387420654,6.059502601623535,2.500575542449951,0.005987217649817467,0.9710056185722351,0.008659148588776588,14.332315444946289,14.313684463500977,14.347697257995605,0.7906021475791931,0.8001759052276611,2.4878652095794678,0,4800,0.07983525097370148,3.1595659255981445
1787296684117,1023,4,2,1,4801.50537109375,224.85330200195312,1041.4473876953125,5.073300361633301,1.0404049158096313,5.039338111877441,0.05108704790472984,-5.921041965484619,7.292168617248535,2.5008738040924072,0.004803214222192764,0.973497211933136,0.006649683695286512,14.337309837341309,14.313641548156738,14.353352546691895,0.7900635004043579,0.806403636932373,2.490070104598999,0,4800,0.07986120879650116,3.3889293670654297
1787296684137,1024,4,2,1,4796.97265625,-280.5254821777344,959.7470092773438,4.816196918487549,0.9620089530944824,4.89389705657959,0.138278529047966,-6.154382705688477,6.130849838256836,2.4990339279174805,0.004472512286156416,0.9731249809265137,0.005956531967967749,14.337381362915039,14.314455032348633,14.350008010864258,0.7891565561294556,0.8080787062644958,2.4856603145599365,0,4800,0.07986783236265182,3.198996067047119
1787296684157,1025,4,2,1,4801.53076171875,194.34559631347656,976.2041015625,4.546239376068115,1.3206018209457397,4.851689338684082,-0.1928217113018036,-6.341115474700928,7.908371448516846,2.500530481338501,0.003722352674230933,0.972453236579895,0.006118504796177149,14.334752082824707,14.314477920532227,14.343476295471191,0.7912147045135498,0.8064948916435242,2.490070104598999,0,4800,0.07990245521068573,3.049985647201538
1787296684177,1026,4,2,1,4798.66552734375,-40.658111572265625,1023.4636840820312,5.464452266693115,1.3085238933563232,5.094491481781006,0.2532126009464264,-5.865060329437256,6.902949810028076,2.498767852783203,0.005383030045777559,0.9759016633033752,0.008346067741513252,14.332480430603027,14.317005157470703,14.349909782409668,0.7885703444480896,0.8041890859603882,2.4834542274475098,0,4800,0.07992400974035263,3.749041795730591
1787296684197,1027,4,2,1,4798.87451171875,-133.8354949951172,1005.2672119140625,4.38507080078125,1.077329397201538,4.649346828460693,-0.22906240820884705,-6.047954082489014,6.251097679138184,2.5009846687316895,0.004025895148515701,0.9729674458503723,0.006272026803344488,14.334308624267578,14.318231582641602,14.35198974609375,0.7894931435585022,0.8085194230079651,2.4944825172424316,0,4800,0.07991798967123032,2.919344902038574
1787296684218,1028,4,2,1,4801.3818359375,219.81430053710938,981.6505737304688,5.254520416259766,1.7488398551940918,5.0353684425354,0.14408080279827118,-6.2961554527282715,6.610832691192627,2.5002269744873047,0.0053262910805642605,0.9730755686759949,0.008787397295236588,14.331968307495117,14.318708419799805,14.344380378723145,0.7897310853004456,0.8044994473457336,2.4878652095794678,0,4800,0.07995923608541489,3.532172918319702
1787296684238,1029,4,2,1,4796.11376953125,-352.2561340332031,910.4083862304688,4.959188461303711,0.965004026889801,4.979498386383057,0.5895358920097351,-6.415030479431152,6.714935779571533,2.5000321865081787,0.004446431528776884,0.9726623892784119,0.006908325012773275,14.335038185119629,14.31910514831543,14.356800079345703,0.7891656160354614,0.8031410574913025,2.4878652095794678,0,4800,0.07996015250682831,3.2880399227142334
1787296684258,1030,4,2,1,4801.1064453125,143.86497497558594,978.9271850585938,4.518134593963623,1.0511398315429688,4.8304829597473145,-0.47470125555992126,-5.874644756317139,5.417300224304199,2.5004992485046387,0.004334378056228161,0.9723540544509888,0.007162704132497311,14.338861465454102,14.321393966674805,14.354421615600586,0.7904592752456665,0.8064294457435608,2.4878652095794678,0,4800,0.07998811453580856,3.006718873977661
1787296684278,1031,4,2,1,4800.6513671875,183.52406311035156,1066.2410888671875,5.067447185516357,1.2685450315475464,5.274890422821045,0.14523360133171082,-5.805019855499268,6.856000900268555,2.4984610080718994,0.004920337814837694,0.9746571779251099,0.007351761218160391,14.335562705993652,14.318013191223145,14.34997844696045,0.7924315333366394,0.8087344169616699,2.4878652095794678,0,4800,0.08003392070531845,3.4061925411224365
1787296684298,1032,4,2,1,4798.302734375,-178.3460235595703,992.751953125,4.545852184295654,1.1058334112167358,4.727328777313232,0.2762414216995239,-6.374547004699707,7.531503677368164,2.501100540161133,0.004753905348479748,0.9724844098091125,0.007437308318912983,14.335310935974121,14.31743049621582,14.354876518249512,0.7890515327453613,0.7984203100204468,2.492276430130005,0,4800,0.08002325147390366,3.0226478576660156
1787296684318,1033,4,2,1,4801.23681640625,199.6457061767578,919.7318115234375,4.827403545379639,0.9348282814025879,5.020266532897949,-0.33767858147621155,-6.4436936378479,7.353456974029541,2.5003747940063477,0.0040552811697125435,0.9723566770553589,0.00655604200437665,14.336357116699219,14.318376541137695,14.34906005859375,0.790863573551178,0.8053150773048401,2.4878652095794678,0,4800,0.08006488531827927,3.2123754024505615
1787296684338,1034,4,2,1,4796.8232421875,-251.24758911132812,871.0878295898438,4.798601150512695,1.15565025806427,5.058840751647949,0.4512033462524414,-5.5009355545043945,6.446230411529541,2.49961519241333,0.005029101390391588,0.9723731875419617,0.007150453981012106,14.333954811096191,14.301473617553711,14.343596458435059,0.7914320826530457,0.8040883541107178,2.492276430130005,0,4800,0.0800936296582222,3.1872265338897705
1787296684358,1035,4,2,1,4800.931640625,91.16313934326172,816.123046875,4.887752532958984,1.1968897581100464,4.698487758636475,-0.17152449488639832,-5.807500839233398,6.475742816925049,2.499910593032837,0.004036659374833107,0.9729991555213928,0.006523451302200556,14.335602760314941,14.316457748413086,14.35346508026123,0.7879988551139832,0.797805905342102,2.4878652095794678,0,4800,0.08009476959705353,3.28869891166687
1787296684378,1036,4,2,1,4800.220703125,113.81876373291016,1068.310302734375,4.923068046569824,1.159252405166626,5.179854869842529,-0.3415718376636505,-5.865209579467773,7.168060302734375,2.498934507369995,0.003298631403595209,0.9744417667388916,0.005180516745895147,14.338310241699219,14.315787315368652,14.352102279663086,0.7910849452018738,0.8082513213157654,2.4878652095794678,0,4800,0.08012895286083221,3.2838220596313477
1787296684398,1037,4,2,1,4797.6064453125,-229.88238525390625,975.0802001953125,4.603731155395508,1.0378062725067139,4.817614555358887,0.38879919052124023,-5.640132904052734,6.138835430145264,2.5007824897766113,0.0043504368513822556,0.9713475108146667,0.006657212506979704,14.33515453338623,14.319720268249512,14.348255157470703,0.7899302244186401,0.8090580701828003,2.4878652095794678,0,4800,0.08013569563627243,3.0439822673797607
1787296684418,1038,4,2,1,4801.71240234375,266.2607727050781,914.3469848632812,4.9180402755737305,1.1452364921569824,5.071876525878906,-0.4316279888153076,-6.496006965637207,7.218916893005371,2.501936674118042,0.00491373660042882,0.9724515676498413,0.0063071041367948055,14.336223602294922,14.308809280395508,14.349410057067871,0.7903140783309937,0.8049826622009277,2.490070104598999,0,4800,0.08018501102924347,3.3085575103759766
1787296684439,1039,4,2,1,4797.03564453125,-179.2683868408203,948.8905029296875,5.134819507598877,0.8891015648841858,5.3005452156066895,0.13582392036914825,-6.162623882293701,6.342761993408203,2.498044729232788,0.0059544844552874565,0.9747382402420044,0.008629356510937214,14.333170890808105,14.310447692871094,14.347318649291992,0.7910130023956299,0.8018967509269714,2.4878652095794678,0,4800,0.08021949976682663,3.448509931564331
1787296684459,1040,4,2,1,4800.49951171875,29.213056564331055,986.9501342773438,4.402634143829346,1.0201270580291748,4.62773323059082,0.3485444486141205,-5.693680286407471,6.605689525604248,2.50138521194458,0.004790544509887695,0.971168577671051,0.008209442719817162,14.336188316345215,14.317694664001465,14.355469703674316,0.7901171445846558,0.8070705533027649,2.4878652095794678,0,4800,0.08022056519985199,2.906919002532959
1787296684479,1041,4,2,1,4800.79931640625,196.99082946777344,993.1979370117188,4.997832298278809,1.1088321208953857,5.238243103027344,-0.46078765392303467,-5.525169372558594,7.013296604156494,2.4994966983795166,0.005515044555068016,0.9750691056251526,0.008219453506171703,14.335087776184082,14.314920425415039,14.353419303894043,0.7915076613426208,0.8071467876434326,2.4878652095794678,0,4800,0.08027196675539017,3.354935884475708
1787296684499,1042,4,2,1,4796.89892578125,-259.8587951660156,981.6741333007812,4.830716133117676,0.9855138659477234,4.979771137237549,0.22627145051956177,-6.267903804779053,7.591339111328125,2.5005054473876953,0.0046412101946771145,0.9709601402282715,0.006154363974928856,14.333673477172852,14.312865257263184,14.350385665893555,0.7898271679878235,0.7970960140228271,2.4900715351104736,0,4800,0.08029021322727203,3.230483293533325
1787296684519,1043,4,2,1,4800.5390625,53.749393463134766,969.9256591796875,4.712188720703125,0.8164358139038086,4.738827228546143,0.18101759254932404,-6.239889621734619,7.110963821411133,2.501539945602417,0.004515163600444794,0.971747875213623,0.00705787492915988,14.340214729309082,14.320030212402344,14.358551979064941,0.7888314723968506,0.8061188459396362,2.4878652095794678,0,4800,0.08029995858669281,3.1234970092773438
1787296684539,1044,4,2,1,4797.60693359375,-103.97258758544922,1013.5543823242188,5.069371223449707,1.0138963460922241,5.3519086837768555,-0.12044910341501236,-6.123478889465332,6.719697952270508,2.499152898788452,0.005115073639899492,0.9746835827827454,0.00864484068006277,14.333174705505371,14.31623363494873,14.350321769714355,0.7916313409805298,0.8043457269668579,2.4878652095794678,0,4800,0.08035221695899963,3.3823513984680176
1787296684559,1045,4,2,1,4800.65283203125,65.34175109863281,815.3348999023438,4.608050346374512,1.259338617324829,4.721233367919922,0.061033204197883606,-5.870325088500977,6.304438591003418,2.49959659576416,0.005035873968154192,0.9729692339897156,0.00757933035492897,14.333281517028809,14.312438011169434,14.348365783691406,0.7899800539016724,0.802424430847168,2.4878652095794678,0,4800,0.08036012947559357,3.0992319583892822
1787296684580,1046,4,2,1,4801.5322265625,203.56765747070312,1041.6170654296875,5.099930286407471,1.1487035751342773,5.004867076873779,0.10462360829114914,-6.114141464233398,7.455678462982178,2.4993181228637695,0.005272584035992622,0.9753748774528503,0.007864095270633698,14.338933944702148,14.31920051574707,14.357695579528809,0.7893393039703369,0.7990584969520569,2.4878652095794678,0,4800,0.08037548512220383,3.39339542388916
1787296684599,1047,4,2,1,4797.00048828125,-248.36146545410156,895.9234619140625,4.814788341522217,1.0149811506271362,5.025077819824219,-0.0906330943107605,-5.860544681549072,6.053760528564453,2.499819040298462,0.005417443811893463,0.9725422263145447,0.008204581215977669,14.333620071411133,14.318788528442383,14.349224090576172,0.7900647521018982,0.8085533380508423,2.490070104598999,0,4800,0.08039642870426178,3.202575922012329
1787296684620,1048,4,2,1,4801.64892578125,196.84608459472656,954.8154296875,4.615993976593018,1.4279165267944336,4.845297813415527,-0.14172233641147614,-6.465624809265137,7.687086582183838,2.501267194747925,0.004778693430125713,0.9711350202560425,0.007948965765535831,14.338340759277344,14.319887161254883,14.349939346313477,0.7904492020606995,0.8064541816711426,2.4878652095794678,0,4800,0.08042727410793304,3.0982325077056885
1787296684639,1049,4,2,1,4798.0576171875,-87.26473236083984,977.0590209960938,5.301774501800537,1.0979316234588623,5.289164066314697,0.22261843085289001,-6.3526997566223145,6.6386027336120605,2.4993534088134766,0.004808581899851561,0.9745127558708191,0.007797325029969215,14.33642578125,14.323338508605957,14.353438377380371,0.789967954158783,0.8049718141555786,2.4878652095794678,0,4800,0.08045412600040436,3.5526652336120605
1787296684660,1050,4,2,1,4798.47607421875,-118.41059112548828,1003.9742431640625,4.698172569274902,0.7287415266036987,4.879969120025635,-0.09273780137300491,-5.936607360839844,6.80034875869751,2.500509262084961,0.0039980108849704266,0.9727015495300293,0.0066909343004226685,14.335258483886719,14.315515518188477,14.35496997833252,0.7900636792182922,0.8068268299102783,2.485659122467041,0,4800,0.08047210425138474,3.1213953495025635
1787296684680,1051,4,2,1,4801.7373046875,239.7810516357422,930.9661254882812,4.829381465911865,1.10727858543396,5.008752346038818,0.12178786844015121,-5.3461408615112305,7.1444478034973145,2.499980926513672,0.005129286088049412,0.9737181663513184,0.008095637895166874,14.337911605834961,14.321436882019043,14.351567268371582,0.7912635803222656,0.8067987561225891,2.4878652095794678,0,4800,0.08051320910453796,3.2249960899353027
1787296684700,1052,4,2,1,4796.6484375,-266.427734375,893.7857666015625,5.111301898956299,1.1810344457626343,5.109048366546631,0.21618421375751495,-6.139686107635498,7.26781702041626,2.49996280670166,0.0038915984332561493,0.9732773900032043,0.006377860438078642,14.334061622619629,14.31666374206543,14.355817794799805,0.7888625860214233,0.796409010887146,2.492276430130005,0,4800,0.08052867650985718,3.428903818130493
1787296684720,1053,4,2,1,4801.03515625,156.94224548339844,933.5958251953125,4.82144021987915,1.0024467706680298,4.937252998352051,-0.3346540629863739,-6.649148941040039,7.909608840942383,2.5003373622894287,0.004926648922264576,0.9721617698669434,0.007650518324226141,14.336362838745117,14.323588371276855,14.350242614746094,0.7897769212722778,0.8069531321525574,2.4878652095794678,0,4800,0.08055971562862396,3.216003656387329
1787296684740,1054,4,2,1,4800.08154296875,95.80601501464844,1072.4683837890625,5.071369171142578,0.9440798759460449,5.159481048583984,0.1725074052810669,-6.291502952575684,6.41080904006958,2.499788999557495,0.004463650286197662,0.9734216332435608,0.0073259868659079075,14.336984634399414,14.31862735748291,14.348388671875,0.7910456657409668,0.802895724773407,2.4878652095794678,0,4800,0.08059539645910263,3.382248878479004
1787296684760,1055,4,2,1,4798.63671875,-132.0083465576172,852.9488525390625,4.817500591278076,1.1830521821975708,4.8107218742370605,-0.15080119669437408,-5.899563789367676,6.702096462249756,2.500615358352661,0.005372636951506138,0.9735879302024841,0.007948980666697025,14.33353328704834,14.307063102722168,14.356715202331543,0.7888216376304626,0.799999475479126,2.490070104598999,0,4800,0.08059626817703247,3.238158941268921
1787296684780,1056,4,2,1,4801.75146484375,232.4261932373047,979.0416259765625,4.988236904144287,1.096805214881897,5.01774787902832,-0.1867581307888031,-6.019679069519043,7.3562116622924805,2.500051259994507,0.004926272667944431,0.9741410613059998,0.007242713123559952,14.334390640258789,14.319719314575195,14.347469329833984,0.7901892066001892,0.8067914247512817,2.4878652095794678,0,4800,0.08062548190355301,3.3408656120300293
1787296684800,1057,4,2,1,4796.03271484375,-360.68035888671875,925.7958374023438,4.992362022399902,1.1474155187606812,5.004948616027832,0.9839752316474915,-4.857796669006348,7.6408257484436035,2.5002493858337402,0.0051915086805820465,0.9722288846969604,0.008058184757828712,14.334370613098145,14.319539070129395,14.35123062133789,0.7894609570503235,0.8035591244697571,2.4878652095794678,0,4800,0.08063239604234695,3.426386833190918
1787296684821,1058,4,2,1,4800.86279296875,103.22569274902344,821.6466674804688,5.103972434997559,1.0170828104019165,4.7166619300842285,-0.22455571591854095,-6.269366264343262,6.415422439575195,2.501689910888672,0.005178054794669151,0.9722365736961365,0.007502012886106968,14.337474822998047,14.320635795593262,14.351446151733398,0.7867771983146667,0.7995550632476807,2.4900715351104736,0,4800,0.08065018057823181,3.519718647003174
1787296684841,1059,4,2,1,4800.5478515625,151.42849731445312,1076.1719970703125,5.405690670013428,1.0007485151290894,5.28959321975708,-0.33354732394218445,-5.926455020904541,8.323321342468262,2.499293565750122,0.004012018907815218,0.975043773651123,0.006406337954103947,14.339967727661133,14.318726539611816,14.355838775634766,0.7893548607826233,0.8046334385871887,2.490070104598999,0,4800,0.08068621158599854,3.707806348800659
1787296684861,1060,4,2,1,4797.61474609375,-247.35325622558594,990.6815185546875,4.617251396179199,1.11045241355896,4.807367324829102,0.3831067681312561,-5.538389682769775,6.258512020111084,2.501142978668213,0.003665814409032464,0.9714915156364441,0.006127841304987669,14.33784008026123,14.321085929870605,14.35037899017334,0.789527416229248,0.8074292540550232,2.490070104598999,0,4800,0.08068489283323288,3.069028615951538
1787296684881,1061,4,2,1,4801.88037109375,269.6145324707031,932.4009399414062,5.095517158508301,1.200844407081604,5.053840160369873,-0.3888262212276459,-6.220401763916016,6.64265251159668,2.50028657913208,0.005896752700209618,0.9754921793937683,0.0077142552472651005,14.338279724121094,14.32241439819336,14.353937149047852,0.7892603278160095,0.8034563064575195,2.4834542274475098,0,4800,0.08072805404663086,3.4293642044067383
1787296684901,1062,4,2,1,4797.0400390625,-187.09927368164062,984.0593872070312,5.1223835945129395,0.8913507461547852,5.319508075714111,0.16809619963169098,-6.136538982391357,6.552225589752197,2.499283790588379,0.004284145776182413,0.9725361466407776,0.0051698205061256886,14.336384773254395,14.320876121520996,14.355033874511719,0.7910475730895996,0.8043811917304993,2.4878652095794678,0,4800,0.08075758814811707,3.432006597518921
1787296684921,1063,2,2,2,4773.3955078125,-1537.867431640625,1194.7276611328125,0.6405614614486694,1.4416791200637817,0.6467279195785522,0.0874425545334816,-5.887649059295654,5.232570171356201,2.1028754711151123,0.16448974609375,0.13163037598133087,0.2509559094905853,14.449450492858887,14.36214542388916,14.487874031066895,0.7385007739067078,0.7621036171913147,1.9320282936096191,0,4800,0,0.3922952115535736
1787296684942,1064,2,2,2,4703.5791015625,-3446.60791015625,1510.1424560546875,0.05176843702793121,0.9899407029151917,0.07862701267004013,0.23992659151554108,-5.85633659362793,5.397736549377441,1.8127877712249756,0.12579552829265594,0.01600317843258381,0.06251673400402069,14.522665023803711,14.48381233215332,14.560454368591309,0.6901302337646484,0.7146590948104858,1.7114579677581787,0,4800,0,-0.01638486422598362
1787296684962,1065,2,2,2,4612.6171875,-4494.0908203125,1335.03662109375,0.011304366402328014,0.9146799445152283,0.009559206664562225,-0.5103540420532227,-4.962963104248047,6.284602165222168,1.6200534105300903,0.08731508255004883,0.0019456131849437952,0.011491801589727402,14.558223724365234,14.542657852172852,14.581308364868164,0.6474719047546387,0.6682773232460022,1.54823637008667,0,4800,0,-0.032336682081222534
1787296684981,1066,2,2,2,4491.97998046875,-6091.15869140625,1584.3563232421875,-0.11917151510715485,1.0722376108169556,0.0011621761368587613,0.6471967697143555,-4.749750137329102,6.138535499572754,1.475693941116333,0.06518454849720001,0.00023654110555071384,0.0018702169181779027,14.57911205291748,14.557923316955566,14.596874237060547,0.6098378300666809,0.6287196278572083,1.4136879444122314,0,4800,0,-0.1359461098909378
1787296685002,1067,2,2,2,4383.51123046875,-5378.72705078125,1536.218994140625,-0.07078918814659119,1.0891963243484497,0.00014129345072433352,-0.0790085643529892,-5.590097904205322,4.530910968780518,1.35693359375,0.05300234258174896,0.000028757880500052124,0.00028489044052548707,14.596670150756836,14.5778169631958,14.61596965789795,0.5763599276542664,0.5924112796783447,1.3056089878082275,0,4800,0,-0.06765864044427872
1787296685022,1068,2,2,2,4260.845703125,-5890.8681640625,1319.571044921875,0.10615738481283188,0.9173139333724976,0.00001717798295430839,0.15907880663871765,-5.25130558013916,4.674484729766846,1.255918025970459,0.04414580762386322,0.0000034962870358867804,0.00004162860568612814,14.598508834838867,14.581375122070312,14.618101119995117,0.5437713265419006,0.5570632815361023,1.2173808813095093,0,4800,0,0.011087403632700443
1787296685042,1069,2,2,2,4135.34033203125,-6421.56591796875,1589.889892578125,-0.007225674577057362,1.0227404832839966,0.0000020884415334876394,0.05511904135346413,-4.251919746398926,4.549133777618408,1.165528655052185,0.04112786427140236,4.250668439453875e-7,0.0000059111989685334265,14.597082138061523,14.580753326416016,14.614906311035156,0.5139871835708618,0.5282352566719055,1.1225353479385376,0,4800,0,-0.031135493889451027
1787296685062,1070,2,2,2,4020.898681640625,-5886.8046875,1852.9771728515625,0.03279951959848404,0.8370746374130249,2.539057106787368e-7,0.28822988271713257,-3.8070790767669678,4.452627658843994,1.086787462234497,0.035831812769174576,5.1678195944759864e-8,8.220201266340155e-7,14.599671363830566,14.582114219665527,14.616035461425781,0.48762261867523193,0.5027705430984497,1.0475419759750366,0,4800,0,-0.019637975841760635
1787296685082,1071,2,2,2,3916.9736328125,-4875.34423828125,1864.8369140625,0.0840323269367218,0.7809036374092102,3.086900690618677e-8,-0.3621707558631897,-3.9004151821136475,4.591557025909424,1.0239849090576172,0.02837665006518364,6.282860898210174e-9,1.1250416775965277e-7,14.595327377319336,14.584228515625,14.608020782470703,0.4627620577812195,0.4764167368412018,0.9990167617797852,0,4800,0,0.014669635333120823
1787296685102,1072,2,2,2,3809.88330078125,-4672.537109375,1604.2449951171875,0.01713215373456478,0.6370860934257507,3.752949950808215e-9,-0.4767638146877289,-3.6841862201690674,3.2128868103027344,0.9655604958534241,0.02597190998494625,7.638492061090574e-10,1.5205577241772517e-8,14.583446502685547,14.56875991821289,14.594636917114258,0.4376833736896515,0.44748660922050476,0.9350506067276001,0,4800,0,-0.012617533095180988
1787296685122,1073,2,2,2,3698.1689453125,-5339.43408203125,2053.11474609375,-0.09885375946760178,0.6650290489196777,4.562710209654597e-10,-0.10113697499036789,-3.5284664630889893,2.855201482772827,0.9131195545196533,0.023298043757677078,9.286624247373254e-11,2.034375556903001e-9,14.579238891601562,14.56451416015625,14.593456268310547,0.41351398825645447,0.4234072268009186,0.8843191862106323,0,4800,0,-0.04782477766275406
1787296685143,1074,2,2,2,3593.77783203125,-5527.970703125,1983.326904296875,0.00037068079109303653,0.5601425766944885,5.547189096954952e-11,0.3551672697067261,-2.5846102237701416,3.0231776237487793,0.866422712802887,0.020663656294345856,1.1290367078753416e-11,2.6991328616610133e-10,14.575282096862793,14.56391429901123,14.591787338256836,0.3907751142978668,0.40044522285461426,0.8402050733566284,0,4800,0,0.004515882581472397
1787296685163,1075,2,2,2,3497.682861328125,-5413.61767578125,1809.92333984375,-0.15830564498901367,0.5466687679290771,6.744086625959378e-12,0.21310077607631683,-2.59212589263916,2.746452569961548,0.8217109441757202,0.020357787609100342,1.3726449447568068e-12,3.556044000929681e-11,14.566166877746582,14.557825088500977,14.587204933166504,0.37187856435775757,0.3844396770000458,0.7960910201072693,0,4800,0,-0.06260557472705841
1787296685183,1076,2,2,2,3408.04541015625,-5122.6455078125,1540.1126708984375,-0.013448948971927166,0.6042588949203491,8.199235019233642e-13,0.3901810050010681,-2.550771474838257,2.7050487995147705,0.7846182584762573,0.017313409596681595,1.668815232487228e-13,4.657081144332498e-12,14.563802719116211,14.558019638061523,14.576077461242676,0.3527876138687134,0.36486661434173584,0.7563894391059875,0,4800,0,-0.021042993292212486
1787296685203,1077,2,2,2,3325.01904296875,-4804.46923828125,1529.0714111328125,-0.03149509057402611,0.5014207363128662,9.96835467360728e-14,0.3979049026966095,-2.1231958866119385,2.036022663116455,0.7489529848098755,0.016475217416882515,2.0288900564485214e-14,6.067701137542347e-13,14.558684349060059,14.548857688903809,14.577716827392578,0.33560624718666077,0.34958964586257935,0.7255074977874756,0,4800,0,-0.026705985888838768
1787296685223,1078,2,2,2,3245.9482421875,-4467.89013671875,1711.275146484375,-0.031261004507541656,0.5732275247573853,1.211918986118634e-14,0.2998935282230377,-1.836199402809143,2.272596836090088,0.7152088284492493,0.015648772940039635,2.4666567159187464e-15,7.870239155478506e-14,14.548933029174805,14.538126945495605,14.565842628479004,0.31902581453323364,0.33138716220855713,0.6946281790733337,0,4800,0,-0.021185124292969704
1787296685243,1079,2,2,2,3169.253173828125,-4381.39892578125,1727.2020263671875,-0.1268981546163559,0.5307509303092957,1.4734102118588296e-15,0.45096635818481445,-2.1688332557678223,2.403869867324829,0.6822364926338196,0.015736287459731102,2.9988780628042837e-16,1.0168149417073835e-14,14.537976264953613,14.531335830688477,14.554190635681152,0.3036656677722931,0.31649479269981384,0.6615439057350159,0,4800,0,-0.04895724728703499
1787296685264,1080,2,2,2,3094.863525390625,-4417.72900390625,1701.119384765625,0.08281553536653519,0.47211116552352905,1.7913226145590335e-16,0.4683569669723511,-1.8358336687088013,2.3487589359283447,0.6526686549186707,0.014070224016904831,3.645935200064663e-17,1.309128171738858e-15,14.525614738464355,14.515115737915039,14.538848876953125,0.2884630560874939,0.3006330728530884,0.6350744366645813,0,4800,0,0.0029821244534105062
1787296685284,1081,2,2,2,3025.3662109375,-4309.04541015625,1886.1859130859375,0.02612556330859661,0.5580296516418457,2.177829571742683e-17,0.28012099862098694,-1.9545897245407104,2.421337366104126,0.6235741972923279,0.01369127631187439,4.432606131043009e-18,1.6802465519741468e-16,14.518186569213867,14.509230613708496,14.530261993408203,0.27412107586860657,0.28585079312324524,0.6064000129699707,0,4800,0,-0.004278640262782574
1787296685304,1082,2,2,2,2956.325927734375,-4513.11865234375,1783.686279296875,-0.17213651537895203,0.5461495518684387,2.6477321420931838e-18,0.2987389862537384,-1.8183863162994385,1.6721911430358887,0.5962778329849243,0.014618261717259884,5.389013965370323e-19,2.1505673531141604e-17,14.505738258361816,14.49264907836914,14.528410911560059,0.2613452970981598,0.272561639547348,0.5711095333099365,0,4800,0,-0.04898707941174507
1787296685324,1083,2,2,2,2894.41015625,-4355.27490234375,2163.6298828125,-0.09050004929304123,0.4543164372444153,3.2190237600686846e-19,0.23502375185489655,-1.7338240146636963,1.989155888557434,0.5711743235588074,0.012015387415885925,6.55178291565885e-20,2.7456231773245467e-18,14.497956275939941,14.487906455993652,14.511580467224121,0.24899399280548096,0.2592666745185852,0.5534636378288269,0,4800,0,-0.027067137882113457
1787296685344,1084,2,2,2,2837.4638671875,-3894.09033203125,2237.05615234375,-0.049178868532180786,0.38291335105895996,3.9135805016830394e-20,0.1333416849374771,-1.3695471286773682,1.395237684249878,0.5467105507850647,0.011125393211841583,7.965437490568815e-21,3.497344703786519e-19,14.489787101745605,14.48042106628418,14.503874778747559,0.2375800460577011,0.24662461876869202,0.5292016863822937,0,4800,0,-0.013906451873481274
1787296685364,1085,2,2,2,2788.58251953125,-2814.929931640625,2099.59716796875,-0.017476681619882584,0.3944333791732788,4.7579994289547014e-21,-0.26329120993614197,-1.4760721921920776,1.1778806447982788,0.523846447467804,0.009997574612498283,9.68411099855891e-22,4.445637288843925e-20,14.483187675476074,14.471190452575684,14.493836402893066,0.22740206122398376,0.23431792855262756,0.5093495845794678,0,4800,0,-0.006504884921014309
1787296685384,1086,2,2,2,2740.09716796875,-1635.75,1884.891357421875,0.10936786234378815,0.3377639353275299,5.78461680109628e-22,-0.43273600935935974,-1.5085045099258423,1.5741468667984009,0.5041457414627075,0.008910589851439,1.1773616481791524e-22,5.640330531703855e-21,14.474233627319336,14.465555191040039,14.479997634887695,0.21843959391117096,0.22265657782554626,0.4894987940788269,0,4800,0,0.014284325763583183
1787296685404,1087,2,2,2,2681.216064453125,-1309.888916015625,2449.02587890625,0.1090533658862114,0.37474727630615234,7.032743563877082e-23,-0.29969844222068787,-1.3498743772506714,1.767616868019104,0.4853970408439636,0.007924525998532772,1.4313967899934834e-23,7.14360477435156e-22,14.46957015991211,14.462967872619629,14.474448204040527,0.20920030772686005,0.21176372468471527,0.4740578234195709,0,4800,0,0.01503949798643589
1787296685424,1088,2,2,2,2609.527587890625,-2617.98681640625,2125.64404296875,0.03200417011976242,0.4069356620311737,8.550174628599236e-24,0.06064078211784363,-1.2425521612167358,1.3204580545425415,0.4624360501766205,0.009255790151655674,1.7402441174270143e-24,9.033004518704446e-23,14.464797973632812,14.453505516052246,14.470404624938965,0.19838561117649078,0.20359407365322113,0.4475909471511841,0,4800,0,0.0005028821178711951
1787296685445,1089,2,2,2,2546.571044921875,-3830.1357421875,1867.01318359375,-0.12204058468341827,0.48421135544776917,1.0395016377247446e-24,0.19307662546634674,-1.4036303758621216,1.425403118133545,0.44350218772888184,0.00902161281555891,2.115730124702444e-25,1.1405168740816283e-23,14.460610389709473,14.455914497375488,14.468017578125,0.18869687616825104,0.19785675406455994,0.4299437403678894,0,4800,0,-0.03257967159152031
1787296685465,1090,2,2,2,2503.4736328125,-3730.258056640625,2555.065185546875,-0.11642536520957947,0.3953160047531128,1.2637914084618945e-25,0.15003886818885803,-1.3488773107528687,1.5100939273834229,0.4252956509590149,0.009448209777474403,2.5722342854966822e-26,1.4380469860321096e-24,14.459149360656738,14.448996543884277,14.46328067779541,0.18007677793502808,0.1896546632051468,0.40788671374320984,0,4800,0,-0.022129850462079048
1787296685485,1091,2,2,2,2471.505126953125,-1841.2080078125,2186.5908203125,0.0842008963227272,0.2930685579776764,1.5364751703066533e-26,-0.2217298448085785,-1.3500813245773315,1.0086482763290405,0.4085299074649811,0.007904916070401669,3.1272354879535796e-27,1.8108738418036526e-25,14.459683418273926,14.451801300048828,14.470498085021973,0.17329905927181244,0.1794223040342331,0.39906442165374756,0,4800,0,0.009676862508058548
1787296685506,1092,2,2,2,2422.49072265625,-985.9910278320312,2347.147705078125,0.09522755444049835,0.28447580337524414,1.8679950827651512e-27,-0.2784346044063568,-1.1722369194030762,1.066572666168213,0.39173588156700134,0.007058183662593365,3.8019884143470503e-28,2.2776392648969485e-26,14.460716247558594,14.454495429992676,14.466110229492188,0.16749872267246246,0.16910414397716522,0.38362476229667664,0,4800,0,0.01181600708514452
1787296685525,1093,2,2,2,2351.11572265625,-3196.375,1653.941162109375,0.10576880723237991,0.36560213565826416,2.2710457570654913e-28,0.3304869532585144,-1.108689546585083,1.1845717430114746,0.3777371644973755,0.006232711020857096,4.6223308713655697e-29,2.861523792804217e-27,14.460000038146973,14.456951141357422,14.46684741973877,0.15843845903873444,0.16315576434135437,0.37039002776145935,0,4800,0,0.005099770613014698
1787296685545,1094,2,2,2,2308.3583984375,-3659.4638671875,2283.98583984375,-0.15876680612564087,0.30721160769462585,2.7610607146690434e-29,0.11532551795244217,-1.1337908506393433,1.2095645666122437,0.36002376675605774,0.008366305381059647,5.6196739939930536e-30,3.591337660008509e-28,14.459565162658691,14.453959465026855,14.469432830810547,0.15173789858818054,0.15952865779399872,0.34612807631492615,0,4800,0,-0.024711458012461662
1787296685565,1095,2,2,2,2284.479736328125,-1581.5806884765625,1885.485107421875,0.03811323642730713,0.24657177925109863,3.3568048627844244e-30,-0.2795882523059845,-0.9375121593475342,0.9724507927894592,0.3479694724082947,0.005987351760268211,6.832211557233482e-31,4.502872659152521e-29,14.46095085144043,14.453617095947266,14.465139389038086,0.14608867466449738,0.15208181738853455,0.33509954810142517,0,4800,0,0.002393180737271905
1787296685585,1096,2,2,2,2230.542236328125,-1346.007568359375,2141.11669921875,0.1181260272860527,0.2952674627304077,4.081090691139624e-31,-0.08644001930952072,-0.5854164361953735,1.0934263467788696,0.3349749743938446,0.004759813658893108,8.306372221328514e-32,5.640568829256886e-30,14.459920883178711,14.454267501831055,14.46536636352539,0.14100472629070282,0.1435537338256836,0.3240697383880615,0,4800,0,0.012335515581071377
1787296685605,1097,2,2,2,2170.643310546875,-3550.57666015625,1588.6903076171875,-0.024578068405389786,0.31457844376564026,4.961652921593425e-32,0.2652527689933777,-0.9345404505729675,0.8276917338371277,0.32134073972702026,0.005538828670978546,1.0098608785092915e-32,7.059586489117556e-31,14.461180686950684,14.456878662109375,14.468023300170898,0.13343100249767303,0.14076651632785797,0.30863136053085327,0,4800,0,-0.009082282893359661
1787296685626,1098,2,2,2,2149.224853515625,-2023.7584228515625,1812.0240478515625,0.013497408479452133,0.2541740834712982,6.032211626401776e-33,-0.0667351484298706,-0.9267053008079529,0.5997925400733948,0.3076048493385315,0.007220704108476639,1.2277550847854194e-33,8.828360479513133e-32,14.461021423339844,14.451401710510254,14.466273307800293,0.1282515525817871,0.13401901721954346,0.295396625995636,0,4800,0,-0.00001842753408709541
1787296685646,1099,2,2,2,2108.07470703125,-855.2726440429688,2019.82373046875,0.08266543596982956,0.31505534052848816,7.3337591037440334e-34,0.04587438330054283,-0.43932458758354187,0.973208487033844,0.2946184277534485,0.005849348846822977,1.492663848838257e-34,1.1031758812445864e-32,14.4597749710083,14.454804420471191,14.468196868896484,0.1250416785478592,0.1272287517786026,0.28657302260398865,0,4800,0,0.006433779839426279
1787296685666,1100,2,2,2,2047.761474609375,-3278.133544921875,1405.442138671875,0.04324754700064659,0.3413326144218445,8.916139574255176e-35,0.29708871245384216,-0.930453896522522,0.872512936592102,0.281371533870697,0.006405890453606844,1.8147303885910738e-35,1.3774989224137705e-33,14.460931777954102,14.454954147338867,14.46774673461914,0.11772612482309341,0.12457229942083359,0.2711346745491028,0,4800,0,-0.0009561796323396266
1787296685686,1101,2,2,2,2030.6905517578125,-1576.5450439453125,1590.7777099609375,-0.06117740646004677,0.3083600103855133,1.0839944847041612e-35,-0.05689028650522232,-0.9308069944381714,0.9225729703903198,0.27084487676620483,0.005730903707444668,2.206288245616199e-36,1.7188427372608888e-34,14.46098518371582,14.457062721252441,14.467458724975586,0.11453378945589066,0.11898054927587509,0.26451730728149414,0,4800,0,-0.007631881628185511
1787296685706,1102,2,2,2,1983.1583251953125,-1308.598388671875,1730.8565673828125,0.07985668629407883,0.2895853519439697,1.3178840320518288e-36,-0.05957571417093277,-0.544090986251831,0.720877468585968,0.25912001729011536,0.005279918201267719,2.682330992416404e-37,2.1433581153668982e-35,14.462193489074707,14.458333015441895,14.467455863952637,0.11072363704442978,0.11336099356412888,0.24687141180038452,0,4800,0,0.005965709686279297
1787296685726,1103,2,2,2,1938.0994873046875,-2870.115478515625,1396.6365966796875,-0.09403380006551743,0.3206491768360138,1.6022390589151385e-37,0.041363079100847244,-0.6863015294075012,0.49632522463798523,0.2495967000722885,0.0048245154321193695,3.261088053451764e-38,2.6710452708963632e-36,14.46229362487793,14.458418846130371,14.468209266662598,0.1057647094130516,0.10966264456510544,0.24245896935462952,0,4800,0,-0.010344776324927807
1787296685746,1104,2,2,2,1920.216552734375,-690.2267456054688,1370.179443359375,0.16122207045555115,0.20504550635814667,1.9479483583742426e-38,-0.052113138139247894,-0.4785337746143341,0.7305707931518555,0.24103525280952454,0.0046968101523816586,3.964720369785027e-39,3.326661927193721e-37,14.460772514343262,14.453791618347168,14.467835426330566,0.10215682536363602,0.10653453320264816,0.2314317524433136,0,4800,0,0.012694231234490871
1787296685766,1105,2,2,2,1861.6219482421875,-2376.07421875,1211.207763671875,0.02633395418524742,0.2622690200805664,2.3682490553490495e-39,0.08895362913608551,-0.3804420530796051,0.5590459108352661,0.23106949031352997,0.004297673236578703,4.820158431615219e-40,4.1408473316884704e-38,14.460887908935547,14.457030296325684,14.470061302185059,0.09822194278240204,0.1012611985206604,0.22481438517570496,0,4800,0,0.0003787849855143577
1787296685787,1106,2,2,2,1841.0765380859375,-1614.4681396484375,1139.890380859375,-0.004980017896741629,0.2924932539463043,2.879219928678915e-40,-0.03760224208235741,-0.8245582580566406,0.4494376480579376,0.22287659347057343,0.004226657096296549,5.860090047959953e-41,5.151508065191001e-39,14.459940910339355,14.455204963684082,14.465909957885742,0.09388929605484009,0.09804590046405792,0.21599209308624268,0,4800,0,-0.0015459329588338733
1787296685806,1107,2,2,2,1794.1441650390625,-1873.17578125,1065.271728515625,0.019510554149746895,0.2844626009464264,3.500443563883393e-41,0.041900575160980225,-0.3351714611053467,0.9716184139251709,0.21244697272777557,0.004394933581352234,7.12420139262737e-42,6.405517449229101e-40,14.459490776062012,14.454808235168457,14.465254783630371,0.0915301963686943,0.09425950795412064,0.2049635797739029,0,4800,0,-0.0004292687517590821
1787296685827,1108,2,2,2,1769.72802734375,-1571.4215087890625,746.9384765625,0.10166142880916595,0.23751534521579742,4.2557434361544694e-42,0.0473686158657074,-0.4027957618236542,0.51494961977005,0.20481754839420319,0.004090666770935059,8.646011524884121e-43,7.960776575829286e-41,14.461735725402832,14.455887794494629,14.46955394744873,0.0874897688627243,0.08991091698408127,0.1961386799812317,0,4800,0,0.0061599998734891415
1787296685847,1109,2,2,2,1723.208251953125,-1726.0089111328125,1140.7506103515625,0.02617797441780567,0.21060913801193237,5.156778348715327e-43,0.09369711577892303,-0.563845157623291,0.5609799027442932,0.19633254408836365,0.0039633093401789665,1.064986832886861e-43,9.886160665811584e-42,14.461466789245605,14.451075553894043,14.469525337219238,0.08464116603136063,0.08704985678195953,0.1895226091146469,0,4800,0,0.0002125173923559487
1787296685867,1110,2,2,2,1695.720947265625,-2191.59619140625,1357.327392578125,-0.05056597292423248,0.24454602599143982,6.165713243029195e-44,0.03276073560118675,-0.6698423624038696,0.41865554451942444,0.1875990927219391,0.004324283450841904,1.2611686178923354e-44,1.2275374547485398e-42,14.4627046585083,14.45782470703125,14.470298767089844,0.08093475550413132,0.0866863876581192,0.17849409580230713,0,4800,0,-0.005059986840933561
1787296685887,1111,2,2,2,1662.877685546875,-1091.7073974609375,1229.540771484375,-0.05371463671326637,0.2282932549715042,5.605193857299268e-45,-0.07213473320007324,-0.5147755742073059,0.7258058190345764,0.17930009961128235,0.004052360076457262,5.605193857299268e-45,1.5274153261140506e-43,14.462185859680176,14.45209789276123,14.467029571533203,0.07910208404064178,0.08192898333072662,0.17408424615859985,0,4800,0,-0.004405193496495485
1787296685907,1112,2,2,2,1626.16748046875,-2332.580078125,1117.1939697265625,-0.08474050462245941,0.22486402094364166,5.605193857299268e-45,0.0904039815068245,-0.8046759366989136,0.36485281586647034,0.17122483253479004,0.005092134233564138,5.605193857299268e-45,2.2420775429197073e-44,14.46191120147705,14.456045150756836,14.468096733093262,0.07539156079292297,0.078760527074337,0.15864329040050507,0,4800,0,-0.007057239301502705
1787296685927,1113,2,2,2,1599.8760986328125,-947.869140625,1074.9967041015625,0.025938482955098152,0.16030330955982208,5.605193857299268e-45,-0.03003394976258278,-0.5406268835067749,0.5619165301322937,0.16537615656852722,0.0037303753197193146,5.605193857299268e-45,1.1210387714598537e-44,14.461030960083008,14.45422649383545,14.464985847473145,0.07331183552742004,0.07741352915763855,0.15643705427646637,0,4800,0,0.0007095581968314946
1787296685947,1114,2,2,2,1562.23095703125,-2165.705322265625,867.6449584960938,-0.07002825289964676,0.24978145956993103,5.605193857299268e-45,0.04499376565217972,-0.2962704598903656,0.7064023017883301,0.15897919237613678,0.004184476565569639,5.605193857299268e-45,1.1210387714598537e-44,14.458447456359863,14.452862739562988,14.46660327911377,0.0709664598107338,0.07309777289628983,0.14981968700885773,0,4800,0,-0.004781761206686497
1787296685968,1115,2,2,2,1534.454345703125,-1176.064697265625,935.2981567382812,-0.0643010064959526,0.27114295959472656,5.605193857299268e-45,0.08448024094104767,-0.6552091836929321,0.5622032880783081,0.14967891573905945,0.00448724115267396,5.605193857299268e-45,1.1210387714598537e-44,14.460628509521484,14.453499794006348,14.468177795410156,0.06850083917379379,0.07065917551517487,0.14099739491939545,0,4800,0,-0.004534235689789057
1787296685988,1116,2,2,2,1503.7945556640625,-1929.9976806640625,867.3887939453125,-0.10259002447128296,0.19623726606369019,5.605193857299268e-45,0.09365306049585342,-0.4163823127746582,0.4462403357028961,0.1435268670320511,0.0033721791114658117,5.605193857299268e-45,1.1210387714598537e-44,14.457246780395508,14.453511238098145,14.461421966552734,0.06605923175811768,0.06808869540691376,0.1387924700975418,0,4800,0,-0.00684112124145031
1787296686008,1117,2,2,2,1468.6016845703125,-1385.0025634765625,901.582763671875,-0.02434542030096054,0.18537220358848572,5.605193857299268e-45,0.028825189918279648,-0.4035336375236511,0.8881983160972595,0.1373601108789444,0.0036233009304851294,5.605193857299268e-45,1.1210387714598537e-44,14.4591646194458,14.452607154846191,14.464757919311523,0.06374076008796692,0.06768034398555756,0.12776395678520203,0,4800,0,-0.0022495100274682045
1787296686028,1118,2,2,2,1450.1624755859375,-1329.8638916015625,871.4841918945312,0.029304692521691322,0.16217660903930664,5.605193857299268e-45,0.03822334110736847,-0.5295031070709229,0.24893416464328766,0.13452745974063873,0.0030845152214169502,5.605193857299268e-45,1.1210387714598537e-44,14.458725929260254,14.454642295837402,14.464827537536621,0.06079819053411484,0.06321687251329422,0.12555773556232452,0,4800,0,0.0007219124818220735
1787296686048,1119,2,2,2,1399.3865966796875,-2113.344482421875,997.6923217773438,0.11513101309537888,0.23621691763401031,5.605193857299268e-45,0.11124450713396072,-0.3846978545188904,0.7243695259094238,0.12588486075401306,0.0037774061784148216,5.605193857299268e-45,1.1210387714598537e-44,14.458725929260254,14.45343017578125,14.464542388916016,0.059233568608760834,0.06143464148044586,0.12114527821540833,0,4800,0,0.004589649848639965
1787296686068,1120,2,2,2,1391.9044189453125,-995.4287109375,1282.2181396484375,-0.021784596145153046,0.2404915988445282,5.605193857299268e-45,-0.0693843737244606,-0.6801115274429321,0.21051456034183502,0.12158653140068054,0.00296258507296443,5.605193857299268e-45,1.1210387714598537e-44,14.46057415008545,14.456958770751953,14.467982292175293,0.05636681616306305,0.059087660163640976,0.11673544347286224,0,4800,0,-0.0013748877681791782
1787296686088,1121,2,2,2,1345.677490234375,-1993.2747802734375,819.2553100585938,0.020530931651592255,0.21966499090194702,5.605193857299268e-45,-0.08768019080162048,-0.32913607358932495,0.2347949892282486,0.11892218142747879,0.0028229192830622196,5.605193857299268e-45,1.1210387714598537e-44,14.459451675415039,14.453058242797852,14.463942527770996,0.05599566921591759,0.0588543601334095,0.11232299357652664,0,4800,0,0.00025202170945703983
1787296686109,1122,2,2,2,1330.34814453125,-473.1039733886719,932.2451171875,0.05703065171837807,0.18887653946876526,5.605193857299268e-45,0.08033985644578934,-0.24929606914520264,0.7164424657821655,0.1130073219537735,0.002921362640336156,5.605193857299268e-45,1.1210387714598537e-44,14.459444046020508,14.453676223754883,14.466484069824219,0.05298394337296486,0.05484048277139664,0.1057056188583374,0,4800,0,0.0023507673759013414
1787296686129,1123,2,2,2,1292.9710693359375,-2075.902587890625,936.7216186523438,-0.04579611495137215,0.18399260938167572,5.605193857299268e-45,0.12061333656311035,-0.7478424310684204,0.5209192037582397,0.10878532379865646,0.0029337939340621233,5.605193857299268e-45,1.1210387714598537e-44,14.458569526672363,14.453925132751465,14.463578224182129,0.05138925835490227,0.053219132125377655,0.1034993901848793,0,4800,0,-0.0023625055328011513
1787296686148,1124,2,2,2,1257.71484375,-1320.013671875,1062.6300048828125,0.026769569143652916,0.21539220213890076,5.605193857299268e-45,0.029368609189987183,-0.5495496392250061,0.5567107200622559,0.10434163361787796,0.0028836310375481844,5.605193857299268e-45,1.1210387714598537e-44,14.460772514343262,14.45363712310791,14.473026275634766,0.049935828894376755,0.05325566604733467,0.09688332676887512,0,4800,0,0.0006379203987307847
1787296686169,1125,2,2,2,1251.4539794921875,-1062.016845703125,1139.6881103515625,-0.10165176540613174,0.239180326461792,5.605193857299268e-45,-0.051345907151699066,-0.5196189284324646,0.2692793309688568,0.10052894055843353,0.0034056752920150757,5.605193857299268e-45,1.1210387714598537e-44,14.46018123626709,14.453889846801758,14.464327812194824,0.047455403953790665,0.05137413367629051,0.09247218072414398,0,4800,0,-0.0050552054308354855
1787296686189,1126,2,2,2,1201.7108154296875,-2110.90185546875,805.3965454101562,-0.013858793303370476,0.2035958468914032,5.605193857299268e-45,0.07755729556083679,-0.43787261843681335,0.5225813388824463,0.09486202150583267,0.0031951586715877056,5.605193857299268e-45,1.1210387714598537e-44,14.460029602050781,14.447969436645508,14.464643478393555,0.04781295731663704,0.04973355680704117,0.08585481345653534,0,4800,0,-0.0010316354455426335
1787296686209,1127,2,2,2,1189.170166015625,-216.11935424804688,1177.919189453125,0.030554868280887604,0.1878412663936615,5.605193857299268e-45,-0.10133885592222214,-0.5761489868164062,0.3396310806274414,0.0901402160525322,0.002802678383886814,5.605193857299268e-45,1.1210387714598537e-44,14.46055793762207,14.453184127807617,14.468182563781738,0.04489593952894211,0.047396160662174225,0.08585481345653534,0,4800,0,0.0009521517786197364
1787296686229,1128,2,2,2,1158.6990966796875,-2005.5279541015625,1273.6588134765625,0.01595829427242279,0.25392407178878784,5.605193857299268e-45,0.03513199836015701,-0.7181907892227173,0.31432807445526123,0.08781003206968307,0.00263516278937459,5.605193857299268e-45,1.1210387714598537e-44,14.45720386505127,14.448954582214355,14.461864471435547,0.0429377444088459,0.04682162404060364,0.0814436674118042,0,4800,0,0.0002341060753678903
1787296686249,1129,2,2,2,1108.18212890625,-2457.34716796875,735.4308471679688,-0.033456891775131226,0.20183058083057404,5.605193857299268e-45,0.04557398334145546,-0.23580211400985718,0.7026716470718384,0.08409189432859421,0.002852286444976926,5.605193857299268e-45,1.1210387714598537e-44,14.46072769165039,14.455729484558105,14.465755462646484,0.042284443974494934,0.04610968381166458,0.0770312175154686,0,4800,0,-0.0013523517409339547
1787296686269,1130,2,2,2,1128.5625,642.646728515625,1264.2550048828125,-0.045693185180425644,0.208420529961586,5.605193857299268e-45,-0.16570347547531128,-0.7409425973892212,0.31014302372932434,0.07864218205213547,0.0036117935087531805,5.605193857299268e-45,1.1210387714598537e-44,14.460927963256836,14.455584526062012,14.466740608215332,0.04049847647547722,0.04366079717874527,0.07041514664888382,0,4800,0,-0.0027494579553604126
1787296686289,1131,2,2,2,1067.2816162109375,-3127.236572265625,1788.230712890625,-0.1288909912109375,0.12942911684513092,5.605193857299268e-45,0.14120067656040192,-0.339436799287796,0.4038313627243042,0.0748952254652977,0.003147124545648694,5.605193857299268e-45,1.1210387714598537e-44,14.459685325622559,14.455464363098145,14.464688301086426,0.03865797072649002,0.04117368534207344,0.06820892542600632,0,4800,0,-0.005400197114795446
1787296686310,1132,2,2,2,1032.159423828125,-1739.6551513671875,929.3894653320312,0.06116623803973198,0.2713530361652374,5.605193857299268e-45,0.10071714222431183,-0.39610064029693604,0.5613464713096619,0.07022722065448761,0.0018267004052177072,5.605193857299268e-45,1.1210387714598537e-44,14.460018157958984,14.45201587677002,14.465903282165527,0.03817063570022583,0.0415082722902298,0.06600269675254822,0,4800,0,0.0011946598533540964
1787296686330,1133,2,2,2,1052.162109375,565.737548828125,1230.87060546875,0.07453588396310806,0.1749480962753296,5.605193857299268e-45,0.05199575051665306,-0.21441426873207092,0.7449743747711182,0.06928878277540207,0.002459909301251173,5.605193857299268e-45,1.1210387714598537e-44,14.461256980895996,14.456567764282227,14.46601390838623,0.03590765222907066,0.03843608498573303,0.06379777938127518,0,4800,0,0.0022103125229477882
1787296686349,1134,2,2,2,994.4033813476562,-3174.880126953125,1797.40771484375,-0.0911480262875557,0.2114822119474411,5.605193857299268e-45,0.05414781719446182,-0.3890080153942108,0.5606518387794495,0.06689523905515671,0.003348139114677906,5.605193857299268e-45,1.1210387714598537e-44,14.459314346313477,14.453478813171387,14.463594436645508,0.03414284437894821,0.03772139921784401,0.05718040466308594,0,4800,0,-0.0035838184412568808
1787296686370,1135,2,2,2,954.4161987304688,-1821.3848876953125,981.239501953125,-0.0065813916735351086,0.2216593325138092,5.605193857299268e-45,-0.04047452285885811,-0.4332078993320465,0.5607547760009766,0.06160860136151314,0.0030914833769202232,5.605193857299268e-45,1.1210387714598537e-44,14.460339546203613,14.454703330993652,14.464376449584961,0.03529151529073715,0.038019951432943344,0.05497417971491814,0,4800,0,-0.0005137287080287933
1787296686390,1136,2,2,2,967.8187866210938,1022.34814453125,1526.227783203125,0.026075294241309166,0.1633690744638443,5.605193857299268e-45,-0.14481797814369202,-0.5499641299247742,0.4477815628051758,0.056947384029626846,0.002704648533836007,5.605193857299268e-45,1.1210387714598537e-44,14.459663391113281,14.455008506774902,14.46566104888916,0.033481139689683914,0.03675508871674538,0.0527692586183548,0,4800,0,-0.00042848207522183657
1787296686410,1137,2,2,2,943.42138671875,-1520.1070556640625,1390.45947265625,-0.05667426437139511,0.15338991582393646,5.605193857299268e-45,-0.03207458183169365,-0.32678860425949097,0.4759019613265991,0.05562819913029671,0.002738925628364086,5.605193857299268e-45,1.1210387714598537e-44,14.458965301513672,14.453934669494629,14.46641731262207,0.030763134360313416,0.03402853384613991,0.0527692586183548,0,4800,0,-0.001692715217359364
1787296686430,1138,2,2,2,881.7921142578125,-2350.7158203125,1053.0849609375,0.14497338235378265,0.21560610830783844,5.605193857299268e-45,0.10300744324922562,-0.4201846420764923,0.408277690410614,0.054687924683094025,0.0028463650960475206,5.605193857299268e-45,1.1210387714598537e-44,14.459352493286133,14.453059196472168,14.463982582092285,0.03080778941512108,0.032862864434719086,0.05056434124708176,0,4800,0,0.003310181200504303
1787296686450,1139,2,0,10,1092.7313232421875,21180.41015625,19751.0078125,0.5255358219146729,0.6606550216674805,5.605193857299268e-45,-0.33021801710128784,-3.4330384731292725,0.7081806063652039,0.05291684344410896,0.0030895364470779896,5.605193857299268e-45,1.1210387714598537e-44,14.457382202148438,14.44107437133789,14.4620943069458,0.03060600534081459,0.04196982830762863,0.04835811257362366,0,4800,0,0.01270171720534563
1787296686470,1140,5,0,10,915.1197509765625,-3186.527099609375,7969.61376953125,0.06389287114143372,0.20810598134994507,5.605193857299268e-45,-0.04014679789543152,0,0,0.04996079206466675,0.0036478762049227953,5.605193857299268e-45,1.1210387714598537e-44,14.431793212890625,14.421557426452637,14.434887886047363,0.03444227576255798,0.03904066979885101,0.041740741580724716,0,4800,0,0.00154423201456666
1787296686490,1141,5,0,10,788.2683715820312,-7301.345703125,3258.6220703125,0.00776788080111146,0.04083658754825592,5.605193857299268e-45,-0.004880913533270359,0,0,0.04663610830903053,0.002725965576246381,5.605193857299268e-45,1.1210387714598537e-44,14.42842960357666,14.421700477600098,14.430988311767578,0.036398496478796005,0.040526408702135086,0.041740741580724716,0,4800,0,0.0001877425384009257
1787296686511,1142,5,0,10,697.0899658203125,-4864.78662109375,1174.926513671875,0.0009443928138352931,0.006853560451418161,5.605193857299268e-45,-0.0005934051587246358,0,0,0.04631761834025383,0.003001722041517496,5.605193857299268e-45,1.1210387714598537e-44,14.42926025390625,14.427169799804688,14.436300277709961,0.02221793122589588,0.0314285010099411,0.039535824209451675,0,4800,0,0.000022825108317192644
1787296686531,1143,0,0,10,-33.657962799072266,-38270.08984375,34169.2734375,0.00011481612455099821,0.0010628652526065707,5.605193857299268e-45,-0.00007214421930257231,0,0,0.04285953938961029,0.0023907190188765526,5.605193857299268e-45,1.1210387714598537e-44,14.42936897277832,14.42662239074707,14.431849479675293,-0.005714861676096916,0.014574256725609303,0.037329599261283875,0,4800,0,0.0000027749999844672857
1787296686550,1144,0,0,10,-147.32833862304688,-7035.9599609375,14841.11328125,0.00001395895924360957,0.0001571375032654032,5.605193857299268e-45,-0.000008771051398070995,0,0,0.03940259665250778,0.002820202149450779,5.605193857299268e-45,1.1210387714598537e-44,14.429659843444824,14.425675392150879,14.432548522949219,-0.004627965856343508,0.03533915802836418,0.028507305309176445,0,4800,0,3.3737521221155475e-7
1787296686571,1145,0,0,10,10.221531867980957,6746.21044921875,10190.7490234375,0.0000016970835758911562,0.000022498414182337,5.605193857299268e-45,-0.0000010663551393008674,0,0,0.0362233929336071,0.0033622330520302057,5.605193857299268e-45,1.1210387714598537e-44,14.429014205932617,14.42707347869873,14.43032169342041,0.030297692865133286,0.03724043443799019,0.024094855412840843,0,4800,0,4.1016935625748374e-8
1787296686591,1146,0,0,10,84.9412841796875,4338.10302734375,1862.3792724609375,2.063257227291615e-7,0.000003147933284708415,5.605193857299268e-45,-1.296438796316579e-7,0,0,0.034507349133491516,0.003575252601876855,5.605193857299268e-45,1.1210387714598537e-44,14.428844451904297,14.41686725616455,14.43226432800293,0.024832794442772865,0.03384546935558319,0.019683709368109703,0,4800,0,4.986700830045265e-9
1787296686611,1147,0,0,10,102.34903717041016,501.6239929199219,1990.507080078125,2.5084389676521823e-8,4.3288386564199755e-7,5.605193857299268e-45,-1.5761667526703604e-8,0,0,0.03285668417811394,0.003260405035689473,5.605193857299268e-45,1.1210387714598537e-44,14.428790092468262,14.426446914672852,14.430641174316406,0.006794385612010956,0.018098052591085434,0.017477484419941902,0,4800,0,6.062663149286607e-10
1787296686631,1148,0,0,10,-82.67147827148438,-5849.490234375,3018.96484375,3.049675623145731e-9,5.8727916751877274e-8,5.605193857299268e-45,-1.916250935707353e-9,0,0,0.031262464821338654,0.005185689311474562,5.605193857299268e-45,1.1210387714598537e-44,14.429078102111816,14.421492576599121,14.432506561279297,-0.01609324850142002,-0.009494805708527565,0.017477484419941902,0,4800,0,7.370782456606051e-11
1787296686651,1149,0,0,10,-102.1319351196289,-791.2135620117188,2410.019287109375,3.7076930414770004e-10,7.881482133598183e-9,5.605193857299268e-45,-2.3297133666666525e-10,0,0,0.02906797081232071,0.004429887514561415,5.605193857299268e-45,1.1210387714598537e-44,14.428906440734863,14.427127838134766,14.431938171386719,0.011881322599947453,0.03158192336559296,0.021888628602027893,0,4800,0,8.961147796027191e-12
1787296686671,1150,0,0,10,23.47431755065918,3703.90869140625,4245.0712890625,4.507688666777199e-11,1.0483579560016665e-9,5.605193857299268e-45,-2.8323867556911964e-11,0,0,0.026691213250160217,0.004647129215300083,5.605193857299268e-45,1.1210387714598537e-44,14.428572654724121,14.41939640045166,14.430285453796387,0.028497666120529175,0.032779060304164886,0.019682403653860092,0,4800,0,1.0894662992935733e-12
1787296686691,1151,0,0,10,50.91035461425781,1656.7967529296875,1063.7713623046875,5.4802963382616365e-12,1.3841641721690223e-10,5.605193857299268e-45,-3.4435212927647063e-12,0,0,0.026551082730293274,0.00428320188075304,5.605193857299268e-45,1.1210387714598537e-44,14.429271697998047,14.426982879638672,14.431456565856934,0.022420445457100868,0.030435679480433464,0.017477484419941902,0,4800,0,1.32453672595928e-13
1787296686711,1152,0,0,10,61.70450973510742,390.0451965332031,714.2634887695312,6.662761163102326e-13,1.8160757619956058e-11,5.605193857299268e-45,-4.1865173979437065e-13,0,0,0.025028593838214874,0.004320378880947828,5.605193857299268e-45,1.1210387714598537e-44,14.42908000946045,14.416960716247559,14.433809280395508,0.009773687459528446,0.018089113757014275,0.017477484419941902,0,4800,0,1.6103273703100933e-14
1787296686732,1153,0,0,10,-15.930638313293457,-2695.228271484375,2691.95703125,8.100361744214912e-14,2.36993129114349e-12,5.605193857299268e-45,-5.08982741750149e-14,0,0,0.02068467251956463,0.0030295460019260645,5.605193857299268e-45,1.1210387714598537e-44,14.428165435791016,14.419538497924805,14.431395530700684,-0.007050578016787767,0.0041378578171133995,0.015271258540451527,0,4800,0,1.957781767581465e-15
1787296686752,1154,0,0,10,-47.51028060913086,-1637.92724609375,692.020263671875,9.848148839930633e-15,3.078246208279567e-13,5.605193857299268e-45,-6.188042394846601e-15,0,0,0.02175433188676834,0.0031574200838804245,5.605193857299268e-45,1.1210387714598537e-44,14.430283546447754,14.428154945373535,14.433838844299316,-0.0194723941385746,-0.013635099865496159,0.015272563323378563,0,4800,0,2.3802054628275387e-16
1787296686772,1155,0,0,10,-56.58644485473633,-369.7057800292969,621.2908935546875,1.1973049996247135e-15,3.9818900265812043e-14,5.605193857299268e-45,-7.523214288614687e-16,0,0,0.021295607089996338,0.0022918167524039745,5.605193857299268e-45,1.1210387714598537e-44,14.429190635681152,14.424280166625977,14.434918403625488,0.01602509245276451,0.02846090868115425,0.017477484419941902,0,4800,0,2.893774575114275e-17
1787296686792,1156,0,0,10,0.9004199504852295,3373.043701171875,3320.24072265625,1.4556430605154602e-16,5.132177709611489e-15,5.605193857299268e-45,-9.146471537455279e-17,0,0,0.022974880412220955,0.002562284469604492,5.605193857299268e-45,1.1210387714598537e-44,14.429678916931152,14.42669677734375,14.432415962219238,0.025494126603007317,0.02893817611038685,0.015272563323378563,0,4800,0,3.518153827962574e-18
1787296686812,1157,0,0,10,15.41588306427002,1138.9801025390625,1002.87939453125,1.7697219840022932e-17,6.593474397412517e-16,5.605193857299268e-45,-1.111997343582695e-17,0,0,0.02028246410191059,0.0023262491449713707,5.605193857299268e-45,1.1210387714598537e-44,14.429319381713867,14.426952362060547,14.43191909790039,0.021756965667009354,0.025442183017730713,0.015271258540451527,0,4800,0,4.2772527198139654e-19
1787296686832,1158,0,0,10,31.17022705078125,746.0875854492188,382.5546569824219,2.151568737963717e-18,8.446437849474512e-17,5.605193857299268e-45,-1.3519293107007956e-18,0,0,0.02130303345620632,0.0026465021073818207,5.605193857299268e-45,1.1210387714598537e-44,14.429488182067871,14.427151679992676,14.4321870803833,0.013476693071424961,0.019540810957551003,0.013066338375210762,0,4800,0,5.200140067943939e-20
1787296686852,1159,0,0,10,30.75307846069336,-20.015958786010742,341.9388122558594,2.615805141797745e-19,1.0792055879953779e-17,5.605193857299268e-45,-1.643630236868799e-19,0,0,0.01916353777050972,0.0024651563726365566,5.605193857299268e-45,1.1210387714598537e-44,14.42979907989502,14.424432754516602,14.434852600097656,0.00396621972322464,0.007409042213112116,0.010860112495720387,0,4800,0,6.322156365923779e-21
1787296686872,1160,0,0,10,-11.484440803527832,-1198.50146484375,1031.2156982421875,3.180207986707207e-20,1.3756660855586173e-18,5.605193857299268e-45,-1.998270450504213e-20,0,0,0.018159130588173866,0.002228934783488512,5.605193857299268e-45,1.1210387714598537e-44,14.43004322052002,14.425799369812012,14.433344841003418,-0.006421878933906555,-0.0022918027825653553,0.013066338375210762,0,4800,0,7.686264841625735e-22
1787296686892,1161,0,0,10,-31.057037353515625,-1057.586181640625,372.97686767578125,3.866390413192386e-21,1.749816446077997e-19,5.605193857299268e-45,-2.4294300649134175e-21,0,0,0.017571300268173218,0.001979399472475052,5.605193857299268e-45,1.1210387714598537e-44,14.429482460021973,14.42338752746582,14.43091106414795,-0.01417563296854496,-0.010213994421064854,0.010861418209969997,0,4800,0,9.344703026107718e-23
1787296686912,1162,0,0,10,-39.72747039794922,-453.724365234375,381.35546875,4.700628011320453e-22,2.2213810949902248e-20,5.605193857299268e-45,-2.9536199322793655e-22,0,0,0.017402000725269318,0.002409107517451048,5.605193857299268e-45,1.1210387714598537e-44,14.42992115020752,14.423651695251465,14.43569278717041,0.009982354938983917,0.021368829533457756,0.008655192330479622,0,4800,0,1.1360977541766707e-23
1787296686932,1163,0,0,10,-0.5237663388252258,1917.248779296875,2251.228271484375,5.714864331461445e-23,2.8149776155649982e-21,5.605193857299268e-45,-3.5909125110503227e-23,0,0,0.014539196155965328,0.002009015064686537,5.605193857299268e-45,1.1210387714598537e-44,14.429598808288574,14.427545547485352,14.431678771972656,0.021374154835939407,0.02379537560045719,0.008655192330479622,0,4800,0,1.3812295751564057e-24
1787296686952,1164,0,0,10,-0.30905935168266296,187.6780242919922,887.9713134765625,6.947941332110185e-24,3.56131470232192e-22,5.605193857299268e-45,-4.36571047180005e-24,0,0,0.014745737425982952,0.002034079050645232,5.605193857299268e-45,1.1210387714598537e-44,14.429569244384766,14.427239418029785,14.432958602905273,0.022186273708939552,0.023187430575489998,0.008655192330479622,0,4800,0,1.6792526462865597e-25
1787296686973,1165,0,0,10,3.7280523777008057,236.80331420898438,493.71881103515625,8.44707425537615e-25,4.498668323095711e-23,5.605193857299268e-45,-5.307684446951416e-25,0,0,0.014268039725720882,0.0022515489254146814,5.605193857299268e-45,1.1210387714598537e-44,14.429328918457031,14.428098678588867,14.43016529083252,0.020862316712737083,0.023037901148200035,0.008655192330479622,0,4800,0,2.041579110134174e-26
1787296686993,1166,0,0,10,10.226710319519043,361.5777282714844,393.79046630859375,1.0269667981781541e-25,5.674722986527093e-24,5.605193857299268e-45,-6.452905007718418e-26,0,0,0.01482188981026411,0.0022482317872345448,5.605193857299268e-45,1.1210387714598537e-44,14.429085731506348,14.426589965820312,14.431129455566406,0.017261646687984467,0.01954440400004387,0.006450272630900145,0,4800,0,2.48208343072986e-27
1787296687013,1167,0,0,10,16.490201950073242,315.5860900878906,265.25152587890625,1.2485520332574636e-26,7.148849314920391e-25,5.605193857299268e-45,-7.845224783910873e-27,0,0,0.011502251960337162,0.002615012228488922,5.605193857299268e-45,1.1210387714598537e-44,14.430023193359375,14.42784595489502,14.435078620910645,0.013891252689063549,0.015401567332446575,0.004244046751409769,0,4800,0,3.0176341851959047e-28
1787296687033,1168,0,0,10,20.008499145507812,141.3537139892578,232.61851501464844,1.5179476857230492e-27,8.994920527941291e-26,5.605193857299268e-45,-9.53796390100368e-28,0,0,0.013781511224806309,0.0027489548083394766,5.605193857299268e-45,1.1210387714598537e-44,14.429177284240723,14.424437522888184,14.431833267211914,0.010345721617341042,0.013033793307840824,0.008655192330479622,0,4800,0,3.668738557616934e-29
1787296687053,1169,0,0,10,0.3502965569496155,-1705.2469482421875,1734.1134033203125,1.8454700079887057e-28,1.1304816654216397e-26,5.605193857299268e-45,-1.1595936324601834e-28,0,0,0.011008835397660732,0.0022251508198678493,5.605193857299268e-45,1.1210387714598537e-44,14.428420066833496,14.418911933898926,14.430425643920898,0.007668890058994293,0.008974110707640648,0.004244046751409769,0,4800,0,4.460329242839199e-30
1787296687073,1170,0,0,10,-0.695449709892273,-332.7760925292969,611.7630004882812,2.243660537889074e-29,1.4192748798418052e-27,5.605193857299268e-45,-1.4097953142293165e-29,0,0,0.011591790243983269,0.002733975648880005,5.605193857299268e-45,1.1210387714598537e-44,14.429039001464844,14.424983024597168,14.431770324707031,0.007104638498276472,0.008184912614524364,0.004244046751409769,0,4800,0,5.422717188365885e-31
1787296687093,1171,0,0,10,-6.346682071685791,-303.18438720703125,323.9253234863281,2.727767366845845e-30,1.7800620566999125e-28,5.605193857299268e-45,-1.7139817301656128e-30,0,0,0.009052285924553871,0.0026121216360479593,5.605193857299268e-45,1.1210387714598537e-44,14.428803443908691,14.420402526855469,14.431699752807617,0.008546754717826843,0.010088879615068436,0.002037821337580681,0,4800,0,6.592758303345273e-32
1787296687114,1172,0,0,10,-12.744621276855469,-302.1004333496094,273.48583984375,3.3163277022291136e-31,2.2304664131372523e-29,5.605193857299268e-45,-2.0838011866913707e-31,0,0,0.00848446972668171,0.0017272788099944592,5.605193857299268e-45,1.1210387714598537e-44,14.428648948669434,14.424201965332031,14.43017578125,0.010133129544556141,0.01140547450631857,0.002037821337580681,0,4800,0,8.015253698507682e-33
1787296687133,1173,0,0,10,-17.65962791442871,-225.02162170410156,283.55120849609375,4.0318803833839755e-32,2.7923636966495198e-30,5.605193857299268e-45,-2.533415433190212e-32,0,0,0.009560161270201206,0.0023259525187313557,5.605193857299268e-45,1.1210387714598537e-44,14.42919921875,14.422760963439941,14.43143367767334,0.01162088755518198,0.013029741123318672,0.004244046751409769,0,4800,0,9.744675517583986e-34
1787296687154,1174,0,0,10,-20.91766357421875,-129.29806518554688,311.3074951171875,4.90182503458237e-33,3.4928987086661294e-31,5.605193857299268e-45,-3.0800416856260813e-33,0,0,0.009908867999911308,0.002436485607177019,5.605193857299268e-45,1.1210387714598537e-44,14.430314064025879,14.426347732543945,14.433086395263672,0.013115400448441505,0.014339144341647625,0.004244046751409769,0,4800,0,1.1847249661298676e-34
1787296687174,1175,0,0,10,-1.64680016040802,825.4436645507812,1306.337890625,5.959474882873273e-34,4.3657384114327675e-32,5.605193857299268e-45,-3.744611641296285e-34,0,0,0.006245397496968508,0.0028440312016755342,5.605193857299268e-45,1.1210387714598537e-44,14.429984092712402,14.427510261535645,14.431388854980469,0.014118621125817299,0.01533901784569025,0.002037821337580681,0,4800,0,1.4403489261926734e-35
1787296687194,1176,0,0,10,-0.0935070663690567,112.08844757080078,408.335205078125,7.245329900932912e-35,5.4526256878632e-33,5.605193857299268e-45,-4.552573104448969e-35,0,0,0.006655434612184763,0.001536041498184204,5.605193857299268e-45,1.1210387714598537e-44,14.428997993469238,14.423221588134766,14.431529998779297,0.014517252333462238,0.01557316817343235,0.004244046751409769,0,4800,0,1.7511278503183412e-36
1787296687214,1177,0,0,10,0.5626415014266968,61.855464935302734,240.93539428710938,8.808629050339681e-36,6.805293118635315e-34,5.605193857299268e-45,-5.534866521327404e-36,0,0,0.008107653819024563,0.0020471198949962854,5.605193857299268e-45,1.1210387714598537e-44,14.429519653320312,14.426453590393066,14.43143367767334,0.014668931253254414,0.0154844606295228,0,0,4800,0,2.128962488801865e-37
1787296687234,1178,0,0,10,-0.06262803822755814,-4.137143135070801,161.4920654296875,1.070923674854309e-36,8.487832021526878e-35,5.605193857299268e-45,-6.729104730091602e-37,0,0,0.010473920963704586,0.002328220522031188,5.605193857299268e-45,1.1210387714598537e-44,14.430526733398438,14.42683219909668,14.433293342590332,0.014477456919848919,0.015104609541594982,0.006450272630900145,0,4800,0,2.588321017353412e-38
1787296687254,1179,0,0,10,-0.07071052491664886,-19.26995277404785,210.00946044921875,1.301992814209326e-37,1.0579618479096629e-35,5.605193857299268e-45,-8.181019776505989e-38,0,0,0.008162258192896843,0.0016717338003218174,5.605193857299268e-45,1.1210387714598537e-44,14.429442405700684,14.426419258117676,14.435002326965332,0.014540519565343857,0.015481232665479183,0.002037821337580681,0,4800,0,3.1467922652478817e-39
1787296687274,1180,0,0,10,0.21625666320323944,9.391633033752441,184.4957275390625,1.5829194971173387e-38,1.3178928209957971e-36,5.605193857299268e-45,-9.946209107604831e-39,0,0,0.008718202821910381,0.0020704655908048153,5.605193857299268e-45,1.1210387714598537e-44,14.429424285888672,14.427254676818848,14.431206703186035,0.014151192270219326,0.015090136788785458,0,0,4800,0,3.825740989391756e-40
1787296687294,1181,0,0,10,0.028897497802972794,-1.6459158658981323,191.7440643310547,1.9244606342943086e-39,1.6407387813395071e-37,5.605193857299268e-45,-1.2092266877152074e-39,0,0,0.007958856411278248,0.0013386212522163987,5.605193857299268e-45,1.1210387714598537e-44,14.42924690246582,14.426107406616211,14.430850982666016,0.013884435407817364,0.014771106652915478,0.004244046751409769,0,4800,0,4.6510497329405e-41
1787296687314,1182,0,0,10,0.08826863765716553,3.6358530521392822,201.90829467773438,2.339691993944574e-40,2.0415493504674366e-38,5.605193857299268e-45,-1.470130244892452e-40,0,0,0.006904106121510267,0.0036925990134477615,5.605193857299268e-45,1.1210387714598537e-44,14.429624557495117,14.423391342163086,14.43361759185791,0.013456277549266815,0.014991296455264091,0,0,4800,0,5.654239303550637e-42
1787296687334,1183,0,0,10,-0.305908739566803,-40.16270446777344,175.62071228027344,2.8443556228865137e-41,2.5389356160945982e-39,5.605193857299268e-45,-1.7872160613998717e-41,0,0,0.00806620717048645,0.0019884996581822634,5.605193857299268e-45,1.1210387714598537e-44,14.429048538208008,14.420214653015137,14.431020736694336,0.013757158070802689,0.014598150737583637,0.006448966916650534,0,4800,0,6.866362475191604e-43
1787296687355,1184,0,0,10,-0.2909529209136963,-24.984375,241.60780334472656,3.457003311489324e-42,3.155892297475207e-40,5.605193857299268e-45,-2.1734139181677913e-42,0,0,0.009036906994879246,0.0027532512322068214,5.605193857299268e-45,1.1210387714598537e-44,14.429620742797852,14.427428245544434,14.431264877319336,0.013506907038390636,0.014254934154450893,0.002037821337580681,0,4800,0,8.407790785948902e-44
1787296687375,1185,0,0,10,-0.14521026611328125,-14.385684967041016,249.2151641845703,4.189882408331203e-43,3.9206929733344057e-41,5.605193857299268e-45,-2.634441112930656e-43,0,0,0.006209804210811853,0.002127649961039424,5.605193857299268e-45,1.1210387714598537e-44,14.429903984069824,14.426168441772461,14.433926582336426,0.013847704976797104,0.014978446066379547,0,0,4800,0,9.80908925027372e-45
1787296687395,1186,0,0,10,-0.2931673228740692,-27.183780670166016,233.01776123046875,5.044674471569341e-44,4.86670956660009e-42,5.605193857299268e-45,-3.0828566215145976e-44,0,0,0.0055006397888064384,0.0028032269328832626,5.605193857299268e-45,1.1210387714598537e-44,14.430471420288086,14.427879333496094,14.432329177856445,0.013546187430620193,0.014475777745246887,0,0,4800,0,5.605193857299268e-45
1787296687415,1187,0,0,10,0.07657741755247116,7.180953502655029,214.12869262695312,5.605193857299268e-45,6.0255833965967134e-43,5.605193857299268e-45,-5.605193857299268e-45,0,0,0.007285953499376774,0.0025028465315699577,5.605193857299268e-45,1.1210387714598537e-44,14.428694725036621,14.425527572631836,14.430298805236816,0.013359785079956055,0.014560948126018047,0.004244046751409769,0,4800,0,5.605193857299268e-45
1787296687435,1188,0,0,10,0.26913338899612427,22.24501609802246,269.2518005371094,5.605193857299268e-45,7.707141553786494e-44,5.605193857299268e-45,-5.605193857299268e-45,0,0,0.005993930622935295,0.0019978489726781845,5.605193857299268e-45,1.1210387714598537e-44,14.429019927978516,14.42789077758789,14.430573463439941,0.01318378746509552,0.014350305311381817,0,0,4800,0,5.605193857299268e-45
1787296687455,1189,0,0,10,0.7750285267829895,73.1420669555664,205.3678741455078,5.605193857299268e-45,1.401298464324817e-44,5.605193857299268e-45,-5.605193857299268e-45,0,0,0.0068574040196835995,0.0022264656145125628,5.605193857299268e-45,1.1210387714598537e-44,14.428927421569824,14.420010566711426,14.431048393249512,0.0135637316852808,0.014310728758573532,0.002037821337580681,0,4800,0,5.605193857299268e-45
1787296687475,1190,0,0,10,-0.20804965496063232,-32.17977523803711,214.27838134765625,5.605193857299268e-45,1.1210387714598537e-44,5.605193857299268e-45,-5.605193857299268e-45,0,0,0.005744957830756903,0.00248391623608768,5.605193857299268e-45,1.1210387714598537e-44,14.429169654846191,14.426459312438965,14.431522369384766,0.013416820205748081,0.014126738533377647,0.002037821337580681,0,4800,0,5.605193857299268e-45
1787296687495,1191,0,0,10,-0.014232408255338669,-2.298717498779297,143.4903106689453,5.605193857299268e-45,1.1210387714598537e-44,5.605193857299268e-45,-5.605193857299268e-45,0,0,0.0033066412433981895,0.002200180198997259,5.605193857299268e-45,1.1210387714598537e-44,14.429251670837402,14.426413536071777,14.431066513061523,0.013582579791545868,0.014676556922495365,0,0,4800,0,5.605193857299268e-45
1787296687515,1192,0,0,10,0.20780563354492188,19.32071876525879,125.0389175415039,5.605193857299268e-45,1.1210387714598537e-44,5.605193857299268e-45,-5.605193857299268e-45,0,0,0.004300199449062347,0.0026481959503144026,5.605193857299268e-45,1.1210387714598537e-44,14.429338455200195,14.423483848571777,14.433991432189941,0.01348422933369875,0.015072441659867764,0,0,4800,0,5.605193857299268e-45
1787296687536,1193,0,0,10,0.21355317533016205,15.18852424621582,164.646728515625,5.605193857299268e-45,1.1210387714598537e-44,5.605193857299268e-45,-5.605193857299268e-45,0,0,0.0051479581743478775,0.0025490245316177607,5.605193857299268e-45,1.1210387714598537e-44,14.429646492004395,14.426868438720703,14.434311866760254,0.013510908000171185,0.014324113726615906,0,0,4800,0,5.605193857299268e-45
1787296687556,1194,0,0,10,0.10211744159460068,10.624527931213379,173.69979858398438,5.605193857299268e-45,1.1210387714598537e-44,5.605193857299268e-45,-5.605193857299268e-45,0,0,0.004210597835481167,0.0024207974784076214,5.605193857299268e-45,1.1210387714598537e-44,14.430415153503418,14.424017906188965,14.432754516601562,0.013384065590798855,0.01435851026326418,0,0,4800,0,5.605193857299268e-45
1787296687576,1195,0,0,10,-0.043385643512010574,-1.5108320713043213,134.0888671875,5.605193857299268e-45,1.1210387714598537e-44,5.605193857299268e-45,-5.605193857299268e-45,0,0,0.003506667213514447,0.002052054973319173,5.605193857299268e-45,1.1210387714598537e-44,14.429805755615234,14.425307273864746,14.432316780090332,0.013738063164055347,0.014768452383577824,0,0,4800,0,5.605193857299268e-45
1787296687596,1196,0,0,10,0.024836771190166473,-8.953635215759277,119.94588470458984,5.605193857299268e-45,1.1210387714598537e-44,5.605193857299268e-45,-5.605193857299268e-45,0,0,0.004911013413220644,0.0025548890698701143,5.605193857299268e-45,1.1210387714598537e-44,14.429917335510254,14.42188835144043,14.432841300964355,0.01337862852960825,0.014518383890390396,0,0,4800,0,5.605193857299268e-45
1787296687616,1197,0,0,10,0.22302494943141937,14.744481086730957,97.9737319946289,5.605193857299268e-45,1.1210387714598537e-44,5.605193857299268e-45,-5.605193857299268e-45,0,0,0.004041807726025581,0.0026762601919472218,5.605193857299268e-45,1.1210387714598537e-44,14.429437637329102,14.426142692565918,14.43260669708252,0.013246801681816578,0.014246162958443165,0,0,4800,0,5.605193857299268e-45
1787296687636,1198,0,0,10,-0.20680972933769226,-22.296119689941406,257.2260437011719,5.605193857299268e-45,1.1210387714598537e-44,5.605193857299268e-45,-5.605193857299268e-45,0,0,0.005725937429815531,0.0031507753301411867,5.605193857299268e-45,1.1210387714598537e-44,14.429398536682129,14.425029754638672,14.43433666229248,0.013346410356462002,0.014748246408998966,0,0,4800,0,5.605193857299268e-45
1787296687656,1199,0,0,10,0.12289543449878693,13.088957786560059,148.54061889648438,5.605193857299268e-45,1.1210387714598537e-44,5.605193857299268e-45,-5.605193857299268e-45,0,0,0.0038399037439376116,0.0025228927843272686,5.605193857299268e-45,1.1210387714598537e-44,14.428630828857422,14.424341201782227,14.431070327758789,0.013402378186583519,0.014705649577081203,0,0,4800,0,5.605193857299268e-45
1787296687676,1200,0,0,10,0.2991241216659546,22.306598663330078,155.57383728027344,5.605193857299268e-45,1.1210387714598537e-44,5.605193857299268e-45,-5.605193857299268e-45,0,0,0.0054758875630795956,0.0020130816847085953,5.605193857299268e-45,1.1210387714598537e-44,14.430133819580078,14.428115844726562,14.435113906860352,0.013389059342443943,0.014828027226030827,0,0,4800,0,5.605193857299268e-45
1787296687696,1201,0,0,10,0.12744663655757904,-2.5417184829711914,244.1400909423828,5.605193857299268e-45,1.1210387714598537e-44,5.605193857299268e-45,-5.605193857299268e-45,0,0,0.005079648457467556,0.003082036040723324,5.605193857299268e-45,1.1210387714598537e-44,14.429664611816406,14.425760269165039,14.43168830871582,0.01342938095331192,0.014325026422739029,0,0,4800,0,5.605193857299268e-45
1787296687716,1202,0,0,10,0.11352862417697906,10.063994407653809,141.7183380126953,5.605193857299268e-45,1.1210387714598537e-44,5.605193857299268e-45,-5.605193857299268e-45,0,0,0.00323938624933362,0.0024146190844476223,5.605193857299268e-45,1.1210387714598537e-44,14.429045677185059,14.4190092086792,14.431825637817383,0.013521390035748482,0.014599945396184921,0,0,4800,0,5.605193857299268e-45
1787296687736,1203,0,0,10,0.09671227633953094,0.6086617708206177,146.23037719726562,5.605193857299268e-45,1.1210387714598537e-44,5.605193857299268e-45,-5.605193857299268e-45,0,0,0.002910708775743842,0.0016283004079014063,5.605193857299268e-45,1.1210387714598537e-44,14.428465843200684,14.420330047607422,14.430685043334961,0.013584870845079422,0.014679985120892525,0,0,4800,0,5.605193857299268e-45
1787296687757,1204,0,0,10,-0.18965879082679749,-28.824424743652344,172.01695251464844,5.605193857299268e-45,1.1210387714598537e-44,5.605193857299268e-45,-5.605193857299268e-45,0,0,0.00313374400138855,0.0025449185632169247,5.605193857299268e-45,1.1210387714598537e-44,14.429502487182617,14.423965454101562,14.437088012695312,0.013299980200827122,0.014453165233135223,0,0,4800,0,5.605193857299268e-45
1787296687777,1205,0,0,10,0.029234569519758224,-5.051639556884766,126.39459991455078,5.605193857299268e-45,1.1210387714598537e-44,5.605193857299268e-45,-5.605193857299268e-45,0,0,0.003890027292072773,0.0022796629928052425,5.605193857299268e-45,1.1210387714598537e-44,14.429832458496094,14.42673397064209,14.431897163391113,0.01346547156572342,0.014157313853502274,0,0,4800,0,5.605193857299268e-45
1787296687797,1206,0,0,10,-0.026410134509205818,-5.479033470153809,107.66973876953125,5.605193857299268e-45,1.1210387714598537e-44,5.605193857299268e-45,-5.605193857299268e-45,0,0,0.0027289597783237696,0.0026595271192491055,5.605193857299268e-45,1.1210387714598537e-44,14.430479049682617,14.427490234375,14.435352325439453,0.013436296954751015,0.014591873623430729,0,0,4800,0,5.605193857299268e-45
1787296687817,1207,0,0,10,-0.17941288650035858,-20.236997604370117,148.54318237304688,5.605193857299268e-45,1.1210387714598537e-44,5.605193857299268e-45,-5.605193857299268e-45,0,0,0.002495987107977271,0.002031979849562049,5.605193857299268e-45,1.1210387714598537e-44,14.429529190063477,14.422014236450195,14.432136535644531,0.01369553804397583,0.01448502205312252,0,0,4800,0,5.605193857299268e-45
1787296687838,1208,0,0,10,-0.04619690030813217,-3.558009147644043,82.53025817871094,5.605193857299268e-45,1.1210387714598537e-44,5.605193857299268e-45,-5.605193857299268e-45,0,0,0.0035999868996441364,0.002092336770147085,5.605193857299268e-45,1.1210387714598537e-44,14.428991317749023,14.421427726745605,14.4340181350708,0.0136256143450737,0.014644751325249672,0,0,4800,0,5.605193857299268e-45
1787296687858,1209,0,0,10,0.30803582072257996,30.77897071838379,133.7702178955078,5.605193857299268e-45,1.1210387714598537e-44,5.605193857299268e-45,-5.605193857299268e-45,0,0,0.003123842179775238,0.0022108377888798714,5.605193857299268e-45,1.1210387714598537e-44,14.429582595825195,14.427948951721191,14.431429862976074,0.013408102095127106,0.014670087024569511,0,0,4800,0,5.605193857299268e-45
1787296687877,1210,0,0,10,0.2332799881696701,19.31853485107422,100.1258316040039,5.605193857299268e-45,1.1210387714598537e-44,5.605193857299268e-45,-5.605193857299268e-45,0,0,0.0020706714130938053,0.001707820687443018,5.605193857299268e-45,1.1210387714598537e-44,14.430081367492676,14.427351951599121,14.432536125183105,0.013454122468829155,0.01445290632545948,0,0,4800,0,5.605193857299268e-45
1787296687897,1211,0,0,10,0.17445480823516846,8.556015014648438,237.45126342773438,5.605193857299268e-45,1.1210387714598537e-44,5.605193857299268e-45,-5.605193857299268e-45,0,0,0.004052966367453337,0.0023915318306535482,5.605193857299268e-45,1.1210387714598537e-44,14.429640769958496,14.422165870666504,14.43216323852539,0.013414699584245682,0.014370843768119812,0,0,4800,0,5.605193857299268e-45
1787296687917,1212,0,0,10,-0.18491314351558685,-17.527637481689453,175.92100524902344,5.605193857299268e-45,1.1210387714598537e-44,5.605193857299268e-45,-5.605193857299268e-45,0,0,0.003655017586424947,0.002523066010326147,5.605193857299268e-45,1.1210387714598537e-44,14.4296875,14.417893409729004,14.432510375976562,0.013295230455696583,0.014285478740930557,0,0,4800,0,5.605193857299268e-45
1787296687937,1213,0,0,10,0.11069893836975098,-8.858428955078125,292.89117431640625,5.605193857299268e-45,1.1210387714598537e-44,5.605193857299268e-45,-5.605193857299268e-45,0,0,0.004752753302454948,0.0026576349046081305,5.605193857299268e-45,1.1210387714598537e-44,14.429031372070312,14.421867370605469,14.430317878723145,0.01334306225180626,0.01410701684653759,0,0,4800,0,5.605193857299268e-45
1787296687958,1214,0,0,10,-0.1313227266073227,-21.237211227416992,159.1788330078125,5.605193857299268e-45,1.1210387714598537e-44,5.605193857299268e-45,-5.605193857299268e-45,0,0,0.003473500022664666,0.0019673684146255255,5.605193857299268e-45,1.1210387714598537e-44,14.428750991821289,14.423396110534668,14.431139945983887,0.013529820367693901,0.014773202128708363,0,0,4800,0,5.605193857299268e-45
1787296687978,1215,0,0,10,0.5822525024414062,51.95735168457031,189.6048583984375,5.605193857299268e-45,1.1210387714598537e-44,5.605193857299268e-45,-5.605193857299268e-45,0,0,0.004886544309556484,0.0025868695229291916,5.605193857299268e-45,1.1210387714598537e-44,14.429725646972656,14.427088737487793,14.432159423828125,0.013538838364183903,0.014556357637047768,0,0,4800,0,5.605193857299268e-45
1787296687998,1216,0,0,10,0.000857366481795907,-0.8479058742523193,119.34403228759766,5.605193857299268e-45,1.1210387714598537e-44,5.605193857299268e-45,-5.605193857299268e-45,0,0,0.0038859271444380283,0.0017432639142498374,5.605193857299268e-45,1.1210387714598537e-44,14.429404258728027,14.419614791870117,14.432862281799316,0.013435360975563526,0.01454993337392807,0,0,4800,0,5.605193857299268e-45
1787296688018,1217,0,0,10,-0.02193356677889824,-5.626880168914795,103.4543228149414,5.605193857299268e-45,1.1210387714598537e-44,5.605193857299268e-45,-5.605193857299268e-45,0,0,0.005674258805811405,0.0021589454263448715,5.605193857299268e-45,1.1210387714598537e-44,14.430276870727539,14.428289413452148,14.434013366699219,0.013278610073029995,0.014560260809957981,0,0,4800,0,5.605193857299268e-45
1787296688038,1218,0,0,10,-0.1599770486354828,-17.132068634033203,132.62277221679688,5.605193857299268e-45,1.1210387714598537e-44,5.605193857299268e-45,-5.605193857299268e-45,0,0,0.003979457076638937,0.0026858311612159014,5.605193857299268e-45,1.1210387714598537e-44,14.429572105407715,14.424983978271484,14.432164192199707,0.013333137147128582,0.014127280563116074,0,0,4800,0,5.605193857299268e-45
1787296688059,1219,0,0,10,0.3336118757724762,25.51401138305664,169.1407928466797,5.605193857299268e-45,1.1210387714598537e-44,5.605193857299268e-45,-5.605193857299268e-45,0,0,0.004675307311117649,0.0019947567488998175,5.605193857299268e-45,1.1210387714598537e-44,14.429893493652344,14.424548149108887,14.432286262512207,0.013789826072752476,0.014687445014715195,0,0,4800,0,5.605193857299268e-45
1787296688078,1220,0,0,10,-0.07114969193935394,-13.257396697998047,138.25018310546875,5.605193857299268e-45,1.1210387714598537e-44,5.605193857299268e-45,-5.605193857299268e-45,0,0,0.004963760729879141,0.0025678512174636126,5.605193857299268e-45,1.1210387714598537e-44,14.429646492004395,14.42664909362793,14.43234634399414,0.013604698702692986,0.014509071595966816,0,0,4800,0,5.605193857299268e-45
1787296688098,1221,0,0,10,-0.20848284661769867,-27.814523696899414,149.82247924804688,5.605193857299268e-45,1.1210387714598537e-44,5.605193857299268e-45,-5.605193857299268e-45,0,0,0.00510165560990572,0.0016287126345559955,5.605193857299268e-45,1.1210387714598537e-44,14.429703712463379,14.426733016967773,14.431258201599121,0.013316535390913486,0.01456939522176981,0.002037821337580681,0,4800,0,5.605193857299268e-45
1787296688118,1222,0,0,10,0.027114925906062126,-6.369358062744141,137.87298583984375,5.605193857299268e-45,1.1210387714598537e-44,5.605193857299268e-45,-5.605193857299268e-45,0,0,0.005192217417061329,0.0032014574389904737,5.605193857299268e-45,1.1210387714598537e-44,14.43002986907959,14.426432609558105,14.43360424041748,0.013437044806778431,0.01432075072079897,0,0,4800,0,5.605193857299268e-45
1787296688138,1223,0,0,10,-0.19774632155895233,-21.654020309448242,103.04670715332031,5.605193857299268e-45,1.1210387714598537e-44,5.605193857299268e-45,-5.605193857299268e-45,0,0,0.0043066516518592834,0.002378941746428609,5.605193857299268e-45,1.1210387714598537e-44,14.429815292358398,14.427212715148926,14.432136535644531,0.01348427776247263,0.014674617908895016,0,0,4800,0,5.605193857299268e-45
1787296688158,1224,0,0,10,-0.22779317200183868,-24.731258392333984,165.96484375,5.605193857299268e-45,1.1210387714598537e-44,5.605193857299268e-45,-5.605193857299268e-45,0,0,0.0025739618577063084,0.002379951998591423,5.605193857299268e-45,1.1210387714598537e-44,14.429896354675293,14.421564102172852,14.436786651611328,0.013392307795584202,0.014261181466281414,0,0,4800,0,5.605193857299268e-45
1787296688179,1225,0,0,10,0.13407202064990997,8.535898208618164,132.36228942871094,5.605193857299268e-45,1.1210387714598537e-44,5.605193857299268e-45,-5.605193857299268e-45,0,0,0.004455810412764549,0.002093896036967635,5.605193857299268e-45,1.1210387714598537e-44,14.430174827575684,14.4295072555542,14.432133674621582,0.013573207892477512,0.015094514936208725,0,0,4800,0,5.605193857299268e-45
1787296688199,1226,0,0,10,-0.1315501630306244,-17.921838760375977,184.1131134033203,5.605193857299268e-45,1.1210387714598537e-44,5.605193857299268e-45,-5.605193857299268e-45,0,0,0.0039925118908286095,0.0032647252082824707,5.605193857299268e-45,1.1210387714598537e-44,14.429924011230469,14.424138069152832,14.433059692382812,0.013387583196163177,0.014412499964237213,0,0,4800,0,5.605193857299268e-45
1787296688219,1227,0,0,10,0.12615038454532623,8.515722274780273,129.31463623046875,5.605193857299268e-45,1.1210387714598537e-44,5.605193857299268e-45,-5.605193857299268e-45,0,0,0.003280891804024577,0.0027036606334149837,5.605193857299268e-45,1.1210387714598537e-44,14.428728103637695,14.419891357421875,14.434380531311035,0.013489804230630398,0.015373317524790764,0,0,4800,0,5.605193857299268e-45
1787296688239,1228,0,0,10,0.09885495901107788,5.519901752471924,104.85787963867188,5.605193857299268e-45,1.1210387714598537e-44,5.605193857299268e-45,-5.605193857299268e-45,0,0,0.0032414663583040237,0.0024863688740879297,5.605193857299268e-45,1.1210387714598537e-44,14.42968463897705,14.42391586303711,14.435052871704102,0.01336530689150095,0.014476355165243149,0,0,4800,0,5.605193857299268e-45
1787296688259,1229,0,0,10,-0.07127867639064789,-21.793519973754883,140.01422119140625,5.605193857299268e-45,1.1210387714598537e-44,5.605193857299268e-45,-5.605193857299268e-45,0,0,0.004164433106780052,0.0021369082387536764,5.605193857299268e-45,1.1210387714598537e-44,14.430115699768066,14.428428649902344,14.432451248168945,0.01344122365117073,0.014471194706857204,0,0,4800,0,5.605193857299268e-45
1787296688280,1230,0,0,10,0.294871985912323,19.67920684814453,184.01095581054688,5.605193857299268e-45,1.1210387714598537e-44,5.605193857299268e-45,-5.605193857299268e-45,0,0,0.005790306255221367,0.002591019729152322,5.605193857299268e-45,1.1210387714598537e-44,14.429952621459961,14.426946640014648,14.432844161987305,0.013374830596148968,0.014639643020927906,0,0,4800,0,5.605193857299268e-45
1787296688299,1231,0,0,10,0.7631384134292603,59.069236755371094,211.26773071289062,5.605193857299268e-45,1.1210387714598537e-44,5.605193857299268e-45,-5.605193857299268e-45,0,0,0.00560064846649766,0.0020911647006869316,5.605193857299268e-45,1.1210387714598537e-44,14.429563522338867,14.425154685974121,14.431671142578125,0.01352996751666069,0.014516783878207207,0,0,4800,0,5.605193857299268e-45
1787296688319,1232,0,0,10,-0.018376445397734642,-7.038039684295654,178.38638305664062,5.605193857299268e-45,1.1210387714598537e-44,5.605193857299268e-45,-5.605193857299268e-45,0,0,0.003686043666675687,0.002270826604217291,5.605193857299268e-45,1.1210387714598537e-44,14.430736541748047,14.42933177947998,14.432891845703125,0.013378351926803589,0.014223084785044193,0,0,4800,0,5.605193857299268e-45
1787296688340,1233,0,0,10,0.09747754037380219,1.7317968606948853,184.9314422607422,5.605193857299268e-45,1.1210387714598537e-44,5.605193857299268e-45,-5.605193857299268e-45,0,0,0.0033839410170912743,0.0019972992595285177,5.605193857299268e-45,1.1210387714598537e-44,14.430157661437988,14.425806045532227,14.432953834533691,0.013539695180952549,0.014957772567868233,0,0,4800,0,5.605193857299268e-45
1787296688360,1234,0,0,10,-0.22436319291591644,-27.676517486572266,173.22520446777344,5.605193857299268e-45,1.1210387714598537e-44,5.605193857299268e-45,-5.605193857299268e-45,0,0,0.0028095832094550133,0.0021489846985787153,5.605193857299268e-45,1.1210387714598537e-44,14.43044376373291,14.423205375671387,14.433679580688477,0.013347961008548737,0.014489010907709599,0,0,4800,0,5.605193857299268e-45
1787296688380,1235,0,0,10,0.06788022071123123,3.9405457973480225,139.89724731445312,5.605193857299268e-45,1.1210387714598537e-44,5.605193857299268e-45,-5.605193857299268e-45,0,0,0.0035460307262837887,0.002002120716497302,5.605193857299268e-45,1.1210387714598537e-44,14.429326057434082,14.421520233154297,14.432992935180664,0.013380010612308979,0.014897356741130352,0,0,4800,0,5.605193857299268e-45
1787296688400,1236,0,0,10,0.09414597600698471,4.489164352416992,155.3876495361328,5.605193857299268e-45,1.1210387714598537e-44,5.605193857299268e-45,-5.605193857299268e-45,0,0,0.004686880856752396,0.00226184306666255,5.605193857299268e-45,1.1210387714598537e-44,14.430513381958008,14.427435874938965,14.43298625946045,0.01332743652164936,0.014656863175332546,0,0,4800,0,5.605193857299268e-45
1787296688420,1237,0,0,10,0.2344961166381836,8.365769386291504,178.7388153076172,5.605193857299268e-45,1.1210387714598537e-44,5.605193857299268e-45,-5.605193857299268e-45,0,0,0.003736068494617939,0.0025480985641479492,5.605193857299268e-45,1.1210387714598537e-44,14.429827690124512,14.42664623260498,14.432168960571289,0.01335938647389412,0.014529385603964329,0,0,4800,0,5.605193857299268e-45
1787296688440,1238,0,0,10,0.08207281678915024,5.584223747253418,164.16937255859375,5.605193857299268e-45,1.1210387714598537e-44,5.605193857299268e-45,-5.605193857299268e-45,0,0,0.00368495867587626,0.0029825675301253796,5.605193857299268e-45,1.1210387714598537e-44,14.430737495422363,14.427916526794434,14.435149192810059,0.013382991775870323,0.014511593617498875,0,0,4800,0,5.605193857299268e-45
1787296688460,1239,0,0,10,0.20499350130558014,19.715499877929688,110.57424926757812,5.605193857299268e-45,1.1210387714598537e-44,5.605193857299268e-45,-5.605193857299268e-45,0,0,0.003113151527941227,0.0020533951465040445,5.605193857299268e-45,1.1210387714598537e-44,14.430228233337402,14.424551010131836,14.433420181274414,0.013735579326748848,0.014851821586489677,0,0,4800,0,5.605193857299268e-45
1787296688480,1240,0,0,10,-0.12622949481010437,-19.015422821044922,145.46368408203125,5.605193857299268e-45,1.1210387714598537e-44,5.605193857299268e-45,-5.605193857299268e-45,0,0,0.004992816597223282,0.0024744553957134485,5.605193857299268e-45,1.1210387714598537e-44,14.429396629333496,14.42243480682373,14.432677268981934,0.013196426443755627,0.014956680126488209,0,0,4800,0,5.605193857299268e-45
1787296688500,1241,0,0,10,0.079339899122715,14.318930625915527,133.40972900390625,5.605193857299268e-45,1.1210387714598537e-44,5.605193857299268e-45,-5.605193857299268e-45,0,0,0.0031146982219070196,0.0021147048100829124,5.605193857299268e-45,1.1210387714598537e-44,14.430204391479492,14.427684783935547,14.432649612426758,0.013356905430555344,0.014755108393728733,0,0,4800,0,5.605193857299268e-45
1787296688520,1242,0,0,10,-0.06322358548641205,-14.117913246154785,249.66818237304688,5.605193857299268e-45,1.1210387714598537e-44,5.605193857299268e-45,-5.605193857299268e-45,0,0,0.006252894178032875,0.003220363985747099,5.605193857299268e-45,1.1210387714598537e-44,14.429805755615234,14.42785358428955,14.431070327758789,0.013379710726439953,0.015055656433105469,0,0,4800,0,5.605193857299268e-45
1787296688540,1243,0,0,10,0.004376622848212719,-2.512521743774414,130.572021484375,5.605193857299268e-45,1.1210387714598537e-44,5.605193857299268e-45,-5.605193857299268e-45,0,0,0.004278858657926321,0.002123410813510418,5.605193857299268e-45,1.1210387714598537e-44,14.429728507995605,14.428606033325195,14.431389808654785,0.013705271296203136,0.014575367793440819,0,0,4800,0,5.605193857299268e-45
1787296688561,1244,0,0,10,0.06223626434803009,-2.3400912284851074,116.48493957519531,5.605193857299268e-45,1.1210387714598537e-44,5.605193857299268e-45,-5.605193857299268e-45,0,0,0.004984269384294748,0.0024155452847480774,5.605193857299268e-45,1.1210387714598537e-44,14.430901527404785,14.42790412902832,14.437610626220703,0.013515663333237171,0.014685587026178837,0,0,4800,0,5.605193857299268e-45
1787296688581,1245,0,0,10,-0.2070072591304779,-22.28411293029785,122.76860046386719,5.605193857299268e-45,1.1210387714598537e-44,5.605193857299268e-45,-5.605193857299268e-45,0,0,0.004632025957107544,0.0028731762431561947,5.605193857299268e-45,1.1210387714598537e-44,14.43027400970459,14.425442695617676,14.433741569519043,0.013474642299115658,0.014251320622861385,0,0,4800,0,5.605193857299268e-45
1787296688601,1246,0,0,10,0.00513890665024519,-3.8037307262420654,109.27388763427734,5.605193857299268e-45,1.1210387714598537e-44,5.605193857299268e-45,-5.605193857299268e-45,0,0,0.003651835722848773,0.00206589512526989,5.605193857299268e-45,1.1210387714598537e-44,14.430574417114258,14.428503036499023,14.433286666870117,0.013132653199136257,0.014154860749840736,0,0,4800,0,5.605193857299268e-45
1787296688621,1247,0,0,10,-0.10302507877349854,-9.625895500183105,109.14664459228516,5.605193857299268e-45,1.1210387714598537e-44,5.605193857299268e-45,-5.605193857299268e-45,0,0,0.00253095431253314,0.0018096972489729524,5.605193857299268e-45,1.1210387714598537e-44,14.429789543151855,14.426846504211426,14.432368278503418,0.013334838673472404,0.014509855769574642,0,0,4800,0,5.605193857299268e-45
1787296688641,1248,0,0,10,0.47245967388153076,39.993377685546875,156.92703247070312,5.605193857299268e-45,1.1210387714598537e-44,5.605193857299268e-45,-5.605193857299268e-45,0,0,0.0033463994041085243,0.0021288797724992037,5.605193857299268e-45,1.1210387714598537e-44,14.428956985473633,14.424273490905762,14.431275367736816,0.01373942382633686,0.014465073123574257,0,0,4800,0,5.605193857299268e-45
1787296688661,1249,0,0,10,-0.2105325609445572,-30.3730411529541,206.95660400390625,5.605193857299268e-45,1.1210387714598537e-44,5.605193857299268e-45,-5.605193857299268e-45,0,0,0.0041937511414289474,0.002849097363650799,5.605193857299268e-45,1.1210387714598537e-44,14.429788589477539,14.426044464111328,14.432180404663086,0.013695389963686466,0.014475480653345585,0,0,4800,0,5.605193857299268e-45
1787296688681,1250,0,0,10,-0.1559707522392273,-17.898921966552734,122.3111801147461,5.605193857299268e-45,1.1210387714598537e-44,5.605193857299268e-45,-5.605193857299268e-45,0,0,0.0028028173837810755,0.001999651314690709,5.605193857299268e-45,1.1210387714598537e-44,14.429381370544434,14.422457695007324,14.434256553649902,0.013371013104915619,0.014368787407875061,0,0,4800,0,5.605193857299268e-45
1787296688701,1251,0,0,10,-0.0057594324462115765,-1.8295882940292358,167.37054443359375,5.605193857299268e-45,1.1210387714598537e-44,5.605193857299268e-45,-5.605193857299268e-45,0,0,0.003071567974984646,0.0024860540870577097,5.605193857299268e-45,1.1210387714598537e-44,14.430046081542969,14.428272247314453,14.43234920501709,0.013601879589259624,0.014165042899549007,0,0,4800,0,5.605193857299268e-45
1787296688721,1252,0,0,10,-0.23501048982143402,-26.258731842041016,121.13533782958984,5.605193857299268e-45,1.1210387714598537e-44,5.605193857299268e-45,-5.605193857299268e-45,0,0,0.003948724828660488,0.0026224693283438683,5.605193857299268e-45,1.1210387714598537e-44,14.429604530334473,14.422497749328613,14.432104110717773,0.013376050628721714,0.014896417036652565,0,0,4800,0,5.605193857299268e-45
1787296688741,1253,0,0,10,-0.11738757789134979,-5.31951904296875,136.40267944335938,5.605193857299268e-45,1.1210387714598537e-44,5.605193857299268e-45,-5.605193857299268e-45,0,0,0.0037228059954941273,0.0025477358140051365,5.605193857299268e-45,1.1210387714598537e-44,14.428786277770996,14.423599243164062,14.43129825592041,0.013717968948185444,0.015575450845062733,0,0,4800,0,5.605193857299268e-45
1787296688762,1254,0,0,10,-0.028897151350975037,0.3378417491912842,120.4867935180664,5.605193857299268e-45,1.1210387714598537e-44,5.605193857299268e-45,-5.605193857299268e-45,0,0,0.0031181948725134134,0.002225726842880249,5.605193857299268e-45,1.1210387714598537e-44,14.430264472961426,14.427275657653809,14.435233116149902,0.01372828334569931,0.015414024703204632,0,0,4800,0,5.605193857299268e-45
1787296688782,1255,0,0,10,-0.00795963779091835,-4.730098247528076,100.25978088378906,5.605193857299268e-45,1.1210387714598537e-44,5.605193857299268e-45,-5.605193857299268e-45,0,0,0.003435216611251235,0.0019325453322380781,5.605193857299268e-45,1.1210387714598537e-44,14.430986404418945,14.428374290466309,14.434685707092285,0.0133915264159441,0.014612539671361446,0,0,4800,0,5.605193857299268e-45
1787296688802,1256,0,0,10,-0.10638595372438431,-21.302305221557617,142.83523559570312,5.605193857299268e-45,1.1210387714598537e-44,5.605193857299268e-45,-5.605193857299268e-45,0,0,0.0050340499728918076,0.0029489020816981792,5.605193857299268e-45,1.1210387714598537e-44,14.429394721984863,14.42392349243164,14.433457374572754,0.013449846766889095,0.01432636845856905,0,0,4800,0,5.605193857299268e-45
1787296688822,1257,0,0,10,0.31835341453552246,33.541954040527344,176.27023315429688,5.605193857299268e-45,1.1210387714598537e-44,5.605193857299268e-45,-5.605193857299268e-45,0,0,0.004425003193318844,0.002770498627796769,5.605193857299268e-45,1.1210387714598537e-44,14.429919242858887,14.428804397583008,14.432159423828125,0.013801449909806252,0.014947423711419106,0,0,4800,0,5.605193857299268e-45
1787296688842,1258,0,0,10,0.05322808399796486,3.329392910003662,132.5374298095703,5.605193857299268e-45,1.1210387714598537e-44,5.605193857299268e-45,-5.605193857299268e-45,0,0,0.004641115199774504,0.0024441927671432495,5.605193857299268e-45,1.1210387714598537e-44,14.430341720581055,14.42684268951416,14.433648109436035,0.01346962247043848,0.014865010045468807,0,0,4800,0,5.605193857299268e-45
1787296688862,1259,0,0,10,-0.15276551246643066,-16.395036697387695,140.9879608154297,5.605193857299268e-45,1.1210387714598537e-44,5.605193857299268e-45,-5.605193857299268e-45,0,0,0.005928033962845802,0.0025375622790306807,5.605193857299268e-45,1.1210387714598537e-44,14.42993450164795,14.428475379943848,14.432517051696777,0.013609275221824646,0.014986160211265087,0,0,4800,0,5.605193857299268e-45
1787296688882,1260,0,0,10,-0.006093523930758238,5.4705610275268555,162.81689453125,5.605193857299268e-45,1.1210387714598537e-44,5.605193857299268e-45,-5.605193857299268e-45,0,0,0.003358952235430479,0.002473857719451189,5.605193857299268e-45,1.1210387714598537e-44,14.430448532104492,14.420626640319824,14.434037208557129,0.013416596688330173,0.01444916520267725,0,0,4800,0,5.605193857299268e-45
1787296688902,1261,0,0,10,-0.04018527641892433,-5.824957847595215,177.9447479248047,5.605193857299268e-45,1.1210387714598537e-44,5.605193857299268e-45,-5.605193857299268e-45,0,0,0.003622307674959302,0.0022376810666173697,5.605193857299268e-45,1.1210387714598537e-44,14.430150985717773,14.429309844970703,14.43267822265625,0.013627149164676666,0.014261524192988873,0,0,4800,0,5.605193857299268e-45
1787296688922,1262,0,0,10,-0.019693532958626747,-2.8965632915496826,167.78424072265625,5.605193857299268e-45,1.1210387714598537e-44,5.605193857299268e-45,-5.605193857299268e-45,0,0,0.002520388923585415,0.0016760500147938728,5.605193857299268e-45,1.1210387714598537e-44,14.431138038635254,14.425655364990234,14.434375762939453,0.013506865128874779,0.014471390284597874,0,0,4800,0,5.605193857299268e-45
1787296688942,1263,0,0,10,-0.23302893340587616,-19.591903686523438,151.6521453857422,5.605193857299268e-45,1.1210387714598537e-44,5.605193857299268e-45,-5.605193857299268e-45,0,0,0.0023034082259982824,0.0015422290889546275,5.605193857299268e-45,1.1210387714598537e-44,14.429887771606445,14.425039291381836,14.43233585357666,0.013594307005405426,0.014531796798110008,0,0,4800,0,5.605193857299268e-45
1787296688963,1264,0,0,10,0.07129380106925964,1.7213287353515625,159.64476013183594,5.605193857299268e-45,1.1210387714598537e-44,5.605193857299268e-45,-5.605193857299268e-45,0,0,0.004298246931284666,0.002767040394246578,5.605193857299268e-45,1.1210387714598537e-44,14.430207252502441,14.426514625549316,14.43474292755127,0.013401398435235023,0.014165163040161133,0,0,4800,0,5.605193857299268e-45
1787296688982,1265,0,0,10,0.13628169894218445,9.771773338317871,170.62582397460938,5.605193857299268e-45,1.1210387714598537e-44,5.605193857299268e-45,-5.605193857299268e-45,0,0,0.004487829282879829,0.0027143354527652264,5.605193857299268e-45,1.1210387714598537e-44,14.430400848388672,14.429247856140137,14.437105178833008,0.013456715270876884,0.014501756988465786,0,0,4800,0,5.605193857299268e-45
1787296689003,1266,0,0,10,0.018355386331677437,-0.07362935692071915,141.33432006835938,5.605193857299268e-45,1.1210387714598537e-44,5.605193857299268e-45,-5.605193857299268e-45,0,0,0.0037426005583256483,0.002410968067124486,5.605193857299268e-45,1.1210387714598537e-44,14.428665161132812,14.423212051391602,14.430904388427734,0.013370714150369167,0.014501238241791725,0,0,4800,0,5.605193857299268e-45
1787296689023,1267,0,0,10,-0.19660602509975433,-17.52418327331543,169.61602783203125,5.605193857299268e-45,1.1210387714598537e-44,5.605193857299268e-45,-5.605193857299268e-45,0,0,0.003969273529946804,0.0018764648120850325,5.605193857299268e-45,1.1210387714598537e-44,14.430229187011719,14.428967475891113,14.433456420898438,0.013310171663761139,0.014585066586732864,0,0,4800,0,5.605193857299268e-45
1787296689043,1268,0,0,10,-0.07285343110561371,-22.708049774169922,253.46873474121094,5.605193857299268e-45,1.1210387714598537e-44,5.605193857299268e-45,-5.605193857299268e-45,0,0,0.005365658551454544,0.00216564885340631,5.605193857299268e-45,1.1210387714598537e-44,14.429529190063477,14.422749519348145,14.433469772338867,0.013576445169746876,0.0146573381498456,0,0,4800,0,5.605193857299268e-45
1787296689063,1269,0,0,10,-0.07028952986001968,-3.882687568664551,159.81614685058594,5.605193857299268e-45,1.1210387714598537e-44,5.605193857299268e-45,-5.605193857299268e-45,0,0,0.00338504440151155,0.0024986315984278917,5.605193857299268e-45,1.1210387714598537e-44,14.4291410446167,14.423993110656738,14.431797981262207,0.013419688679277897,0.014980968087911606,0,0,4800,0,5.605193857299268e-45
1787296689083,1270,0,0,10,-0.04633866995573044,-2.9820353984832764,139.77224731445312,5.605193857299268e-45,1.1210387714598537e-44,5.605193857299268e-45,-5.605193857299268e-45,0,0,0.002935709897428751,0.0018823338905349374,5.605193857299268e-45,1.1210387714598537e-44,14.430391311645508,14.427178382873535,14.434006690979004,0.01348158996552229,0.014619722962379456,0,0,4800,0,5.605193857299268e-45
1787296689103,1271,0,0,10,-0.04561782628297806,-4.876419544219971,92.79774475097656,5.605193857299268e-45,1.1210387714598537e-44,5.605193857299268e-45,-5.605193857299268e-45,0,0,0.002632296644151211,0.0015446547186002135,5.605193857299268e-45,1.1210387714598537e-44,14.429418563842773,14.421958923339844,14.43292236328125,0.013512002304196358,0.014246796257793903,0,0,4800,0,5.605193857299268e-45
1787296689123,1272,0,0,10,0.09571699053049088,7.312598705291748,167.8175048828125,5.605193857299268e-45,1.1210387714598537e-44,5.605193857299268e-45,-5.605193857299268e-45,0,0,0.004796789027750492,0.0020245660562068224,5.605193857299268e-45,1.1210387714598537e-44,14.429746627807617,14.424793243408203,14.432746887207031,0.013450668193399906,0.014647705480456352,0,0,4800,0,5.605193857299268e-45
1787296689143,1273,0,0,10,-0.250283807516098,-34.7493896484375,245.3948211669922,5.605193857299268e-45,1.1210387714598537e-44,5.605193857299268e-45,-5.605193857299268e-45,0,0,0.006844178307801485,0.002577916020527482,5.605193857299268e-45,1.1210387714598537e-44,14.4298095703125,14.42402458190918,14.433965682983398,0.013297894969582558,0.014343633316457272,0,0,4800,0,5.605193857299268e-45
1787296689164,1274,0,0,10,0.17310655117034912,19.627033233642578,138.1300048828125,5.605193857299268e-45,1.1210387714598537e-44,5.605193857299268e-45,-5.605193857299268e-45,0,0,0.0045710476115345955,0.0023308584932237864,5.605193857299268e-45,1.1210387714598537e-44,14.430659294128418,14.42888069152832,14.433820724487305,0.01345596369355917,0.01475532352924347,0,0,4800,0,5.605193857299268e-45
1787296689184,1275,0,0,10,0.16314785182476044,7.266193389892578,183.6286163330078,5.605193857299268e-45,1.1210387714598537e-44,5.605193857299268e-45,-5.605193857299268e-45,0,0,0.00371545203961432,0.0023705954663455486,5.605193857299268e-45,1.1210387714598537e-44,14.43030834197998,14.427056312561035,14.432310104370117,0.01359471119940281,0.014535858295857906,0,0,4800,0,5.605193857299268e-45
1787296689204,1276,0,0,10,-0.012076555751264095,-1.7428046464920044,160.02322387695312,5.605193857299268e-45,1.1210387714598537e-44,5.605193857299268e-45,-5.605193857299268e-45,0,0,0.0038028829731047153,0.002649663481861353,5.605193857299268e-45,1.1210387714598537e-44,14.42956256866455,14.421062469482422,14.433181762695312,0.0133799584582448,0.014342826791107655,0,0,4800,0,5.605193857299268e-45
1787296689224,1277,0,0,10,0.4118877947330475,33.8066520690918,105.88148498535156,5.605193857299268e-45,1.1210387714598537e-44,5.605193857299268e-45,-5.605193857299268e-45,0,0,0.0032466119155287743,0.0019560293294489384,5.605193857299268e-45,1.1210387714598537e-44,14.430359840393066,14.427481651306152,14.435624122619629,0.013553007505834103,0.01499974261969328,0,0,4800,0,5.605193857299268e-45
1787296689244,1278,0,0,10,0.018730266019701958,-4.216094017028809,143.58973693847656,5.605193857299268e-45,1.1210387714598537e-44,5.605193857299268e-45,-5.605193857299268e-45,0,0,0.003935840912163258,0.0026152937207370996,5.605193857299268e-45,1.1210387714598537e-44,14.430602073669434,14.4295072555542,14.432258605957031,0.01325895730406046,0.014549843966960907,0,0,4800,0,5.605193857299268e-45
1787296689264,1279,0,0,10,0.011052046902477741,-8.081414222717285,203.29928588867188,5.605193857299268e-45,1.1210387714598537e-44,5.605193857299268e-45,-5.605193857299268e-45,0,0,0.0030548677314072847,0.0020790460985153913,5.605193857299268e-45,1.1210387714598537e-44,14.42994499206543,14.42738151550293,14.433006286621094,0.013468091376125813,0.013978376053273678,0,0,4800,0,5.605193857299268e-45
1787296689284,1280,0,0,10,-0.04810160771012306,-13.764434814453125,175.4477996826172,5.605193857299268e-45,1.1210387714598537e-44,5.605193857299268e-45,-5.605193857299268e-45,0,0,0.004244028124958277,0.002182707656174898,5.605193857299268e-45,1.1210387714598537e-44,14.430658340454102,14.42768383026123,14.434557914733887,0.01365747395902872,0.015066421590745449,0,0,4800,0,5.605193857299268e-45
1787296689304,1281,0,0,10,0.03304135799407959,-11.240289688110352,157.25729370117188,5.605193857299268e-45,1.1210387714598537e-44,5.605193857299268e-45,-5.605193857299268e-45,0,0,0.0030181552283465862,0.002911906922236085,5.605193857299268e-45,1.1210387714598537e-44,14.429964065551758,14.424479484558105,14.432234764099121,0.01341432984918356,0.014671865850687027,0,0,4800,0,5.605193857299268e-45
1787296689324,1282,0,0,10,0.052343472838401794,-8.071344375610352,170.31658935546875,5.605193857299268e-45,1.1210387714598537e-44,5.605193857299268e-45,-5.605193857299268e-45,0,0,0.004031567368656397,0.0020247118081897497,5.605193857299268e-45,1.1210387714598537e-44,14.429034233093262,14.425570487976074,14.430746078491211,0.013632592745125294,0.014528496190905571,0,0,4800,0,5.605193857299268e-45
1787296689345,1283,0,0,10,0.10908807814121246,13.807395935058594,126.49345397949219,5.605193857299268e-45,1.1210387714598537e-44,5.605193857299268e-45,-5.605193857299268e-45,0,0,0.0035369740799069405,0.0020874447654932737,5.605193857299268e-45,1.1210387714598537e-44,14.429144859313965,14.421164512634277,14.433302879333496,0.013658835552632809,0.014473744668066502,0,0,4800,0,5.605193857299268e-45
1787296689365,1284,0,0,10,-0.150352343916893,-11.94457721710205,150.41482543945312,5.605193857299268e-45,1.1210387714598537e-44,5.605193857299268e-45,-5.605193857299268e-45,0,0,0.0030592980328947306,0.001928105833940208,5.605193857299268e-45,1.1210387714598537e-44,14.43103313446045,14.42883014678955,14.434700965881348,0.013235949911177158,0.014184246771037579,0,0,4800,0,5.605193857299268e-45
1787296689385,1285,0,0,10,-0.14959602057933807,-19.274887084960938,190.30892944335938,5.605193857299268e-45,1.1210387714598537e-44,5.605193857299268e-45,-5.605193857299268e-45,0,0,0.004064816515892744,0.002379312878474593,5.605193857299268e-45,1.1210387714598537e-44,14.430253982543945,14.421784400939941,14.433311462402344,0.01339584682136774,0.014881675131618977,0,0,4800,0,5.605193857299268e-45
1787296689405,1286,0,0,10,0.041792966425418854,3.026784658432007,127.36589813232422,5.605193857299268e-45,1.1210387714598537e-44,5.605193857299268e-45,-5.605193857299268e-45,0,0,0.004300216678529978,0.0027590764220803976,5.605193857299268e-45,1.1210387714598537e-44,14.430400848388672,14.429043769836426,14.43234920501709,0.013521909713745117,0.01449798047542572,0,0,4800,0,5.605193857299268e-45
1787296689425,1287,0,0,10,-0.10489308089017868,-18.413293838500977,167.723388671875,5.605193857299268e-45,1.1210387714598537e-44,5.605193857299268e-45,-5.605193857299268e-45,0,0,0.0036143618635833263,0.0017395511968061328,5.605193857299268e-45,1.1210387714598537e-44,14.430976867675781,14.42885684967041,14.434863090515137,0.013683810830116272,0.014898702502250671,0,0,4800,0,5.605193857299268e-45
1787296689445,1288,0,0,10,0.06491562724113464,6.3382768630981445,103.88399505615234,5.605193857299268e-45,1.1210387714598537e-44,5.605193857299268e-45,-5.605193857299268e-45,0,0,0.0014687039656564593,0.0018887310288846493,5.605193857299268e-45,1.1210387714598537e-44,14.430682182312012,14.427668571472168,14.436922073364258,0.013494765385985374,0.014335250481963158,0,0,4800,0,5.605193857299268e-45
1787296689465,1289,0,0,10,-0.11155973374843597,-13.000755310058594,76.09204864501953,5.605193857299268e-45,1.1210387714598537e-44,5.605193857299268e-45,-5.605193857299268e-45,0,0,0.0032704302575439215,0.0021227700635790825,5.605193857299268e-45,1.1210387714598537e-44,14.43046760559082,14.42951488494873,14.433160781860352,0.01348180416971445,0.01451578177511692,0,0,4800,0,5.605193857299268e-45
1787296689485,1290,0,0,10,-0.09949412196874619,-17.096553802490234,141.41966247558594,5.605193857299268e-45,1.1210387714598537e-44,5.605193857299268e-45,-5.605193857299268e-45,0,0,0.0037385267205536366,0.002204552059993148,5.605193857299268e-45,1.1210387714598537e-44,14.430971145629883,14.428247451782227,14.433175086975098,0.013638999313116074,0.01501247938722372,0,0,4800,0,5.605193857299268e-45
1787296689505,1291,0,0,10,-0.05281182378530502,-9.663847923278809,100.12056732177734,5.605193857299268e-45,1.1210387714598537e-44,5.605193857299268e-45,-5.605193857299268e-45,0,0,0.0028906851075589657,0.0017752147978171706,5.605193857299268e-45,1.1210387714598537e-44,14.430436134338379,14.4295072555542,14.433043479919434,0.013600712642073631,0.014895263127982616,0,0,4800,0,5.605193857299268e-45
1787296689526,1292,0,0,10,0.05733447149395943,2.24078369140625,141.63539123535156,5.605193857299268e-45,1.1210387714598537e-44,5.605193857299268e-45,-5.605193857299268e-45,0,0,0.003793539945036173,0.001980637200176716,5.605193857299268e-45,1.1210387714598537e-44,14.430779457092285,14.42776870727539,14.435199737548828,0.013436660170555115,0.014126812107861042,0,0,4800,0,5.605193857299268e-45
1787296689546,1293,0,0,10,-0.13077792525291443,-13.457125663757324,148.12913513183594,5.605193857299268e-45,1.1210387714598537e-44,5.605193857299268e-45,-5.605193857299268e-45,0,0,0.0029422107618302107,0.002149077830836177,5.605193857299268e-45,1.1210387714598537e-44,14.430566787719727,14.422439575195312,14.433218002319336,0.013471602462232113,0.014313279651105404,0,0,4800,0,5.605193857299268e-45
1787296689566,1294,0,0,10,0.19195538759231567,20.094707489013672,164.49639892578125,5.605193857299268e-45,1.1210387714598537e-44,5.605193857299268e-45,-5.605193857299268e-45,0,0,0.0049026403576135635,0.0025129893328994513,5.605193857299268e-45,1.1210387714598537e-44,14.430580139160156,14.427329063415527,14.434993743896484,0.01351146213710308,0.014213690534234047,0,0,4800,0,5.605193857299268e-45
1787296689586,1295,0,0,10,0.04303409904241562,-8.124886512756348,202.02963256835938,5.605193857299268e-45,1.1210387714598537e-44,5.605193857299268e-45,-5.605193857299268e-45,0,0,0.0038649698253721,0.0019537012558430433,5.605193857299268e-45,1.1210387714598537e-44,14.4296293258667,14.426955223083496,14.433867454528809,0.013785846531391144,0.01441825833171606,0,0,4800,0,5.605193857299268e-45
1787296689606,1296,0,0,10,-0.28222495317459106,-26.437183380126953,171.00372314453125,5.605193857299268e-45,1.1210387714598537e-44,5.605193857299268e-45,-5.605193857299268e-45,0,0,0.0038531413301825523,0.0024245548993349075,5.605193857299268e-45,1.1210387714598537e-44,14.430213928222656,14.427355766296387,14.434279441833496,0.013378503732383251,0.014865566976368427,0,0,4800,0,5.605193857299268e-45
1787296689626,1297,0,0,10,0.1347343772649765,17.57375144958496,141.45359802246094,5.605193857299268e-45,1.1210387714598537e-44,5.605193857299268e-45,-5.605193857299268e-45,0,0,0.004319936502724886,0.0024543225299566984,5.605193857299268e-45,1.1210387714598537e-44,14.429916381835938,14.425281524658203,14.432788848876953,0.013548173010349274,0.014384351670742035,0,0,4800,0,5.605193857299268e-45
1787296689646,1298,0,0,10,0.17760880291461945,17.22970962524414,104.29863739013672,5.605193857299268e-45,1.1210387714598537e-44,5.605193857299268e-45,-5.605193857299268e-45,0,0,0.0025565223768353462,0.0022557165939360857,5.605193857299268e-45,1.1210387714598537e-44,14.429253578186035,14.422056198120117,14.432718276977539,0.013489128090441227,0.014669501222670078,0,0,4800,0,5.605193857299268e-45
1787296689666,1299,0,0,10,-0.08131024241447449,-9.596034049987793,100.58948516845703,5.605193857299268e-45,1.1210387714598537e-44,5.605193857299268e-45,-5.605193857299268e-45,0,0,0.002752214903011918,0.0021429485641419888,5.605193857299268e-45,1.1210387714598537e-44,14.42939567565918,14.42276382446289,14.433357238769531,0.013730272650718689,0.014976825565099716,0,0,4800,0,5.605193857299268e-45
1787296689686,1300,0,0,10,-0.08275860548019409,-10.658538818359375,116.0439224243164,5.605193857299268e-45,1.1210387714598537e-44,5.605193857299268e-45,-5.605193857299268e-45,0,0,0.0026088061276823282,0.0013928201515227556,5.605193857299268e-45,1.1210387714598537e-44,14.429648399353027,14.426644325256348,14.433648109436035,0.013704558834433556,0.014338553883135319,0,0,4800,0,5.605193857299268e-45
1787296689706,1301,0,0,10,0.2763393223285675,16.418821334838867,160.08045959472656,5.605193857299268e-45,1.1210387714598537e-44,5.605193857299268e-45,-5.605193857299268e-45,0,0,0.0038095491472631693,0.002234273822978139,5.605193857299268e-45,1.1210387714598537e-44,14.430426597595215,14.422409057617188,14.4325590133667,0.01350407488644123,0.014536832459270954,0,0,4800,0,5.605193857299268e-45
1787296689726,1302,0,0,10,0.06922348588705063,-0.1009020209312439,150.27171325683594,5.605193857299268e-45,1.1210387714598537e-44,5.605193857299268e-45,-5.605193857299268e-45,0,0,0.0037970358971506357,0.0027049833443015814,5.605193857299268e-45,1.1210387714598537e-44,14.429774284362793,14.424091339111328,14.432815551757812,0.013363122008740902,0.014406180940568447,0,0,4800,0,5.605193857299268e-45
1787296689746,1303,0,0,10,0.06142183393239975,8.672774314880371,116.80838012695312,5.605193857299268e-45,1.1210387714598537e-44,5.605193857299268e-45,-5.605193857299268e-45,0,0,0.0021299903746694326,0.0020610042847692966,5.605193857299268e-45,1.1210387714598537e-44,14.430294036865234,14.4295072555542,14.433182716369629,0.013357458636164665,0.014426220208406448,0,0,4800,0,5.605193857299268e-45
1787296689767,1304,0,0,10,0.21833819150924683,17.574966430664062,120.5119857788086,5.605193857299268e-45,1.1210387714598537e-44,5.605193857299268e-45,-5.605193857299268e-45,0,0,0.004224589094519615,0.0022080775815993547,5.605193857299268e-45,1.1210387714598537e-44,14.430730819702148,14.428886413574219,14.433534622192383,0.013386497274041176,0.014711689203977585,0,0,4800,0,5.605193857299268e-45
1787296689787,1305,0,0,10,0.006383398547768593,3.9173498153686523,114.33848571777344,5.605193857299268e-45,1.1210387714598537e-44,5.605193857299268e-45,-5.605193857299268e-45,0,0,0.002881328808143735,0.0019596093334257603,5.605193857299268e-45,1.1210387714598537e-44,14.430453300476074,14.42831039428711,14.432531356811523,0.013043262995779514,0.014334656298160553,0,0,4800,0,5.605193857299268e-45
1787296689807,1306,0,0,10,-0.1050301268696785,-11.977066993713379,117.76436614990234,5.605193857299268e-45,1.1210387714598537e-44,5.605193857299268e-45,-5.605193857299268e-45,0,0,0.0017263047629967332,0.001725400099530816,5.605193857299268e-45,1.1210387714598537e-44,14.430787086486816,14.426485061645508,14.43459701538086,0.013339048251509666,0.01405493263155222,0,0,4800,0,5.605193857299268e-45
1787296689827,1307,0,0,10,-0.11088225245475769,-2.6822609901428223,119.71728515625,5.605193857299268e-45,1.1210387714598537e-44,5.605193857299268e-45,-5.605193857299268e-45,0,0,0.002270748605951667,0.002394720446318388,5.605193857299268e-45,1.1210387714598537e-44,14.429586410522461,14.421236991882324,14.43148422241211,0.013583238236606121,0.014446936547756195,0,0,4800,0,5.605193857299268e-45
1787296689847,1308,0,0,10,-0.06196440011262894,-0.2117786705493927,92.53034973144531,5.605193857299268e-45,1.1210387714598537e-44,5.605193857299268e-45,-5.605193857299268e-45,0,0,0.001981076318770647,0.0016613663174211979,5.605193857299268e-45,1.1210387714598537e-44,14.430190086364746,14.421562194824219,14.43336009979248,0.013622420839965343,0.014565150253474712,0,0,4800,0,5.605193857299268e-45
1787296689867,1309,0,0,10,0.01177170593291521,2.026364326477051,78.5814208984375,5.605193857299268e-45,1.1210387714598537e-44,5.605193857299268e-45,-5.605193857299268e-45,0,0,0.002069031586870551,0.0014280646573752165,5.605193857299268e-45,1.1210387714598537e-44,14.430405616760254,14.429561614990234,14.433367729187012,0.01380592118948698,0.01480176206678152,0,0,4800,0,5.605193857299268e-45
1787296689887,1310,0,0,10,0.32416263222694397,33.858665466308594,88.87665557861328,5.605193857299268e-45,1.1210387714598537e-44,5.605193857299268e-45,-5.605193857299268e-45,0,0,0.0029272562824189663,0.001648875535465777,5.605193857299268e-45,1.1210387714598537e-44,14.431035041809082,14.429189682006836,14.43558120727539,0.013466637581586838,0.014302406460046768,0,0,4800,0,5.605193857299268e-45
1787296689908,1311,0,0,10,0.008371090516448021,-0.1468559354543686,98.64891815185547,5.605193857299268e-45,1.1210387714598537e-44,5.605193857299268e-45,-5.605193857299268e-45,0,0,0.0020697081927210093,0.0016055016312748194,5.605193857299268e-45,1.1210387714598537e-44,14.429835319519043,14.4262056350708,14.43200397491455,0.013501372188329697,0.015094662085175514,0,0,4800,0,5.605193857299268e-45
1787296689927,1312,0,0,10,0.24351513385772705,24.63188934326172,116.20783233642578,5.605193857299268e-45,1.1210387714598537e-44,5.605193857299268e-45,-5.605193857299268e-45,0,0,0.0017948272870853543,0.0016529150307178497,5.605193857299268e-45,1.1210387714598537e-44,14.429800987243652,14.427640914916992,14.432896614074707,0.013579645194113255,0.014454415068030357,0,0,4800,0,5.605193857299268e-45
1787296689947,1313,0,0,10,-0.15461239218711853,-12.628983497619629,116.68357849121094,5.605193857299268e-45,1.1210387714598537e-44,5.605193857299268e-45,-5.605193857299268e-45,0,0,0.0020566005259752274,0.001984761329367757,5.605193857299268e-45,1.1210387714598537e-44,14.430008888244629,14.42492961883545,14.43262767791748,0.013518503867089748,0.014372676610946655,0,0,4800,0,5.605193857299268e-45
1787296689968,1314,0,0,10,-0.09793657809495926,-2.6551012992858887,57.50716781616211,5.605193857299268e-45,1.1210387714598537e-44,5.605193857299268e-45,-5.605193857299268e-45,0,0,0.0013311509974300861,0.0019476625602692366,5.605193857299268e-45,1.1210387714598537e-44,14.429326057434082,14.42202091217041,14.434762954711914,0.013494227081537247,0.014158004894852638,0,0,4800,0,5.605193857299268e-45
1787296689988,1315,0,0,10,-0.008513590320944786,6.427236557006836,70.00291442871094,5.605193857299268e-45,1.1210387714598537e-44,5.605193857299268e-45,-5.605193857299268e-45,0,0,0.002085061278194189,0.0020299358293414116,5.605193857299268e-45,1.1210387714598537e-44,14.42941665649414,14.423020362854004,14.433320045471191,0.013485810719430447,0.014645048417150974,0,0,4800,0,5.605193857299268e-45
1787296690008,1316,0,0,10,-0.18400195240974426,-22.930347442626953,109.96890258789062,5.605193857299268e-45,1.1210387714598537e-44,5.605193857299268e-45,-5.605193857299268e-45,0,0,0.0029866243712604046,0.002230775309726596,5.605193857299268e-45,1.1210387714598537e-44,14.43024730682373,14.428267478942871,14.433557510375977,0.013440633192658424,0.01410902850329876,0,0,4800,0,5.605193857299268e-45
1787296690028,1317,0,0,10,0.30793440341949463,33.800594329833984,121.48271179199219,5.605193857299268e-45,1.1210387714598537e-44,5.605193857299268e-45,-5.605193857299268e-45,0,0,0.0029408938717097044,0.002390448935329914,5.605193857299268e-45,1.1210387714598537e-44,14.429825782775879,14.428220748901367,14.432348251342773,0.013678167946636677,0.01536731980741024,0,0,4800,0,5.605193857299268e-45
1787296690048,1318,0,0,10,0.14337003231048584,16.384384155273438,94.73806762695312,5.605193857299268e-45,1.1210387714598537e-44,5.605193857299268e-45,-5.605193857299268e-45,0,0,0.001230481662787497,0.0015294823097065091,5.605193857299268e-45,1.1210387714598537e-44,14.430304527282715,14.428054809570312,14.431859016418457,0.013696904294192791,0.014880514703691006,0,0,4800,0,5.605193857299268e-45
1787296690068,1319,0,0,10,-0.049270499497652054,-7.123290538787842,109.47865295410156,5.605193857299268e-45,1.1210387714598537e-44,5.605193857299268e-45,-5.605193857299268e-45,0,0,0.001679581473581493,0.0018626827513799071,5.605193857299268e-45,1.1210387714598537e-44,14.430719375610352,14.429511070251465,14.433932304382324,0.01360409241169691,0.014632057398557663,0,0,4800,0,5.605193857299268e-45
1787296690088,1320,0,0,10,-0.051467571407556534,-8.180489540100098,74.13130950927734,5.605193857299268e-45,1.1210387714598537e-44,5.605193857299268e-45,-5.605193857299268e-45,0,0,0.0021397860255092382,0.0020811709109693766,5.605193857299268e-45,1.1210387714598537e-44,14.430611610412598,14.42280101776123,14.433931350708008,0.013465791940689087,0.014088247902691364,0,0,4800,0,5.605193857299268e-45
1787296690109,1321,0,0,10,-0.02292599156498909,3.5177204608917236,95.16522216796875,5.605193857299268e-45,1.1210387714598537e-44,5.605193857299268e-45,-5.605193857299268e-45,0,0,0.0023032629396766424,0.001765654538758099,5.605193857299268e-45,1.1210387714598537e-44,14.4309720993042,14.429524421691895,14.434416770935059,0.01351776160299778,0.014529069885611534,0,0,4800,0,5.605193857299268e-45
1787296690128,1322,0,0,10,-0.07185951620340347,-4.655543804168701,64.02078247070312,5.605193857299268e-45,1.1210387714598537e-44,5.605193857299268e-45,-5.605193857299268e-45,0,0,0.0016291196225211024,0.0014657977735623717,5.605193857299268e-45,1.1210387714598537e-44,14.430695533752441,14.426682472229004,14.43454647064209,0.013801150023937225,0.015090828761458397,0,0,4800,0,5.605193857299268e-45
1787296690148,1323,0,0,10,0.01356902439147234,-4.338402271270752,104.28959655761719,5.605193857299268e-45,1.1210387714598537e-44,5.605193857299268e-45,-5.605193857299268e-45,0,0,0.002073058858513832,0.0020067309960722923,5.605193857299268e-45,1.1210387714598537e-44,14.43038272857666,14.428711891174316,14.43400764465332,0.01351575180888176,0.014627845026552677,0,0,4800,0,5.605193857299268e-45
1787296690169,1324,0,0,10,-0.19288863241672516,-18.11666488647461,79.72492980957031,5.605193857299268e-45,1.1210387714598537e-44,5.605193857299268e-45,-5.605193857299268e-45,0,0,0.0025944472290575504,0.0019623595289885998,5.605193857299268e-45,1.1210387714598537e-44,14.430645942687988,14.428984642028809,14.432663917541504,0.013428003527224064,0.014514862559735775,0,0,4800,0,5.605193857299268e-45
1787296690189,1325,0,0,10,-0.0666348859667778,-4.535130977630615,58.081058502197266,5.605193857299268e-45,1.1210387714598537e-44,5.605193857299268e-45,-5.605193857299268e-45,0,0,0.0010552395833656192,0.0013110307045280933,5.605193857299268e-45,1.1210387714598537e-44,14.42990779876709,14.425813674926758,14.432236671447754,0.013490329496562481,0.014372775331139565,0,0,4800,0,5.605193857299268e-45
1787296690209,1326,0,0,10,-0.03951606899499893,-3.4008595943450928,71.66250610351562,5.605193857299268e-45,1.1210387714598537e-44,5.605193857299268e-45,-5.605193857299268e-45,0,0,0.0009341823752038181,0.0013798743020743132,5.605193857299268e-45,1.1210387714598537e-44,14.430131912231445,14.42489242553711,14.434091567993164,0.013469585217535496,0.014685907401144505,0,0,4800,0,5.605193857299268e-45
1787296690229,1327,0,0,10,-0.021977663040161133,-0.43840426206588745,82.49435424804688,5.605193857299268e-45,1.1210387714598537e-44,5.605193857299268e-45,-5.605193857299268e-45,0,0,0.001718557090498507,0.0018981595057994127,5.605193857299268e-45,1.1210387714598537e-44,14.42998218536377,14.425833702087402,14.43173885345459,0.013449198566377163,0.014384917914867401,0,0,4800,0,5.605193857299268e-45
1787296690249,1328,0,0,10,-0.2780625522136688,-20.053617477416992,131.10154724121094,5.605193857299268e-45,1.1210387714598537e-44,5.605193857299268e-45,-5.605193857299268e-45,0,0,0.0017833076417446136,0.001483229803852737,5.605193857299268e-45,1.1210387714598537e-44,14.430548667907715,14.426200866699219,14.435321807861328,0.013673648238182068,0.014856137335300446,0,0,4800,0,5.605193857299268e-45
1787296690269,1329,0,0,10,0.02768937312066555,9.654794692993164,139.82635498046875,5.605193857299268e-45,1.1210387714598537e-44,5.605193857299268e-45,-5.605193857299268e-45,0,0,0.001595566514879465,0.001609906437806785,5.605193857299268e-45,1.1210387714598537e-44,14.430364608764648,14.422538757324219,14.434245109558105,0.013747697696089745,0.014463585801422596,0,0,4800,0,5.605193857299268e-45
1787296690289,1330,0,0,10,-0.10191801190376282,-1.5843820571899414,88.8544692993164,5.605193857299268e-45,1.1210387714598537e-44,5.605193857299268e-45,-5.605193857299268e-45,0,0,0.0016368215437978506,0.0020318443421274424,5.605193857299268e-45,1.1210387714598537e-44,14.431659698486328,14.427215576171875,14.435768127441406,0.013619320467114449,0.01455706637352705,0,0,4800,0,5.605193857299268e-45
1787296690309,1331,0,0,10,0.2114643007516861,26.612401962280273,100.71127319335938,5.605193857299268e-45,1.1210387714598537e-44,5.605193857299268e-45,-5.605193857299268e-45,0,0,0.0011139940470457077,0.0013444253709167242,5.605193857299268e-45,1.1210387714598537e-44,14.430091857910156,14.423102378845215,14.432517051696777,0.013507500290870667,0.014657259918749332,0,0,4800,0,5.605193857299268e-45
1787296690329,1332,0,0,10,0.3934707045555115,35.855377197265625,164.25546264648438,5.605193857299268e-45,1.1210387714598537e-44,5.605193857299268e-45,-5.605193857299268e-45,0,0,0.0029521945398300886,0.0019213218474760652,5.605193857299268e-45,1.1210387714598537e-44,14.43124008178711,14.423524856567383,14.437398910522461,0.013369453139603138,0.01469169557094574,0,0,4800,0,5.605193857299268e-45
1787296690349,1333,0,0,10,0.2560509741306305,14.059042930603027,183.5927734375,5.605193857299268e-45,1.1210387714598537e-44,5.605193857299268e-45,-5.605193857299268e-45,0,0,0.002670419169589877,0.0022885212674736977,5.605193857299268e-45,1.1210387714598537e-44,14.42856502532959,14.417930603027344,14.43301773071289,0.013660900294780731,0.014623829163610935,0,0,4800,0,5.605193857299268e-45
1787296690370,1334,0,0,10,0.06957851350307465,0.17428947985172272,152.20985412597656,5.605193857299268e-45,1.1210387714598537e-44,5.605193857299268e-45,-5.605193857299268e-45,0,0,0.0032573333010077477,0.002754025161266327,5.605193857299268e-45,1.1210387714598537e-44,14.42919635772705,14.423163414001465,14.433877944946289,0.013824930414557457,0.014867335557937622,0,0,4800,0,5.605193857299268e-45
1787296690390,1335,0,0,10,0.3632567822933197,35.01799392700195,140.0553741455078,5.605193857299268e-45,1.1210387714598537e-44,5.605193857299268e-45,-5.605193857299268e-45,0,0,0.002276786370202899,0.0014015790075063705,5.605193857299268e-45,1.1210387714598537e-44,14.430553436279297,14.429563522338867,14.43484115600586,0.013484998606145382,0.01417094748467207,0,0,4800,0,5.605193857299268e-45
1787296690410,1336,0,0,10,-0.07823643833398819,-16.048288345336914,117.24065399169922,5.605193857299268e-45,1.1210387714598537e-44,5.605193857299268e-45,-5.605193857299268e-45,0,0,0.003044284414499998,0.0022074419539421797,5.605193857299268e-45,1.1210387714598537e-44,14.429933547973633,14.428010940551758,14.434242248535156,0.01323484256863594,0.015406526625156403,0,0,4800,0,5.605193857299268e-45
1787296690430,1337,0,0,10,-0.01800854131579399,-1.7046489715576172,97.8567886352539,5.605193857299268e-45,1.1210387714598537e-44,5.605193857299268e-45,-5.605193857299268e-45,0,0,0.0024220666382461786,0.001973927952349186,5.605193857299268e-45,1.1210387714598537e-44,14.42953109741211,14.424707412719727,14.431638717651367,0.013521560467779636,0.01486639492213726,0,0,4800,0,5.605193857299268e-45
1787296690450,1338,0,0,10,-0.053987812250852585,-7.079572677612305,103.50469207763672,5.605193857299268e-45,1.1210387714598537e-44,5.605193857299268e-45,-5.605193857299268e-45,0,0,0.0017621269216760993,0.0019097978947684169,5.605193857299268e-45,1.1210387714598537e-44,14.430341720581055,14.428543090820312,14.433398246765137,0.013604318723082542,0.015050701797008514,0,0,4800,0,5.605193857299268e-45
1787296690470,1339,0,0,10,0.06888953596353531,5.778883934020996,99.99685668945312,5.605193857299268e-45,1.1210387714598537e-44,5.605193857299268e-45,-5.605193857299268e-45,0,0,0.0017027094727382064,0.0014859288930892944,5.605193857299268e-45,1.1210387714598537e-44,14.430005073547363,14.4248628616333,14.432600975036621,0.013525206595659256,0.014720485545694828,0,0,4800,0,5.605193857299268e-45
1787296690490,1340,0,0,10,0.09397571533918381,-2.681809186935425,125.18385314941406,5.605193857299268e-45,1.1210387714598537e-44,5.605193857299268e-45,-5.605193857299268e-45,0,0,0.0036550292279571295,0.0025329880882054567,5.605193857299268e-45,1.1210387714598537e-44,14.430163383483887,14.42422866821289,14.433514595031738,0.013304739259183407,0.015139373950660229,0,0,4800,0,5.605193857299268e-45
1787296690511,1341,0,0,10,0.032487787306308746,-6.088027000427246,182.96148681640625,5.605193857299268e-45,1.1210387714598537e-44,5.605193857299268e-45,-5.605193857299268e-45,0,0,0.005062525160610676,0.0021016360260546207,5.605193857299268e-45,1.1210387714598537e-44,14.430596351623535,14.429571151733398,14.435029983520508,0.013142252340912819,0.014871623367071152,0,0,4800,0,5.605193857299268e-45
1787296690530,1342,0,0,10,0.09429918974637985,5.450510025024414,117.95111846923828,5.605193857299268e-45,1.1210387714598537e-44,5.605193857299268e-45,-5.605193857299268e-45,0,0,0.005704139359295368,0.003431423334404826,5.605193857299268e-45,1.1210387714598537e-44,14.430624961853027,14.427678108215332,14.43393325805664,0.013348747044801712,0.014967121183872223,0,0,4800,0,5.605193857299268e-45
1787296690551,1343,0,0,10,0.07516681402921677,2.6853740215301514,81.7997055053711,5.605193857299268e-45,1.1210387714598537e-44,5.605193857299268e-45,-5.605193857299268e-45,0,0,0.0048284949734807014,0.0016283547738566995,5.605193857299268e-45,1.1210387714598537e-44,14.430830955505371,14.427824974060059,14.432857513427734,0.013695046305656433,0.014529403299093246,0,0,4800,0,5.605193857299268e-45
1787296690571,1344,0,0,10,0.022426197305321693,-1.9517377614974976,127.1997299194336,5.605193857299268e-45,1.1210387714598537e-44,5.605193857299268e-45,-5.605193857299268e-45,0,0,0.0035339370369911194,0.002202538074925542,5.605193857299268e-45,1.1210387714598537e-44,14.43089485168457,14.42676830291748,14.435564041137695,0.013527111150324345,0.01487584225833416,0,0,4800,0,5.605193857299268e-45
1787296690591,1345,0,0,10,-0.1055045798420906,-19.92878532409668,89.21209716796875,5.605193857299268e-45,1.1210387714598537e-44,5.605193857299268e-45,-5.605193857299268e-45,0,0,0.0024989296216517687,0.001860639895312488,5.605193857299268e-45,1.1210387714598537e-44,14.430299758911133,14.42430591583252,14.433164596557617,0.013484307564795017,0.014251580461859703,0,0,4800,0,5.605193857299268e-45
1787296690611,1346,0,0,10,-0.03362109139561653,-1.235417127609253,99.29895782470703,5.605193857299268e-45,1.1210387714598537e-44,5.605193857299268e-45,-5.605193857299268e-45,0,0,0.001582994358614087,0.0019419686868786812,5.605193857299268e-45,1.1210387714598537e-44,14.431259155273438,14.429570198059082,14.435752868652344,0.013526920229196548,0.014384713023900986,0,0,4800,0,5.605193857299268e-45
1787296690631,1347,0,0,10,0.0022085520904511213,1.811082124710083,128.95437622070312,5.605193857299268e-45,1.1210387714598537e-44,5.605193857299268e-45,-5.605193857299268e-45,0,0,0.002518004272133112,0.0019142689416185021,5.605193857299268e-45,1.1210387714598537e-44,14.430155754089355,14.423710823059082,14.43228816986084,0.013470937497913837,0.014826474711298943,0,0,4800,0,5.605193857299268e-45
1787296690651,1348,0,0,10,-0.07262323796749115,-1.7371395826339722,117.06201934814453,5.605193857299268e-45,1.1210387714598537e-44,5.605193857299268e-45,-5.605193857299268e-45,0,0,0.002942898077890277,0.0022480618208646774,5.605193857299268e-45,1.1210387714598537e-44,14.431191444396973,14.426033973693848,14.437429428100586,0.013563920743763447,0.014347863383591175,0,0,4800,0,5.605193857299268e-45
1787296690671,1349,0,0,10,-0.19224627315998077,-20.968311309814453,117.34761047363281,5.605193857299268e-45,1.1210387714598537e-44,5.605193857299268e-45,-5.605193857299268e-45,0,0,0.003972216974943876,0.0027423854917287827,5.605193857299268e-45,1.1210387714598537e-44,14.429769515991211,14.426370620727539,14.433662414550781,0.01364871021360159,0.014711126685142517,0,0,4800,0,5.605193857299268e-45
1787296690691,1350,0,0,10,0.38821181654930115,39.216678619384766,140.1640167236328,5.605193857299268e-45,1.1210387714598537e-44,5.605193857299268e-45,-5.605193857299268e-45,0,0,0.0027522407472133636,0.0017058836529031396,5.605193857299268e-45,1.1210387714598537e-44,14.430001258850098,14.428525924682617,14.4330472946167,0.01366417296230793,0.014214949682354927,0,0,4800,0,5.605193857299268e-45
1787296690712,1351,0,0,10,-0.3429764211177826,-27.57120132446289,119.62496185302734,5.605193857299268e-45,1.1210387714598537e-44,5.605193857299268e-45,-5.605193857299268e-45,0,0,0.0023047160357236862,0.001941451570019126,5.605193857299268e-45,1.1210387714598537e-44,14.43046760559082,14.4295072555542,14.434215545654297,0.013776177540421486,0.014594349078834057,0,0,4800,0,5.605193857299268e-45
1787296690731,1352,0,0,10,0.10680455714464188,17.691112518310547,123.56635284423828,5.605193857299268e-45,1.1210387714598537e-44,5.605193857299268e-45,-5.605193857299268e-45,0,0,0.0012658237246796489,0.001374598010443151,5.605193857299268e-45,1.1210387714598537e-44,14.431029319763184,14.428092002868652,14.434925079345703,0.013415554538369179,0.015243553556501865,0,0,4800,0,5.605193857299268e-45
1787296690751,1353,0,0,10,-0.05914852023124695,-10.677645683288574,119.15167999267578,5.605193857299268e-45,1.1210387714598537e-44,5.605193857299268e-45,-5.605193857299268e-45,0,0,0.0024494165554642677,0.002168012782931328,5.605193857299268e-45,1.1210387714598537e-44,14.43025016784668,14.426328659057617,14.433545112609863,0.013574386015534401,0.014662700705230236,0,0,4800,0,5.605193857299268e-45
1787296690772,1354,0,0,10,-0.11648665368556976,-12.30052375793457,106.80946350097656,5.605193857299268e-45,1.1210387714598537e-44,5.605193857299268e-45,-5.605193857299268e-45,0,0,0.0024372278712689877,0.001974870217964053,5.605193857299268e-45,1.1210387714598537e-44,14.430368423461914,14.427154541015625,14.433205604553223,0.013656253926455975,0.014757351949810982,0,0,4800,0,5.605193857299268e-45
1787296690792,1355,0,0,10,-0.15475450456142426,-11.519689559936523,98.45711517333984,5.605193857299268e-45,1.1210387714598537e-44,5.605193857299268e-45,-5.605193857299268e-45,0,0,0.0017718153540045023,0.0017082036938518286,5.605193857299268e-45,1.1210387714598537e-44,14.430521965026855,14.428234100341797,14.434206008911133,0.013517390005290508,0.01469749491661787,0,0,4800,0,5.605193857299268e-45
1787296690812,1356,0,0,10,-0.21643492579460144,-17.517494201660156,133.19667053222656,5.605193857299268e-45,1.1210387714598537e-44,5.605193857299268e-45,-5.605193857299268e-45,0,0,0.002509354380890727,0.0017400722717866302,5.605193857299268e-45,1.1210387714598537e-44,14.430800437927246,14.428552627563477,14.436079025268555,0.013548729941248894,0.014417550526559353,0,0,4800,0,5.605193857299268e-45
1787296690832,1357,0,0,10,-0.1437329202890396,0.0660971999168396,87.14080810546875,5.605193857299268e-45,1.1210387714598537e-44,5.605193857299268e-45,-5.605193857299268e-45,0,0,0.001994638005271554,0.0018613893771544099,5.605193857299268e-45,1.1210387714598537e-44,14.430416107177734,14.423009872436523,14.437858581542969,0.013549305498600006,0.014689634554088116,0,0,4800,0,5.605193857299268e-45
1787296690852,1358,0,0,10,0.0023666429333388805,0.5218786597251892,184.5491180419922,5.605193857299268e-45,1.1210387714598537e-44,5.605193857299268e-45,-5.605193857299268e-45,0,0,0.004277754575014114,0.0022375360131263733,5.605193857299268e-45,1.1210387714598537e-44,14.43036937713623,14.42822265625,14.435025215148926,0.013372722081840038,0.01520073413848877,0,0,4800,0,5.605193857299268e-45
1787296690872,1359,0,0,10,0.15414899587631226,11.079160690307617,139.9710693359375,5.605193857299268e-45,1.1210387714598537e-44,5.605193857299268e-45,-5.605193857299268e-45,0,0,0.001978652784600854,0.0018981293542310596,5.605193857299268e-45,1.1210387714598537e-44,14.430159568786621,14.4274320602417,14.43193244934082,0.013444590382277966,0.0149520393460989,0,0,4800,0,5.605193857299268e-45
1787296690892,1360,0,0,10,0.03789805248379707,4.551907539367676,83.696533203125,5.605193857299268e-45,1.1210387714598537e-44,5.605193857299268e-45,-5.605193857299268e-45,0,0,0.0020742632914334536,0.0017202997114509344,5.605193857299268e-45,1.1210387714598537e-44,14.430761337280273,14.42845630645752,14.434283256530762,0.013484174385666847,0.014472111128270626,0,0,4800,0,5.605193857299268e-45
1787296690912,1361,0,0,10,-0.05304817482829094,-3.939302444458008,73.59297180175781,5.605193857299268e-45,1.1210387714598537e-44,5.605193857299268e-45,-5.605193857299268e-45,0,0,0.002169375540688634,0.0015073526883497834,5.605193857299268e-45,1.1210387714598537e-44,14.430582046508789,14.429471015930176,14.43244743347168,0.013378661125898361,0.014630508609116077,0,0,4800,0,5.605193857299268e-45
1787296690932,1362,0,0,10,0.020091090351343155,1.6234288215637207,89.11890411376953,5.605193857299268e-45,1.1210387714598537e-44,5.605193857299268e-45,-5.605193857299268e-45,0,0,0.00277730287052691,0.002319431398063898,5.605193857299268e-45,1.1210387714598537e-44,14.43053150177002,14.42763614654541,14.433701515197754,0.013334915973246098,0.0142068425193429,0,0,4800,0,5.605193857299268e-45
1787296690952,1363,0,0,10,0.04243721067905426,6.2448577880859375,95.6118392944336,5.605193857299268e-45,1.1210387714598537e-44,5.605193857299268e-45,-5.605193857299268e-45,0,0,0.002000506967306137,0.0015244717942550778,5.605193857299268e-45,1.1210387714598537e-44,14.430213928222656,14.426801681518555,14.434863090515137,0.013652666471898556,0.014762075617909431,0,0,4800,0,5.605193857299268e-45
1787296690973,1364,0,0,10,-0.13691626489162445,-9.179978370666504,126.21858978271484,5.605193857299268e-45,1.1210387714598537e-44,5.605193857299268e-45,-5.605193857299268e-45,0,0,0.001511229551397264,0.0014134934172034264,5.605193857299268e-45,1.1210387714598537e-44,14.430805206298828,14.429143905639648,14.434967994689941,0.013304993510246277,0.014385471120476723,0,0,4800,0,5.605193857299268e-45
1787296690993,1365,0,0,10,0.10326605290174484,8.769387245178223,117.73828887939453,5.605193857299268e-45,1.1210387714598537e-44,5.605193857299268e-45,-5.605193857299268e-45,0,0,0.0028651359025388956,0.0019464940996840596,5.605193857299268e-45,1.1210387714598537e-44,14.429664611816406,14.422821044921875,14.431989669799805,0.01331960316747427,0.014701943844556808,0,0,4800,0,5.605193857299268e-45
1787296691013,1366,0,0,10,-0.050290297716856,-1.9861894845962524,80.40643310546875,5.605193857299268e-45,1.1210387714598537e-44,5.605193857299268e-45,-5.605193857299268e-45,0,0,0.004249256104230881,0.0026495717465877533,5.605193857299268e-45,1.1210387714598537e-44,14.431062698364258,14.422642707824707,14.434487342834473,0.013390212319791317,0.014643357135355473,0,0,4800,0,5.605193857299268e-45
1787296691033,1367,0,0,10,0.023911654949188232,3.9389400482177734,74.28773498535156,5.605193857299268e-45,1.1210387714598537e-44,5.605193857299268e-45,-5.605193857299268e-45,0,0,0.002428967272862792,0.002302930224686861,5.605193857299268e-45,1.1210387714598537e-44,14.430732727050781,14.427133560180664,14.432354927062988,0.013437964022159576,0.014202937483787537,0,0,4800,0,5.605193857299268e-45
1787296691053,1368,0,0,10,0.020958561450242996,1.1710522174835205,73.7186050415039,5.605193857299268e-45,1.1210387714598537e-44,5.605193857299268e-45,-5.605193857299268e-45,0,0,0.0017752135172486305,0.0012564432108774781,5.605193857299268e-45,1.1210387714598537e-44,14.430978775024414,14.424979209899902,14.43527889251709,0.013404794968664646,0.014134660363197327,0,0,4800,0,5.605193857299268e-45
1787296691073,1369,0,0,10,-0.06454838812351227,-5.762170314788818,79.13715362548828,5.605193857299268e-45,1.1210387714598537e-44,5.605193857299268e-45,-5.605193857299268e-45,0,0,0.00185626489110291,0.001603407901711762,5.605193857299268e-45,1.1210387714598537e-44,14.431682586669922,14.429661750793457,14.437317848205566,0.013525270856916904,0.015133246779441833,0,0,4800,0,5.605193857299268e-45
1787296691093,1370,0,0,10,-0.15506912767887115,-24.93242073059082,157.38949584960938,5.605193857299268e-45,1.1210387714598537e-44,5.605193857299268e-45,-5.605193857299268e-45,0,0,0.0028629049193114042,0.002447421196848154,5.605193857299268e-45,1.1210387714598537e-44,14.431684494018555,14.428640365600586,14.436988830566406,0.013472291640937328,0.01471888180822134,0,0,4800,0,5.605193857299268e-45
1787296691113,1371,0,0,10,-0.17004302144050598,-16.023372650146484,104.18486022949219,5.605193857299268e-45,1.1210387714598537e-44,5.605193857299268e-45,-5.605193857299268e-45,0,0,0.0018391995690762997,0.0011040113167837262,5.605193857299268e-45,1.1210387714598537e-44,14.43025016784668,14.428308486938477,14.432540893554688,0.013661494478583336,0.014916090294718742,0,0,4800,0,5.605193857299268e-45
1787296691133,1372,0,0,10,-0.08511727303266525,-4.416766166687012,89.47193145751953,5.605193857299268e-45,1.1210387714598537e-44,5.605193857299268e-45,-5.605193857299268e-45,0,0,0.0021511358208954334,0.0018088272772729397,5.605193857299268e-45,1.1210387714598537e-44,14.430593490600586,14.42760181427002,14.434043884277344,0.0136369364336133,0.01450390089303255,0,0,4800,0,5.605193857299268e-45
1787296691153,1373,0,0,10,0.12301211059093475,9.291023254394531,62.04936981201172,5.605193857299268e-45,1.1210387714598537e-44,5.605193857299268e-45,-5.605193857299268e-45,0,0,0.0014217166462913156,0.001395953237079084,5.605193857299268e-45,1.1210387714598537e-44,14.430683135986328,14.427295684814453,14.434744834899902,0.013349438086152077,0.014355837367475033,0,0,4800,0,5.605193857299268e-45
1787296691173,1374,0,0,10,-0.0619310662150383,-7.13519287109375,94.4909439086914,5.605193857299268e-45,1.1210387714598537e-44,5.605193857299268e-45,-5.605193857299268e-45,0,0,0.001956543419510126,0.0020692013204097748,5.605193857299268e-45,1.1210387714598537e-44,14.431921005249023,14.428494453430176,14.437676429748535,0.01344197429716587,0.014233932830393314,0,0,4800,0,5.605193857299268e-45
1787296691194,1375,0,0,10,-0.006111084949225187,-7.767706871032715,100.6379623413086,5.605193857299268e-45,1.1210387714598537e-44,5.605193857299268e-45,-5.605193857299268e-45,0,0,0.0015159292379394174,0.001732027973048389,5.605193857299268e-45,1.1210387714598537e-44,14.43040943145752,14.42324447631836,14.433716773986816,0.013474642299115658,0.015271210111677647,0,0,4800,0,5.605193857299268e-45
1787296691214,1376,0,0,10,-0.061129212379455566,-6.077142238616943,44.91515350341797,5.605193857299268e-45,1.1210387714598537e-44,5.605193857299268e-45,-5.605193857299268e-45,0,0,0.001031242311000824,0.001558250398375094,5.605193857299268e-45,1.1210387714598537e-44,14.43056583404541,14.427196502685547,14.433815956115723,0.013665356673300266,0.014950193464756012,0,0,4800,0,5.605193857299268e-45
1787296691234,1377,0,0,10,-0.005063624586910009,0.05415276437997818,57.723426818847656,5.605193857299268e-45,1.1210387714598537e-44,5.605193857299268e-45,-5.605193857299268e-45,0,0,0.0012907698983326554,0.0015712990425527096,5.605193857299268e-45,1.1210387714598537e-44,14.42982292175293,14.423892974853516,14.432455062866211,0.01362956129014492,0.014711715281009674,0,0,4800,0,5.605193857299268e-45
1787296691254,1378,0,0,10,0.17403186857700348,3.7879185676574707,148.02828979492188,5.605193857299268e-45,1.1210387714598537e-44,5.605193857299268e-45,-5.605193857299268e-45,0,0,0.001963590271770954,0.0021026728209108114,5.605193857299268e-45,1.1210387714598537e-44,14.429760932922363,14.427087783813477,14.437118530273438,0.013386149890720844,0.014718455262482166,0,0,4800,0,5.605193857299268e-45
1787296691274,1379,0,0,10,-0.11798831075429916,-26.100059509277344,166.5040740966797,5.605193857299268e-45,1.1210387714598537e-44,5.605193857299268e-45,-5.605193857299268e-45,0,0,0.002452882006764412,0.0020362501963973045,5.605193857299268e-45,1.1210387714598537e-44,14.43020248413086,14.428563117980957,14.43270206451416,0.013559345155954361,0.01486178394407034,0,0,4800,0,5.605193857299268e-45
1787296691294,1380,0,0,10,-0.1870654970407486,-18.1492862701416,80.65603637695312,5.605193857299268e-45,1.1210387714598537e-44,5.605193857299268e-45,-5.605193857299268e-45,0,0,0.0016372250393033028,0.001595568610355258,5.605193857299268e-45,1.1210387714598537e-44,14.429115295410156,14.424920082092285,14.432184219360352,0.013621903955936432,0.014839399605989456,0,0,4800,0,5.605193857299268e-45
1787296691314,1381,0,0,10,0.006883178371936083,3.0165553092956543,92.7229232788086,5.605193857299268e-45,1.1210387714598537e-44,5.605193857299268e-45,-5.605193857299268e-45,0,0,0.0013105886755511165,0.0018548889784142375,5.605193857299268e-45,1.1210387714598537e-44,14.430181503295898,14.424391746520996,14.433507919311523,0.013657194562256336,0.014551985077559948,0,0,4800,0,5.605193857299268e-45
1787296691334,1382,0,0,10,-0.043491262942552567,-6.512147903442383,71.66065216064453,5.605193857299268e-45,1.1210387714598537e-44,5.605193857299268e-45,-5.605193857299268e-45,0,0,0.0026027862913906574,0.002175142988562584,5.605193857299268e-45,1.1210387714598537e-44,14.43213176727295,14.42919635772705,14.436678886413574,0.013369941152632236,0.014412184245884418,0,0,4800,0,5.605193857299268e-45
1787296691354,1383,0,0,10,-0.022691288962960243,-0.3087155222892761,70.41839599609375,5.605193857299268e-45,1.1210387714598537e-44,5.605193857299268e-45,-5.605193857299268e-45,0,0,0.0010995946358889341,0.0013237370876595378,5.605193857299268e-45,1.1210387714598537e-44,14.43084716796875,14.42955493927002,14.432988166809082,0.013721238821744919,0.014673036523163319,0,0,4800,0,5.605193857299268e-45
1787296691375,1384,0,0,10,0.011657148599624634,0.36079302430152893,72.7723159790039,5.605193857299268e-45,1.1210387714598537e-44,5.605193857299268e-45,-5.605193857299268e-45,0,0,0.002413911744952202,0.0018334760097786784,5.605193857299268e-45,1.1210387714598537e-44,14.430519104003906,14.42228889465332,14.434236526489258,0.013693006709218025,0.014501149766147137,0,0,4800,0,5.605193857299268e-45
1787296691395,1385,0,0,10,0.20797975361347198,16.66553497314453,52.910221099853516,5.605193857299268e-45,1.1210387714598537e-44,5.605193857299268e-45,-5.605193857299268e-45,0,0,0.0017547408351674676,0.0016968675190582871,5.605193857299268e-45,1.1210387714598537e-44,14.430925369262695,14.422623634338379,14.434639930725098,0.013560017570853233,0.014711919240653515,0,0,4800,0,5.605193857299268e-45
1787296691415,1386,0,0,10,0.02292029932141304,-0.9441603422164917,98.42269897460938,5.605193857299268e-45,1.1210387714598537e-44,5.605193857299268e-45,-5.605193857299268e-45,0,0,0.0012938472209498286,0.0012400083942338824,5.605193857299268e-45,1.1210387714598537e-44,14.431964874267578,14.427351951599121,14.43629264831543,0.013333437964320183,0.015150409191846848,0,0,4800,0,5.605193857299268e-45
1787296691435,1387,0,0,10,0.08923688530921936,2.2733631134033203,106.94402313232422,5.605193857299268e-45,1.1210387714598537e-44,5.605193857299268e-45,-5.605193857299268e-45,0,0,0.0015843402361497283,0.001269096857868135,5.605193857299268e-45,1.1210387714598537e-44,14.4308500289917,14.427258491516113,14.433079719543457,0.013549775816500187,0.014437295496463776,0,0,4800,0,5.605193857299268e-45
1787296691455,1388,0,0,10,0.07970757782459259,5.470980644226074,93.59729766845703,5.605193857299268e-45,1.1210387714598537e-44,5.605193857299268e-45,-5.605193857299268e-45,0,0,0.0019326565088704228,0.0019017785089090466,5.605193857299268e-45,1.1210387714598537e-44,14.431013107299805,14.421695709228516,14.434840202331543,0.013347034342586994,0.013835018500685692,0,0,4800,0,5.605193857299268e-45
1787296691475,1389,0,0,10,0.10147743672132492,8.453953742980957,84.342041015625,5.605193857299268e-45,1.1210387714598537e-44,5.605193857299268e-45,-5.605193857299268e-45,0,0,0.0017309205140918493,0.0016271403292194009,5.605193857299268e-45,1.1210387714598537e-44,14.430006980895996,14.42459487915039,14.434784889221191,0.013662775978446007,0.014968760311603546,0,0,4800,0,5.605193857299268e-45
1787296691495,1390,0,0,10,-0.036879390478134155,-4.723914623260498,61.16144561767578,5.605193857299268e-45,1.1210387714598537e-44,5.605193857299268e-45,-5.605193857299268e-45,0,0,0.0013830674579367042,0.0016061316709965467,5.605193857299268e-45,1.1210387714598537e-44,14.430926322937012,14.428204536437988,14.435345649719238,0.01360482256859541,0.01500440202653408,0,0,4800,0,5.605193857299268e-45
1787296691515,1391,0,0,10,-0.005792560521513224,-3.5488715171813965,54.88349151611328,5.605193857299268e-45,1.1210387714598537e-44,5.605193857299268e-45,-5.605193857299268e-45,0,0,0.0010010187979787588,0.0013278390979394317,5.605193857299268e-45,1.1210387714598537e-44,14.429795265197754,14.422148704528809,14.43224811553955,0.01369539089500904,0.014667169190943241,0,0,4800,0,5.605193857299268e-45
1787296691536,1392,0,0,10,0.03579453006386757,3.155341386795044,46.10561752319336,5.605193857299268e-45,1.1210387714598537e-44,5.605193857299268e-45,-5.605193857299268e-45,0,0,0.0008464402053505182,0.0012077776482328773,5.605193857299268e-45,1.1210387714598537e-44,14.430136680603027,14.425077438354492,14.432605743408203,0.013365736231207848,0.013979485258460045,0,0,4800,0,5.605193857299268e-45
1787296691555,1393,0,0,10,0.08889293670654297,7.503808498382568,46.53099822998047,5.605193857299268e-45,1.1210387714598537e-44,5.605193857299268e-45,-5.605193857299268e-45,0,0,0.000953820301219821,0.0012399330735206604,5.605193857299268e-45,1.1210387714598537e-44,14.43091869354248,14.427770614624023,14.433463096618652,0.013659518212080002,0.01472523994743824,0,0,4800,0,5.605193857299268e-45
1787296691576,1394,0,0,10,-0.004569760989397764,1.230324387550354,55.11283493041992,5.605193857299268e-45,1.1210387714598537e-44,5.605193857299268e-45,-5.605193857299268e-45,0,0,0.0013709800550714135,0.0017643048195168376,5.605193857299268e-45,1.1210387714598537e-44,14.431504249572754,14.428563117980957,14.434115409851074,0.013409129343926907,0.014515228569507599,0,0,4800,0,5.605193857299268e-45
1787296691596,1395,0,0,10,-0.04670828580856323,-10.467460632324219,120.9072036743164,5.605193857299268e-45,1.1210387714598537e-44,5.605193857299268e-45,-5.605193857299268e-45,0,0,0.0030620000325143337,0.002453742315992713,5.605193857299268e-45,1.1210387714598537e-44,14.430196762084961,14.42777156829834,14.432934761047363,0.013840246014297009,0.014681395143270493,0,0,4800,0,5.605193857299268e-45
1787296691616,1396,0,0,10,0.029460804536938667,4.742828845977783,125.0499267578125,5.605193857299268e-45,1.1210387714598537e-44,5.605193857299268e-45,-5.605193857299268e-45,0,0,0.003618149319663644,0.002562904730439186,5.605193857299268e-45,1.1210387714598537e-44,14.431379318237305,14.429213523864746,14.434098243713379,0.013608133420348167,0.014429408125579357,0,0,4800,0,5.605193857299268e-45
1787296691636,1397,0,0,10,0.5796286463737488,52.610382080078125,123.2303695678711,5.605193857299268e-45,1.1210387714598537e-44,5.605193857299268e-45,-5.605193857299268e-45,0,0,0.003503698855638504,0.001917313551530242,5.605193857299268e-45,1.1210387714598537e-44,14.430953025817871,14.428571701049805,14.433378219604492,0.013602541759610176,0.014423221349716187,0,0,4800,0,5.605193857299268e-45
1787296691656,1398,0,0,10,0.09701699763536453,3.643540382385254,172.83778381347656,5.605193857299268e-45,1.1210387714598537e-44,5.605193857299268e-45,-5.605193857299268e-45,0,0,0.005411140620708466,0.0032026502303779125,5.605193857299268e-45,1.1210387714598537e-44,14.431463241577148,14.427544593811035,14.436742782592773,0.013547863811254501,0.014621146954596043,0,0,4800,0,5.605193857299268e-45
1787296691676,1399,0,0,10,0.04368503391742706,4.188976287841797,111.90809631347656,5.605193857299268e-45,1.1210387714598537e-44,5.605193857299268e-45,-5.605193857299268e-45,0,0,0.0029723166953772306,0.002243315102532506,5.605193857299268e-45,1.1210387714598537e-44,14.43177318572998,14.429155349731445,14.435640335083008,0.013776368461549282,0.01468943152576685,0,0,4800,0,5.605193857299268e-45
1787296691696,1400,0,0,10,0.1011289730668068,4.2995476722717285,135.19973754882812,5.605193857299268e-45,1.1210387714598537e-44,5.605193857299268e-45,-5.605193857299268e-45,0,0,0.0020796344615519047,0.001476083998568356,5.605193857299268e-45,1.1210387714598537e-44,14.43079662322998,14.424520492553711,14.436059951782227,0.013481627218425274,0.014545860700309277,0,0,4800,0,5.605193857299268e-45
1787296691717,1401,0,0,10,0.0890800729393959,-0.0957576259970665,169.13259887695312,5.605193857299268e-45,1.1210387714598537e-44,5.605193857299268e-45,-5.605193857299268e-45,0,0,0.0024787508882582188,0.0017915532225742936,5.605193857299268e-45,1.1210387714598537e-44,14.430377960205078,14.4295072555542,14.435365676879883,0.013339770957827568,0.014724438078701496,0,0,4800,0,5.605193857299268e-45
1787296691736,1402,0,0,10,-0.10889586806297302,-10.459335327148438,83.04947662353516,5.605193857299268e-45,1.1210387714598537e-44,5.605193857299268e-45,-5.605193857299268e-45,0,0,0.0034158453345298767,0.002189444378018379,5.605193857299268e-45,1.1210387714598537e-44,14.4302396774292,14.424190521240234,14.43921184539795,0.013587845489382744,0.01500141341239214,0,0,4800,0,5.605193857299268e-45
1787296691757,1403,0,0,10,0.03577804937958717,1.3457672595977783,83.23870849609375,5.605193857299268e-45,1.1210387714598537e-44,5.605193857299268e-45,-5.605193857299268e-45,0,0,0.0014986107125878334,0.0016080706845968962,5.605193857299268e-45,1.1210387714598537e-44,14.429849624633789,14.42343521118164,14.432032585144043,0.013539180159568787,0.014406727626919746,0,0,4800,0,5.605193857299268e-45
1787296691777,1404,0,0,10,0.0025904567446559668,-2.5186545848846436,89.13282775878906,5.605193857299268e-45,1.1210387714598537e-44,5.605193857299268e-45,-5.605193857299268e-45,0,0,0.003734630299732089,0.0027905236929655075,5.605193857299268e-45,1.1210387714598537e-44,14.431432723999023,14.42818546295166,14.437064170837402,0.013487793505191803,0.014622082933783531,0,0,4800,0,5.605193857299268e-45
1787296691797,1405,0,0,10,0.2677291929721832,9.98891830444336,131.6698760986328,5.605193857299268e-45,1.1210387714598537e-44,5.605193857299268e-45,-5.605193857299268e-45,0,0,0.004266118630766869,0.0019665369763970375,5.605193857299268e-45,1.1210387714598537e-44,14.430734634399414,14.427735328674316,14.433499336242676,0.013909459114074707,0.015065918676555157,0,0,4800,0,5.605193857299268e-45
1787296691817,1406,0,0,10,0.010866937227547169,-1.6297860145568848,119.1507797241211,5.605193857299268e-45,1.1210387714598537e-44,5.605193857299268e-45,-5.605193857299268e-45,0,0,0.0038174092769622803,0.0024641347117722034,5.605193857299268e-45,1.1210387714598537e-44,14.430039405822754,14.419456481933594,14.433218955993652,0.013172740116715431,0.01405171025544405,0,0,4800,0,5.605193857299268e-45
1787296691837,1407,0,0,10,-0.040926046669483185,-0.4225664734840393,65.00513458251953,5.605193857299268e-45,1.1210387714598537e-44,5.605193857299268e-45,-5.605193857299268e-45,0,0,0.0018841751152649522,0.0015418054535984993,5.605193857299268e-45,1.1210387714598537e-44,14.43027400970459,14.423458099365234,14.432546615600586,0.013345074839890003,0.014624669216573238,0,0,4800,0,5.605193857299268e-45
1787296691857,1408,0,0,10,-0.13670115172863007,-10.818201065063477,80.74114990234375,5.605193857299268e-45,1.1210387714598537e-44,5.605193857299268e-45,-5.605193857299268e-45,0,0,0.002099060919135809,0.0020661470480263233,5.605193857299268e-45,1.1210387714598537e-44,14.43138599395752,14.428346633911133,14.435903549194336,0.013528820127248764,0.014605010859668255,0,0,4800,0,5.605193857299268e-45
1787296691877,1409,0,0,10,-0.04853973910212517,-3.7071011066436768,66.57796478271484,5.605193857299268e-45,1.1210387714598537e-44,5.605193857299268e-45,-5.605193857299268e-45,0,0,0.0017774858279153705,0.0015086542116478086,5.605193857299268e-45,1.1210387714598537e-44,14.430967330932617,14.426466941833496,14.43524169921875,0.013453164137899876,0.014970701187849045,0,0,4800,0,5.605193857299268e-45
1787296691897,1410,0,0,10,0.11595740169286728,5.658198833465576,87.09152221679688,5.605193857299268e-45,1.1210387714598537e-44,5.605193857299268e-45,-5.605193857299268e-45,0,0,0.0030118199065327644,0.002148712519556284,5.605193857299268e-45,1.1210387714598537e-44,14.431260108947754,14.423279762268066,14.438482284545898,0.013620724901556969,0.014811180531978607,0,0,4800,0,5.605193857299268e-45
1787296691917,1411,0,0,10,-0.20540568232536316,-23.437782287597656,101.57777404785156,5.605193857299268e-45,1.1210387714598537e-44,5.605193857299268e-45,-5.605193857299268e-45,0,0,0.0028266538865864277,0.0018216787138953805,5.605193857299268e-45,1.1210387714598537e-44,14.430652618408203,14.429519653320312,14.432971954345703,0.013686388731002808,0.01473887637257576,0,0,4800,0,5.605193857299268e-45
1787296691937,1412,0,0,10,0.03334628418087959,5.320481300354004,78.36509704589844,5.605193857299268e-45,1.1210387714598537e-44,5.605193857299268e-45,-5.605193857299268e-45,0,0,0.002229162724688649,0.002041652798652649,5.605193857299268e-45,1.1210387714598537e-44,14.430832862854004,14.42921257019043,14.433963775634766,0.013325296342372894,0.014967193827033043,0,0,4800,0,5.605193857299268e-45
1787296691958,1413,0,0,10,0.006399157922714949,-3.785834789276123,97.13692474365234,5.605193857299268e-45,1.1210387714598537e-44,5.605193857299268e-45,-5.605193857299268e-45,0,0,0.0019288241164758801,0.0014454351039603353,5.605193857299268e-45,1.1210387714598537e-44,14.430354118347168,14.42648983001709,14.434040069580078,0.01360553689301014,0.01480808574706316,0,0,4800,0,5.605193857299268e-45
1787296691978,1414,0,0,10,-0.2042599469423294,-24.1798038482666,120.82772827148438,5.605193857299268e-45,1.1210387714598537e-44,5.605193857299268e-45,-5.605193857299268e-45,0,0,0.002121301833540201,0.001851250883191824,5.605193857299268e-45,1.1210387714598537e-44,14.43095588684082,14.426262855529785,14.437241554260254,0.013459216803312302,0.014473283663392067,0,0,4800,0,5.605193857299268e-45
1787296691998,1415,0,0,10,-0.1997869312763214,-19.40411949157715,153.6799774169922,5.605193857299268e-45,1.1210387714598537e-44,5.605193857299268e-45,-5.605193857299268e-45,0,0,0.0023668480571359396,0.0020766654051840305,5.605193857299268e-45,1.1210387714598537e-44,14.430913925170898,14.42833137512207,14.434333801269531,0.01367554347962141,0.014748825691640377,0,0,4800,0,5.605193857299268e-45
1787296692018,1416,0,0,10,0.10758897662162781,13.795343399047852,128.55227661132812,5.605193857299268e-45,1.1210387714598537e-44,5.605193857299268e-45,-5.605193857299268e-45,0,0,0.0023283124901354313,0.001162446686066687,5.605193857299268e-45,1.1210387714598537e-44,14.431971549987793,14.42888069152832,14.436049461364746,0.013476614840328693,0.014481225050985813,0,0,4800,0,5.605193857299268e-45
1787296692038,1417,0,0,10,-0.032142627984285355,-3.0495340824127197,71.38389587402344,5.605193857299268e-45,1.1210387714598537e-44,5.605193857299268e-45,-5.605193857299268e-45,0,0,0.0012288481229916215,0.0011451237369328737,5.605193857299268e-45,1.1210387714598537e-44,14.431594848632812,14.427824974060059,14.433695793151855,0.013636390678584576,0.014812802895903587,0,0,4800,0,5.605193857299268e-45
1787296692058,1418,0,0,10,0.013868998736143112,4.4029951095581055,82.86106872558594,5.605193857299268e-45,1.1210387714598537e-44,5.605193857299268e-45,-5.605193857299268e-45,0,0,0.0008958623511716723,0.001308166654780507,5.605193857299268e-45,1.1210387714598537e-44,14.430623054504395,14.424094200134277,14.434157371520996,0.013399758376181126,0.014459190890192986,0,0,4800,0,5.605193857299268e-45
1787296692078,1419,0,0,10,0.04744608700275421,3.979567766189575,108.41432189941406,5.605193857299268e-45,1.1210387714598537e-44,5.605193857299268e-45,-5.605193857299268e-45,0,0,0.0019995016045868397,0.0015998283633962274,5.605193857299268e-45,1.1210387714598537e-44,14.429966926574707,14.42336368560791,14.43317699432373,0.013324214145541191,0.014549043029546738,0,0,4800,0,5.605193857299268e-45
1787296692098,1420,0,0,10,-0.02331000380218029,1.0343347787857056,59.929100036621094,5.605193857299268e-45,1.1210387714598537e-44,5.605193857299268e-45,-5.605193857299268e-45,0,0,0.0023869730066508055,0.0024742307141423225,5.605193857299268e-45,1.1210387714598537e-44,14.432082176208496,14.429707527160645,14.436199188232422,0.013362959958612919,0.014970592223107815,0,0,4800,0,5.605193857299268e-45
1787296692118,1421,0,0,10,-0.1812925636768341,-22.65240478515625,116.13445281982422,5.605193857299268e-45,1.1210387714598537e-44,5.605193857299268e-45,-5.605193857299268e-45,0,0,0.0023779321927577257,0.0021277666091918945,5.605193857299268e-45,1.1210387714598537e-44,14.430547714233398,14.426127433776855,14.434585571289062,0.01357863750308752,0.014603598043322563,0,0,4800,0,5.605193857299268e-45
1787296692138,1422,0,0,10,-0.10903631895780563,-0.7525616884231567,81.2105941772461,5.605193857299268e-45,1.1210387714598537e-44,5.605193857299268e-45,-5.605193857299268e-45,0,0,0.0018931576050817966,0.002122382167726755,5.605193857299268e-45,1.1210387714598537e-44,14.430814743041992,14.424164772033691,14.436911582946777,0.013431037776172161,0.014376938343048096,0,0,4800,0,5.605193857299268e-45
1787296692159,1423,0,0,10,-0.13312429189682007,-10.30062484741211,72.6336898803711,5.605193857299268e-45,1.1210387714598537e-44,5.605193857299268e-45,-5.605193857299268e-45,0,0,0.0019543138332664967,0.0020757142920047045,5.605193857299268e-45,1.1210387714598537e-44,14.430610656738281,14.423725128173828,14.434454917907715,0.013501045294106007,0.014435728080570698,0,0,4800,0,5.605193857299268e-45
1787296692179,1424,0,0,10,0.10987591743469238,6.558080196380615,91.48228454589844,5.605193857299268e-45,1.1210387714598537e-44,5.605193857299268e-45,-5.605193857299268e-45,0,0,0.0033862085547298193,0.0022781668230891228,5.605193857299268e-45,1.1210387714598537e-44,14.430974006652832,14.424046516418457,14.435762405395508,0.01348733901977539,0.01458512432873249,0,0,4800,0,5.605193857299268e-45
1787296692199,1425,0,0,10,-0.0776619240641594,-11.279253959655762,104.99079132080078,5.605193857299268e-45,1.1210387714598537e-44,5.605193857299268e-45,-5.605193857299268e-45,0,0,0.001998450141400099,0.0023604421876370907,5.605193857299268e-45,1.1210387714598537e-44,14.43050479888916,14.426643371582031,14.432743072509766,0.01368638500571251,0.015187191776931286,0,0,4800,0,5.605193857299268e-45
1787296692219,1426,0,0,10,0.27018535137176514,29.55272674560547,107.80929565429688,5.605193857299268e-45,1.1210387714598537e-44,5.605193857299268e-45,-5.605193857299268e-45,0,0,0.001937913941219449,0.0020699226297438145,5.605193857299268e-45,1.1210387714598537e-44,14.431635856628418,14.427209854125977,14.437195777893066,0.013695856556296349,0.014767459593713284,0,0,4800,0,5.605193857299268e-45
1787296692239,1427,0,0,10,-0.053648076951503754,-9.995834350585938,107.33979034423828,5.605193857299268e-45,1.1210387714598537e-44,5.605193857299268e-45,-5.605193857299268e-45,0,0,0.0010220499243587255,0.0013708150945603848,5.605193857299268e-45,1.1210387714598537e-44,14.430102348327637,14.425567626953125,14.433055877685547,0.013744360767304897,0.01513795368373394,0,0,4800,0,5.605193857299268e-45
1787296692259,1428,0,0,10,-0.17553210258483887,-11.085851669311523,90.0326156616211,5.605193857299268e-45,1.1210387714598537e-44,5.605193857299268e-45,-5.605193857299268e-45,0,0,0.0018411919008940458,0.002110144356265664,5.605193857299268e-45,1.1210387714598537e-44,14.430806159973145,14.421079635620117,14.435409545898438,0.013394705019891262,0.014683805406093597,0,0,4800,0,5.605193857299268e-45
1787296692280,1429,0,0,10,0.0808606669306755,16.76361656188965,62.96255874633789,5.605193857299268e-45,1.1210387714598537e-44,5.605193857299268e-45,-5.605193857299268e-45,0,0,0.0012656691251322627,0.0014051753096282482,5.605193857299268e-45,1.1210387714598537e-44,14.430713653564453,14.42953109741211,14.432780265808105,0.01384316012263298,0.01481232512742281,0,0,4800,0,5.605193857299268e-45
1787296692299,1430,0,0,10,-0.06079757586121559,-1.8968311548233032,81.78990173339844,5.605193857299268e-45,1.1210387714598537e-44,5.605193857299268e-45,-5.605193857299268e-45,0,0,0.0015300789382308722,0.002234578365460038,5.605193857299268e-45,1.1210387714598537e-44,14.432633399963379,14.428657531738281,14.439343452453613,0.013644560240209103,0.014845577999949455,0,0,4800,0,5.605193857299268e-45
1787296692319,1431,0,0,10,-0.099117211997509,-2.3407630920410156,38.393768310546875,5.605193857299268e-45,1.1210387714598537e-44,5.605193857299268e-45,-5.605193857299268e-45,0,0,0.0004132220637984574,0.0009284549742005765,5.605193857299268e-45,1.1210387714598537e-44,14.430227279663086,14.424829483032227,14.432705879211426,0.013520927168428898,0.014610588550567627,0,0,4800,0,5.605193857299268e-45
1787296692339,1432,0,0,10,0.23136518895626068,16.504074096679688,101.30994415283203,5.605193857299268e-45,1.1210387714598537e-44,5.605193857299268e-45,-5.605193857299268e-45,0,0,0.0020244750194251537,0.0017306675435975194,5.605193857299268e-45,1.1210387714598537e-44,14.430792808532715,14.427399635314941,14.43687629699707,0.013348129577934742,0.013971925713121891,0,0,4800,0,5.605193857299268e-45
1787296692359,1433,0,0,10,-0.04463151469826698,-5.45817756652832,103.5176773071289,5.605193857299268e-45,1.1210387714598537e-44,5.605193857299268e-45,-5.605193857299268e-45,0,0,0.0020609418861567974,0.0018755483906716108,5.605193857299268e-45,1.1210387714598537e-44,14.43001937866211,14.421849250793457,14.432323455810547,0.013567477464675903,0.014724868349730968,0,0,4800,0,5.605193857299268e-45
1787296692380,1434,0,0,10,-0.06902994215488434,-6.571356296539307,74.32917785644531,5.605193857299268e-45,1.1210387714598537e-44,5.605193857299268e-45,-5.605193857299268e-45,0,0,0.0006925861234776676,0.0011711744591593742,5.605193857299268e-45,1.1210387714598537e-44,14.431427001953125,14.429387092590332,14.434322357177734,0.013403904624283314,0.014184483326971531,0,0,4800,0,5.605193857299268e-45
1787296692400,1435,0,0,10,-0.0010763593018054962,-0.16990157961845398,59.46162796020508,5.605193857299268e-45,1.1210387714598537e-44,5.605193857299268e-45,-5.605193857299268e-45,0,0,0.001157320337370038,0.001170894131064415,5.605193857299268e-45,1.1210387714598537e-44,14.430027961730957,14.427750587463379,14.431910514831543,0.013624104671180248,0.014437858946621418,0,0,4800,0,5.605193857299268e-45
1787296692420,1436,0,0,10,0.022609205916523933,-1.3258976936340332,86.3673324584961,5.605193857299268e-45,1.1210387714598537e-44,5.605193857299268e-45,-5.605193857299268e-45,0,0,0.002356506884098053,0.001713849138468504,5.605193857299268e-45,1.1210387714598537e-44,14.431653022766113,14.427998542785645,14.436897277832031,0.013406525366008282,0.01399952918291092,0,0,4800,0,5.605193857299268e-45
