timestamp,packet_id,super_state,mc_state,ctrl_mode,rpm,accel_avg,accel_mad,iq_avg,iq_mad,iq_target,id_avg,id_min,id_max,if_avg,if_mad,field_pwm_avg,field_pwm_mad,vbus_avg,vbus_min,vbus_max,duty_avg,duty_max,if_min,stator_fw_id,speed_target,speed_i_term,i_bus
1787293493400,0,0,0,10,0.11233022063970566,2.982072353363037,119.18289184570312,0,0,0,0,0,0,0.00390218710526824,0.0017163981683552265,0,0,13.001717567443848,12.998369216918945,13.005060195922852,0.015087595209479332,0.015890907496213913,0,0,0,0,0
1787293493420,1,0,0,10,0.16301105916500092,2.41203236579895,106.93962860107422,0,0,0,0,0,0,0.005101593676954508,0.0025734142400324345,0,0,13.003623962402344,12.993820190429688,13.010619163513184,0.015149053186178207,0.016896605491638184,0,0,0,0,0
1787293493440,2,0,0,10,-0.05429898947477341,-13.201567649841309,166.48617553710938,0,0,0,0,0,0,0.004017219878733158,0.0014215639093890786,0,0,13.001193046569824,12.992036819458008,13.012962341308594,0.015058237127959728,0.016762610524892807,0,0,0,0,0
1787293493460,3,0,0,10,-0.06060456857085228,-8.410983085632324,135.35728454589844,0,0,0,0,0,0,0.0028193886391818523,0.002383817918598652,0,0,13.002702713012695,12.998473167419434,13.007819175720215,0.015112320892512798,0.016162028536200523,0,0,0,0,0
1787293493480,4,0,0,10,-0.1865384727716446,-22.82122039794922,170.55099487304688,0,0,0,0,0,0,0.00482717901468277,0.0021100682206451893,0,0,13.000629425048828,12.995790481567383,13.005829811096191,0.014980272389948368,0.01581244170665741,0,0,0,0,0
1787293493500,5,0,0,10,-0.285234659910202,-21.612266540527344,146.0855255126953,0,0,0,0,0,0,0.004400643520057201,0.001710660639218986,0,0,13.00157642364502,12.995560646057129,13.007242202758789,0.015174458734691143,0.01602904312312603,0.002066541463136673,0,0,0,0
1787293493520,6,0,0,10,0.18244673311710358,24.546838760375977,203.4420166015625,0,0,0,0,0,0,0.004439387004822493,0.0016314954264089465,0,0,13.000837326049805,12.994537353515625,13.007701873779297,0.01521503645926714,0.01676468551158905,0.002066541463136673,0,0,0,0
1787293493540,7,0,0,10,0.17210912704467773,7.400910377502441,144.35311889648438,0,0,0,0,0,0,0.0048594363033771515,0.0023318955209106207,0,0,13.001985549926758,12.99782657623291,13.00723934173584,0.015196608379483223,0.016202079132199287,0.002066541463136673,0,0,0,0
1787293493560,8,0,0,10,0.3527837097644806,35.17052459716797,127.87472534179688,0,0,0,0,0,0,0.0046289414167404175,0.001683617476373911,0,0,13.002167701721191,12.997602462768555,13.008371353149414,0.01498865894973278,0.016333317384123802,0.0020652359817177057,0,0,0,0
1787293493580,9,0,0,10,-0.02731912024319172,-16.825729370117188,230.524658203125,0,0,0,0,0,0,0.005663116928189993,0.0025393012911081314,0,0,13.001664161682129,12.997567176818848,13.006174087524414,0.014975672587752342,0.01606794446706772,0.002066541463136673,0,0,0,0
1787293493600,10,0,0,10,0.030424436554312706,-4.886462688446045,97.0602035522461,0,0,0,0,0,0,0.0048621641471982,0.0017554574878886342,0,0,13.001395225524902,12.993370056152344,13.007414817810059,0.01532784104347229,0.016126563772559166,0.002066541463136673,0,0,0,0
1787293493620,11,0,0,10,0.037387724965810776,-7.925405502319336,78.61036682128906,0,0,0,0,0,0,0.005219305865466595,0.002143502701073885,0,0,13.001579284667969,12.9929780960083,13.006166458129883,0.015217335894703865,0.01607949659228325,0.002066541463136673,0,0,0,0
1787293493641,12,0,0,10,0.44398218393325806,46.735748291015625,126.13859558105469,0,0,0,0,0,0,0.00345238228328526,0.0019298972329124808,0,0,13.00208854675293,12.997054100036621,13.008442878723145,0.015257157385349274,0.01614139787852764,0,0,0,0,0
1787293493661,13,0,0,10,-0.16908034682273865,-23.45086097717285,100.07479858398438,0,0,0,0,0,0,0.0037148369010537863,0.0017617541598156095,0,0,13.00125789642334,12.996615409851074,13.005857467651367,0.015167200937867165,0.016265718266367912,0,0,0,0,0
1787293493681,14,0,0,10,0.17724187672138214,11.325305938720703,87.96702575683594,0,0,0,0,0,0,0.003716198494657874,0.0019398024305701256,0,0,13.001424789428711,12.999483108520508,13.004826545715332,0.015266329050064087,0.016781823709607124,0,0,0,0,0
1787293493701,15,0,0,10,0.06818976253271103,5.489999294281006,84.36475372314453,0,0,0,0,0,0,0.004374593496322632,0.0017247969517484307,0,0,13.002429962158203,12.998927116394043,13.009521484375,0.015137786976993084,0.016415687277913094,0,0,0,0,0
1787293493721,16,0,0,10,-0.11035198718309402,-18.408706665039062,134.92320251464844,0,0,0,0,0,0,0.004964860621839762,0.0019951590802520514,0,0,13.001554489135742,12.99648380279541,13.010016441345215,0.01547714788466692,0.016481563448905945,0.002066541463136673,0,0,0,0
1787293493741,17,0,0,10,-0.06105168163776398,-11.748452186584473,175.0881805419922,0,0,0,0,0,0,0.005427244119346142,0.002623168984428048,0,0,13.003156661987305,12.999552726745605,13.009445190429688,0.015075971372425556,0.01608145795762539,0,0,0,0,0
1787293493761,18,0,0,10,0.03023427166044712,-5.573227405548096,258.6802062988281,0,0,0,0,0,0,0.0050969612784683704,0.002594706602394581,0,0,13.002349853515625,12.996597290039062,13.004776000976562,0.01536021288484335,0.016190968453884125,0.002066541463136673,0,0,0,0
1787293493782,19,0,0,10,-0.00812813825905323,-3.802675485610962,197.3380584716797,0,0,0,0,0,0,0.0057594506070017815,0.0019130418077111244,0,0,13.002169609069824,12.99310302734375,13.009360313415527,0.015088655054569244,0.015665709972381592,0.0020652359817177057,0,0,0,0
1787293493802,20,0,0,10,0.13865116238594055,3.7627146244049072,163.35916137695312,0,0,0,0,0,0,0.005904128309339285,0.0015885469038039446,0,0,13.001812934875488,12.998309135437012,13.006155014038086,0.015196630731225014,0.01629035547375679,0.002066541463136673,0,0,0,0
1787293493822,21,0,0,10,-0.2203071415424347,-34.27450180053711,242.0391082763672,0,0,0,0,0,0,0.005481896456331015,0.002047962276265025,0,0,13.002047538757324,12.997397422790527,13.009528160095215,0.015035322867333889,0.016367673873901367,0,0,0,0,0
1787293493842,22,0,0,10,0.11160678416490555,9.528609275817871,191.4964599609375,0,0,0,0,0,0,0.004879275802522898,0.002127025043591857,0,0,13.001286506652832,12.997583389282227,13.003898620605469,0.015199883840978146,0.016293276101350784,0.002066541463136673,0,0,0,0
1787293493862,23,0,0,10,0.029680222272872925,-1.8376508951187134,187.01217651367188,0,0,0,0,0,0,0.004881087224930525,0.0025161916855722666,0,0,13.00191879272461,12.995155334472656,13.007397651672363,0.015090597793459892,0.016086751595139503,0,0,0,0,0
1787293493882,24,0,0,10,0.21486209332942963,22.914371490478516,114.60920715332031,0,0,0,0,0,0,0.004010497592389584,0.001787736895494163,0,0,13.000511169433594,12.995447158813477,13.00575065612793,0.014998508617281914,0.016014819964766502,0,0,0,0,0
1787293493902,25,0,0,10,-0.03915820270776749,-4.79428243637085,113.771240234375,0,0,0,0,0,0,0.004177335184067488,0.001936637214384973,0,0,13.003202438354492,13.000500679016113,13.007126808166504,0.015125383622944355,0.0166753139346838,0,0,0,0,0
1787293493922,26,0,0,10,0.0538785420358181,-0.5219880938529968,162.09616088867188,0,0,0,0,0,0,0.004401531536132097,0.0023188572376966476,0,0,13.00306224822998,12.998369216918945,13.009600639343262,0.015262345783412457,0.016055680811405182,0,0,0,0,0
1787293493942,27,0,0,10,0.13608333468437195,3.7898972034454346,198.72471618652344,0,0,0,0,0,0,0.004008207004517317,0.0017574112862348557,0,0,13.003881454467773,13.00009536743164,13.011473655700684,0.014943871647119522,0.015834098681807518,0,0,0,0,0
1787293493962,28,0,0,10,-0.02848956361413002,-9.856345176696777,88.72968292236328,0,0,0,0,0,0,0.004382589366286993,0.0021908797789365053,0,0,13.002375602722168,12.995777130126953,13.007939338684082,0.014945128932595253,0.01596764847636223,0,0,0,0,0
1787293493983,29,0,0,10,0.26073262095451355,22.488971710205078,128.2200927734375,0,0,0,0,0,0,0.004767603240907192,0.0021132794208824635,0,0,13.002930641174316,12.998202323913574,13.010599136352539,0.014670785516500473,0.0163906067609787,0,0,0,0,0
1787293494003,30,0,0,10,0.018003417178988457,-8.351327896118164,177.59649658203125,0,0,0,0,0,0,0.004416152834892273,0.0017907003639265895,0,0,13.001582145690918,12.997506141662598,13.004576683044434,0.014991549775004387,0.015895163640379906,0.0020652359817177057,0,0,0,0
1787293494023,31,0,0,10,-0.07820776104927063,-18.31962776184082,123.57499694824219,0,0,0,0,0,0,0.004026556853204966,0.0017587580950930715,0,0,13.003130912780762,12.999030113220215,13.007755279541016,0.015279117971658707,0.01670568250119686,0,0,0,0,0
1787293494043,32,0,0,10,0.1529041975736618,2.687492609024048,180.8323974609375,0,0,0,0,0,0,0.005049807019531727,0.002230376936495304,0,0,13.00100040435791,12.998132705688477,13.0049467086792,0.015425273217260838,0.016326315701007843,0,0,0,0,0
1787293494063,33,0,0,10,0.2631184458732605,25.758676528930664,123.21198272705078,0,0,0,0,0,0,0.004718470852822065,0.0023526244331151247,0,0,13.00225830078125,12.997446060180664,13.006451606750488,0.015257482416927814,0.016323665156960487,0,0,0,0,0
1787293494083,34,0,0,10,-0.024591708555817604,-15.831436157226562,132.20144653320312,0,0,0,0,0,0,0.0041917166672647,0.0021955566480755806,0,0,13.001779556274414,12.998126029968262,13.00805950164795,0.015264378860592842,0.01606612652540207,0,0,0,0,0
1787293494103,35,0,0,10,0.054330453276634216,-1.7354655265808105,104.4403076171875,0,0,0,0,0,0,0.00434037484228611,0.0023887816350907087,0,0,13.001789093017578,12.998224258422852,13.00586223602295,0.015148692764341831,0.01609717309474945,0,0,0,0,0
1787293494123,36,0,0,10,0.2494518905878067,23.479236602783203,111.6186294555664,0,0,0,0,0,0,0.0037074005231261253,0.0015189149416983128,0,0,13.001082420349121,12.990742683410645,13.006659507751465,0.015065768733620644,0.016013868153095245,0.002066541463136673,0,0,0,0
1787293494143,37,0,0,10,0.29221928119659424,20.686372756958008,113.7306137084961,0,0,0,0,0,0,0.003969735000282526,0.0023908100556582212,0,0,13.00196647644043,12.996142387390137,13.006555557250977,0.015179280191659927,0.016037186607718468,0,0,0,0,0
1787293494163,38,0,0,10,0.23663748800754547,21.701292037963867,138.5145721435547,0,0,0,0,0,0,0.005946728400886059,0.002474701264873147,0,0,13.001830101013184,12.997785568237305,13.007513999938965,0.01503202598541975,0.016559051349759102,0,0,0,0,0
1787293494183,39,0,0,10,-0.06454112380743027,-6.733208179473877,108.29742431640625,0,0,0,0,0,0,0.003723796457052231,0.0018019729759544134,0,0,13.001935005187988,12.997648239135742,13.009592056274414,0.015267492271959782,0.01666090078651905,0,0,0,0,0
1787293494204,40,0,0,10,0.1556280553340912,2.727820873260498,155.75741577148438,0,0,0,0,0,0,0.004270665347576141,0.002294681267812848,0,0,13.001887321472168,12.994961738586426,13.007954597473145,0.015260339714586735,0.016167912632226944,0,0,0,0,0
1787293494224,41,0,0,10,0.1601717174053192,10.339577674865723,185.58323669433594,0,0,0,0,0,0,0.004185553640127182,0.0015611068811267614,0,0,13.003522872924805,12.997270584106445,13.013575553894043,0.015358288772404194,0.016452334821224213,0,0,0,0,0
1787293494244,42,0,0,10,-0.037972938269376755,-10.052899360656738,126.25361633300781,0,0,0,0,0,0,0.00627643009647727,0.0017914867494255304,0,0,13.001824378967285,12.998451232910156,13.004566192626953,0.015172934159636497,0.0160627793520689,0.004271461628377438,0,0,0,0
1787293494264,43,0,0,10,0.5245546102523804,50.46780014038086,169.94174194335938,0,0,0,0,0,0,0.006372130010277033,0.002539815613999963,0,0,13.000812530517578,12.993582725524902,13.005999565124512,0.014917063526809216,0.015679772943258286,0,0,0,0,0
1787293494284,44,0,0,10,0.20173582434654236,16.274730682373047,145.1634979248047,0,0,0,0,0,0,0.004758146591484547,0.002277713268995285,0,0,12.999897003173828,12.99413013458252,13.006502151489258,0.014878029003739357,0.01615196280181408,0,0,0,0,0
1787293494304,45,0,0,10,-0.11907926201820374,-24.02132797241211,145.29331970214844,0,0,0,0,0,0,0.004867378622293472,0.0023396220058202744,0,0,13.001365661621094,12.995115280151367,13.008777618408203,0.015287727117538452,0.01623726077377796,0,0,0,0,0
1787293494324,46,0,0,10,0.0002937696117442101,-0.8173836469650269,145.25244140625,0,0,0,0,0,0,0.004683266393840313,0.0022638870868831873,0,0,13.002730369567871,12.999484062194824,13.010125160217285,0.015394006855785847,0.016235480085015297,0,0,0,0,0
1787293494344,47,0,0,10,0.020326856523752213,10.005143165588379,164.15478515625,0,0,0,0,0,0,0.004466131795197725,0.0017949520843103528,0,0,13.001336097717285,12.993339538574219,13.006190299987793,0.01508037094026804,0.016077382490038872,0,0,0,0,0
1787293494364,48,0,0,10,-0.171443909406662,-12.996516227722168,128.05320739746094,0,0,0,0,0,0,0.0037011727690696716,0.0016127778217196465,0,0,13.001581192016602,12.997697830200195,13.004227638244629,0.015060722827911377,0.01621880941092968,0,0,0,0,0
1787293494384,49,0,0,10,0.17148342728614807,15.000356674194336,139.49185180664062,0,0,0,0,0,0,0.0037101958878338337,0.0021187509410083294,0,0,13.0013427734375,12.997931480407715,13.005908012390137,0.01536472886800766,0.016217274591326714,0,0,0,0,0
1787293494404,50,0,0,10,-0.10610118508338928,-20.358108520507812,151.3523712158203,0,0,0,0,0,0,0.0054068355821073055,0.0021733553148806095,0,0,13.000967025756836,12.992623329162598,13.006251335144043,0.015095754526555538,0.016154196113348007,0.002066541463136673,0,0,0,0
1787293494425,51,0,0,10,-0.0043340460397303104,-6.583118915557861,124.74869537353516,0,0,0,0,0,0,0.003596399212256074,0.0017903476255014539,0,0,13.002056121826172,12.996302604675293,13.007086753845215,0.015449012629687786,0.016818882897496223,0,0,0,0,0
1787293494445,52,0,0,10,0.10081015527248383,7.745762348175049,126.54524993896484,0,0,0,0,0,0,0.004400002770125866,0.0019738266710191965,0,0,13.0006103515625,12.99315071105957,13.007718086242676,0.015169262886047363,0.016197361052036285,0,0,0,0,0
1787293494465,53,0,0,10,-0.15158504247665405,-9.079394340515137,144.4639129638672,0,0,0,0,0,0,0.0037794499658048153,0.002343242522329092,0,0,13.001448631286621,12.997203826904297,13.007973670959473,0.01512695848941803,0.01638762652873993,0,0,0,0,0
1787293494485,54,0,0,10,0.43410760164260864,36.28593063354492,203.31129455566406,0,0,0,0,0,0,0.00537505280226469,0.002775073517113924,0,0,13.001235008239746,12.992964744567871,13.009251594543457,0.015082297846674919,0.01630062237381935,0.002066541463136673,0,0,0,0
1787293494505,55,0,0,10,-0.1563354730606079,-18.97467803955078,169.6172637939453,0,0,0,0,0,0,0.00513657508417964,0.0018276291666552424,0,0,13.001337051391602,12.990105628967285,13.009688377380371,0.015093239024281502,0.016263121739029884,0,0,0,0,0
1787293494525,56,0,0,10,0.06552543491125107,-3.5043554306030273,185.85719299316406,0,0,0,0,0,0,0.005169553216546774,0.0019230361795052886,0,0,13.001485824584961,12.995498657226562,13.003951072692871,0.0151437409222126,0.015968959778547287,0,0,0,0,0
1787293494545,57,0,0,10,0.036726418882608414,-1.4876772165298462,69.06938171386719,0,0,0,0,0,0,0.004144409671425819,0.002324097789824009,0,0,13.001510620117188,12.996819496154785,13.00886344909668,0.014857318252325058,0.015757771208882332,0,0,0,0,0
1787293494565,58,0,0,10,0.020285483449697495,-2.1078224182128906,88.95565795898438,0,0,0,0,0,0,0.0033082866575568914,0.00149239762686193,0,0,13.0006742477417,12.997668266296387,13.005999565124512,0.015146023593842983,0.01662432588636875,0,0,0,0,0
1787293494585,59,0,0,10,0.17148804664611816,11.959769248962402,161.59503173828125,0,0,0,0,0,0,0.004757225513458252,0.002247732365503907,0,0,13.000368118286133,12.996553421020508,13.00741958618164,0.015207799151539803,0.016317056491971016,0.0020652359817177057,0,0,0,0
1787293494605,60,0,0,10,-0.027000056579709053,-12.169995307922363,131.13914489746094,0,0,0,0,0,0,0.0056703053414821625,0.00228699529543519,0,0,13.00072956085205,12.997111320495605,13.005426406860352,0.01512781623750925,0.01608048938214779,0,0,0,0,0
1787293494625,61,0,0,10,0.07974286377429962,6.479681968688965,177.1350555419922,0,0,0,0,0,0,0.005304626189172268,0.002847390715032816,0,0,13.002073287963867,12.995122909545898,13.011221885681152,0.01493265200406313,0.01637788489460945,0,0,0,0,0
1787293494646,62,0,0,10,0.10808548331260681,11.761269569396973,96.49803924560547,0,0,0,0,0,0,0.004173797555267811,0.0019307620823383331,0,0,13.001687049865723,12.998472213745117,13.006500244140625,0.015108238905668259,0.01577010564506054,0.002066541463136673,0,0,0,0
1787293494666,63,0,0,10,0.052413199096918106,-0.7371248602867126,118.40487670898438,0,0,0,0,0,0,0.0038679162971675396,0.0015327176079154015,0,0,13.000567436218262,12.991294860839844,13.007890701293945,0.015331136994063854,0.016142794862389565,0,0,0,0,0
1787293494686,64,0,0,10,0.10646244138479233,3.300123929977417,133.0998992919922,0,0,0,0,0,0,0.005259661003947258,0.002427213592454791,0,0,13.001262664794922,12.99776840209961,13.00477123260498,0.015426692552864552,0.016332879662513733,0,0,0,0,0
1787293494706,65,0,0,10,0.10612092912197113,6.535421371459961,115.41141510009766,0,0,0,0,0,0,0.0034163843374699354,0.001823666738346219,0,0,13.00252628326416,12.99834156036377,13.0071439743042,0.015290791168808937,0.016020946204662323,0,0,0,0,0
1787293494726,66,0,0,10,0.039414916187524796,1.2539236545562744,174.42083740234375,0,0,0,0,0,0,0.005076938774436712,0.001736189005896449,0,0,13.000994682312012,12.997528076171875,13.008557319641113,0.015118061564862728,0.01664956472814083,0,0,0,0,0
1787293494746,67,0,0,10,-0.05116378888487816,-15.522988319396973,188.41262817382812,0,0,0,0,0,0,0.005740628112107515,0.0021187851671129465,0,0,13.001062393188477,12.997394561767578,13.004535675048828,0.0148882195353508,0.016318107023835182,0,0,0,0,0
1787293494766,68,0,0,10,-0.015430214814841747,-2.817220449447632,124.4693832397461,0,0,0,0,0,0,0.004290231969207525,0.001877126400358975,0,0,13.002716064453125,12.99808120727539,13.009624481201172,0.015006079338490963,0.01611342467367649,0.002066541463136673,0,0,0,0
1787293494786,69,0,0,10,0.29700738191604614,27.76032829284668,144.50982666015625,0,0,0,0,0,0,0.0032087990548461676,0.001624306314624846,0,0,13.002339363098145,12.997709274291992,13.0055513381958,0.015187929384410381,0.015991725027561188,0,0,0,0,0
1787293494807,70,0,0,10,-0.02003033459186554,-12.423532485961914,126.02061462402344,0,0,0,0,0,0,0.0036360113881528378,0.0015991585096344352,0,0,13.00180435180664,12.997299194335938,13.006083488464355,0.015256213024258614,0.016290422528982162,0,0,0,0,0
1787293494828,71,0,0,10,0.18971990048885345,23.85320281982422,98.99332427978516,0,0,0,0,0,0,0.0035411790013313293,0.0020020105876028538,0,0,13.001866340637207,12.997502326965332,13.010178565979004,0.015021982602775097,0.01628607138991356,0,0,0,0,0
1787293494847,72,0,0,10,-0.14033207297325134,-20.473495483398438,99.99169921875,0,0,0,0,0,0,0.00438745366409421,0.0022656850051134825,0,0,13.00252914428711,12.99887466430664,13.006699562072754,0.015020378865301609,0.015641232952475548,0.002066541463136673,0,0,0,0
1787293494867,73,0,0,10,0.4817354381084442,38.38731384277344,163.43312072753906,0,0,0,0,0,0,0.005339034833014011,0.001861312659457326,0,0,13.000690460205078,12.993940353393555,13.00672435760498,0.014972394332289696,0.015644686296582222,0,0,0,0,0
1787293494887,74,0,0,10,0.13771329820156097,3.908474922180176,161.74610900878906,0,0,0,0,0,0,0.005178757011890411,0.002087470842525363,0,0,13.00272274017334,12.998088836669922,13.010130882263184,0.015074456110596657,0.017112813889980316,0.002066541463136673,0,0,0,0
1787293494907,75,0,0,10,-0.16387125849723816,-20.249235153198242,145.47201538085938,0,0,0,0,0,0,0.0043623480014503,0.0017794894520193338,0,0,13.001091957092285,12.992626190185547,13.006524085998535,0.01502731442451477,0.01624998077750206,0,0,0,0,0
1787293494927,76,0,0,10,-0.0071434881538152695,-10.484556198120117,106.94080352783203,0,0,0,0,0,0,0.005738064646720886,0.0016817052382975817,0,0,13.002427101135254,12.99756145477295,13.010196685791016,0.015512173995375633,0.01637735776603222,0,0,0,0,0
1787293494947,77,0,0,10,-0.055785372853279114,-5.076220989227295,132.52243041992188,0,0,0,0,0,0,0.004125006962567568,0.001804301398806274,0,0,13.001131057739258,12.991369247436523,13.009472846984863,0.015158343128859997,0.01604042947292328,0,0,0,0,0
1787293494967,78,0,0,10,0.20739133656024933,18.309783935546875,128.9193572998047,0,0,0,0,0,0,0.004687187261879444,0.002368167508393526,0,0,13.001442909240723,12.997588157653809,13.006230354309082,0.014999023638665676,0.015791555866599083,0,0,0,0,0
1787293494987,79,0,0,10,0.3156953454017639,28.314315795898438,173.04539489746094,0,0,0,0,0,0,0.0037611250299960375,0.001629653386771679,0,0,13.001774787902832,12.992057800292969,13.00959587097168,0.014987685717642307,0.015739018097519875,0,0,0,0,0
1787293495008,80,0,0,10,0.03496597707271576,0.054259348660707474,183.88331604003906,0,0,0,0,0,0,0.004428477492183447,0.002194326603785157,0,0,13.002725601196289,12.999316215515137,13.0051851272583,0.015210336074233055,0.016764245927333832,0.0020652359817177057,0,0,0,0
1787293495028,81,0,0,10,0.2939198613166809,28.181928634643555,181.6916046142578,0,0,0,0,0,0,0.004683340433984995,0.0024868680629879236,0,0,13.00184154510498,12.995542526245117,13.0067720413208,0.015040605328977108,0.016254117712378502,0,0,0,0,0
1787293495048,82,0,0,10,-0.15542064607143402,-15.771257400512695,151.62899780273438,0,0,0,0,0,0,0.00564028462395072,0.0024456200189888477,0,0,13.002225875854492,12.998255729675293,13.011872291564941,0.014941686764359474,0.01579335145652294,0.002066541463136673,0,0,0,0
1787293495068,83,0,0,10,0.024101676419377327,-3.5740389823913574,127.96035766601562,0,0,0,0,0,0,0.0032736212015151978,0.0022257049567997456,0,0,13.001436233520508,12.997842788696289,13.004548072814941,0.015202510170638561,0.016054872423410416,0,0,0,0,0
1787293495088,84,0,0,10,-0.0807933434844017,-14.639140129089355,178.1442413330078,0,0,0,0,0,0,0.005026011727750301,0.0022540735080838203,0,0,13.001449584960938,12.997535705566406,13.0068998336792,0.015053107403218746,0.016123587265610695,0,0,0,0,0
1787293495108,85,0,0,10,0.06784757226705551,11.984992027282715,137.9461669921875,0,0,0,0,0,0,0.00584348663687706,0.0029578390531241894,0,0,13.00171947479248,12.998730659484863,13.007328033447266,0.014960017055273056,0.01575118489563465,0,0,0,0,0
1787293495128,86,0,0,10,0.030843514949083328,-2.1716506481170654,104.25436401367188,0,0,0,0,0,0,0.0048286342062056065,0.0020585155580192804,0,0,13.002396583557129,12.997142791748047,13.00559139251709,0.0152366254478693,0.016259226948022842,0,0,0,0,0
1787293495148,87,0,0,10,0.16460072994232178,8.648076057434082,195.2845916748047,0,0,0,0,0,0,0.0035888226702809334,0.0015350535977631807,0,0,13.002317428588867,12.997457504272461,13.009160995483398,0.01546477060765028,0.016720987856388092,0,0,0,0,0
1787293495168,88,0,0,10,-0.030346548184752464,-9.665042877197266,106.5108413696289,0,0,0,0,0,0,0.003393664723262191,0.0018882567528635263,0,0,13.001120567321777,12.998595237731934,13.00592041015625,0.015484974719583988,0.016467954963445663,0,0,0,0,0
1787293495188,89,0,0,10,0.24306195974349976,18.453784942626953,191.93226623535156,0,0,0,0,0,0,0.00548155140131712,0.0015215694438666105,0,0,13.003581047058105,12.999391555786133,13.007265090942383,0.015243939124047756,0.016524655744433403,0.002066541463136673,0,0,0,0
1787293495209,90,0,0,10,0.39014190435409546,25.197072982788086,203.1316375732422,0,0,0,0,0,0,0.006371303461492062,0.002027954440563917,0,0,13.003973007202148,12.998579025268555,13.007948875427246,0.015131887048482895,0.01619636081159115,0,0,0,0,0
1787293495229,91,0,0,10,0.8017784357070923,78.9914779663086,210.0867462158203,0,0,0,0,0,0,0.006045650690793991,0.002748065395280719,0,0,13.001729965209961,12.996535301208496,13.00671672821045,0.01495309267193079,0.016176538541913033,0.0020652359817177057,0,0,0,0
1787293495249,92,0,0,10,-0.14292341470718384,-21.19417381286621,187.29379272460938,0,0,0,0,0,0,0.004847077187150717,0.002471763174980879,0,0,13.000675201416016,12.997109413146973,13.006720542907715,0.015029801055788994,0.016197405755519867,0.002066541463136673,0,0,0,0
1787293495269,93,0,0,10,0.7716614603996277,64.59588623046875,204.3618621826172,0,0,0,0,0,0,0.007788549177348614,0.003110043006017804,0,0,13.001038551330566,12.996306419372559,13.006107330322266,0.015012619085609913,0.015827201306819916,0,0,0,0,0
1787293495289,94,0,0,10,0.21445904672145844,9.957053184509277,201.69595336914062,0,0,0,0,0,0,0.006409615743905306,0.00207275222055614,0,0,13.001617431640625,12.997340202331543,13.006491661071777,0.014996662735939026,0.01610575243830681,0,0,0,0,0
1787293495309,95,0,0,10,0.20831312239170074,12.25658893585205,173.322509765625,0,0,0,0,0,0,0.005022331140935421,0.0017983438447117805,0,0,13.00110912322998,12.99758243560791,13.004242897033691,0.01537669263780117,0.016466068103909492,0,0,0,0,0
1787293495329,96,0,0,10,0.19290529191493988,10.71065616607666,136.3391571044922,0,0,0,0,0,0,0.005000961013138294,0.0026950687170028687,0,0,13.003101348876953,13.00053882598877,13.009157180786133,0.015172885730862617,0.015932444483041763,0,0,0,0,0
1787293495350,97,0,0,10,0.3196426331996918,30.857627868652344,137.7568817138672,0,0,0,0,0,0,0.005017892923206091,0.0020683305338025093,0,0,13.002516746520996,12.996780395507812,13.008940696716309,0.015071428380906582,0.016247186809778214,0,0,0,0,0
1787293495369,98,0,0,10,-0.13065454363822937,-21.141090393066406,214.55564880371094,0,0,0,0,0,0,0.007308125030249357,0.002411122666671872,0,0,13.001326560974121,12.994474411010742,13.006053924560547,0.015040055848658085,0.01614757999777794,0.004271461628377438,0,0,0,0
1787293495389,99,0,0,10,0.15328828990459442,1.0568774938583374,218.03945922851562,0,0,0,0,0,0,0.0061606899835169315,0.002645241329446435,0,0,13.001014709472656,12.995993614196777,13.006182670593262,0.014971693977713585,0.0162834320217371,0,0,0,0,0
1787293495409,100,0,0,10,0.26099449396133423,14.419289588928223,182.7495574951172,0,0,0,0,0,0,0.005792469251900911,0.0025439609307795763,0,0,13.000581741333008,12.996344566345215,13.007610321044922,0.015028120018541813,0.016024596989154816,0.002066541463136673,0,0,0,0
1787293495430,101,0,0,10,0.1766258031129837,8.81711196899414,155.00277709960938,0,0,0,0,0,0,0.004956400953233242,0.0019834525883197784,0,0,13.002361297607422,13.00080680847168,13.00590991973877,0.015166804194450378,0.01627182401716709,0,0,0,0,0
1787293495450,102,0,0,10,-0.14468881487846375,-24.823179244995117,166.09523010253906,0,0,0,0,0,0,0.004036460537463427,0.0019310297211632133,0,0,13.001893043518066,12.997414588928223,13.006719589233398,0.014697597362101078,0.016181007027626038,0,0,0,0,0
1787293495470,103,0,0,10,-0.05721951648592949,-16.296415328979492,163.80726623535156,0,0,0,0,0,0,0.005190316587686539,0.0022074792068451643,0,0,13.001716613769531,12.996322631835938,13.007768630981445,0.01494064275175333,0.01617986522614956,0,0,0,0,0
1787293495490,104,0,0,10,0.0319497250020504,1.5240120887756348,119.02108764648438,0,0,0,0,0,0,0.005538609344512224,0.0027082248125225306,0,0,13.000267028808594,12.996479988098145,13.005457878112793,0.015089215710759163,0.016112154349684715,0.002066541463136673,0,0,0,0
1787293495510,105,0,0,10,-0.24272610247135162,-32.05220031738281,211.17396545410156,0,0,0,0,0,0,0.0063831256702542305,0.0028726705349981785,0,0,13.001107215881348,12.994868278503418,13.006426811218262,0.014945738948881626,0.016402294859290123,0,0,0,0,0
1787293495530,106,0,0,10,-0.0382520817220211,-12.483494758605957,137.06478881835938,0,0,0,0,0,0,0.005316524766385555,0.002951127476990223,0,0,13.002582550048828,12.997593879699707,13.00805377960205,0.01538984663784504,0.016590986400842667,0.002066541463136673,0,0,0,0
1787293495550,107,0,0,10,0.05486200004816055,-8.295366287231445,151.69863891601562,0,0,0,0,0,0,0.00508624454960227,0.0023392217699438334,0,0,13.000900268554688,12.992064476013184,13.006202697753906,0.015274573117494583,0.016214262694120407,0,0,0,0,0
1787293495570,108,0,0,10,0.366237610578537,33.9250373840332,124.16484832763672,0,0,0,0,0,0,0.004426273517310619,0.0024200505577027798,0,0,13.001955032348633,12.998669624328613,13.006501197814941,0.015238629654049873,0.016911212354898453,0,0,0,0,0
1787293495590,109,0,0,10,-0.34008216857910156,-26.673734664916992,182.8450164794922,0,0,0,0,0,0,0.0050840736366808414,0.002528524026274681,0,0,13.002595901489258,12.994154930114746,13.007028579711914,0.015262414701282978,0.015810366719961166,0.002066541463136673,0,0,0,0
1787293495611,110,0,0,10,0.17725485563278198,15.443885803222656,122.63794708251953,0,0,0,0,0,0,0.00414365716278553,0.001561415963806212,0,0,13.001559257507324,12.998588562011719,13.00618839263916,0.015043171122670174,0.016097959131002426,0,0,0,0,0
1787293495630,111,0,0,10,-0.2707076370716095,-31.644670486450195,180.96365356445312,0,0,0,0,0,0,0.004176259506493807,0.0024259008932858706,0,0,13.00078010559082,12.992074966430664,13.005390167236328,0.014991715550422668,0.016214849427342415,0,0,0,0,0
1787293495651,112,0,0,10,0.4577934145927429,42.51477813720703,137.6300048828125,0,0,0,0,0,0,0.006310356315225363,0.0020969894248992205,0,0,13.000351905822754,12.996973991394043,13.0046968460083,0.015086243860423565,0.0168345645070076,0,0,0,0,0
1787293495671,113,0,0,10,-0.23116125166416168,-23.458900451660156,141.42872619628906,0,0,0,0,0,0,0.0034241341054439545,0.0020796179305762053,0,0,13.00207233428955,12.998607635498047,13.006099700927734,0.015198743902146816,0.01652575097978115,0,0,0,0,0
1787293495691,114,0,0,10,0.12176521122455597,7.3828277587890625,92.07425689697266,0,0,0,0,0,0,0.005363607779145241,0.0024580901954323053,0,0,13.0009183883667,12.995993614196777,13.006534576416016,0.015147997066378593,0.016546398401260376,0,0,0,0,0
1787293495711,115,0,0,10,-0.042168989777565,-12.277161598205566,151.08045959472656,0,0,0,0,0,0,0.005008981563150883,0.002235581399872899,0,0,13.001873016357422,12.996309280395508,13.007650375366211,0.015250079333782196,0.016557887196540833,0,0,0,0,0
1787293495731,116,0,0,10,-0.1225704550743103,-26.80855369567871,224.07205200195312,0,0,0,0,0,0,0.005960986949503422,0.0017723027849569917,0,0,13.001751899719238,12.99787425994873,13.005366325378418,0.015147720463573933,0.016053881496191025,0.002066541463136673,0,0,0,0
1787293495751,117,0,0,10,0.08825863897800446,-6.023014545440674,199.99244689941406,0,0,0,0,0,0,0.004917123820632696,0.0017123855650424957,0,0,13.002286911010742,12.996718406677246,13.009773254394531,0.014960788190364838,0.01666860282421112,0,0,0,0,0
1787293495771,118,0,0,10,-0.05276095122098923,-16.607694625854492,158.392333984375,0,0,0,0,0,0,0.004985335748642683,0.0024809944443404675,0,0,13.002367973327637,12.998241424560547,13.005948066711426,0.014897583052515984,0.015925215557217598,0,0,0,0,0
1787293495791,119,0,0,10,-0.058580182492733,-11.458403587341309,130.800537109375,0,0,0,0,0,0,0.004140506498515606,0.0020189008209854364,0,0,13.001781463623047,12.997729301452637,13.004928588867188,0.015043763443827629,0.01644941233098507,0,0,0,0,0
1787293495811,120,0,0,10,-0.08563270419836044,-5.547630786895752,109.76447296142578,0,0,0,0,0,0,0.004637003410607576,0.0016940125497058034,0,0,13.000930786132812,12.995468139648438,13.006649017333984,0.015156450681388378,0.016667822375893593,0,0,0,0,0
1787293495832,121,0,0,10,0.02452891692519188,2.2944531440734863,157.0841827392578,0,0,0,0,0,0,0.0059747835621237755,0.0021135613787919283,0,0,13.001029014587402,12.997547149658203,13.007983207702637,0.015504970215260983,0.016663407906889915,0.002066541463136673,0,0,0,0
1787293495852,122,0,0,10,0.10432258248329163,10.000128746032715,156.05609130859375,0,0,0,0,0,0,0.004271996673196554,0.0018287261482328176,0,0,13.00174331665039,12.995195388793945,13.006214141845703,0.015243034809827805,0.0167953222990036,0,0,0,0,0
1787293495872,123,0,0,10,0.11062412708997726,9.40433406829834,155.5678253173828,0,0,0,0,0,0,0.005268641747534275,0.002632208401337266,0,0,13.002381324768066,12.992452621459961,13.005751609802246,0.015005253255367279,0.016351569443941116,0,0,0,0,0
1787293495892,124,0,0,10,0.09802302718162537,1.8043174743652344,153.1636962890625,0,0,0,0,0,0,0.005367436446249485,0.0024022117722779512,0,0,13.000434875488281,12.997774124145508,13.004693031311035,0.015376131050288677,0.016632860526442528,0,0,0,0,0
1787293495912,125,0,0,10,0.12599912285804749,6.166346549987793,210.46083068847656,0,0,0,0,0,0,0.003966018557548523,0.001954104518517852,0,0,13.001178741455078,12.99267864227295,13.009563446044922,0.015197241678833961,0.015889186412096024,0,0,0,0,0
1787293495933,126,0,0,10,-0.07030119746923447,-8.725882530212402,223.5132293701172,0,0,0,0,0,0,0.005254729185253382,0.001965832430869341,0,0,13.001221656799316,12.997442245483398,13.008721351623535,0.015263648703694344,0.015806157141923904,0,0,0,0,0
1787293495952,127,0,0,10,0.40648049116134644,37.66783142089844,165.3744659423828,0,0,0,0,0,0,0.004650874994695187,0.0012967869406566024,0,0,13.001871109008789,12.995378494262695,13.006914138793945,0.015324090607464314,0.016407763585448265,0,0,0,0,0
1787293495972,128,0,0,10,0.006317890249192715,-5.074798583984375,100.28832244873047,0,0,0,0,0,0,0.0034896365832537413,0.001843825331889093,0,0,13.001097679138184,12.998004913330078,13.005535125732422,0.015095018781721592,0.01632263883948326,0,0,0,0,0
1787293495992,129,0,0,10,-0.06602984666824341,-8.500921249389648,106.61479187011719,0,0,0,0,0,0,0.00239001982845366,0.001961056375876069,0,0,13.001297950744629,12.996746063232422,13.005453109741211,0.015164368785917759,0.016109907999634743,0,0,0,0,0
1787293496013,130,0,0,10,-0.06032003089785576,-18.01736831665039,155.22305297851562,0,0,0,0,0,0,0.004459011368453503,0.0019092911388725042,0,0,13.001242637634277,12.99750804901123,13.006555557250977,0.015300389379262924,0.01634521596133709,0.002066541463136673,0,0,0,0
1787293496033,131,0,0,10,0.044054754078388214,6.688572883605957,121.52135467529297,0,0,0,0,0,0,0.0019158448558300734,0.0013250941410660744,0,0,13.001127243041992,12.992753982543945,13.005231857299805,0.015110847540199757,0.015802375972270966,0,0,0,0,0
1787293496053,132,0,0,10,0.05831561237573624,-1.1053614616394043,120.63755798339844,0,0,0,0,0,0,0.003454165766015649,0.0012518622679635882,0,0,13.000725746154785,12.998827934265137,13.004094123840332,0.015291979536414146,0.01625092886388302,0.002066541463136673,0,0,0,0
1787293496073,133,0,0,10,-0.05795804783701897,-4.773388385772705,191.67640686035156,0,0,0,0,0,0,0.003686380572617054,0.0016071498394012451,0,0,12.999771118164062,12.990936279296875,13.005810737609863,0.015110933221876621,0.016632847487926483,0,0,0,0,0
1787293496093,134,0,0,10,0.1561036854982376,7.687684059143066,126.67316436767578,0,0,0,0,0,0,0.004413769580423832,0.0022149740252643824,0,0,13.000049591064453,12.996784210205078,13.003800392150879,0.015155334956943989,0.016297081485390663,0,0,0,0,0
1787293496113,135,0,0,10,-0.007914195768535137,-19.44877815246582,201.76612854003906,0,0,0,0,0,0,0.005100186914205551,0.0019134848844259977,0,0,13.000589370727539,12.995830535888672,13.006226539611816,0.014906760305166245,0.015673818066716194,0,0,0,0,0
1787293496133,136,0,0,10,0.3499164879322052,27.81300926208496,176.28921508789062,0,0,0,0,0,0,0.004650287330150604,0.0027381174731999636,0,0,13.001810073852539,12.997711181640625,13.005521774291992,0.015173499472439289,0.01630166545510292,0,0,0,0,0
1787293496153,137,0,0,10,-0.12061967700719833,-16.28243637084961,111.12059783935547,0,0,0,0,0,0,0.0034292987547814846,0.0019752203952521086,0,0,13.002697944641113,12.997337341308594,13.005941390991211,0.015059719793498516,0.016449948772788048,0,0,0,0,0
1787293496173,138,0,0,10,-0.14452266693115234,-16.925294876098633,111.6336441040039,0,0,0,0,0,0,0.005141218192875385,0.0027284245006740093,0,0,13.002683639526367,12.998759269714355,13.005175590515137,0.0154813751578331,0.016162214800715446,0,0,0,0,0
1787293496193,139,0,0,10,0.12755228579044342,1.2228319644927979,188.43856811523438,0,0,0,0,0,0,0.0045692650601267815,0.0027139633893966675,0,0,13.002289772033691,12.997244834899902,13.011626243591309,0.015223556198179722,0.01587224006652832,0,0,0,0,0
1787293496213,140,0,0,10,0.05919497087597847,12.000310897827148,129.12765502929688,0,0,0,0,0,0,0.0053787617944180965,0.002575189108029008,0,0,13.001835823059082,12.99804973602295,13.010055541992188,0.0149910356849432,0.015943406149744987,0,0,0,0,0
1787293496234,141,0,0,10,0.03861112892627716,-0.9911456108093262,187.65234375,0,0,0,0,0,0,0.004966295789927244,0.0020913041662424803,0,0,13.001041412353516,12.996078491210938,13.0059232711792,0.0149522814899683,0.01591319404542446,0,0,0,0,0
1787293496254,142,0,0,10,0.31405559182167053,13.021674156188965,177.92507934570312,0,0,0,0,0,0,0.006983654573559761,0.0021959771402180195,0,0,13.00307846069336,12.999895095825195,13.00959300994873,0.015179077163338661,0.015906816348433495,0.002066541463136673,0,0,0,0
1787293496274,143,0,0,10,0.013947566971182823,-1.2258943319320679,132.71302795410156,0,0,0,0,0,0,0.003921494819223881,0.001662784838117659,0,0,13.002017974853516,12.996877670288086,13.007278442382812,0.015221837908029556,0.016436751931905746,0,0,0,0,0
1787293496294,144,0,0,10,-0.2440824955701828,-20.07737922668457,223.51589965820312,0,0,0,0,0,0,0.008635739795863628,0.002767350757494569,0,0,13.003129005432129,12.998210906982422,13.007780075073242,0.015170706436038017,0.01587124727666378,0.004271461628377438,0,0,0,0
1787293496314,145,0,0,10,0.6727995276451111,64.84956359863281,213.37689208984375,0,0,0,0,0,0,0.00881164614111185,0.00283624604344368,0,0,13.002439498901367,12.99531078338623,13.00854778289795,0.014939545653760433,0.016294965520501137,0.002066541463136673,0,0,0,0
1787293496334,146,0,0,10,0.017554476857185364,-1.7715625762939453,126.74378967285156,0,0,0,0,0,0,0.0073754251934587955,0.0019174405606463552,0,0,13.001462936401367,12.991732597351074,13.007177352905273,0.015142342075705528,0.01598588190972805,0.002066541463136673,0,0,0,0
1787293496354,147,0,0,10,-0.039469312876462936,-11.78559398651123,184.76011657714844,0,0,0,0,0,0,0.0056154727935791016,0.002087830798700452,0,0,13.00167179107666,12.997304916381836,13.006086349487305,0.014983488246798515,0.0161540936678648,0,0,0,0,0
1787293496374,148,0,0,10,0.06900956481695175,0.44986236095428467,130.8986053466797,0,0,0,0,0,0,0.006805072072893381,0.0015224796952679753,0,0,13.001935005187988,12.995542526245117,13.007424354553223,0.015299885533750057,0.01639360561966896,0.002066541463136673,0,0,0,0
1787293496395,149,0,0,10,-0.3303138315677643,-42.34934616088867,298.1739501953125,0,0,0,0,0,0,0.0061774603091180325,0.0024654713924974203,0,0,13.001425743103027,12.997553825378418,13.006844520568848,0.01505339052528143,0.016248375177383423,0,0,0,0,0
1787293496415,150,0,0,10,-0.03542548790574074,-6.473667621612549,194.64764404296875,0,0,0,0,0,0,0.0049269231967628,0.0021328695584088564,0,0,13.000448226928711,12.992369651794434,13.005633354187012,0.015157896094024181,0.01629374735057354,0.0020652359817177057,0,0,0,0
1787293496435,151,0,0,10,0.008335013873875141,-0.29499927163124084,123.22087097167969,0,0,0,0,0,0,0.0042463489808142185,0.0010333111276850104,0,0,13.000784873962402,12.997079849243164,13.005128860473633,0.015012434683740139,0.01664532907307148,0.002066541463136673,0,0,0,0
1787293496455,152,0,0,10,0.7437009215354919,67.5872573852539,262.52655029296875,0,0,0,0,0,0,0.007381589151918888,0.0024842871353030205,0,0,12.999761581420898,12.994816780090332,13.007562637329102,0.014981829561293125,0.015863608568906784,0,0,0,0,0
1787293496475,153,0,0,10,-0.046911124140024185,-13.12145709991455,204.2443084716797,0,0,0,0,0,0,0.004286763723939657,0.0020175008103251457,0,0,13.001842498779297,12.996411323547363,13.010030746459961,0.015220881439745426,0.01658523455262184,0,0,0,0,0
1787293496495,154,0,0,10,-0.1623777449131012,-19.864316940307617,122.10986328125,0,0,0,0,0,0,0.006457151845097542,0.0023156211245805025,0,0,13.000003814697266,12.988032341003418,13.004322052001953,0.015291432850062847,0.016159560531377792,0.002066541463136673,0,0,0,0
1787293496515,155,0,0,10,0.11220243573188782,0.7454168796539307,168.29627990722656,0,0,0,0,0,0,0.008032462559640408,0.0027804311830550432,0,0,13.000307083129883,12.99588680267334,13.005627632141113,0.01506880670785904,0.015910178422927856,0.002066541463136673,0,0,0,0
1787293496535,156,0,0,10,-0.08649737387895584,-7.044145584106445,132.96026611328125,0,0,0,0,0,0,0.006132477428764105,0.002831110032275319,0,0,13.001394271850586,12.998411178588867,13.008651733398438,0.015229297801852226,0.01663881726562977,0,0,0,0,0
1787293496555,157,0,0,10,0.05408257618546486,3.970811128616333,125.33201599121094,0,0,0,0,0,0,0.0038686683401465416,0.002158968709409237,0,0,13.001091957092285,12.994352340698242,13.008951187133789,0.015134917572140694,0.01636667549610138,0,0,0,0,0
1787293496575,158,0,0,10,0.13107697665691376,8.841028213500977,146.6691131591797,0,0,0,0,0,0,0.004613937810063362,0.002507945988327265,0,0,13.001983642578125,12.997820854187012,13.006828308105469,0.015223635360598564,0.016447534784674644,0,0,0,0,0
1787293496595,159,0,0,10,0.05800361931324005,9.929573059082031,143.69479370117188,0,0,0,0,0,0,0.0033173810224980116,0.00241022277623415,0,0,12.999872207641602,12.994476318359375,13.008001327514648,0.015124346129596233,0.016897372901439667,0,0,0,0,0
1787293496616,160,0,0,10,-0.04953544959425926,-14.884698867797852,209.0916748046875,0,0,0,0,0,0,0.005861509591341019,0.002883658278733492,0,0,13.000514030456543,12.99642562866211,13.005139350891113,0.015255835838615894,0.015981243923306465,0,0,0,0,0
1787293496636,161,0,0,10,-0.04862938076257706,-2.4647786617279053,85.84309387207031,0,0,0,0,0,0,0.003040784038603306,0.0020245767664164305,0,0,13.00017261505127,12.996015548706055,13.008906364440918,0.015247459523379803,0.016381287947297096,0,0,0,0,0
1787293496656,162,0,0,10,-0.08585681766271591,-14.536727905273438,124.52403259277344,0,0,0,0,0,0,0.002649004338309169,0.0013108366401866078,0,0,13.001143455505371,12.995843887329102,13.007447242736816,0.01555191446095705,0.016363780945539474,0,0,0,0,0
1787293496676,163,0,0,10,-0.054221563041210175,-8.133391380310059,116.2115249633789,0,0,0,0,0,0,0.002939393278211355,0.0016316712135449052,0,0,13.000167846679688,12.995281219482422,13.006736755371094,0.015105306170880795,0.015859439969062805,0,0,0,0,0
1787293496696,164,0,0,10,0.08986572176218033,6.0987091064453125,110.69261932373047,0,0,0,0,0,0,0.0036618628073483706,0.0012750813039019704,0,0,13.000068664550781,12.996408462524414,13.005704879760742,0.015040667727589607,0.016761235892772675,0,0,0,0,0
1787293496716,165,0,0,10,0.19091691076755524,13.48345947265625,124.73998260498047,0,0,0,0,0,0,0.0029878364875912666,0.0014344208175316453,0,0,12.99949836730957,12.99400520324707,13.0042724609375,0.015183668583631516,0.016317423433065414,0,0,0,0,0
1787293496736,166,0,0,10,0.038174476474523544,-1.228950023651123,104.55362701416016,0,0,0,0,0,0,0.0038228416815400124,0.0018102132016792893,0,0,13.000483512878418,12.997443199157715,13.005087852478027,0.015250288881361485,0.016368281096220016,0,0,0,0,0
1787293496756,167,0,0,10,0.22701096534729004,21.126874923706055,119.4005126953125,0,0,0,0,0,0,0.0028138160705566406,0.0023161722347140312,0,0,13.000288009643555,12.995370864868164,13.007295608520508,0.01491283718496561,0.01579020731151104,0,0,0,0,0
1787293496776,168,0,0,10,-0.12681537866592407,-20.23208999633789,129.1353302001953,0,0,0,0,0,0,0.0024334159679710865,0.0015040666330605745,0,0,13.00121021270752,12.9957857131958,13.010308265686035,0.015382504090666771,0.016953594982624054,0,0,0,0,0
1787293496796,169,0,0,10,0.013667990453541279,-1.2904826402664185,105.94468688964844,0,0,0,0,0,0,0.0027115722186863422,0.0012973373522982001,0,0,13.000520706176758,12.994717597961426,13.004049301147461,0.014951626770198345,0.016541799530386925,0,0,0,0,0
1787293496816,170,0,0,10,-0.16675063967704773,-22.719453811645508,132.68031311035156,0,0,0,0,0,0,0.0032337643206119537,0.0017868585418909788,0,0,13.001441955566406,12.997432708740234,13.006637573242188,0.014930114150047302,0.016261020675301552,0,0,0,0,0
1787293496837,171,0,0,10,-0.18076872825622559,-19.923778533935547,123.54715728759766,0,0,0,0,0,0,0.0035614355001598597,0.001693394617177546,0,0,12.999605178833008,12.987833976745605,13.004251480102539,0.015228986740112305,0.016967473551630974,0,0,0,0,0
1787293496857,172,0,0,10,-0.007131206337362528,-10.004382133483887,134.48239135742188,0,0,0,0,0,0,0.0035784507635980844,0.0015882959123700857,0,0,12.99966049194336,12.99654769897461,13.00670051574707,0.014935729093849659,0.016260631382465363,0,0,0,0,0
1787293496877,173,0,0,10,-0.06963446736335754,-13.727346420288086,119.28975677490234,0,0,0,0,0,0,0.0037907131481915712,0.0017991046188399196,0,0,13.00011920928955,12.993857383728027,13.008502006530762,0.014856570400297642,0.015732377767562866,0,0,0,0,0
1787293496897,174,0,0,10,0.10361763089895248,6.371092319488525,136.55117797851562,0,0,0,0,0,0,0.0034865266643464565,0.0021785793360322714,0,0,13.001873970031738,12.997056007385254,13.005512237548828,0.015130954794585705,0.01598879136145115,0,0,0,0,0
1787293496917,175,0,0,10,-0.10618992894887924,-17.668386459350586,109.0205307006836,0,0,0,0,0,0,0.0044615729711949825,0.0025321003049612045,0,0,12.999361038208008,12.99275016784668,13.004910469055176,0.015025725588202477,0.015722889453172684,0,0,0,0,0
1787293496937,176,0,0,10,0.15352307260036469,10.899965286254883,117.77568054199219,0,0,0,0,0,0,0.0036077105905860662,0.0018057611305266619,0,0,13.000728607177734,12.997486114501953,13.005833625793457,0.015238319523632526,0.016048548743128777,0,0,0,0,0
1787293496957,177,0,0,10,-0.06542807072401047,-9.890412330627441,86.56610107421875,0,0,0,0,0,0,0.0030722906813025475,0.0012574008433148265,0,0,13.001811027526855,12.998580932617188,13.005249977111816,0.015192302875220776,0.01612224243581295,0,0,0,0,0
1787293496978,178,0,0,10,-0.017221752554178238,-7.207895278930664,96.44584655761719,0,0,0,0,0,0,0.003722222289070487,0.0012437190162017941,0,0,13.00070858001709,12.997570037841797,13.003952980041504,0.015325021930038929,0.01617308147251606,0,0,0,0,0
1787293496997,179,0,0,10,0.04491327702999115,-0.6918228268623352,75.26285552978516,0,0,0,0,0,0,0.002787921344861388,0.0011530331103131175,0,0,13.000560760498047,12.997904777526855,13.00383186340332,0.01504508126527071,0.016185833141207695,0,0,0,0,0
1787293497018,180,0,0,10,-0.1547234058380127,-16.914459228515625,129.1724395751953,0,0,0,0,0,0,0.0026137575041502714,0.0013879856560379267,0,0,13.00002384185791,12.996089935302734,13.003726959228516,0.015349763445556164,0.01648758165538311,0,0,0,0,0
1787293497038,181,0,0,10,-0.0034409561194479465,-4.52549409866333,130.42678833007812,0,0,0,0,0,0,0.0032006159890443087,0.0017772956052795053,0,0,13.000079154968262,12.99599838256836,13.006871223449707,0.015175133012235165,0.015789659693837166,0,0,0,0,0
1787293497058,182,0,0,10,0.08076290041208267,1.4509665966033936,105.02639770507812,0,0,0,0,0,0,0.0028070646803826094,0.001741813845001161,0,0,13.001129150390625,12.994270324707031,13.006629943847656,0.015156684443354607,0.01657678186893463,0,0,0,0,0
1787293497078,183,0,0,10,-0.05843812972307205,-12.801097869873047,130.01625061035156,0,0,0,0,0,0,0.0030379188247025013,0.0014927525771781802,0,0,12.999778747558594,12.995373725891113,13.005823135375977,0.015043963678181171,0.01589515618979931,0,0,0,0,0
1787293497098,184,0,0,10,0.08283772319555283,10.338589668273926,145.14730834960938,0,0,0,0,0,0,0.0029218082781881094,0.0015496117994189262,0,0,13.00072956085205,12.997333526611328,13.004497528076172,0.014936516992747784,0.016769230365753174,0,0,0,0,0
1787293497118,185,0,0,10,0.10355393588542938,2.985830068588257,129.4740753173828,0,0,0,0,0,0,0.004828399978578091,0.0021017459221184254,0,0,13.001777648925781,12.997974395751953,13.00511360168457,0.015291981399059296,0.016408629715442657,0,0,0,0,0
1787293497139,186,0,0,10,0.13994517922401428,9.25770378112793,118.45292663574219,0,0,0,0,0,0,0.0045392620377242565,0.00240266602486372,0,0,13.000268936157227,12.996047973632812,13.006293296813965,0.015174594707787037,0.016730427742004395,0,0,0,0,0
1787293497158,187,0,0,10,0.028271859511733055,-9.210502624511719,158.9800262451172,0,0,0,0,0,0,0.0037106643430888653,0.0019181867828592658,0,0,13.001411437988281,12.996742248535156,13.007176399230957,0.015067704021930695,0.015867169946432114,0,0,0,0,0
1787293497178,188,0,0,10,-0.07385817915201187,-11.453513145446777,125.29986572265625,0,0,0,0,0,0,0.0028547716792672873,0.0014065365539863706,0,0,12.999748229980469,12.996438026428223,13.004676818847656,0.015110772103071213,0.01589391566812992,0,0,0,0,0
1787293497198,189,0,0,10,0.2406988888978958,23.267501831054688,109.27407836914062,0,0,0,0,0,0,0.0024007130414247513,0.0014093838399276137,0,0,13.000741004943848,12.996143341064453,13.009882926940918,0.01505719032138586,0.016223737969994545,0,0,0,0,0
1787293497218,190,0,0,10,-0.0342990942299366,-12.948893547058105,134.59349060058594,0,0,0,0,0,0,0.0036514613311737776,0.001910907099954784,0,0,13.002328872680664,12.999971389770508,13.008646011352539,0.01517205685377121,0.015943588688969612,0,0,0,0,0
1787293497239,191,0,0,10,0.0755046084523201,2.8280324935913086,120.09371185302734,0,0,0,0,0,0,0.0035685666371136904,0.0015782240079715848,0,0,13.001599311828613,12.998379707336426,13.00611400604248,0.014810568653047085,0.016075313091278076,0,0,0,0,0
1787293497259,192,0,0,10,0.006524892523884773,1.3284270763397217,106.52289581298828,0,0,0,0,0,0,0.00435019563883543,0.0022913480643182993,0,0,13.00136661529541,12.997957229614258,13.005523681640625,0.015222175978124142,0.01658690720796585,0,0,0,0,0
1787293497279,193,0,0,10,-0.0022364782635122538,-2.1928422451019287,161.32080078125,0,0,0,0,0,0,0.003492108779028058,0.001520946971140802,0,0,13.002546310424805,12.995109558105469,13.007081985473633,0.015155293047428131,0.01582046039402485,0,0,0,0,0
1787293497299,194,0,0,10,0.12918917834758759,11.798205375671387,122.63795471191406,0,0,0,0,0,0,0.0035606028977781534,0.0023755228612571955,0,0,13.001267433166504,12.997488975524902,13.007048606872559,0.015008539892733097,0.01635214127600193,0,0,0,0,0
1787293497319,195,0,0,10,0.044615525752305984,-0.7558373808860779,116.08333587646484,0,0,0,0,0,0,0.003289196640253067,0.001996296690776944,0,0,12.999863624572754,12.993581771850586,13.005505561828613,0.01503047812730074,0.01621427945792675,0,0,0,0,0
1787293497339,196,0,0,10,0.14914542436599731,4.435421943664551,170.32028198242188,0,0,0,0,0,0,0.003629620186984539,0.002103906823322177,0,0,13.000308990478516,12.995882034301758,13.003823280334473,0.014991101808845997,0.016434868797659874,0,0,0,0,0
1787293497359,197,0,0,10,0.10721480846405029,-1.0568534135818481,135.87855529785156,0,0,0,0,0,0,0.004425070248544216,0.002086698543280363,0,0,13.00140380859375,12.994038581848145,13.00601577758789,0.014944301918148994,0.015950800850987434,0,0,0,0,0
1787293497379,198,0,0,10,0.06419143080711365,-3.7299816608428955,153.04100036621094,0,0,0,0,0,0,0.003912836778908968,0.0018111220560967922,0,0,12.999923706054688,12.99609088897705,13.00703239440918,0.014835339039564133,0.015679098665714264,0,0,0,0,0
1787293497399,199,0,0,10,0.6452134251594543,49.595619201660156,161.0099334716797,0,0,0,0,0,0,0.005655423738062382,0.0028486954979598522,0,0,13.001164436340332,12.994681358337402,13.007473945617676,0.014879357069730759,0.01637093536555767,0,0,0,0,0
1787293497420,200,0,0,10,-0.08106164634227753,-3.6471962928771973,170.76416015625,0,0,0,0,0,0,0.004219984170049429,0.0019091429421678185,0,0,12.999267578125,12.994762420654297,13.004323959350586,0.015042291022837162,0.016025232151150703,0,0,0,0,0
1787293497440,201,0,0,10,-0.017628826200962067,-9.432332992553711,102.73283386230469,0,0,0,0,0,0,0.0037836660631000996,0.001771534327417612,0,0,12.999040603637695,12.990388870239258,13.00441837310791,0.015100332908332348,0.016023239120841026,0,0,0,0,0
1787293497460,202,0,0,10,0.5538893342018127,48.271018981933594,111.46619415283203,0,0,0,0,0,0,0.004307940136641264,0.001713161007501185,0,0,13.000164985656738,12.995701789855957,13.00478744506836,0.015522620640695095,0.01623336598277092,0,0,0,0,0
1787293497480,203,0,0,10,-0.08386196941137314,-19.473066329956055,132.179931640625,0,0,0,0,0,0,0.005312483757734299,0.002389708533883095,0,0,12.999979019165039,12.989850997924805,13.004907608032227,0.015183656476438046,0.01620902679860592,0,0,0,0,0
1787293497500,204,0,0,10,0.28947073221206665,28.618703842163086,150.90806579589844,0,0,0,0,0,0,0.005383964162319899,0.001886199344880879,0,0,13.001291275024414,12.997639656066895,13.005023002624512,0.01480682659894228,0.015501659363508224,0,0,0,0,0
1787293497520,205,0,0,10,0.16992777585983276,11.616913795471191,134.12014770507812,0,0,0,0,0,0,0.0043285624124109745,0.0020737035665661097,0,0,12.999964714050293,12.994542121887207,13.002427101135254,0.014975306577980518,0.016637329012155533,0,0,0,0,0
1787293497540,206,0,0,10,0.1273355633020401,8.313523292541504,91.73217010498047,0,0,0,0,0,0,0.004873090889304876,0.002226565033197403,0,0,13.000679969787598,12.992817878723145,13.006607055664062,0.015257159247994423,0.016661720350384712,0,0,0,0,0
1787293497560,207,0,0,10,-0.09215058386325836,-15.141332626342773,164.62619018554688,0,0,0,0,0,0,0.003251441288739443,0.001966546755284071,0,0,13.002300262451172,12.998661041259766,13.007869720458984,0.014791379682719707,0.01568218134343624,0,0,0,0,0
1787293497580,208,0,0,10,-0.004202842712402344,0.358529657125473,109.5278549194336,0,0,0,0,0,0,0.004472190979868174,0.0016159616643562913,0,0,13.00033187866211,12.995028495788574,13.003608703613281,0.01518905721604824,0.016577761620283127,0.002066541463136673,0,0,0,0
1787293497600,209,0,0,10,-0.18394990265369415,-31.035499572753906,269.6410217285156,0,0,0,0,0,0,0.005632455926388502,0.002131108194589615,0,0,13.00049114227295,12.997570991516113,13.005115509033203,0.015267474576830864,0.016552167013287544,0,0,0,0,0
1787293497621,210,0,0,10,0.18538354337215424,14.997784614562988,116.7329330444336,0,0,0,0,0,0,0.0034008605871349573,0.0014181650476530194,0,0,12.999849319458008,12.994550704956055,13.0042142868042,0.01491827704012394,0.015804031863808632,0,0,0,0,0
1787293497641,211,0,0,10,0.0017133904621005058,-1.1771161556243896,106.7559814453125,0,0,0,0,0,0,0.0031745885498821735,0.0014269717503339052,0,0,12.999832153320312,12.989923477172852,13.005555152893066,0.014855419285595417,0.01603315956890583,0,0,0,0,0
1787293497661,212,0,0,10,0.2850337028503418,23.75796127319336,169.6790313720703,0,0,0,0,0,0,0.004578128922730684,0.00205283984541893,0,0,13.000933647155762,12.994820594787598,13.00589370727539,0.015168469399213791,0.016013789921998978,0,0,0,0,0
1787293497681,213,0,0,10,0.0024920247960835695,-6.570065021514893,225.58236694335938,0,0,0,0,0,0,0.005011731293052435,0.0022495537996292114,0,0,12.999107360839844,12.992637634277344,13.003393173217773,0.014865822158753872,0.01566947065293789,0,0,0,0,0
1787293497701,214,0,0,10,0.12559454143047333,12.511958122253418,161.32440185546875,0,0,0,0,0,0,0.005721544846892357,0.002241041511297226,0,0,12.9995698928833,12.997353553771973,13.003890991210938,0.015313079580664635,0.016439707949757576,0.002066541463136673,0,0,0,0
1787293497721,215,0,0,10,0.08049920201301575,0.15200988948345184,123.4179916381836,0,0,0,0,0,0,0.0037148217670619488,0.0018740177620202303,0,0,12.999484062194824,12.994719505310059,13.002894401550293,0.015116353519260883,0.016552522778511047,0,0,0,0,0
1787293497741,216,0,0,10,-0.14503511786460876,-20.252424240112305,104.09990692138672,0,0,0,0,0,0,0.005459006875753403,0.002499160822480917,0,0,12.999168395996094,12.993708610534668,13.004181861877441,0.015249007381498814,0.01656670868396759,0,0,0,0,0
1787293497761,217,0,0,10,0.1664581447839737,9.427637100219727,136.23556518554688,0,0,0,0,0,0,0.0037365593016147614,0.0025355773977935314,0,0,12.999234199523926,12.987710952758789,13.010843276977539,0.01501877885311842,0.016191739588975906,0,0,0,0,0
1787293497781,218,0,0,10,-0.17430631816387177,-20.325332641601562,122.27742767333984,0,0,0,0,0,0,0.005122446920722723,0.0023131712805479765,0,0,12.998592376708984,12.99551773071289,13.003314971923828,0.015139077790081501,0.016531823202967644,0,0,0,0,0
1787293497801,219,0,0,10,0.0321364589035511,-2.2909293174743652,175.17189025878906,0,0,0,0,0,0,0.004195301793515682,0.0023657886777073145,0,0,12.998702049255371,12.993229866027832,13.004812240600586,0.015033004805445671,0.015876298770308495,0,0,0,0,0
1787293497822,220,0,0,10,0.12404249608516693,13.077935218811035,150.04217529296875,0,0,0,0,0,0,0.005064405966550112,0.0024354527704417706,0,0,13.00097942352295,12.997345924377441,13.005084037780762,0.015162074938416481,0.016657760366797447,0.0020652359817177057,0,0,0,0
1787293497841,221,0,0,10,0.3488249182701111,31.96219253540039,163.23898315429688,0,0,0,0,0,0,0.004518310539424419,0.0021965650375932455,0,0,12.999601364135742,12.994200706481934,13.003560066223145,0.015161311253905296,0.016509320586919785,0,0,0,0,0
1787293497862,222,0,0,10,0.08492870628833771,5.491272449493408,100.2408218383789,0,0,0,0,0,0,0.004108800552785397,0.0016984398243948817,0,0,12.999532699584961,12.994609832763672,13.003149032592773,0.015152382664382458,0.016321761533617973,0.002066541463136673,0,0,0,0
1787293497882,223,0,0,10,-0.03342823311686516,-3.7769854068756104,82.4830093383789,0,0,0,0,0,0,0.004173800814896822,0.0021320076193660498,0,0,13.000046730041504,12.998154640197754,13.005653381347656,0.015037679113447666,0.016147851943969727,0,0,0,0,0
1787293497902,224,0,0,10,-0.009670253843069077,4.744022369384766,70.40747833251953,0,0,0,0,0,0,0.0031479604076594114,0.0017214867984876037,0,0,13.001001358032227,12.996563911437988,13.007970809936523,0.0152354184538126,0.016274861991405487,0.002066541463136673,0,0,0,0
1787293497922,225,0,0,10,0.35069987177848816,25.58363914489746,128.9053497314453,0,0,0,0,0,0,0.0035454367753118277,0.002180710667744279,0,0,12.99976921081543,12.996652603149414,13.005553245544434,0.015071525238454342,0.016029117628932,0,0,0,0,0
1787293497942,226,0,0,10,-0.13912563025951385,-25.1066837310791,108.61307525634766,0,0,0,0,0,0,0.0034692224580794573,0.001971015939489007,0,0,13.000276565551758,12.991291046142578,13.004227638244629,0.015158613212406635,0.01680014468729496,0,0,0,0,0
1787293497962,227,0,0,10,0.12076547741889954,4.6888909339904785,184.59532165527344,0,0,0,0,0,0,0.004132858477532864,0.0016060221241787076,0,0,13.001197814941406,12.997600555419922,13.005149841308594,0.015084994025528431,0.015892842784523964,0,0,0,0,0
1787293497982,228,0,0,10,0.13222184777259827,2.092837333679199,106.9111328125,0,0,0,0,0,0,0.003588553052395582,0.0018930616788566113,0,0,13.000621795654297,12.993511199951172,13.005407333374023,0.015207916498184204,0.01677933894097805,0,0,0,0,0
1787293498002,229,0,0,10,0.04496597871184349,-10.420488357543945,138.8028564453125,0,0,0,0,0,0,0.0057695647701621056,0.0021480582654476166,0,0,13.000741004943848,12.993730545043945,13.006601333618164,0.01512922439724207,0.01639350689947605,0.002066541463136673,0,0,0,0
1787293498023,230,0,0,10,0.11918825656175613,6.157762050628662,109.97410583496094,0,0,0,0,0,0,0.004906733054667711,0.002028372837230563,0,0,13.000163078308105,12.995741844177246,13.004570007324219,0.014976630918681622,0.016055313870310783,0.002066541463136673,0,0,0,0
1787293498043,231,0,0,10,-0.043842561542987823,-21.460533142089844,188.15989685058594,0,0,0,0,0,0,0.004892557393759489,0.00233258493244648,0,0,13.000422477722168,12.994463920593262,13.008440971374512,0.014843477867543697,0.015686526894569397,0,0,0,0,0
1787293498063,232,0,0,10,0.36813369393348694,30.43421173095703,118.76438903808594,0,0,0,0,0,0,0.0049474891275167465,0.0021783211268484592,0,0,13.000096321105957,12.995773315429688,13.002707481384277,0.015180446207523346,0.01669483073055744,0,0,0,0,0
1787293498083,233,0,0,10,0.11359775066375732,11.31005859375,146.9280242919922,0,0,0,0,0,0,0.0022882181219756603,0.0018493500538170338,0,0,13.000532150268555,12.991985321044922,13.003705024719238,0.014858483336865902,0.01588163524866104,0,0,0,0,0
1787293498103,234,0,0,10,-0.20818199217319489,-26.571401596069336,310.5025329589844,0,0,0,0,0,0,0.004223753698170185,0.0020855222828686237,0,0,13.000548362731934,12.99630069732666,13.005433082580566,0.015019827522337437,0.015791475772857666,0,0,0,0,0
1787293498123,235,0,0,10,0.027198167517781258,-6.601715087890625,208.837890625,0,0,0,0,0,0,0.006566109135746956,0.0025316134560853243,0,0,12.999595642089844,12.995992660522461,13.003138542175293,0.015100144781172276,0.016248248517513275,0,0,0,0,0
1787293498143,236,0,0,10,0.03587513789534569,4.23669958114624,93.57486724853516,0,0,0,0,0,0,0.004487342666834593,0.0021335550118237734,0,0,13.000203132629395,12.996715545654297,13.002585411071777,0.015090121887624264,0.016448145732283592,0,0,0,0,0
1787293498163,237,0,0,10,0.06889238208532333,11.009310722351074,135.6922149658203,0,0,0,0,0,0,0.004276496358215809,0.0020873986650258303,0,0,12.999752044677734,12.994386672973633,13.002330780029297,0.014818314462900162,0.015565268695354462,0,0,0,0,0
1787293498183,238,0,0,10,-0.16681726276874542,-11.92126178741455,239.68568420410156,0,0,0,0,0,0,0.006774560548365116,0.0023503981065005064,0,0,12.999991416931152,12.99557113647461,13.003711700439453,0.015212144702672958,0.016556719318032265,0.002066541463136673,0,0,0,0
1787293498204,239,0,0,10,0.11618001759052277,10.521236419677734,225.39903259277344,0,0,0,0,0,0,0.005975150037556887,0.002412392757833004,0,0,12.999805450439453,12.995041847229004,13.003805160522461,0.01527948584407568,0.01662343554198742,0.002066541463136673,0,0,0,0
1787293498223,240,0,0,10,0.5309910178184509,41.49774169921875,167.75123596191406,0,0,0,0,0,0,0.005891415290534496,0.002290076809003949,0,0,12.999628067016602,12.994867324829102,13.008696556091309,0.015244138427078724,0.01605490781366825,0.002066541463136673,0,0,0,0
1787293498244,241,0,0,10,-0.43783289194107056,-45.70608139038086,236.0042266845703,0,0,0,0,0,0,0.006032388657331467,0.0027697719633579254,0,0,13.000051498413086,12.996118545532227,13.005491256713867,0.015384452417492867,0.016233637928962708,0,0,0,0,0
1787293498264,242,0,0,10,0.4116915762424469,41.30179977416992,167.40695190429688,0,0,0,0,0,0,0.006016820203512907,0.0025477830786257982,0,0,13.001051902770996,12.992157936096191,13.00632095336914,0.015112616121768951,0.01584235019981861,0,0,0,0,0
1787293498284,243,0,0,10,0.3892737030982971,33.58769226074219,160.6988525390625,0,0,0,0,0,0,0.00524482736364007,0.0025277116801589727,0,0,13.001877784729004,12.997085571289062,13.005221366882324,0.015282143838703632,0.016129950061440468,0,0,0,0,0
1787293498304,244,0,0,10,0.2097245752811432,15.366194725036621,123.73282623291016,0,0,0,0,0,0,0.005987872369587421,0.0022550243884325027,0,0,13.001620292663574,12.996333122253418,13.0081205368042,0.015214570797979832,0.01638408936560154,0,0,0,0,0
1787293498324,245,0,0,10,-0.12697377800941467,-19.150545120239258,155.9173126220703,0,0,0,0,0,0,0.0049150255508720875,0.0025705858133733273,0,0,13.000810623168945,12.990608215332031,13.007729530334473,0.014988171868026257,0.015955401584506035,0,0,0,0,0
1787293498344,246,0,0,10,-0.20228104293346405,-29.701065063476562,183.73019409179688,0,0,0,0,0,0,0.0056717535480856895,0.0022770045325160027,0,0,13.001032829284668,12.99560260772705,13.006671905517578,0.015120054595172405,0.016352232545614243,0,0,0,0,0
1787293498364,247,0,0,10,0.05843618884682655,-3.992497444152832,184.70077514648438,0,0,0,0,0,0,0.007020100019872189,0.002889645053073764,0,0,13.00066089630127,12.996522903442383,13.003479957580566,0.015223994851112366,0.01749766618013382,0,0,0,0,0
1787293498384,248,0,0,10,0.1479095220565796,11.474569320678711,155.65380859375,0,0,0,0,0,0,0.005855767522007227,0.0025216564536094666,0,0,13.000110626220703,12.996546745300293,13.010222434997559,0.015110176987946033,0.016698604449629784,0,0,0,0,0
1787293498404,249,0,0,10,-0.22132736444473267,-19.58020782470703,162.77993774414062,0,0,0,0,0,0,0.006777735892683268,0.0019874300342053175,0,0,13.00046157836914,12.994394302368164,13.007377624511719,0.01498565822839737,0.015924980863928795,0.002066541463136673,0,0,0,0
1787293498425,250,0,0,10,-0.010091177187860012,-9.605873107910156,117.5916748046875,0,0,0,0,0,0,0.003996690269559622,0.0014936139341443777,0,0,12.998516082763672,12.995110511779785,13.002583503723145,0.014953479170799255,0.01650169864296913,0,0,0,0,0
1787293498445,251,0,0,10,-0.03428826108574867,-17.002368927001953,156.52532958984375,0,0,0,0,0,0,0.004872431512922049,0.0015705657424405217,0,0,12.998822212219238,12.990184783935547,13.003012657165527,0.014980521984398365,0.016600070521235466,0.002066541463136673,0,0,0,0
1787293498465,252,0,0,10,-0.03451564908027649,-16.718835830688477,112.94998168945312,0,0,0,0,0,0,0.0056899008341133595,0.002682850230485201,0,0,12.998889923095703,12.996562004089355,13.00324821472168,0.015176896937191486,0.016189852729439735,0,0,0,0,0
1787293498485,253,0,0,10,-0.21442730724811554,-12.436382293701172,224.00003051757812,0,0,0,0,0,0,0.005976165644824505,0.002661615377292037,0,0,12.99987506866455,12.99656867980957,13.00500202178955,0.01496726181358099,0.016281506046652794,0.002066541463136673,0,0,0,0
1787293498505,254,0,0,10,-0.07909815013408661,-10.70869255065918,165.11805725097656,0,0,0,0,0,0,0.005331591237336397,0.0023555944208055735,0,0,12.999796867370605,12.993887901306152,13.006574630737305,0.01515822485089302,0.01665697619318962,0,0,0,0,0
1787293498525,255,0,0,10,0.035961247980594635,0.44969213008880615,202.4298858642578,0,0,0,0,0,0,0.006189183797687292,0.002723593031987548,0,0,12.999957084655762,12.997774124145508,13.0037260055542,0.015093729831278324,0.015841780230402946,0,0,0,0,0
1787293498545,256,0,0,10,0.05572502687573433,-10.066347122192383,284.3183288574219,0,0,0,0,0,0,0.006701472215354443,0.00235460395924747,0,0,12.999993324279785,12.995500564575195,13.005149841308594,0.015285571105778217,0.016303546726703644,0,0,0,0,0
1787293498565,257,0,0,10,-0.34541022777557373,-40.48390197753906,176.0624542236328,0,0,0,0,0,0,0.005738737992942333,0.0028192189056426287,0,0,13.000459671020508,12.99678897857666,13.005155563354492,0.015269750729203224,0.01712171919643879,0,0,0,0,0
1787293498585,258,0,0,10,0.12574760615825653,25.034934997558594,211.87017822265625,0,0,0,0,0,0,0.004840487614274025,0.0018667695112526417,0,0,12.999528884887695,12.994790077209473,13.003467559814453,0.015140076167881489,0.016016405075788498,0,0,0,0,0
1787293498605,259,0,0,10,-0.06466106325387955,-0.5835400819778442,215.6052703857422,0,0,0,0,0,0,0.005475490354001522,0.001991428667679429,0,0,12.99913501739502,12.992902755737305,13.003931045532227,0.015213239938020706,0.016324209049344063,0.0020652359817177057,0,0,0,0
1787293498626,260,0,0,10,0.0742846205830574,7.001689910888672,103.64580535888672,0,0,0,0,0,0,0.0031388290226459503,0.0017228696960955858,0,0,12.998994827270508,12.995476722717285,13.002737998962402,0.015410887077450752,0.016309227794408798,0,0,0,0,0
1787293498645,261,0,0,10,-0.15158970654010773,-21.768434524536133,188.0748291015625,0,0,0,0,0,0,0.0046842205338180065,0.0022829470690339804,0,0,12.999324798583984,12.994243621826172,13.006867408752441,0.015342890284955502,0.01609242707490921,0.002066541463136673,0,0,0,0
1787293498666,262,0,0,10,-0.06592363119125366,-12.36721420288086,125.81041717529297,0,0,0,0,0,0,0.003374018706381321,0.00166681210976094,0,0,12.999260902404785,12.995063781738281,13.002187728881836,0.014977134764194489,0.016405627131462097,0,0,0,0,0
1787293498686,263,0,0,10,0.05992715433239937,-10.098095893859863,153.06381225585938,0,0,0,0,0,0,0.004487231373786926,0.002246681833639741,0,0,13.000173568725586,12.996259689331055,13.003776550292969,0.015248291194438934,0.016269607469439507,0,0,0,0,0
1787293498706,264,0,0,10,0.04456263780593872,-1.1356284618377686,110.72135162353516,0,0,0,0,0,0,0.003809409448876977,0.0014314403524622321,0,0,12.999482154846191,12.992778778076172,13.004365921020508,0.015296226367354393,0.017060402780771255,0,0,0,0,0
1787293498726,265,0,0,10,0.041470080614089966,-2.103522300720215,95.78939056396484,0,0,0,0,0,0,0.00477470550686121,0.001818763674236834,0,0,12.999417304992676,12.994156837463379,13.004871368408203,0.015137233771383762,0.016614973545074463,0,0,0,0,0
1787293498746,266,0,0,10,-0.22128646075725555,-20.82805824279785,200.93785095214844,0,0,0,0,0,0,0.003990562632679939,0.0016333090607076883,0,0,12.9987211227417,12.992302894592285,13.002484321594238,0.015109328553080559,0.016184387728571892,0,0,0,0,0
1787293498766,267,0,0,10,-0.15931090712547302,-21.085834503173828,205.9705047607422,0,0,0,0,0,0,0.005218507256358862,0.0021457572001963854,0,0,12.999401092529297,12.996729850769043,13.003607749938965,0.014998557046055794,0.015995262190699577,0.002066541463136673,0,0,0,0
1787293498786,268,0,0,10,0.18389563262462616,23.57207489013672,181.81541442871094,0,0,0,0,0,0,0.0036926567554473877,0.002421985613182187,0,0,13.00023078918457,12.997306823730469,13.003802299499512,0.015180510468780994,0.016114836558699608,0,0,0,0,0
1787293498806,269,0,0,10,0.06936003267765045,6.881300449371338,111.55796813964844,0,0,0,0,0,0,0.005565337836742401,0.00229069241322577,0,0,12.999565124511719,12.995329856872559,13.003644943237305,0.01514862384647131,0.01598973199725151,0.002066541463136673,0,0,0,0
1787293498827,270,0,0,10,0.08620408177375793,7.330263614654541,80.34902954101562,0,0,0,0,0,0,0.0037233801558613777,0.0023793717846274376,0,0,12.998876571655273,12.993983268737793,13.001688003540039,0.014912310987710953,0.01620643585920334,0,0,0,0,0
1787293498847,271,0,0,10,-0.07108096033334732,-8.971015930175781,137.1139678955078,0,0,0,0,0,0,0.004236163571476936,0.00234189978800714,0,0,12.99893856048584,12.992494583129883,13.002948760986328,0.014657331630587578,0.015845227986574173,0,0,0,0,0
1787293498867,272,0,0,10,0.08792701363563538,3.1892316341400146,194.15965270996094,0,0,0,0,0,0,0.0047731176018714905,0.002682687481865287,0,0,12.998746871948242,12.995542526245117,13.004590034484863,0.015323268249630928,0.01689467765390873,0.002066541463136673,0,0,0,0
1787293498887,273,0,0,10,0.006130664609372616,-13.24461841583252,160.25587463378906,0,0,0,0,0,0,0.004764141980558634,0.002536060521379113,0,0,12.999692916870117,12.995648384094238,13.00288200378418,0.01526193879544735,0.01621212437748909,0,0,0,0,0
1787293498907,274,0,0,10,0.21049073338508606,17.55291175842285,163.1938934326172,0,0,0,0,0,0,0.004508569836616516,0.0024218882899731398,0,0,12.99952507019043,12.994575500488281,13.004183769226074,0.015127199701964855,0.016174202784895897,0,0,0,0,0
1787293498927,275,0,0,10,0.23269671201705933,15.137805938720703,152.2780303955078,0,0,0,0,0,0,0.003738739062100649,0.0014881222741678357,0,0,12.998984336853027,12.993614196777344,13.004846572875977,0.015321390703320503,0.016859419643878937,0,0,0,0,0
1787293498947,276,0,0,10,0.08279114216566086,-12.263749122619629,166.77804565429688,0,0,0,0,0,0,0.0061600045301020145,0.0018345445860177279,0,0,12.999139785766602,12.995104789733887,13.003399848937988,0.015198835171759129,0.0159626267850399,0.002066541463136673,0,0,0,0
1787293498967,277,0,0,10,0.07385864108800888,-3.5091516971588135,125.23542022705078,0,0,0,0,0,0,0.003655353095382452,0.0020169741474092007,0,0,13.001005172729492,12.99656867980957,13.007538795471191,0.015174344182014465,0.016045471653342247,0,0,0,0,0
1787293498987,278,0,0,10,-0.007954456843435764,-8.545676231384277,81.99140167236328,0,0,0,0,0,0,0.0038998581003397703,0.001945328782312572,0,0,12.999564170837402,12.995569229125977,13.003448486328125,0.015137657523155212,0.016113070771098137,0.002066541463136673,0,0,0,0
1787293499007,279,0,0,10,-0.016595082357525826,-8.724844932556152,133.69488525390625,0,0,0,0,0,0,0.003306411672383547,0.002448408165946603,0,0,12.99945068359375,12.992713928222656,13.003284454345703,0.01485263928771019,0.01594664715230465,0,0,0,0,0
1787293499027,280,0,0,10,0.5447717905044556,55.08079528808594,175.91436767578125,0,0,0,0,0,0,0.00437323609367013,0.00209481711499393,0,0,12.999130249023438,12.995322227478027,13.001840591430664,0.015255065634846687,0.01637094095349312,0,0,0,0,0
1787293499048,281,0,0,10,-0.0037148313131183386,-3.4795618057250977,102.59404754638672,0,0,0,0,0,0,0.003725095186382532,0.001995801692828536,0,0,12.998424530029297,12.99425983428955,13.004112243652344,0.015210505574941635,0.0161427091807127,0,0,0,0,0
1787293499068,282,0,0,10,0.15435458719730377,3.530648946762085,117.185546875,0,0,0,0,0,0,0.004460904747247696,0.0018313790205866098,0,0,13.000828742980957,12.997187614440918,13.003847122192383,0.015152725391089916,0.016237055882811546,0,0,0,0,0
1787293499088,283,0,0,10,0.18712936341762543,13.934883117675781,104.36566162109375,0,0,0,0,0,0,0.0024056509137153625,0.0015709034632891417,0,0,12.999672889709473,12.994283676147461,13.002828598022461,0.015157204121351242,0.016365965828299522,0,0,0,0,0
1787293499108,284,0,0,10,-0.015129233710467815,-4.157742977142334,143.27403259277344,0,0,0,0,0,0,0.003957604058086872,0.0021330099552869797,0,0,12.999711990356445,12.995176315307617,13.004484176635742,0.015395328402519226,0.017011547461152077,0,0,0,0,0
1787293499128,285,0,0,10,-0.07242313027381897,-8.226019859313965,113.47480773925781,0,0,0,0,0,0,0.0036337266210466623,0.0018844762817025185,0,0,12.999887466430664,12.995162963867188,13.003506660461426,0.015325076878070831,0.0162441935390234,0,0,0,0,0
1787293499148,286,0,0,10,0.1941005438566208,18.438186645507812,143.4359893798828,0,0,0,0,0,0,0.00269402121193707,0.0013907988322898746,0,0,12.99885082244873,12.99584674835205,13.002358436584473,0.01522640511393547,0.01602243073284626,0,0,0,0,0
1787293499168,287,0,0,10,0.08812477439641953,1.0202319622039795,120.32770538330078,0,0,0,0,0,0,0.0037349502090364695,0.0015244509559124708,0,0,12.998647689819336,12.995270729064941,13.004813194274902,0.015231698751449585,0.01583007723093033,0,0,0,0,0
1787293499188,288,0,0,10,0.19283457100391388,11.628899574279785,122.0198745727539,0,0,0,0,0,0,0.004219734575599432,0.0016823187470436096,0,0,12.998337745666504,12.995112419128418,13.002679824829102,0.015114336274564266,0.015832528471946716,0,0,0,0,0
1787293499208,289,0,0,10,0.05312477797269821,0.4602417051792145,123.26899719238281,0,0,0,0,0,0,0.0035312932450324297,0.0016856371657922864,0,0,12.999722480773926,12.995441436767578,13.005340576171875,0.015016885474324226,0.01591457426548004,0,0,0,0,0
1787293499229,290,0,0,10,-0.049753375351428986,-12.58737564086914,156.7864532470703,0,0,0,0,0,0,0.0051758731715381145,0.0022725218441337347,0,0,12.999213218688965,12.9967622756958,13.003969192504883,0.014846939593553543,0.01582694984972477,0,0,0,0,0
1787293499249,291,0,0,10,-0.13747026026248932,-20.412145614624023,137.15457153320312,0,0,0,0,0,0,0.0049821254797279835,0.001698570209555328,0,0,12.99953556060791,12.996221542358398,13.002694129943848,0.014873482286930084,0.016470400616526604,0.0020652359817177057,0,0,0,0
1787293499269,292,0,0,10,0.10652327537536621,7.295301914215088,85.76980590820312,0,0,0,0,0,0,0.003600891912356019,0.0020236552227288485,0,0,12.999664306640625,12.996033668518066,13.00415325164795,0.01513845194131136,0.016204798594117165,0,0,0,0,0
1787293499289,293,0,0,10,0.12498753517866135,9.175666809082031,116.83218383789062,0,0,0,0,0,0,0.0037411628291010857,0.0021611324045807123,0,0,12.999041557312012,12.994406700134277,13.007433891296387,0.015019549988210201,0.01615503616631031,0,0,0,0,0
1787293499309,294,0,0,10,0.11120504885911942,3.5553345680236816,229.70108032226562,0,0,0,0,0,0,0.005183297209441662,0.0021842445712536573,0,0,13.000044822692871,12.995710372924805,13.004219055175781,0.015216776169836521,0.016519948840141296,0,0,0,0,0
1787293499329,295,0,0,10,0.034883979707956314,1.6260645389556885,136.4109649658203,0,0,0,0,0,0,0.0037026323843747377,0.0018850961932912469,0,0,13.000911712646484,12.994866371154785,13.005195617675781,0.015282070264220238,0.016339564695954323,0.0020652359817177057,0,0,0,0
1787293499349,296,0,0,10,0.02142946980893612,-3.674534320831299,127.52539825439453,0,0,0,0,0,0,0.0036118135321885347,0.0018415848026052117,0,0,13.00005054473877,12.995335578918457,13.00588321685791,0.01511259377002716,0.015742706134915352,0,0,0,0,0
1787293499369,297,0,0,10,-0.003034507390111685,-6.256782531738281,140.27212524414062,0,0,0,0,0,0,0.0035308492369949818,0.0020133834332227707,0,0,13.001413345336914,12.996988296508789,13.006601333618164,0.015339731238782406,0.016177380457520485,0,0,0,0,0
1787293499389,298,0,0,10,0.054661575704813004,2.5816996097564697,77.8444595336914,0,0,0,0,0,0,0.004209583159536123,0.002017495222389698,0,0,12.999556541442871,12.99204158782959,13.00399112701416,0.015248775482177734,0.01658344455063343,0,0,0,0,0
1787293499409,299,0,0,10,0.03490699827671051,2.290849208831787,138.60813903808594,0,0,0,0,0,0,0.002671522554010153,0.001484667882323265,0,0,12.999536514282227,12.992176055908203,13.003588676452637,0.015183962881565094,0.01615457609295845,0,0,0,0,0
1787293499429,300,0,0,10,0.16527004539966583,3.8196403980255127,131.8538360595703,0,0,0,0,0,0,0.004993476904928684,0.0020897253416478634,0,0,13.001087188720703,12.998106956481934,13.005525588989258,0.015099297277629375,0.016062630340456963,0,0,0,0,0
1787293499450,301,0,0,10,0.10412666201591492,2.501521110534668,113.93286895751953,0,0,0,0,0,0,0.0038449077401310205,0.0019080170895904303,0,0,13.000749588012695,12.998371124267578,13.00401782989502,0.014889974147081375,0.015959590673446655,0,0,0,0,0
1787293499470,302,0,0,10,-0.1040835753083229,-20.853757858276367,200.54856872558594,0,0,0,0,0,0,0.00663828756660223,0.0026120776310563087,0,0,12.999459266662598,12.994927406311035,13.004968643188477,0.015150303952395916,0.01617843471467495,0.0020652359817177057,0,0,0,0
1787293499490,303,0,0,10,-0.17783287167549133,-15.380385398864746,197.1651611328125,0,0,0,0,0,0,0.005157582927495241,0.0023099868558347225,0,0,13.000323295593262,12.995262145996094,13.004281997680664,0.014863130636513233,0.01634848862886429,0,0,0,0,0
1787293499510,304,0,0,10,-0.2656477391719818,-23.595970153808594,188.84251403808594,0,0,0,0,0,0,0.006816377397626638,0.0016886487137526274,0,0,13.000143051147461,12.994985580444336,13.00706672668457,0.015178870409727097,0.016485819593071938,0.004271461628377438,0,0,0,0
1787293499530,305,0,0,10,-0.23557716608047485,-24.414905548095703,141.77456665039062,0,0,0,0,0,0,0.00606460589915514,0.001837083837017417,0,0,12.998530387878418,12.994882583618164,13.000761985778809,0.015027729794383049,0.016408760100603104,0.002066541463136673,0,0,0,0
1787293499550,306,0,0,10,-0.32091712951660156,-26.14522361755371,218.42401123046875,0,0,0,0,0,0,0.00804112944751978,0.0025028574746102095,0,0,12.999445915222168,12.99510383605957,13.00317096710205,0.015038056299090385,0.016196105629205704,0.004271461628377438,0,0,0,0
1787293499570,307,0,0,10,-0.04113698750734329,-10.982819557189941,174.04330444335938,0,0,0,0,0,0,0.005618555936962366,0.0025285198353230953,0,0,12.998804092407227,12.99056625366211,13.003997802734375,0.014917349442839622,0.016049832105636597,0,0,0,0,0
1787293499590,308,0,0,10,-0.025571782141923904,-5.148177146911621,125.08015441894531,0,0,0,0,0,0,0.004869590047746897,0.002026688540354371,0,0,12.999939918518066,12.996233940124512,13.006241798400879,0.014671949669718742,0.015746084973216057,0.002066541463136673,0,0,0,0
1787293499610,309,0,0,10,0.17309723794460297,8.790843963623047,123.09310150146484,0,0,0,0,0,0,0.0029489786829799414,0.00230341125279665,0,0,12.99915885925293,12.994817733764648,13.00439167022705,0.014895298518240452,0.016320010647177696,0,0,0,0,0
1787293499631,310,0,0,10,0.31685805320739746,25.00157928466797,148.05430603027344,0,0,0,0,0,0,0.005477627739310265,0.00181339040864259,0,0,12.99897575378418,12.99510669708252,13.003561973571777,0.015189514495432377,0.016693903133273125,0.0020652359817177057,0,0,0,0
1787293499651,311,0,0,10,0.1252223402261734,-1.876408338546753,159.58546447753906,0,0,0,0,0,0,0.005194658413529396,0.0018831646302714944,0,0,12.998955726623535,12.992179870605469,13.004361152648926,0.015292251482605934,0.01621130295097828,0.002066541463136673,0,0,0,0
1787293499671,312,0,0,10,0.057315532118082047,0.16769206523895264,81.4881820678711,0,0,0,0,0,0,0.005029922351241112,0.0021448801271617413,0,0,13.00011920928955,12.99573040008545,13.003508567810059,0.015220699831843376,0.016252795234322548,0,0,0,0,0
1787293499692,313,0,0,10,-0.28117382526397705,-37.82122802734375,199.6568145751953,0,0,0,0,0,0,0.004650027956813574,0.0020984357688575983,0,0,13.000150680541992,12.997180938720703,13.003305435180664,0.014979051426053047,0.016331329941749573,0,0,0,0,0
1787293499711,314,0,0,10,0.26470404863357544,18.55428123474121,160.335205078125,0,0,0,0,0,0,0.004793309606611729,0.0014612829545512795,0,0,12.998950958251953,12.995674133300781,13.002633094787598,0.015184970572590828,0.016541533172130585,0,0,0,0,0
1787293499731,315,0,0,10,-0.09211103618144989,-9.36039924621582,132.3845977783203,0,0,0,0,0,0,0.004207521211355925,0.00266443332657218,0,0,12.999072074890137,12.994370460510254,13.001587867736816,0.01483016088604927,0.016036277636885643,0,0,0,0,0
1787293499751,316,0,0,10,-0.15638089179992676,-20.651243209838867,162.05657958984375,0,0,0,0,0,0,0.00500104483217001,0.002854536520317197,0,0,12.99892520904541,12.995328903198242,13.002664566040039,0.015294663608074188,0.01661241054534912,0.002066541463136673,0,0,0,0
1787293499771,317,0,0,10,-0.08295019716024399,-13.527053833007812,236.9658660888672,0,0,0,0,0,0,0.005263302940875292,0.0023101731203496456,0,0,12.99908447265625,12.988743782043457,13.001755714416504,0.01499276701360941,0.016030270606279373,0,0,0,0,0
1787293499791,318,0,0,10,0.010365879163146019,-7.7782063484191895,178.87249755859375,0,0,0,0,0,0,0.004542229697108269,0.0017100439872592688,0,0,13.000151634216309,12.997430801391602,13.002853393554688,0.01523799542337656,0.016092300415039062,0,0,0,0,0
1787293499811,319,0,0,10,0.4433073401451111,40.87391662597656,212.36668395996094,0,0,0,0,0,0,0.004043648950755596,0.0019800951704382896,0,0,13.0005464553833,12.996143341064453,13.004669189453125,0.014934712089598179,0.016561971977353096,0,0,0,0,0
1787293499832,320,0,0,10,-0.08328412473201752,-12.271044731140137,205.12313842773438,0,0,0,0,0,0,0.006291222292929888,0.0032140614930540323,0,0,12.999349594116211,12.9962797164917,13.003517150878906,0.015085088089108467,0.017010720446705818,0,0,0,0,0
1787293499852,321,0,0,10,-0.09339942038059235,5.0586676597595215,158.2873992919922,0,0,0,0,0,0,0.00537730660289526,0.0020206659100949764,0,0,13.00008487701416,12.994346618652344,13.004812240600586,0.014949752949178219,0.01622784696519375,0.002066541463136673,0,0,0,0
1787293499872,322,0,0,10,0.24150100350379944,26.40459442138672,88.95378112792969,0,0,0,0,0,0,0.004382368642836809,0.0020292417611926794,0,0,12.99940299987793,12.996386528015137,13.001940727233887,0.015287535265088081,0.01663913019001484,0.002066541463136673,0,0,0,0
1787293499892,323,0,0,10,-0.09896869957447052,-17.020475387573242,217.78128051757812,0,0,0,0,0,0,0.0055453842505812645,0.0018959837034344673,0,0,12.999462127685547,12.992925643920898,13.007813453674316,0.014953592792153358,0.01598077267408371,0,0,0,0,0
1787293499912,324,0,0,10,-0.015251167118549347,-13.524735450744629,158.43020629882812,0,0,0,0,0,0,0.004556396976113319,0.002256992505863309,0,0,12.999613761901855,12.997438430786133,13.003680229187012,0.015367953106760979,0.016526298597455025,0.002066541463136673,0,0,0,0
1787293499932,325,0,0,10,0.044759999960660934,0.6176783442497253,90.55547332763672,0,0,0,0,0,0,0.0028216298669576645,0.0019392331596463919,0,0,12.999334335327148,12.992463111877441,13.004121780395508,0.015192131511867046,0.016261685639619827,0,0,0,0,0
1787293499952,326,0,0,10,0.03541506454348564,-1.6256803274154663,134.5921630859375,0,0,0,0,0,0,0.0032845083624124527,0.0012927692150697112,0,0,12.999929428100586,12.995887756347656,13.004122734069824,0.01517399400472641,0.016409069299697876,0,0,0,0,0
1787293499972,327,0,0,10,-0.010948401875793934,-6.7035698890686035,112.78099822998047,0,0,0,0,0,0,0.005668138153851032,0.002875118749216199,0,0,13.000014305114746,12.996443748474121,13.00331974029541,0.01512511819601059,0.016597788780927658,0,0,0,0,0
1787293499992,328,0,0,10,0.2303120344877243,13.103645324707031,148.30381774902344,0,0,0,0,0,0,0.005377564113587141,0.002389464760199189,0,0,12.99914264678955,12.997529983520508,13.002942085266113,0.015142589807510376,0.016244007274508476,0,0,0,0,0
1787293500012,329,0,0,10,-0.07328149676322937,-6.158017635345459,178.03843688964844,0,0,0,0,0,0,0.00466687697917223,0.0026196232065558434,0,0,13.00124454498291,12.994832992553711,13.005009651184082,0.01499785017222166,0.015812307596206665,0,0,0,0,0
1787293500033,330,0,0,10,-0.017071977257728577,-2.4237446784973145,137.37322998046875,0,0,0,0,0,0,0.004481516312807798,0.0020609034691005945,0,0,13.000377655029297,12.995871543884277,13.004270553588867,0.015357769094407558,0.016790710389614105,0,0,0,0,0
1787293500053,331,0,0,10,0.2507985234260559,25.0739803314209,154.04110717773438,0,0,0,0,0,0,0.004034400451928377,0.0016749892383813858,0,0,12.999251365661621,12.99362850189209,13.005147933959961,0.015018017962574959,0.016191739588975906,0,0,0,0,0
1787293500073,332,0,0,10,-0.1940581500530243,-25.328813552856445,180.4978790283203,0,0,0,0,0,0,0.005465830210596323,0.0023020317312330008,0,0,12.999516487121582,12.995591163635254,13.005504608154297,0.015132632106542587,0.016403410583734512,0,0,0,0,0
1787293500093,333,0,0,10,-0.1939142644405365,-20.662981033325195,183.6665802001953,0,0,0,0,0,0,0.0052929348312318325,0.002223383169621229,0,0,12.998940467834473,12.990995407104492,13.006351470947266,0.015127534046769142,0.015799421817064285,0.002066541463136673,0,0,0,0
1787293500113,334,0,0,10,-0.29826200008392334,-33.059566497802734,202.3596954345703,0,0,0,0,0,0,0.005716088693588972,0.0024783797562122345,0,0,12.999820709228516,12.996585845947266,13.00351619720459,0.014991837553679943,0.01572178117930889,0,0,0,0,0
1787293500133,335,0,0,10,0.0758051723241806,4.725636959075928,143.2613525390625,0,0,0,0,0,0,0.004021879285573959,0.002727664075791836,0,0,12.999638557434082,12.995996475219727,13.005108833312988,0.015090388245880604,0.016084669157862663,0,0,0,0,0
1787293500153,336,0,0,10,-0.03543238714337349,-13.542346000671387,139.6161651611328,0,0,0,0,0,0,0.005394842475652695,0.0030042864382267,0,0,12.999176979064941,12.994056701660156,13.00595760345459,0.015342466533184052,0.016721416264772415,0,0,0,0,0
1787293500173,337,0,0,10,0.25529801845550537,19.211822509765625,72.69611358642578,0,0,0,0,0,0,0.004270247183740139,0.0019240907859057188,0,0,12.998987197875977,12.993562698364258,13.002453804016113,0.015086052939295769,0.016974331811070442,0,0,0,0,0
1787293500193,338,0,0,10,0.2108466476202011,26.960678100585938,153.67520141601562,0,0,0,0,0,0,0.004337847698479891,0.0016003090422600508,0,0,12.999149322509766,12.995469093322754,13.003211975097656,0.014989899471402168,0.015976641327142715,0,0,0,0,0
1787293500214,339,0,0,10,0.1721702665090561,8.107327461242676,156.85633850097656,0,0,0,0,0,0,0.0049009439535439014,0.001561914337798953,0,0,12.998698234558105,12.995759963989258,13.005643844604492,0.014986269176006317,0.01628706604242325,0,0,0,0,0
1787293500233,340,0,0,10,0.4955134093761444,43.14733123779297,126.6544189453125,0,0,0,0,0,0,0.004134864546358585,0.0020861667580902576,0,0,12.999704360961914,12.994319915771484,13.006058692932129,0.015079384669661522,0.016444465145468712,0,0,0,0,0
1787293500253,341,0,0,10,-0.04061136022210121,-8.677494049072266,115.97050476074219,0,0,0,0,0,0,0.004299746826291084,0.0019812695682048798,0,0,12.999115943908691,12.995482444763184,13.003141403198242,0.015279867686331272,0.016374031081795692,0,0,0,0,0
1787293500274,342,0,0,10,0.14782072603702545,10.52635383605957,182.87359619140625,0,0,0,0,0,0,0.0052566006779670715,0.0025872427504509687,0,0,12.99857234954834,12.992304801940918,13.006088256835938,0.015414513647556305,0.016622135415673256,0.002066541463136673,0,0,0,0
1787293500294,343,0,0,10,0.11267521232366562,-2.625202178955078,160.875,0,0,0,0,0,0,0.004826783202588558,0.0024368276353925467,0,0,12.998884201049805,12.992279052734375,13.005134582519531,0.015113987028598785,0.016748780384659767,0,0,0,0,0
1787293500314,344,0,0,10,-0.17344443500041962,-26.96622657775879,135.73475646972656,0,0,0,0,0,0,0.004814389161765575,0.002812196733430028,0,0,12.997786521911621,12.995302200317383,13.000951766967773,0.015144046396017075,0.01632237806916237,0,0,0,0,0
1787293500334,345,0,0,10,0.7242227792739868,57.25941848754883,218.27137756347656,0,0,0,0,0,0,0.0045021711848676205,0.002612104406580329,0,0,13.000192642211914,12.991157531738281,13.004439353942871,0.015294660814106464,0.016169248148798943,0,0,0,0,0
1787293500354,346,0,0,10,-0.2111634463071823,-25.54343605041504,155.68157958984375,0,0,0,0,0,0,0.004004163201898336,0.0021377650555223227,0,0,13.000082969665527,12.99193000793457,13.003673553466797,0.015284130349755287,0.01631815917789936,0,0,0,0,0
1787293500374,347,0,0,10,0.28199198842048645,29.314022064208984,148.0222625732422,0,0,0,0,0,0,0.0032872820738703012,0.0020927037112414837,0,0,12.998063087463379,12.989057540893555,13.004423141479492,0.014936435967683792,0.016370350494980812,0,0,0,0,0
1787293500394,348,0,0,10,-0.16920237243175507,-17.571292877197266,106.40150451660156,0,0,0,0,0,0,0.0030800083186477423,0.00221034768037498,0,0,12.999463081359863,12.994292259216309,13.003435134887695,0.015073126181960106,0.016190504655241966,0,0,0,0,0
1787293500414,349,0,0,10,0.2129719853401184,8.020727157592773,79.82369232177734,0,0,0,0,0,0,0.0032592013012617826,0.002167519647628069,0,0,13.000253677368164,12.99800968170166,13.003829002380371,0.014885365962982178,0.015961995348334312,0,0,0,0,0
1787293500435,350,0,0,10,0.2674088776111603,17.58930015563965,148.04641723632812,0,0,0,0,0,0,0.0035653647501021624,0.0022006973158568144,0,0,12.99980640411377,12.995758056640625,13.003527641296387,0.01524010393768549,0.016169000416994095,0,0,0,0,0
1787293500455,351,0,0,10,-0.07267143577337265,-7.73629903793335,201.8804473876953,0,0,0,0,0,0,0.0035059305373579264,0.002409629989415407,0,0,12.999281883239746,12.993261337280273,13.004090309143066,0.0150991789996624,0.016373220831155777,0,0,0,0,0
1787293500475,352,0,0,10,0.04666541516780853,-0.3420912027359009,78.26153564453125,0,0,0,0,0,0,0.003246659878641367,0.0015830575721338391,0,0,13.0005464553833,12.99831771850586,13.004508018493652,0.015378368087112904,0.016561880707740784,0,0,0,0,0
1787293500495,353,0,0,10,0.1339857429265976,12.05733585357666,94.87602233886719,0,0,0,0,0,0,0.0027952278032898903,0.0018006516620516777,0,0,12.999281883239746,12.995382308959961,13.002615928649902,0.01522342674434185,0.01623932272195816,0,0,0,0,0
1787293500515,354,0,0,10,0.2991516888141632,17.563020706176758,133.13375854492188,0,0,0,0,0,0,0.005303946789354086,0.0019705279264599085,0,0,12.999198913574219,12.996048927307129,13.005376815795898,0.01512228138744831,0.016467327252030373,0,0,0,0,0
1787293500535,355,0,0,10,0.25895729660987854,19.88111686706543,156.3182830810547,0,0,0,0,0,0,0.005795459263026714,0.002464665798470378,0,0,12.999672889709473,12.992585182189941,13.005398750305176,0.015136562287807465,0.016606058925390244,0,0,0,0,0
1787293500555,356,0,0,10,0.4866953194141388,37.502342224121094,137.74249267578125,0,0,0,0,0,0,0.006773529574275017,0.002147778868675232,0,0,12.999810218811035,12.997004508972168,13.004655838012695,0.015384540893137455,0.01623690500855446,0.002066541463136673,0,0,0,0
1787293500575,357,0,0,10,0.4141659736633301,36.94480514526367,217.174560546875,0,0,0,0,0,0,0.006867399904876947,0.00255390303209424,0,0,12.999866485595703,12.997376441955566,13.003405570983887,0.015026690438389778,0.016106221824884415,0,0,0,0,0
1787293500595,358,0,0,10,0.10625817626714706,-8.435189247131348,221.1199951171875,0,0,0,0,0,0,0.00668627955019474,0.0021701378282159567,0,0,12.99941635131836,12.996294021606445,13.004778861999512,0.015224507078528404,0.016436027362942696,0.002066541463136673,0,0,0,0
1787293500615,359,0,0,10,-0.1194484606385231,-7.836635112762451,133.79576110839844,0,0,0,0,0,0,0.004152480512857437,0.002438741037622094,0,0,12.99889087677002,12.994588851928711,13.003128051757812,0.015174612402915955,0.016837788745760918,0,0,0,0,0
1787293500635,360,0,0,10,0.024915922433137894,2.2295384407043457,162.22271728515625,0,0,0,0,0,0,0.0037559312768280506,0.0015791108598932624,0,0,13.000393867492676,12.995575904846191,13.003006935119629,0.01506816130131483,0.01632210612297058,0.002066541463136673,0,0,0,0
1787293500656,361,0,0,10,0.8748921155929565,73.33965301513672,209.25755310058594,0,0,0,0,0,0,0.007359023671597242,0.002768231788650155,0,0,13.000439643859863,12.995226860046387,13.003890991210938,0.014951570890843868,0.016556378453969955,0.002066541463136673,0,0,0,0
1787293500676,362,0,0,10,0.4512105882167816,34.17095184326172,258.836669921875,0,0,0,0,0,0,0.005844308529049158,0.0026145800948143005,0,0,13.001055717468262,12.99521255493164,13.00680923461914,0.01510059554129839,0.016249144449830055,0,0,0,0,0
1787293500696,363,0,0,10,-0.20974893867969513,-18.717498779296875,246.22140502929688,0,0,0,0,0,0,0.006527875084429979,0.0022952635772526264,0,0,13.000329971313477,12.994377136230469,13.006750106811523,0.015142210759222507,0.015964534133672714,0.002066541463136673,0,0,0,0
1787293500716,364,0,0,10,0.05587606877088547,11.246612548828125,160.38885498046875,0,0,0,0,0,0,0.005460771266371012,0.002103772247210145,0,0,12.999597549438477,12.995539665222168,13.002224922180176,0.015293835662305355,0.01633383519947529,0,0,0,0,0
1787293500736,365,0,0,10,0.23878821730613708,16.004844665527344,196.2138214111328,0,0,0,0,0,0,0.006721979938447475,0.002489669481292367,0,0,13.000165939331055,12.99598503112793,13.003117561340332,0.015098683536052704,0.016518911346793175,0,0,0,0,0
1787293500756,366,0,0,10,0.019259199500083923,-3.586038827896118,152.33909606933594,0,0,0,0,0,0,0.005764863453805447,0.0023671521339565516,0,0,13.000502586364746,12.9965181350708,13.006789207458496,0.015139750204980373,0.01613120175898075,0.002066541463136673,0,0,0,0
1787293500776,367,0,0,10,-0.1305580735206604,-10.961100578308105,87.13434600830078,0,0,0,0,0,0,0.005280621349811554,0.0024781920947134495,0,0,13.000056266784668,12.995250701904297,13.00399398803711,0.014901803806424141,0.015935411676764488,0,0,0,0,0
1787293500796,368,0,0,10,0.14714494347572327,17.013099670410156,156.47921752929688,0,0,0,0,0,0,0.00497853010892868,0.0019391929963603616,0,0,12.99789810180664,12.988146781921387,13.000921249389648,0.015130397863686085,0.016260366886854172,0.002066541463136673,0,0,0,0
1787293500817,369,0,0,10,0.02364727482199669,-2.8950307369232178,128.7827911376953,0,0,0,0,0,0,0.004063353408128023,0.0017248218646273017,0,0,12.998648643493652,12.995545387268066,13.00248908996582,0.01497755479067564,0.01631120592355728,0,0,0,0,0
1787293500836,370,0,0,10,0.10339458286762238,-1.0400642156600952,108.89292907714844,0,0,0,0,0,0,0.003982921596616507,0.0018631613347679377,0,0,12.998736381530762,12.992827415466309,13.003609657287598,0.015248628333210945,0.016026746481657028,0.0020652359817177057,0,0,0,0
1787293500856,371,0,0,10,0.021217841655015945,-10.758086204528809,130.92562866210938,0,0,0,0,0,0,0.004380375146865845,0.001946728560142219,0,0,12.998597145080566,12.996259689331055,13.004155158996582,0.015007790178060532,0.0163254514336586,0.002066541463136673,0,0,0,0
1787293500877,372,0,0,10,-0.122703917324543,-17.4357852935791,111.58009338378906,0,0,0,0,0,0,0.003640060778707266,0.00179518002551049,0,0,12.999250411987305,12.994527816772461,13.005022048950195,0.015519088134169579,0.017106346786022186,0,0,0,0,0
1787293500897,373,0,0,10,0.28366416692733765,20.11492156982422,135.02471923828125,0,0,0,0,0,0,0.0049280887469649315,0.0019721719436347485,0,0,12.998984336853027,12.996525764465332,13.00267505645752,0.015333839692175388,0.016191475093364716,0,0,0,0,0
1787293500917,374,0,0,10,0.008267980068922043,-8.552440643310547,151.95455932617188,0,0,0,0,0,0,0.004788978490978479,0.002025122754275799,0,0,12.998326301574707,12.995674133300781,13.001715660095215,0.015202950686216354,0.0163895133882761,0.002066541463136673,0,0,0,0
1787293500937,375,0,0,10,-0.1287861317396164,-18.67184829711914,145.84744262695312,0,0,0,0,0,0,0.0038708671927452087,0.0025978724006563425,0,0,12.998063087463379,12.990572929382324,13.004890441894531,0.014907348901033401,0.015778427943587303,0,0,0,0,0
1787293500957,376,0,0,10,0.03961680456995964,4.201043605804443,138.3251953125,0,0,0,0,0,0,0.003926092758774757,0.0017596689285710454,0,0,12.998537063598633,12.993731498718262,13.001965522766113,0.015312643721699715,0.01681969128549099,0,0,0,0,0
1787293500977,377,0,0,10,0.3689163625240326,22.510297775268555,170.0948028564453,0,0,0,0,0,0,0.007222277112305164,0.0023762916680425406,0,0,12.99934196472168,12.993326187133789,13.004438400268555,0.015148947946727276,0.016033679246902466,0.002066541463136673,0,0,0,0
1787293500997,378,0,0,10,0.03348072990775108,-10.654739379882812,137.77098083496094,0,0,0,0,0,0,0.005710367579013109,0.002332990290597081,0,0,12.999550819396973,12.991435050964355,13.005087852478027,0.015057227574288845,0.016471944749355316,0.002066541463136673,0,0,0,0
1787293501017,379,0,0,10,0.052833400666713715,1.8078603744506836,134.10032653808594,0,0,0,0,0,0,0.004084235988557339,0.001340368646197021,0,0,12.999351501464844,12.992792129516602,13.00649356842041,0.015167942270636559,0.01609841175377369,0,0,0,0,0
1787293501037,380,0,0,10,0.0073258052580058575,3.3421130180358887,128.22811889648438,0,0,0,0,0,0,0.00371931167319417,0.0023321877233684063,0,0,12.998332023620605,12.994987487792969,13.001510620117188,0.01524360105395317,0.016361912712454796,0,0,0,0,0
1787293501057,381,0,0,10,-0.06381801515817642,-18.4935359954834,205.5439910888672,0,0,0,0,0,0,0.004660033155232668,0.0017170148203149438,0,0,12.998886108398438,12.99499797821045,13.004284858703613,0.015018648467957973,0.01572137326002121,0.002066541463136673,0,0,0,0
1787293501078,382,0,0,10,0.19311247766017914,14.122428894042969,135.47303771972656,0,0,0,0,0,0,0.003567676292732358,0.0022247082088142633,0,0,12.999734878540039,12.996574401855469,13.002197265625,0.015330258756875992,0.016916705295443535,0,0,0,0,0
1787293501098,383,0,0,10,-0.06876982748508453,-16.229164123535156,133.13693237304688,0,0,0,0,0,0,0.003168694907799363,0.0015450589125975966,0,0,12.99959945678711,12.991844177246094,13.002752304077148,0.015276986174285412,0.01704283244907856,0,0,0,0,0
1787293501118,384,0,0,10,-0.08033846318721771,-7.034409999847412,132.74050903320312,0,0,0,0,0,0,0.004159867763519287,0.0023795205634087324,0,0,12.997840881347656,12.994257926940918,13.003087997436523,0.015439405106008053,0.016570882871747017,0,0,0,0,0
1787293501138,385,0,0,10,0.12788675725460052,8.747903823852539,114.21177673339844,0,0,0,0,0,0,0.0036157392896711826,0.002026097383350134,0,0,12.998421669006348,12.991175651550293,13.002762794494629,0.015228619799017906,0.01650666445493698,0,0,0,0,0
1787293501158,386,0,0,10,-0.15399448573589325,-25.783506393432617,124.56238555908203,0,0,0,0,0,0,0.003616655245423317,0.0019060354679822922,0,0,12.998915672302246,12.989768981933594,13.003119468688965,0.015189120545983315,0.01651420071721077,0,0,0,0,0
1787293501178,387,0,0,10,0.20548130571842194,16.820068359375,130.093994140625,0,0,0,0,0,0,0.0028870159294456244,0.0015974320704117417,0,0,12.998268127441406,12.988319396972656,13.007453918457031,0.014989947900176048,0.016256729140877724,0,0,0,0,0
1787293501199,388,0,0,10,0.18405450880527496,8.553201675415039,125.20268249511719,0,0,0,0,0,0,0.003865669947117567,0.0019180667586624622,0,0,12.998337745666504,12.99350643157959,13.007347106933594,0.015115772373974323,0.016104653477668762,0,0,0,0,0
1787293501218,389,0,0,10,0.07277324795722961,0.6052930951118469,83.97720336914062,0,0,0,0,0,0,0.0033672910649329424,0.0017616443801671267,0,0,12.997953414916992,12.993584632873535,13.006373405456543,0.015177865512669086,0.017053384333848953,0,0,0,0,0
1787293501238,390,0,0,10,0.018234336748719215,-4.977292060852051,133.3528594970703,0,0,0,0,0,0,0.0035598811227828264,0.0018849951447919011,0,0,12.99855899810791,12.994372367858887,13.004663467407227,0.015305803157389164,0.016411393880844116,0,0,0,0,0
1787293501258,391,0,0,10,-0.08352265506982803,-12.542746543884277,130.8845977783203,0,0,0,0,0,0,0.004153157584369183,0.00314524513669312,0,0,12.998937606811523,12.991272926330566,13.004048347473145,0.015411248430609703,0.016775693744421005,0,0,0,0,0
1787293501279,392,0,0,10,-0.051611948758363724,-12.201845169067383,132.53640747070312,0,0,0,0,0,0,0.005094085354357958,0.0022942477371543646,0,0,12.99852180480957,12.994071006774902,13.003089904785156,0.015331754460930824,0.0165561530739069,0.002066541463136673,0,0,0,0
1787293501299,393,0,0,10,0.13193467259407043,10.147699356079102,125.18236541748047,0,0,0,0,0,0,0.0043820785358548164,0.0023963856510818005,0,0,12.998249053955078,12.991155624389648,13.00268268585205,0.015111949294805527,0.01625606045126915,0,0,0,0,0
1787293501319,394,0,0,10,0.11373141407966614,18.62401580810547,110.67984008789062,0,0,0,0,0,0,0.0033791845198720694,0.0019802572205662727,0,0,12.999035835266113,12.995695114135742,13.00589370727539,0.015147918835282326,0.016185859218239784,0,0,0,0,0
1787293501339,395,0,0,10,-0.001845111371949315,-1.0016045570373535,115.6656494140625,0,0,0,0,0,0,0.0034274638164788485,0.0017357701435685158,0,0,12.99892807006836,12.995166778564453,13.003101348876953,0.015123964287340641,0.016098584979772568,0,0,0,0,0
1787293501359,396,0,0,10,0.030738215893507004,8.68830680847168,89.88550567626953,0,0,0,0,0,0,0.0035726004280149937,0.002054717158898711,0,0,12.999330520629883,12.995370864868164,13.002583503723145,0.015275361016392708,0.016207221895456314,0,0,0,0,0
1787293501379,397,0,0,10,0.11614012718200684,7.093016147613525,151.611083984375,0,0,0,0,0,0,0.006732960697263479,0.002421195153146982,0,0,12.998575210571289,12.994024276733398,13.004109382629395,0.015119397081434727,0.01572345942258835,0.002066541463136673,0,0,0,0
1787293501399,398,0,0,10,0.01097202394157648,-8.301739692687988,111.89652252197266,0,0,0,0,0,0,0.004882059525698423,0.002042799023911357,0,0,12.998922348022461,12.995369911193848,13.002025604248047,0.015214638784527779,0.016239531338214874,0,0,0,0,0
1787293501420,399,0,0,10,0.0973474532365799,9.403616905212402,131.91482543945312,0,0,0,0,0,0,0.004366210196167231,0.0019359850557520986,0,0,12.99824047088623,12.994811058044434,13.003279685974121,0.01480265986174345,0.016665004193782806,0,0,0,0,0
1787293501439,400,0,0,10,0.014277388341724873,-4.066495418548584,90.09440612792969,0,0,0,0,0,0,0.004250670783221722,0.0013363381149247289,0,0,12.999217987060547,12.993863105773926,13.005528450012207,0.015227248892188072,0.01609540916979313,0,0,0,0,0
1787293501460,401,0,0,10,0.352759450674057,33.06724166870117,170.79983520507812,0,0,0,0,0,0,0.0046270983293652534,0.0019423727644607425,0,0,12.999038696289062,12.99621295928955,13.002840995788574,0.01485294010490179,0.015854094177484512,0,0,0,0,0
1787293501480,402,0,0,10,0.06879619508981705,13.03779125213623,88.91513061523438,0,0,0,0,0,0,0.002967975102365017,0.0016229187604039907,0,0,12.999711990356445,12.99721622467041,13.002711296081543,0.015024896711111069,0.016452208161354065,0,0,0,0,0
1787293501500,403,0,0,10,-0.132134348154068,-9.996788024902344,154.53125,0,0,0,0,0,0,0.003917302470654249,0.0017731869593262672,0,0,12.998807907104492,12.994096755981445,13.003700256347656,0.014935696497559547,0.015768012031912804,0,0,0,0,0
1787293501520,404,0,0,10,-0.03192147612571716,-2.2826528549194336,109.41297149658203,0,0,0,0,0,0,0.004233951680362225,0.0016676161903887987,0,0,12.998882293701172,12.994717597961426,13.002488136291504,0.015293334610760212,0.016332438215613365,0,0,0,0,0
1787293501540,405,0,0,10,-0.15384505689144135,-18.50086784362793,95.32086181640625,0,0,0,0,0,0,0.0029742494225502014,0.001841540914028883,0,0,12.999871253967285,12.995366096496582,13.007262229919434,0.014974832534790039,0.01630774699151516,0,0,0,0,0
1787293501560,406,0,0,10,-0.13296249508857727,-15.846003532409668,117.68790435791016,0,0,0,0,0,0,0.0037477118894457817,0.001836234936490655,0,0,12.999399185180664,12.99581527709961,13.005351066589355,0.015144871547818184,0.016563791781663895,0,0,0,0,0
1787293501580,407,0,0,10,0.08445989340543747,3.540614366531372,105.7580795288086,0,0,0,0,0,0,0.004518063738942146,0.0016334170941263437,0,0,12.997499465942383,12.993278503417969,13.004191398620605,0.015138138085603714,0.015747403725981712,0.002066541463136673,0,0,0,0
1787293501600,408,0,0,10,-0.04850186035037041,-11.264838218688965,138.42041015625,0,0,0,0,0,0,0.005198067054152489,0.0018129299860447645,0,0,12.999120712280273,12.995241165161133,13.003732681274414,0.01536885928362608,0.01620969921350479,0.002066541463136673,0,0,0,0
1787293501620,409,0,0,10,-0.11266084015369415,-11.336288452148438,206.9898681640625,0,0,0,0,0,0,0.006231473758816719,0.0016576227499172091,0,0,12.998184204101562,12.990621566772461,13.002157211303711,0.01504700817167759,0.015865126624703407,0.002066541463136673,0,0,0,0
1787293501640,410,0,0,10,0.7327593564987183,59.873863220214844,194.12550354003906,0,0,0,0,0,0,0.006492778658866882,0.0010641294065862894,0,0,12.997931480407715,12.994086265563965,13.007892608642578,0.015055747702717781,0.016150129958987236,0.004271461628377438,0,0,0,0
1787293501661,411,0,0,10,-0.09564691036939621,-18.722875595092773,229.24862670898438,0,0,0,0,0,0,0.006079686339944601,0.0021104938350617886,0,0,12.998538970947266,12.990947723388672,13.002068519592285,0.015084955841302872,0.016154944896697998,0.002066541463136673,0,0,0,0
1787293501681,412,0,0,10,-0.19230416417121887,-14.917750358581543,136.9246826171875,0,0,0,0,0,0,0.0047375778667628765,0.00217578187584877,0,0,12.998539924621582,12.996021270751953,13.00378704071045,0.015230679884552956,0.016158031299710274,0.0020652359817177057,0,0,0,0
1787293501701,413,0,0,10,0.026946784928441048,2.771329641342163,210.08216857910156,0,0,0,0,0,0,0.004353001248091459,0.002348643960431218,0,0,12.998106002807617,12.993858337402344,13.001852989196777,0.015180012211203575,0.01616697572171688,0,0,0,0,0
1787293501721,414,0,0,10,-0.057518016546964645,-7.901559829711914,170.53347778320312,0,0,0,0,0,0,0.0048660049214959145,0.0022168306168168783,0,0,12.998922348022461,12.99661922454834,13.002946853637695,0.015116611495614052,0.016506236046552658,0,0,0,0,0
1787293501741,415,0,0,10,0.000782764283940196,-10.872370719909668,152.5940399169922,0,0,0,0,0,0,0.0065520755015313625,0.003036110894754529,0,0,12.999865531921387,12.99517822265625,13.004626274108887,0.015398897230625153,0.017160732299089432,0,0,0,0,0
1787293501761,416,0,0,10,-0.06481891870498657,-10.488692283630371,114.57567596435547,0,0,0,0,0,0,0.005885039921849966,0.002039366401731968,0,0,12.998942375183105,12.995562553405762,13.003159523010254,0.015325513668358326,0.01699952222406864,0.002066541463136673,0,0,0,0
1787293501781,417,0,0,10,-0.09142021089792252,-17.95176887512207,186.42132568359375,0,0,0,0,0,0,0.0053795259445905685,0.002096732147037983,0,0,12.99822998046875,12.994815826416016,13.000617980957031,0.015266558155417442,0.016126636415719986,0.002066541463136673,0,0,0,0
1787293501801,418,0,0,10,0.4249770939350128,31.44937515258789,95.09932708740234,0,0,0,0,0,0,0.004303724970668554,0.002110143890604377,0,0,12.999690055847168,12.994584083557129,13.004433631896973,0.015078185126185417,0.015790820121765137,0,0,0,0,0
1787293501821,419,0,0,10,-0.16468514502048492,-22.569913864135742,122.95913696289062,0,0,0,0,0,0,0.004751020576804876,0.002969253109768033,0,0,12.9984769821167,12.988970756530762,13.004034996032715,0.01509127113968134,0.01653362438082695,0,0,0,0,0
1787293501842,420,0,0,10,0.061459533870220184,-1.8565590381622314,207.27130126953125,0,0,0,0,0,0,0.005133663769811392,0.0018030572682619095,0,0,12.998444557189941,12.993773460388184,13.002482414245605,0.015256967395544052,0.016859132796525955,0.002066541463136673,0,0,0,0
1787293501862,421,0,0,10,0.17298677563667297,7.9409499168396,158.7754364013672,0,0,0,0,0,0,0.003589371917769313,0.0020818845368921757,0,0,12.99863338470459,12.992226600646973,13.004422187805176,0.014960264787077904,0.01588268019258976,0,0,0,0,0
1787293501882,422,0,0,10,0.01366859208792448,-10.190812110900879,104.49395751953125,0,0,0,0,0,0,0.00435794610530138,0.002425480168312788,0,0,12.998109817504883,12.99321174621582,13.000557899475098,0.015332269482314587,0.01627965457737446,0,0,0,0,0
1787293501902,423,0,0,10,-0.1001213788986206,-15.507965087890625,106.9859390258789,0,0,0,0,0,0,0.004300729837268591,0.0017500767717137933,0,0,12.998902320861816,12.994244575500488,13.004143714904785,0.014671399258077145,0.0161287821829319,0,0,0,0,0
1787293501922,424,0,0,10,0.18450886011123657,11.603846549987793,121.46295928955078,0,0,0,0,0,0,0.003909567836672068,0.0021331498865038157,0,0,12.99734115600586,12.99539566040039,12.99964427947998,0.015103383921086788,0.01633545570075512,0,0,0,0,0
1787293501942,425,0,0,10,0.2937103509902954,26.477046966552734,176.7951202392578,0,0,0,0,0,0,0.004308454226702452,0.0024389680474996567,0,0,12.998226165771484,12.98858642578125,13.003150939941406,0.015136023983359337,0.015804283320903778,0,0,0,0,0
1787293501963,426,0,0,10,0.13099981844425201,5.430697917938232,119.8446273803711,0,0,0,0,0,0,0.005839387886226177,0.0024162086192518473,0,0,12.99703311920166,12.993830680847168,12.999670028686523,0.015255223028361797,0.016385629773139954,0,0,0,0,0
1787293501982,427,0,0,10,0.32056567072868347,20.60280990600586,138.79017639160156,0,0,0,0,0,0,0.005649604368954897,0.002913110889494419,0,0,12.998549461364746,12.993374824523926,13.002366065979004,0.015071691013872623,0.01601385697722435,0,0,0,0,0
1787293502002,428,0,0,10,0.013664556667208672,-3.093905210494995,145.65774536132812,0,0,0,0,0,0,0.005498404148966074,0.002087410306558013,0,0,12.997902870178223,12.99164867401123,13.001245498657227,0.015357814729213715,0.01648673228919506,0,0,0,0,0
1787293502022,429,0,0,10,0.21359965205192566,14.644548416137695,118.63578796386719,0,0,0,0,0,0,0.004561458248645067,0.002439951989799738,0,0,12.999234199523926,12.99211597442627,13.002604484558105,0.015122934244573116,0.016737794503569603,0,0,0,0,0
1787293502043,430,0,0,10,0.3404138684272766,36.37693786621094,180.81903076171875,0,0,0,0,0,0,0.003318128176033497,0.0016095215687528253,0,0,12.99797534942627,12.992203712463379,13.003527641296387,0.01521881204098463,0.01630050502717495,0,0,0,0,0
1787293502063,431,0,0,10,-0.07059096544981003,-14.519336700439453,167.4647979736328,0,0,0,0,0,0,0.004519697744399309,0.002332678297534585,0,0,12.998531341552734,12.99453353881836,13.003256797790527,0.014971636235713959,0.016941800713539124,0,0,0,0,0
1787293502083,432,0,0,10,0.15455149114131927,1.5963486433029175,107.14667510986328,0,0,0,0,0,0,0.005021783523261547,0.0019706871826201677,0,0,12.99757194519043,12.99472713470459,13.002034187316895,0.015307687222957611,0.016234736889600754,0,0,0,0,0
1787293502103,433,0,0,10,0.06380534917116165,-11.056631088256836,129.72303771972656,0,0,0,0,0,0,0.004208113066852093,0.0013515104074031115,0,0,12.997199058532715,12.995001792907715,13.001470565795898,0.015168152749538422,0.016389410942792892,0,0,0,0,0
1787293502123,434,0,0,10,-0.0217580646276474,-16.398698806762695,156.63351440429688,0,0,0,0,0,0,0.005443590693175793,0.0019586014095693827,0,0,12.998284339904785,12.993889808654785,13.001410484313965,0.01518918015062809,0.015979312360286713,0,0,0,0,0
1787293502143,435,0,0,10,0.25390610098838806,20.524520874023438,162.9554443359375,0,0,0,0,0,0,0.005106664728373289,0.0016846141079440713,0,0,12.998495101928711,12.989507675170898,13.002760887145996,0.01511094905436039,0.016245093196630478,0.002066541463136673,0,0,0,0
1787293502163,436,0,0,10,-0.17293410003185272,-31.782339096069336,180.7696075439453,0,0,0,0,0,0,0.005460300482809544,0.0026293916162103415,0,0,12.997690200805664,12.99354076385498,13.001126289367676,0.0153183713555336,0.016162315383553505,0,0,0,0,0
1787293502184,437,0,0,10,0.17405849695205688,16.381534576416016,148.68487548828125,0,0,0,0,0,0,0.003633105894550681,0.0023093558847904205,0,0,12.999471664428711,12.994437217712402,13.005773544311523,0.01521887443959713,0.01618301123380661,0,0,0,0,0
1787293502203,438,0,0,10,0.655529797077179,58.37328338623047,141.4449920654297,0,0,0,0,0,0,0.004823177121579647,0.0023034417536109686,0,0,12.997723579406738,12.994232177734375,13.001615524291992,0.015225512906908989,0.016355665400624275,0.0020652359817177057,0,0,0,0
1787293502223,439,0,0,10,0.025802742689847946,-5.0095534324646,177.71446228027344,0,0,0,0,0,0,0.004612166900187731,0.002238430315628648,0,0,12.998242378234863,12.993444442749023,13.002641677856445,0.015038376674056053,0.016102496534585953,0,0,0,0,0
1787293502244,440,0,0,10,0.034079067409038544,-0.3218558430671692,114.11109924316406,0,0,0,0,0,0,0.005782569758594036,0.00215443829074502,0,0,12.998547554016113,12.994589805603027,13.002852439880371,0.015300022438168526,0.016507089138031006,0.002066541463136673,0,0,0,0
1787293502264,441,0,0,10,-0.08846288919448853,-3.4470009803771973,128.53916931152344,0,0,0,0,0,0,0.005038281437009573,0.002030270639806986,0,0,12.998895645141602,12.992048263549805,13.003536224365234,0.014914089813828468,0.016351260244846344,0,0,0,0,0
1787293502284,442,0,0,10,0.49185648560523987,46.43352508544922,125.96701049804688,0,0,0,0,0,0,0.0042887902818620205,0.0019329043570905924,0,0,12.99893569946289,12.994487762451172,13.003586769104004,0.01525181345641613,0.01654730923473835,0.002066541463136673,0,0,0,0
1787293502304,443,0,0,10,0.09403783082962036,2.488846778869629,124.32335662841797,0,0,0,0,0,0,0.003116884734481573,0.0014839746290817857,0,0,12.9967622756958,12.988479614257812,13.003999710083008,0.015132001601159573,0.01623815856873989,0,0,0,0,0
1787293502324,444,0,0,10,0.12390592694282532,-0.37254613637924194,87.8922348022461,0,0,0,0,0,0,0.003223579842597246,0.0014929817989468575,0,0,12.99763011932373,12.992945671081543,13.000121116638184,0.015342391096055508,0.016846738755702972,0,0,0,0,0
1787293502344,445,0,0,10,-0.02366187609732151,-10.658435821533203,107.89192962646484,0,0,0,0,0,0,0.0031097272876650095,0.0018884355667978525,0,0,12.999048233032227,12.995328903198242,13.003580093383789,0.01529593113809824,0.016148706898093224,0,0,0,0,0
1787293502364,446,0,0,10,0.6218820810317993,50.8305549621582,188.4868621826172,0,0,0,0,0,0,0.004727366380393505,0.002585051814094186,0,0,12.997591972351074,12.995718002319336,13.001038551330566,0.015121999196708202,0.01656757853925228,0,0,0,0,0
1787293502384,447,0,0,10,-0.2525084316730499,-28.735980987548828,177.86367797851562,0,0,0,0,0,0,0.003845309605821967,0.002048086142167449,0,0,12.998822212219238,12.993135452270508,13.006438255310059,0.015021249651908875,0.015760434791445732,0,0,0,0,0
1787293502404,448,0,0,10,0.13123519718647003,4.908333778381348,146.97494506835938,0,0,0,0,0,0,0.005221718456596136,0.0015208293916657567,0,0,12.997282981872559,12.989583015441895,13.003131866455078,0.014996510930359364,0.01605479046702385,0.0020652359817177057,0,0,0,0
1787293502424,449,0,0,10,0.17321456968784332,7.604831695556641,95.09781646728516,0,0,0,0,0,0,0.004772056359797716,0.0021558988373726606,0,0,12.998998641967773,12.995777130126953,13.003955841064453,0.015282259322702885,0.016208788380026817,0,0,0,0,0
1787293502445,450,0,0,10,-0.2157757580280304,-23.762928009033203,143.64012145996094,0,0,0,0,0,0,0.005209417548030615,0.0018190183909609914,0,0,12.998015403747559,12.993618965148926,13.002391815185547,0.014975596219301224,0.016378318890929222,0.0020652359817177057,0,0,0,0
1787293502465,451,0,0,10,-0.04980134963989258,-11.36378002166748,162.23550415039062,0,0,0,0,0,0,0.004888597410172224,0.00261687021702528,0,0,12.997822761535645,12.990579605102539,13.00481128692627,0.014893808402121067,0.015679942443966866,0,0,0,0,0
1787293502485,452,0,0,10,0.3286333978176117,24.956573486328125,180.35726928710938,0,0,0,0,0,0,0.0063573564402759075,0.002269924618303776,0,0,12.997546195983887,12.990896224975586,13.001051902770996,0.015672452747821808,0.01709248498082161,0.002066541463136673,0,0,0,0
1787293502505,453,0,0,10,0.04730833321809769,13.424745559692383,186.6968536376953,0,0,0,0,0,0,0.005238315090537071,0.002041292143985629,0,0,12.998387336730957,12.994902610778809,13.003274917602539,0.015480955131351948,0.01636161096394062,0,0,0,0,0
1787293502525,454,0,0,10,-0.039818864315748215,-14.459464073181152,173.4026641845703,0,0,0,0,0,0,0.0056960126385092735,0.002750299172475934,0,0,12.998005867004395,12.99284553527832,13.005231857299805,0.015166254714131355,0.015955675393342972,0,0,0,0,0
1787293502545,455,0,0,10,0.036145757883787155,10.880874633789062,163.5077362060547,0,0,0,0,0,0,0.0036777197383344173,0.002199711510911584,0,0,12.997211456298828,12.990134239196777,13.00296688079834,0.015589691698551178,0.017258401960134506,0,0,0,0,0
1787293502565,456,0,0,10,0.16622139513492584,11.114011764526367,169.44520568847656,0,0,0,0,0,0,0.004492929670959711,0.0022030272521078587,0,0,12.997370719909668,12.992728233337402,13.001791000366211,0.015509421937167645,0.01615307107567787,0,0,0,0,0
1787293502585,457,0,0,10,-0.13534732162952423,-18.356552124023438,168.1272735595703,0,0,0,0,0,0,0.004124054219573736,0.0020527001470327377,0,0,12.997435569763184,12.994494438171387,12.999785423278809,0.015496927313506603,0.01639924757182598,0,0,0,0,0
1787293502605,458,0,0,10,0.5057764053344727,46.58811569213867,259.93817138671875,0,0,0,0,0,0,0.006484161596745253,0.002441404154524207,0,0,12.997566223144531,12.994751930236816,13.002144813537598,0.015487119555473328,0.01664470136165619,0.002066541463136673,0,0,0,0
1787293502625,459,0,0,10,0.2629687190055847,23.742698669433594,210.69198608398438,0,0,0,0,0,0,0.004328256938606501,0.0019247207092121243,0,0,12.997954368591309,12.989639282226562,13.001716613769531,0.01564955711364746,0.016531627625226974,0,0,0,0,0
1787293502645,460,0,0,10,-0.12724681198596954,-16.66225242614746,145.35289001464844,0,0,0,0,0,0,0.004905416630208492,0.0021608532406389713,0,0,12.999177932739258,12.995834350585938,13.004053115844727,0.015475332736968994,0.016566738486289978,0,0,0,0,0
1787293502666,461,0,0,10,0.27686959505081177,4.626278877258301,284.15240478515625,0,0,0,0,0,0,0.00643401313573122,0.002534250495955348,0,0,12.999100685119629,12.99513053894043,13.003870964050293,0.01533584762364626,0.017426801845431328,0,0,0,0,0
1787293502686,462,0,0,10,0.11802332103252411,16.300065994262695,224.48135375976562,0,0,0,0,0,0,0.00895429216325283,0.00198035198263824,0,0,12.99873161315918,12.996270179748535,13.005209922790527,0.015494683757424355,0.016895728185772896,0.006477687042206526,0,0,0,0
1787293502706,463,0,0,10,0.5450538992881775,35.595890045166016,223.4057159423828,0,0,0,0,0,0,0.007312762551009655,0.0021325666457414627,0,0,12.998781204223633,12.995095252990723,13.003646850585938,0.015169464983046055,0.016254402697086334,0.0020652359817177057,0,0,0,0
1787293502726,464,0,0,10,-0.0813475102186203,-9.733803749084473,215.56007385253906,0,0,0,0,0,0,0.007514771074056625,0.0022231831680983305,0,0,12.996771812438965,12.989480018615723,13.001776695251465,0.015426084399223328,0.017244702205061913,0.002066541463136673,0,0,0,0
1787293502746,465,0,0,10,0.0615597739815712,-0.035910725593566895,155.0078125,0,0,0,0,0,0,0.007555659394711256,0.00195437204092741,0,0,12.99906063079834,12.99509334564209,13.00287914276123,0.015302905812859535,0.0164265725761652,0.002066541463136673,0,0,0,0
1787293502766,466,0,0,10,0.07186427712440491,-5.134659290313721,77.59851837158203,0,0,0,0,0,0,0.007449316326528788,0.0021454300731420517,0,0,12.998180389404297,12.994000434875488,13.002318382263184,0.0153327202424407,0.01608811318874359,0.002066541463136673,0,0,0,0
1787293502786,467,0,0,10,0.034479595720767975,-1.381566047668457,95.42945861816406,0,0,0,0,0,0,0.0049088820815086365,0.0032416211906820536,0,0,12.997101783752441,12.990043640136719,13.001763343811035,0.015297061763703823,0.01628972217440605,0,0,0,0,0
1787293502806,468,0,0,10,-0.03876832500100136,-5.944192409515381,166.5283966064453,0,0,0,0,0,0,0.006708336062729359,0.0030483854934573174,0,0,12.997255325317383,12.994189262390137,13.003253936767578,0.015243109315633774,0.0166594460606575,0.002066541463136673,0,0,0,0
1787293502827,469,0,0,10,0.005310011561959982,1.7471648454666138,227.978759765625,0,0,0,0,0,0,0.005580762401223183,0.0026260544545948505,0,0,12.99703598022461,12.987857818603516,13.001542091369629,0.015412766486406326,0.01678730919957161,0,0,0,0,0
1787293502847,470,0,0,10,-0.2547862231731415,-40.84563446044922,217.43841552734375,0,0,0,0,0,0,0.006397872697561979,0.0023929313756525517,0,0,12.998007774353027,12.993764877319336,13.003312110900879,0.01543552614748478,0.016579309478402138,0.002066541463136673,0,0,0,0
1787293502867,471,0,0,10,0.22332121431827545,18.89470672607422,194.55081176757812,0,0,0,0,0,0,0.00514767412096262,0.0021767315920442343,0,0,12.997690200805664,12.991656303405762,13.001462936401367,0.015359916724264622,0.01621682569384575,0,0,0,0,0
1787293502887,472,0,0,10,0.28476330637931824,16.894752502441406,173.40814208984375,0,0,0,0,0,0,0.007929254323244095,0.002534118015319109,0,0,12.998933792114258,12.996206283569336,13.002680778503418,0.0153391407802701,0.016846608370542526,0.002066541463136673,0,0,0,0
1787293502907,473,0,0,10,0.2340281754732132,17.38007354736328,254.5736846923828,0,0,0,0,0,0,0.006350845098495483,0.0026145298033952713,0,0,12.99880313873291,12.9965238571167,13.00084400177002,0.015141413547098637,0.015989767387509346,0.002066541463136673,0,0,0,0
1787293502927,474,0,0,10,-0.175242617726326,-10.216251373291016,178.83995056152344,0,0,0,0,0,0,0.005784462206065655,0.00301203946582973,0,0,12.998332023620605,12.993073463439941,13.001505851745605,0.015429207123816013,0.01628672145307064,0,0,0,0,0
1787293502947,475,0,0,10,0.22095419466495514,12.358049392700195,281.9770202636719,0,0,0,0,0,0,0.006420310586690903,0.0024732293095439672,0,0,12.996309280395508,12.992443084716797,13.000301361083984,0.015340447425842285,0.0166177861392498,0,0,0,0,0
1787293502967,476,0,0,10,-0.09303288161754608,-13.868640899658203,192.7651824951172,0,0,0,0,0,0,0.005494844168424606,0.0019549138378351927,0,0,12.996949195861816,12.987051963806152,13.000017166137695,0.015080146491527557,0.016242992132902145,0,0,0,0,0
1787293502987,477,0,0,10,-0.19176822900772095,-18.505468368530273,142.01846313476562,0,0,0,0,0,0,0.0028564517851918936,0.0021080784499645233,0,0,12.996590614318848,12.993461608886719,12.999664306640625,0.01515316590666771,0.016333257779479027,0,0,0,0,0
1787293503007,478,0,0,10,-0.0784013420343399,-19.10584259033203,114.24153900146484,0,0,0,0,0,0,0.004735835827887058,0.002885357476770878,0,0,12.997108459472656,12.988349914550781,13.002118110656738,0.015315255150198936,0.016368238255381584,0,0,0,0,0
1787293503028,479,0,0,10,-0.04484737664461136,-6.091676235198975,137.5801239013672,0,0,0,0,0,0,0.004842717200517654,0.0018543855985626578,0,0,12.997271537780762,12.98757266998291,13.002102851867676,0.015210947953164577,0.016193339601159096,0.0020652359817177057,0,0,0,0
1787293503048,480,0,0,10,0.21592696011066437,17.28204345703125,148.46002197265625,0,0,0,0,0,0,0.00397776672616601,0.0018821146804839373,0,0,12.998481750488281,12.995406150817871,13.003929138183594,0.015347239561378956,0.01611076481640339,0.002066541463136673,0,0,0,0
1787293503069,481,0,0,10,0.48805955052375793,39.88853073120117,287.7390441894531,0,0,0,0,0,0,0.005035781767219305,0.0021523842588067055,0,0,12.999460220336914,12.991538047790527,13.002406120300293,0.015156269073486328,0.01720963977277279,0,0,0,0,0
1787293503088,482,0,0,10,0.35037076473236084,29.314537048339844,225.5623321533203,0,0,0,0,0,0,0.0059641264379024506,0.0018684021197259426,0,0,12.99918270111084,12.995290756225586,13.00583553314209,0.015300371684134007,0.016524571925401688,0.002066541463136673,0,0,0,0
1787293503108,483,0,0,10,0.15488311648368835,12.038695335388184,187.65689086914062,0,0,0,0,0,0,0.005083390977233648,0.0017874466720968485,0,0,12.999256134033203,12.993280410766602,13.004005432128906,0.015297661535441875,0.016048453748226166,0,0,0,0,0
1787293503128,484,0,0,10,-0.11177343130111694,-14.850273132324219,183.72755432128906,0,0,0,0,0,0,0.003986921161413193,0.0018084892071783543,0,0,12.99707317352295,12.990580558776855,13.002922058105469,0.015392975881695747,0.01663147285580635,0,0,0,0,0
1787293503148,485,0,0,10,0.3991474211215973,40.73230743408203,136.7456817626953,0,0,0,0,0,0,0.006046568974852562,0.0020102285780012608,0,0,12.99715518951416,12.992820739746094,13.001179695129395,0.015170157887041569,0.01599314622581005,0,0,0,0,0
1787293503168,486,0,0,10,-0.15542173385620117,-24.25477409362793,238.35096740722656,0,0,0,0,0,0,0.004924801643937826,0.0021916425321251154,0,0,12.99660873413086,12.993247032165527,13.002668380737305,0.015231459401547909,0.017151745036244392,0,0,0,0,0
1787293503188,487,0,0,10,0.7413029074668884,59.695106506347656,221.72509765625,0,0,0,0,0,0,0.006182526703923941,0.0024486545007675886,0,0,12.998058319091797,12.988347053527832,13.002647399902344,0.015167432837188244,0.016187021508812904,0,0,0,0,0
1787293503209,488,0,0,10,0.14368851482868195,6.688553810119629,173.01156616210938,0,0,0,0,0,0,0.006060373038053513,0.002557193860411644,0,0,12.996971130371094,12.99337387084961,13.003866195678711,0.015552741475403309,0.016555190086364746,0.002066541463136673,0,0,0,0
1787293503229,489,0,0,10,0.04691155254840851,-10.72364616394043,135.4841766357422,0,0,0,0,0,0,0.006036265287548304,0.0025453243870288134,0,0,12.997633934020996,12.994139671325684,13.002742767333984,0.015375170856714249,0.01623627357184887,0.002066541463136673,0,0,0,0
1787293503248,490,0,0,10,0.03936251252889633,-1.3164372444152832,130.3358917236328,0,0,0,0,0,0,0.00381891755387187,0.0018445696914568543,0,0,12.99806022644043,12.991291046142578,13.003210067749023,0.015411842614412308,0.016283897683024406,0,0,0,0,0
1787293503269,491,0,0,10,-0.030094657093286514,-13.904496192932129,135.86131286621094,0,0,0,0,0,0,0.0050075240433216095,0.0019771140068769455,0,0,12.998835563659668,12.993035316467285,13.002251625061035,0.015407628379762173,0.016207914799451828,0,0,0,0,0
1787293503289,492,0,0,10,0.09263131767511368,-8.66455078125,259.34136962890625,0,0,0,0,0,0,0.006779222749173641,0.002837560838088393,0,0,12.99740982055664,12.989974975585938,13.001997947692871,0.01561473123729229,0.01640949584543705,0,0,0,0,0
1787293503309,493,0,0,10,0.17413368821144104,5.205050468444824,220.85780334472656,0,0,0,0,0,0,0.00547000952064991,0.0025016809813678265,0,0,12.9983549118042,12.990466117858887,13.001811027526855,0.015410802327096462,0.016814621165394783,0.002066541463136673,0,0,0,0
1787293503329,494,0,0,10,-0.012148115783929825,-4.781382083892822,198.8626708984375,0,0,0,0,0,0,0.005590477026998997,0.0024025042075663805,0,0,12.997918128967285,12.99411392211914,13.00401782989502,0.01531913597136736,0.01678132824599743,0.002066541463136673,0,0,0,0
1787293503349,495,0,0,10,-0.13558891415596008,-10.606083869934082,259.4271240234375,0,0,0,0,0,0,0.006173072382807732,0.0023091526236385107,0,0,12.996785163879395,12.991612434387207,13.001015663146973,0.015202322043478489,0.016198568046092987,0.002066541463136673,0,0,0,0
1787293503369,496,0,0,10,0.04248245805501938,13.046881675720215,191.51416015625,0,0,0,0,0,0,0.00493144616484642,0.0028047866653651,0,0,12.997604370117188,12.994365692138672,13.003138542175293,0.015486536547541618,0.01668555662035942,0,0,0,0,0
1787293503389,497,0,0,10,-0.13973675668239594,-13.649274826049805,112.5445785522461,0,0,0,0,0,0,0.004948179237544537,0.002616991987451911,0,0,12.997075080871582,12.990138053894043,13.003621101379395,0.015737857669591904,0.01643183082342148,0,0,0,0,0
1787293503409,498,0,0,10,0.5237151980400085,46.84811019897461,157.92039489746094,0,0,0,0,0,0,0.006119391415268183,0.0024789010640233755,0,0,12.997474670410156,12.992607116699219,12.9996337890625,0.015560145489871502,0.016943251714110374,0,0,0,0,0
1787293503429,499,0,0,10,0.058029286563396454,-0.11221124976873398,179.65150451660156,0,0,0,0,0,0,0.005364695563912392,0.0023304643109440804,0,0,12.997737884521484,12.987001419067383,13.00385570526123,0.015226251445710659,0.0165746808052063,0,0,0,0,0
1787293503450,500,0,0,10,0.1258496791124344,14.435306549072266,141.4169464111328,0,0,0,0,0,0,0.00402707327157259,0.002405943116173148,0,0,12.998501777648926,12.987167358398438,13.004858016967773,0.015492115169763565,0.016273003071546555,0,0,0,0,0
1787293503470,501,0,0,10,0.3423096835613251,26.039344787597656,187.49598693847656,0,0,0,0,0,0,0.0049871900118887424,0.0020286969374865294,0,0,12.999539375305176,12.99283218383789,13.004271507263184,0.015321038663387299,0.01661832630634308,0,0,0,0,0
1787293503490,502,0,0,10,0.25424638390541077,20.898271560668945,139.15780639648438,0,0,0,0,0,0,0.00495546218007803,0.0014535213122144341,0,0,12.997495651245117,12.992594718933105,13.00058364868164,0.015586021356284618,0.01636182703077793,0,0,0,0,0
1787293503510,503,0,0,10,0.08019950985908508,0.05702562257647514,155.4358367919922,0,0,0,0,0,0,0.004272149410098791,0.00231635058298707,0,0,12.997692108154297,12.992612838745117,13.000434875488281,0.015368959866464138,0.016565514728426933,0.002066541463136673,0,0,0,0
1787293503530,504,0,0,10,0.08868400752544403,3.14431095123291,128.55517578125,0,0,0,0,0,0,0.0033651136327534914,0.002197959925979376,0,0,12.997611045837402,12.986233711242676,13.003366470336914,0.015637682750821114,0.016836708411574364,0,0,0,0,0
1787293503550,505,0,0,10,0.3055785894393921,29.79615020751953,244.00941467285156,0,0,0,0,0,0,0.00441422825679183,0.001897863345220685,0,0,12.998002052307129,12.989359855651855,13.002050399780273,0.015139438211917877,0.016084808856248856,0,0,0,0,0
1787293503570,506,0,0,10,-0.15438306331634521,-20.53481674194336,143.5315399169922,0,0,0,0,0,0,0.0038249066565185785,0.0020607742480933666,0,0,12.99660587310791,12.988801956176758,13.000161170959473,0.015395770780742168,0.01686815544962883,0,0,0,0,0
1787293503590,507,0,0,10,-0.07590235769748688,-12.720775604248047,152.1283721923828,0,0,0,0,0,0,0.004099265672266483,0.0014074472710490227,0,0,12.998553276062012,12.994222640991211,13.003700256347656,0.015389615669846535,0.016634291037917137,0,0,0,0,0
1787293503610,508,0,0,10,0.10700671374797821,10.10513687133789,175.0443878173828,0,0,0,0,0,0,0.0034635362681001425,0.0019878216553479433,0,0,12.998088836669922,12.993699073791504,13.004035949707031,0.01534191519021988,0.016300752758979797,0,0,0,0,0
1787293503631,509,0,0,10,-0.036552414298057556,-5.624866485595703,176.11395263671875,0,0,0,0,0,0,0.004562361631542444,0.002182610798627138,0,0,12.999194145202637,12.99582576751709,13.005780220031738,0.015474041923880577,0.01673886924982071,0,0,0,0,0
1787293503650,510,0,0,10,0.013601858168840408,-1.6286377906799316,132.6385040283203,0,0,0,0,0,0,0.003283659927546978,0.0013628145679831505,0,0,12.99849796295166,12.994073867797852,13.0044584274292,0.015474224463105202,0.016679825261235237,0,0,0,0,0
1787293503671,511,0,0,10,-0.11889815330505371,-17.756855010986328,147.08984375,0,0,0,0,0,0,0.0035612580832093954,0.0015353766502812505,0,0,12.999115943908691,12.993474006652832,13.002686500549316,0.015230906195938587,0.01630139723420143,0,0,0,0,0
1787293503691,512,0,0,10,0.2831205129623413,14.482434272766113,150.50027465820312,0,0,0,0,0,0,0.004649503622204065,0.001970074139535427,0,0,12.998440742492676,12.994884490966797,13.002022743225098,0.015292702242732048,0.0164872407913208,0,0,0,0,0
1787293503711,513,0,0,10,0.1660909205675125,5.257305145263672,155.94554138183594,0,0,0,0,0,0,0.00683314586058259,0.0027945120818912983,0,0,12.998605728149414,12.995767593383789,13.002857208251953,0.015255467034876347,0.01657489500939846,0.0020652359817177057,0,0,0,0
1787293503731,514,0,0,10,0.5233823657035828,48.67185974121094,274.6089172363281,0,0,0,0,0,0,0.007937183603644371,0.0030027292668819427,0,0,12.996404647827148,12.992012023925781,13.002241134643555,0.015247831121087074,0.016257043927907944,0,0,0,0,0
1787293503752,515,0,0,10,0.3571322560310364,35.054325103759766,185.239990234375,0,0,0,0,0,0,0.007884781807661057,0.0024000026751309633,0,0,12.997148513793945,12.995292663574219,13.000714302062988,0.015541874803602695,0.01667216047644615,0.002066541463136673,0,0,0,0
1787293503771,516,0,0,10,-0.02407577633857727,-3.157029151916504,171.27003479003906,0,0,0,0,0,0,0.007367439568042755,0.0026756534352898598,0,0,12.997450828552246,12.993803024291992,13.00206470489502,0.015442246571183205,0.016530783846974373,0,0,0,0,0
1787293503791,517,0,0,10,0.13162674009799957,0.808654248714447,211.71405029296875,0,0,0,0,0,0,0.009226430207490921,0.0030791040044277906,0,0,12.996864318847656,12.993865966796875,13.002182960510254,0.015459164045751095,0.016365179792046547,0,0,0,0,0
1787293503812,518,0,0,10,-0.02657184563577175,-14.594141006469727,203.37356567382812,0,0,0,0,0,0,0.006760924123227596,0.0032205728348344564,0,0,12.997708320617676,12.994531631469727,13.000763893127441,0.015702897682785988,0.016462458297610283,0,0,0,0,0
1787293503831,519,0,0,10,0.05392647534608841,-1.572774887084961,181.02285766601562,0,0,0,0,0,0,0.006458811927586794,0.00221386575140059,0,0,12.998372077941895,12.993576049804688,13.005248069763184,0.01538954395800829,0.015991922467947006,0.002066541463136673,0,0,0,0
1787293503851,520,0,0,10,-0.13294625282287598,-8.247615814208984,143.2611541748047,0,0,0,0,0,0,0.004726470448076725,0.0025665455032140017,0,0,12.999191284179688,12.991371154785156,13.003939628601074,0.015417778864502907,0.016427170485258102,0,0,0,0,0
1787293503871,521,0,0,10,-0.09102237224578857,-25.48379135131836,186.20213317871094,0,0,0,0,0,0,0.008017691783607006,0.002028952818363905,0,0,12.997560501098633,12.990191459655762,13.003283500671387,0.015403474681079388,0.016391316428780556,0.004271461628377438,0,0,0,0
1787293503892,522,0,0,10,0.09126288443803787,16.72936248779297,159.75572204589844,0,0,0,0,0,0,0.0066809020936489105,0.001979576190933585,0,0,12.997467041015625,12.99150276184082,13.000444412231445,0.015251876786351204,0.01651134341955185,0.002066541463136673,0,0,0,0
1787293503912,523,0,0,10,0.1470949798822403,22.315582275390625,159.3287811279297,0,0,0,0,0,0,0.006521179806441069,0.002212459221482277,0,0,12.998035430908203,12.993021011352539,13.000473022460938,0.015353989787399769,0.016145553439855576,0.0020652359817177057,0,0,0,0
1787293503932,524,0,0,10,0.14871221780776978,5.321785926818848,259.49627685546875,0,0,0,0,0,0,0.005797357764095068,0.00280422018840909,0,0,12.997355461120605,12.993108749389648,13.001046180725098,0.015232776291668415,0.01647227443754673,0,0,0,0,0
1787293503952,525,0,0,10,-0.022541064769029617,-1.415604591369629,137.86300659179688,0,0,0,0,0,0,0.005017428193241358,0.0028730437625199556,0,0,12.99822998046875,12.994355201721191,13.003914833068848,0.01550325844436884,0.016495805233716965,0,0,0,0,0
1787293503972,526,0,0,10,0.010320024564862251,-5.909996032714844,179.56423950195312,0,0,0,0,0,0,0.004955167882144451,0.0028634958434849977,0,0,12.996277809143066,12.987039566040039,13.001401901245117,0.01550561934709549,0.016419555991888046,0,0,0,0,0
1787293503992,527,0,0,10,0.11443227529525757,-0.38136419653892517,170.1516876220703,0,0,0,0,0,0,0.005795913282781839,0.0025036667939275503,0,0,12.998943328857422,12.995035171508789,13.008435249328613,0.015321876853704453,0.0167715921998024,0,0,0,0,0
1787293504012,528,0,0,10,0.13707198202610016,8.568557739257812,145.8031768798828,0,0,0,0,0,0,0.005530163180083036,0.00198458693921566,0,0,12.99629020690918,12.99073600769043,12.999696731567383,0.015568139962852001,0.016857407987117767,0,0,0,0,0
1787293504033,529,0,0,10,0.06497421860694885,-3.911557912826538,222.5353240966797,0,0,0,0,0,0,0.005499578081071377,0.0018763142870739102,0,0,12.998045921325684,12.995442390441895,13.003024101257324,0.015367946587502956,0.016499606892466545,0,0,0,0,0
1787293504052,530,0,0,10,-0.0803932473063469,-10.829904556274414,141.7544708251953,0,0,0,0,0,0,0.004967524204403162,0.0022238309029489756,0,0,12.997884750366211,12.993489265441895,13.002371788024902,0.015610962174832821,0.016729045659303665,0,0,0,0,0
1787293504073,531,0,0,10,-0.026523269712924957,-6.4699177742004395,126.73634338378906,0,0,0,0,0,0,0.003991245292127132,0.0021429506596177816,0,0,12.998331069946289,12.996026039123535,13.00448226928711,0.015137077309191227,0.01618555374443531,0,0,0,0,0
1787293504093,532,0,0,10,0.11719588935375214,7.63958740234375,134.77792358398438,0,0,0,0,0,0,0.004981153178960085,0.0016402750043198466,0,0,12.998583793640137,12.993511199951172,13.00350570678711,0.015090213157236576,0.016208656132221222,0.002066541463136673,0,0,0,0
1787293504113,533,0,0,10,-0.10692347586154938,-9.198112487792969,132.1645965576172,0,0,0,0,0,0,0.00369125884026289,0.001973338657990098,0,0,12.998092651367188,12.993515968322754,13.00245475769043,0.015389831736683846,0.016451876610517502,0,0,0,0,0
1787293504133,534,0,0,10,0.1710929423570633,9.396462440490723,80.49080657958984,0,0,0,0,0,0,0.0035043684765696526,0.0017298959428444505,0,0,12.997546195983887,12.992652893066406,13.003421783447266,0.015466664917767048,0.01620679907500744,0,0,0,0,0
1787293504153,535,0,0,10,-0.09526282548904419,-14.507861137390137,92.97183990478516,0,0,0,0,0,0,0.0035539474338293076,0.0019275203812867403,0,0,12.997108459472656,12.989625930786133,13.002473831176758,0.015377822332084179,0.016596125438809395,0,0,0,0,0
1787293504173,536,0,0,10,0.02425548806786537,6.081529140472412,104.1504898071289,0,0,0,0,0,0,0.0037746455054730177,0.0019943639636039734,0,0,12.995954513549805,12.992907524108887,13.0001802444458,0.01520952582359314,0.016157537698745728,0,0,0,0,0
1787293504193,537,0,0,10,0.3481273353099823,37.05731964111328,120.43843078613281,0,0,0,0,0,0,0.005103435833007097,0.0024811297189444304,0,0,12.99634075164795,12.982762336730957,13.001787185668945,0.015142429620027542,0.017115995287895203,0,0,0,0,0
1787293504213,538,0,0,10,-0.03659702464938164,-1.9753680229187012,123.1500015258789,0,0,0,0,0,0,0.004344090353697538,0.0017559104599058628,0,0,12.996499061584473,12.993022918701172,12.999859809875488,0.015297061763703823,0.01586715504527092,0,0,0,0,0
1787293504233,539,0,0,10,0.3495323956012726,30.5469970703125,126.07656860351562,0,0,0,0,0,0,0.0040766154415905476,0.0016660307301208377,0,0,12.998222351074219,12.984111785888672,13.00220775604248,0.0154487956315279,0.016786642372608185,0,0,0,0,0
1787293504254,540,0,0,10,0.1383025348186493,4.6584014892578125,79.01441192626953,0,0,0,0,0,0,0.00462691392749548,0.0021480827126652002,0,0,12.997583389282227,12.99316692352295,13.002809524536133,0.015676122158765793,0.016950661316514015,0,0,0,0,0
1787293504274,541,0,0,10,-0.10509330779314041,-14.817038536071777,105.2493667602539,0,0,0,0,0,0,0.003527941880747676,0.0016521560028195381,0,0,12.99747085571289,12.99359130859375,13.000434875488281,0.015633761882781982,0.016633111983537674,0,0,0,0,0
1787293504294,542,0,0,10,-0.001579685602337122,-8.512396812438965,130.8421630859375,0,0,0,0,0,0,0.0034312501084059477,0.0015306808054447174,0,0,12.998957633972168,12.994538307189941,13.003621101379395,0.015493298880755901,0.016670312732458115,0,0,0,0,0
1787293504314,543,0,0,10,0.0045735943131148815,-4.653083324432373,132.66366577148438,0,0,0,0,0,0,0.004561076406389475,0.0022729970514774323,0,0,12.996339797973633,12.99284553527832,13.001501083374023,0.015232897363603115,0.016275573521852493,0,0,0,0,0
1787293504334,544,0,0,10,0.11345755308866501,5.563442707061768,115.0942611694336,0,0,0,0,0,0,0.0034525152295827866,0.00212574633769691,0,0,12.99698543548584,12.99212646484375,13.002716064453125,0.015615950338542461,0.016851376742124557,0,0,0,0,0
1787293504354,545,0,0,10,-0.24201461672782898,-28.7160587310791,175.92739868164062,0,0,0,0,0,0,0.003934590611606836,0.0016938195331022143,0,0,12.997061729431152,12.9920072555542,13.00192642211914,0.015318297781050205,0.016849186271429062,0,0,0,0,0
1787293504374,546,0,0,10,0.042736753821372986,0.24692808091640472,139.92051696777344,0,0,0,0,0,0,0.004897255916148424,0.002076079836115241,0,0,12.997697830200195,12.993306159973145,13.000612258911133,0.015519124455749989,0.016783764585852623,0,0,0,0,0
1787293504394,547,0,0,10,-0.1793941706418991,-20.447717666625977,141.39111328125,0,0,0,0,0,0,0.0027440469712018967,0.0018854322843253613,0,0,12.997718811035156,12.993568420410156,13.001520156860352,0.015323679894208908,0.016574963927268982,0,0,0,0,0
1787293504414,548,0,0,10,0.016710510477423668,-8.07771110534668,153.54290771484375,0,0,0,0,0,0,0.005212254822254181,0.0024384544230997562,0,0,12.995722770690918,12.99268627166748,12.999679565429688,0.015454678796231747,0.016690105199813843,0,0,0,0,0
1787293504434,549,0,0,10,0.42305976152420044,31.87413787841797,190.2407989501953,0,0,0,0,0,0,0.0037823698949068785,0.0019184632692486048,0,0,12.998177528381348,12.99555778503418,13.003371238708496,0.01525665819644928,0.01568993553519249,0,0,0,0,0
1787293504454,550,0,0,10,0.09704297035932541,-1.5031182765960693,222.80325317382812,0,0,0,0,0,0,0.005578317679464817,0.0023558109533041716,0,0,12.997730255126953,12.993208885192871,13.001320838928223,0.015340059995651245,0.01639881730079651,0.002066541463136673,0,0,0,0
1787293504474,551,0,0,10,-0.008582452312111855,-3.482165575027466,126.62401580810547,0,0,0,0,0,0,0.003936517983675003,0.0023774136789143085,0,0,12.998101234436035,12.985888481140137,13.003854751586914,0.015377061441540718,0.016398709267377853,0,0,0,0,0
1787293504495,552,0,0,10,0.09737857431173325,6.965489387512207,142.85769653320312,0,0,0,0,0,0,0.004992157686501741,0.0030759230721741915,0,0,12.99794864654541,12.991166114807129,13.000484466552734,0.015405291691422462,0.016812654212117195,0,0,0,0,0
1787293504515,553,0,0,10,0.044936809688806534,-0.09563193470239639,134.94544982910156,0,0,0,0,0,0,0.0029606467578560114,0.0018047167686745524,0,0,12.998187065124512,12.995152473449707,13.00074291229248,0.015329566784203053,0.01645677350461483,0,0,0,0,0
1787293504535,554,0,0,10,0.36922040581703186,31.270009994506836,149.16842651367188,0,0,0,0,0,0,0.003956113010644913,0.0019480028422549367,0,0,12.996305465698242,12.992103576660156,13.000672340393066,0.015382250770926476,0.016156412661075592,0,0,0,0,0
1787293504555,555,0,0,10,-0.029207248240709305,-8.559843063354492,114.55467224121094,0,0,0,0,0,0,0.0034992475993931293,0.002580739092081785,0,0,12.996675491333008,12.99195384979248,12.999844551086426,0.015275057405233383,0.016149980947375298,0,0,0,0,0
1787293504575,556,0,0,10,0.2561606466770172,21.830055236816406,160.74964904785156,0,0,0,0,0,0,0.004960794933140278,0.0024732653982937336,0,0,12.997429847717285,12.992326736450195,13.000457763671875,0.015409056097269058,0.01660129614174366,0,0,0,0,0
1787293504595,557,0,0,10,-0.27814745903015137,-24.093873977661133,164.68984985351562,0,0,0,0,0,0,0.005080398637801409,0.0022329995408654213,0,0,12.998486518859863,12.991189002990723,13.005741119384766,0.015304646454751492,0.016245516017079353,0,0,0,0,0
1787293504615,558,0,0,10,0.30098864436149597,25.23133087158203,142.01116943359375,0,0,0,0,0,0,0.004853317979723215,0.0021073941607028246,0,0,12.997167587280273,12.993699073791504,13.00110912322998,0.015278373844921589,0.01662931591272354,0,0,0,0,0
1787293504635,559,0,0,10,-0.06555814296007156,-9.241930961608887,117.17276000976562,0,0,0,0,0,0,0.00361477374099195,0.002034430392086506,0,0,12.99777889251709,12.990936279296875,13.004141807556152,0.015306671150028706,0.016347389668226242,0,0,0,0,0
1787293504655,560,0,0,10,0.01632237434387207,-5.747371673583984,96.17890930175781,0,0,0,0,0,0,0.004701156634837389,0.001919846748933196,0,0,12.997539520263672,12.993239402770996,13.001867294311523,0.015302605926990509,0.016534384340047836,0.002066541463136673,0,0,0,0
1787293504677,561,0,0,10,-0.21639524400234222,-28.306774139404297,83.15385437011719,0,0,0,0,0,0,0.003996950574219227,0.0026837848126888275,0,0,12.9983549118042,12.995055198669434,13.002699851989746,0.015531791374087334,0.01647034101188183,0,0,0,0,0
1787293504696,562,0,0,10,-0.13289719820022583,-24.05235481262207,232.3081512451172,0,0,0,0,0,0,0.004753265995532274,0.002151901600882411,0,0,12.998313903808594,12.992831230163574,13.002457618713379,0.015464574098587036,0.016618236899375916,0.002066541463136673,0,0,0,0
1787293504716,563,0,0,10,0.3191571831703186,29.211977005004883,164.23365783691406,0,0,0,0,0,0,0.004318883176892996,0.002017589984461665,0,0,12.998897552490234,12.993990898132324,13.004457473754883,0.015326681546866894,0.016599120572209358,0,0,0,0,0
1787293504736,564,0,0,10,0.051006145775318146,-1.0745697021484375,195.70510864257812,0,0,0,0,0,0,0.003975325264036655,0.0019670322071760893,0,0,12.997997283935547,12.993905067443848,13.000898361206055,0.015442092902958393,0.016778865829110146,0,0,0,0,0
1787293504756,565,0,0,10,0.45367231965065,34.75336837768555,124.63199615478516,0,0,0,0,0,0,0.004457571543753147,0.002679136348888278,0,0,12.99774169921875,12.993659019470215,13.001469612121582,0.015482823364436626,0.016722392290830612,0,0,0,0,0
1787293504776,566,0,0,10,0.7983577847480774,62.577178955078125,230.05384826660156,0,0,0,0,0,0,0.007465435657650232,0.0026204970199614763,0,0,12.998135566711426,12.991451263427734,13.003859519958496,0.015718281269073486,0.01670834794640541,0,0,0,0,0
1787293504797,567,0,0,10,0.307242751121521,28.14839744567871,183.5005645751953,0,0,0,0,0,0,0.007176751736551523,0.002244870876893401,0,0,12.997666358947754,12.99183464050293,13.002774238586426,0.015549883246421814,0.016624754294753075,0.0020652359817177057,0,0,0,0
1787293504816,568,0,0,10,-0.04045901447534561,-11.350817680358887,156.46995544433594,0,0,0,0,0,0,0.006303958594799042,0.002058465965092182,0,0,12.99737548828125,12.993900299072266,13.00467586517334,0.015608369372785091,0.016616081818938255,0,0,0,0,0
1787293504837,569,0,0,10,0.253363698720932,17.452102661132812,167.1656494140625,0,0,0,0,0,0,0.006827116943895817,0.0018366973381489515,0,0,12.99822998046875,12.989320755004883,13.001075744628906,0.015466895885765553,0.016736848279833794,0.002066541463136673,0,0,0,0
1787293504856,570,0,0,10,-0.0520809032022953,-4.752344608306885,178.65257263183594,0,0,0,0,0,0,0.006534588988870382,0.001997756538912654,0,0,12.997776985168457,12.995243072509766,13.001290321350098,0.015441837720572948,0.016580883413553238,0,0,0,0,0
1787293504877,571,0,0,10,-0.20736441016197205,-26.803808212280273,202.98660278320312,0,0,0,0,0,0,0.0060637821443378925,0.0021356528159230947,0,0,12.998159408569336,12.995004653930664,13.001477241516113,0.015032805502414703,0.016064263880252838,0.002066541463136673,0,0,0,0
1787293504897,572,0,0,10,0.2533525824546814,29.72892189025879,161.5495147705078,0,0,0,0,0,0,0.005148733034729958,0.0019777645356953144,0,0,12.997333526611328,12.991621971130371,13.001593589782715,0.015302103012800217,0.016455166041851044,0,0,0,0,0
1787293504917,573,0,0,10,-0.27401262521743774,-31.84723472595215,190.72023010253906,0,0,0,0,0,0,0.005313808098435402,0.001853889087215066,0,0,12.997426986694336,12.994686126708984,13.000502586364746,0.015380040742456913,0.016308492049574852,0,0,0,0,0
1787293504937,574,0,0,10,0.24110428988933563,27.994016647338867,144.4607391357422,0,0,0,0,0,0,0.004688640125095844,0.001933875260874629,0,0,12.997254371643066,12.992122650146484,13.000885009765625,0.015358935110270977,0.016540784388780594,0,0,0,0,0
1787293504957,575,0,0,10,-0.4347400665283203,-46.3585319519043,240.28762817382812,0,0,0,0,0,0,0.005137063562870026,0.0026362023781985044,0,0,12.996935844421387,12.992022514343262,13.00031566619873,0.015320658683776855,0.01622668094933033,0,0,0,0,0
1787293504977,576,0,0,10,0.044913120567798615,5.4990925788879395,128.83984375,0,0,0,0,0,0,0.004457192029803991,0.0016404022462666035,0,0,12.996589660644531,12.991934776306152,13.000991821289062,0.015195529907941818,0.016422683373093605,0,0,0,0,0
1787293504997,577,0,0,10,0.0201900415122509,-1.641507863998413,135.0869903564453,0,0,0,0,0,0,0.0036843959242105484,0.00218342337757349,0,0,12.996810913085938,12.989590644836426,13.000455856323242,0.015433005057275295,0.016203636303544044,0,0,0,0,0
1787293505017,578,0,0,10,-0.10469654947519302,-19.630878448486328,186.63226318359375,0,0,0,0,0,0,0.005407092627137899,0.002180846408009529,0,0,12.994876861572266,12.990653038024902,13.001850128173828,0.015560160391032696,0.016559980809688568,0.002066541463136673,0,0,0,0
1787293505038,579,0,0,10,-0.01125667616724968,0.8210975527763367,124.1626968383789,0,0,0,0,0,0,0.004623953253030777,0.002452526241540909,0,0,12.997658729553223,12.99339485168457,13.001423835754395,0.015323495492339134,0.015968425199389458,0,0,0,0,0
1787293505057,580,0,0,10,0.00980065856128931,-8.611474990844727,122.46851348876953,0,0,0,0,0,0,0.004557798150926828,0.0022761996369808912,0,0,12.996850967407227,12.993125915527344,12.99946403503418,0.01535226684063673,0.01645142026245594,0.002066541463136673,0,0,0,0
1787293505078,581,0,0,10,-0.024878181517124176,-5.342193126678467,138.48341369628906,0,0,0,0,0,0,0.00470426632091403,0.001891571213491261,0,0,12.997671127319336,12.985605239868164,13.001770973205566,0.01552017591893673,0.016672421246767044,0,0,0,0,0
1787293505098,582,0,0,10,-0.14115560054779053,-10.61069107055664,82.47795867919922,0,0,0,0,0,0,0.004351014271378517,0.00150258035864681,0,0,12.997020721435547,12.993243217468262,12.999956130981445,0.015332749113440514,0.017166083678603172,0.002066541463136673,0,0,0,0
1787293505118,583,0,0,10,-0.07739400863647461,-13.293352127075195,179.28379821777344,0,0,0,0,0,0,0.0043578119948506355,0.0023651919327676296,0,0,12.998303413391113,12.992823600769043,13.002296447753906,0.015293266624212265,0.016180161386728287,0,0,0,0,0
1787293505138,584,0,0,10,-0.13215085864067078,-16.35022735595703,134.37144470214844,0,0,0,0,0,0,0.004668652545660734,0.002236202359199524,0,0,12.995549201965332,12.992332458496094,12.998254776000977,0.015528825111687183,0.016530867666006088,0.002066541463136673,0,0,0,0
1787293505158,585,0,0,10,0.4044666886329651,40.25438690185547,127.92130279541016,0,0,0,0,0,0,0.0037434613332152367,0.0016344452742487192,0,0,12.995610237121582,12.987184524536133,13.004780769348145,0.015132035128772259,0.015882214531302452,0,0,0,0,0
1787293505178,586,0,0,10,0.13844676315784454,14.37120532989502,77.71257781982422,0,0,0,0,0,0,0.006036733277142048,0.0024360264651477337,0,0,12.995381355285645,12.991546630859375,13.000608444213867,0.015121621079742908,0.016206994652748108,0,0,0,0,0
1787293505198,587,0,0,10,0.02718605473637581,2.9013612270355225,287.3843688964844,0,0,0,0,0,0,0.006701129488646984,0.0025712763890624046,0,0,12.994812965393066,12.987922668457031,13.002442359924316,0.015304559841752052,0.016052044928073883,0,0,0,0,0
1787293505218,588,0,0,10,0.5169220566749573,51.1655387878418,235.75759887695312,0,0,0,0,0,0,0.0065124742686748505,0.003138590371236205,0,0,12.996763229370117,12.992311477661133,12.999448776245117,0.015392121858894825,0.016025042161345482,0,0,0,0,0
1787293505238,589,0,0,10,0.18575923144817352,13.974583625793457,302.82501220703125,0,0,0,0,0,0,0.006479592993855476,0.0022886539809405804,0,0,12.996831893920898,12.990523338317871,13.000608444213867,0.01501492504030466,0.016298968344926834,0.002066541463136673,0,0,0,0
1787293505259,590,0,0,10,0.24164649844169617,14.023747444152832,143.12704467773438,0,0,0,0,0,0,0.005416971165686846,0.002343147061765194,0,0,12.997650146484375,12.99320125579834,13.002846717834473,0.015641670674085617,0.016554033383727074,0,0,0,0,0
1787293505279,591,0,0,10,0.27473312616348267,19.073001861572266,200.8522491455078,0,0,0,0,0,0,0.005514389369636774,0.0017487038858234882,0,0,12.997879028320312,12.990900993347168,12.99986743927002,0.015206039883196354,0.016309082508087158,0,0,0,0,0
1787293505299,592,0,0,10,-0.10066565871238708,-19.909957885742188,162.24005126953125,0,0,0,0,0,0,0.005097448360174894,0.0022068957332521677,0,0,12.997511863708496,12.991354942321777,13.000541687011719,0.015748485922813416,0.01682472787797451,0.0020652359817177057,0,0,0,0
1787293505319,593,0,0,10,0.08972293883562088,5.290989398956299,179.2130584716797,0,0,0,0,0,0,0.004667665809392929,0.0017070455942302942,0,0,12.997827529907227,12.99458122253418,13.000329971313477,0.015352357178926468,0.016121523454785347,0.002066541463136673,0,0,0,0
1787293505339,594,0,0,10,0.1426955759525299,12.012359619140625,86.5829086303711,0,0,0,0,0,0,0.004421196412295103,0.002561364322900772,0,0,12.997272491455078,12.995519638061523,13.000313758850098,0.015419610776007175,0.016129186376929283,0,0,0,0,0
1787293505359,595,0,0,10,0.2913808524608612,29.135332107543945,148.25997924804688,0,0,0,0,0,0,0.004007962066680193,0.002284737303853035,0,0,12.996025085449219,12.992246627807617,13.000131607055664,0.015407053753733635,0.016435062512755394,0,0,0,0,0
1787293505379,596,0,0,10,-0.1606494039297104,-22.492870330810547,114.58946990966797,0,0,0,0,0,0,0.005345819052308798,0.0026950726751238108,0,0,12.997624397277832,12.99445629119873,13.00199031829834,0.015420032665133476,0.01645844802260399,0,0,0,0,0
1787293505399,597,0,0,10,-0.1263219565153122,-18.290019989013672,170.80149841308594,0,0,0,0,0,0,0.004586562979966402,0.00191037030890584,0,0,12.995766639709473,12.989585876464844,13.00104808807373,0.015413975343108177,0.01659395731985569,0,0,0,0,0
1787293505419,598,0,0,10,-0.11476627737283707,-10.59726333618164,132.92056274414062,0,0,0,0,0,0,0.0047764964401721954,0.0021864790469408035,0,0,12.996456146240234,12.99230670928955,13.001592636108398,0.015373190864920616,0.016607671976089478,0,0,0,0,0
1787293505440,599,0,0,10,0.031628720462322235,2.4733970165252686,143.57357788085938,0,0,0,0,0,0,0.0048968796618282795,0.0022833673283457756,0,0,12.997627258300781,12.994176864624023,13.00048828125,0.015241136774420738,0.016468988731503487,0,0,0,0,0
1787293505460,600,0,0,10,-0.07063482701778412,-10.583070755004883,144.69058227539062,0,0,0,0,0,0,0.005079610738903284,0.002283720299601555,0,0,12.99697494506836,12.99183177947998,12.999774932861328,0.015323316678404808,0.016810297966003418,0.002066541463136673,0,0,0,0
1787293505480,601,0,0,10,0.11915474385023117,11.494756698608398,187.15248107910156,0,0,0,0,0,0,0.005776179488748312,0.0019935357850044966,0,0,12.997540473937988,12.994215965270996,13.00121021270752,0.015258452855050564,0.016320928931236267,0,0,0,0,0
1787293505500,602,0,0,10,0.431967169046402,33.36827850341797,222.13531494140625,0,0,0,0,0,0,0.007641419302672148,0.0018842208664864302,0,0,12.998102188110352,12.995688438415527,12.999804496765137,0.015322116203606129,0.01632550172507763,0.002066541463136673,0,0,0,0
1787293505520,603,3,0,10,12.808969497680664,547.792236328125,177.84373474121094,0,0,0,0,0,0,0.09425222128629684,0.037143006920814514,0.26533398032188416,0.0846388041973114,12.996177673339844,12.99218463897705,12.999517440795898,0.016023416072130203,0.01758844591677189,0.002066541463136673,0,0,0,0
1787293505540,604,3,0,10,15.310586929321289,115.95145416259766,232.70852661132812,0,0,0,0,0,0,0.17515549063682556,0.034631650894880295,0.35262489318847656,0.041576284915208817,12.9966459274292,12.989716529846191,13.000253677368164,0.016232049092650414,0.017855413258075714,0.14323103427886963,0,0,0,0
1787293505560,605,3,0,10,14.775884628295898,-10.257950782775879,210.6034393310547,0,0,0,0,0,0,0.24193979799747467,0.029938265681266785,0.4147668778896332,0.029221607372164726,12.994484901428223,12.99082088470459,13.000349044799805,0.016437700018286705,0.01786034367978573,0.21160705387592316,0,0,0,0
1787293505580,606,3,0,10,13.757183074951172,-66.57420349121094,197.9728546142578,0,0,0,0,0,0,0.3035672605037689,0.027635421603918076,0.4726228713989258,0.026244742795825005,12.99635124206543,12.990139961242676,13.000581741333008,0.01654624752700329,0.017901785671710968,0.2755732238292694,0,0,0,0
1787293505600,607,3,0,10,12.106311798095703,-67.708251953125,176.1631622314453,0,0,0,0,0,0,0.36226940155029297,0.02639722265303135,0.5289575457572937,0.025314632803201675,12.994026184082031,12.991500854492188,12.996943473815918,0.016912875697016716,0.01770913042128086,0.33733320236206055,0,0,0,0
1787293505620,608,3,0,10,6.725067138671875,-125.49317932128906,364.1346435546875,0,0,0,0,0,0,0.41763725876808167,0.02536809630692005,0.58402019739151,0.024655887857079506,12.993428230285645,12.98709774017334,12.997213363647461,0.016798825934529305,0.01783793978393078,0.39026954770088196,0,0,0,0
1787293505640,609,3,0,10,2.7535650730133057,-4.495530128479004,338.75982666015625,0,0,0,0,0,0,0.4750356078147888,0.025982951745390892,0.6371750831604004,0.023838520050048828,12.990091323852539,12.983060836791992,12.997967720031738,0.017221856862306595,0.01841306872665882,0.4410009980201721,0,0,0,0
1787293505661,610,4,2,1,150.72064208984375,6766.10205078125,11865.0263671875,34.654720306396484,20.350168228149414,34.171966552734375,0.09708327800035477,-10.586047172546387,7.301998138427734,0.5731955766677856,0.05096147581934929,0.6824837923049927,0.01908629946410656,12.92719841003418,12.754741668701172,12.997260093688965,0.09226637333631516,0.3957856297492981,0.5027609467506409,0,336.9113464355469,0.0003734247002284974,4.231616973876953
1787293505681,611,4,2,1,92.291015625,-2660.275390625,5038.80419921875,57.10306930541992,9.000019073486328,56.859920501708984,0.5235629677772522,-0.004458046518266201,0.8998359441757202,0.45975276827812195,0.07684307545423508,0.7554345726966858,0.035114239901304245,12.857189178466797,12.823274612426758,12.876606941223145,0.1456557661294937,0.17485103011131287,0.3549790680408478,0,345.9327087402344,0.0005007219151593745,7.080506324768066
1787293505701,612,4,2,1,47.84136962890625,-1374.640380859375,1914.8890380859375,59.7978630065918,1.8852988481521606,59.61824035644531,-0.25669556856155396,-0.9315436482429504,0.6465200781822205,0.5088922381401062,0.08288013190031052,0.8137752413749695,0.021473700180649757,12.896682739257812,12.865659713745117,12.920923233032227,0.10170915722846985,0.13865263760089874,0.3461554944515228,0,354.9168701171875,0.0006496652495115995,4.65606164932251
1787293505721,613,4,2,1,42.04861831665039,-388.6439208984375,532.224365234375,59.53831481933594,0.34602099657058716,59.95358657836914,-0.5159100294113159,-1.0122978687286377,-0.18656566739082336,0.6555382013320923,0.050041574984788895,0.8462612628936768,0.018434468656778336,12.859254837036133,12.829404830932617,12.903302192687988,0.1336309015750885,0.16196145117282867,0.6373080611228943,0,363.8856506347656,0.0006606303504668176,6.480967998504639
1787293505741,614,4,2,1,40.066261291503906,-108.55302429199219,162.61843872070312,60.309364318847656,0.342049777507782,59.99435806274414,-0.16609768569469452,-0.78984534740448,0.7977556586265564,0.5884272456169128,0.0382549986243248,0.9142827987670898,0.0273821409791708,12.858831405639648,12.823290824890137,12.8794527053833,0.1306896209716797,0.1691538393497467,0.5336402654647827,0,372.8055419921875,0.0006560258334502578,5.755260944366455
1787293505761,615,4,2,1,40.95960235595703,44.379798889160156,76.75567626953125,59.594242095947266,0.33527010679244995,59.99931716918945,0.2829098701477051,0.09576836228370667,0.7738213539123535,0.764390766620636,0.06789737939834595,0.9424217343330383,0.014600991271436214,12.856565475463867,12.832194328308105,12.885480880737305,0.124757781624794,0.14605481922626495,0.6527477502822876,0,381.7760925292969,0.0006736048962920904,6.00057315826416
1787293505781,616,4,2,1,43.91411209106445,150.27308654785156,51.046329498291016,60.45743942260742,0.42360109090805054,59.99991989135742,0.033056873828172684,-0.5077202916145325,0.9922136664390564,0.7480740547180176,0.021202323958277702,0.9887629151344299,0.01834871619939804,12.833551406860352,12.812045097351074,12.847067832946777,0.1363266110420227,0.16098076105117798,0.7233299612998962,0,390.76171875,0.0006878326530568302,6.362283706665039
1787293505801,617,4,2,1,48.45145034790039,228.187255859375,36.368408203125,59.78760528564453,0.32708871364593506,59.99998474121094,-0.6012317538261414,-1.051081895828247,-0.0939975380897522,0.8653036952018738,0.048546165227890015,0.9983886480331421,0.00498565100133419,12.849794387817383,12.837258338928223,12.867335319519043,0.11885827779769897,0.1277236044406891,0.7718564867973328,0,399.7300720214844,0.0006949391099624336,5.709651470184326
1787293505821,618,4,2,1,54.09081268310547,285.20989990234375,29.28587532043457,60.07362365722656,0.2024679332971573,59.99998474121094,-0.14823411405086517,-0.868828535079956,0.28581687808036804,0.907712996006012,0.02503785490989685,0.999687671661377,0.0010410977993160486,12.844392776489258,12.832304000854492,12.856292724609375,0.12401717901229858,0.13681873679161072,0.8887590169906616,0,408.7134094238281,0.0006998228491283953,5.977351665496826
1787293505842,619,4,2,1,60.61590576171875,327.9272155761719,21.49388313293457,59.90979766845703,0.21469132602214813,59.99998474121094,0.31686991453170776,0.1316971331834793,0.6326326131820679,0.9962894320487976,0.034790851175785065,0.9998627305030823,0.00031860588933341205,12.833542823791504,12.821587562561035,12.861103057861328,0.12976549565792084,0.13963723182678223,0.9416953921318054,0,417.7367858886719,0.0007143651018850505,6.269159317016602
1787293505862,620,4,2,1,67.71337890625,358.943115234375,19.13644027709961,60.07151794433594,0.12210006266832352,59.99998474121094,-0.4168808162212372,-1.0393210649490356,0.3737823963165283,1.0590088367462158,0.03138565272092819,0.9999080896377563,0.00017841342196334153,12.835648536682129,12.82894229888916,12.840644836425781,0.12898993492126465,0.13922373950481415,1.0255123376846313,0,426.669189453125,0.0007103921961970627,5.854670524597168
1787293505882,621,4,2,1,75.32411193847656,382.6304626464844,13.98398208618164,59.951622009277344,0.08926422894001007,59.99998474121094,-0.4912914037704468,-1.1200112104415894,-0.15245181322097778,1.1267812252044678,0.02749619074165821,0.9998892545700073,0.00019174131739418954,12.827147483825684,12.810002326965332,12.83845043182373,0.12379471212625504,0.12550067901611328,1.1049182415008545,0,435.70086669921875,0.0007403962663374841,6.033655643463135
1787293505902,622,4,2,1,83.21234893798828,399.4641418457031,14.357680320739746,59.97917938232422,0.07966912537813187,59.99998474121094,-0.10844604671001434,-0.4150956869125366,0.1843767613172531,1.201714038848877,0.03398780897259712,0.999848484992981,0.000220052563236095,12.823463439941406,12.817464828491211,12.827150344848633,0.12259070575237274,0.12492970377206802,1.1490323543548584,0,444.6208190917969,0.0007136568892747164,6.08851957321167
1787293505922,623,4,2,1,91.4181900024414,412.86053466796875,10.361358642578125,60.06182098388672,0.12231729924678802,59.99998474121094,-0.19170114398002625,-0.5603253245353699,1.0459617376327515,1.260800838470459,0.027519961819052696,0.9998086094856262,0.0003225108375772834,12.816014289855957,12.81023120880127,12.822591781616211,0.12716878950595856,0.13365812599658966,1.239465355873108,0,453.59149169921875,0.0007168443989939988,6.069665908813477
1787293505942,624,4,2,1,99.73396301269531,421.92486572265625,12.490849494934082,59.850257873535156,0.13842982053756714,59.99998474121094,-0.5583423376083374,-0.8410985469818115,0.01313964556902647,1.326160192489624,0.02924557402729988,0.9998145699501038,0.0002651811228133738,12.812334060668945,12.80300521850586,12.83399772644043,0.12363597750663757,0.12398282438516617,1.2946078777313232,0,462.5745544433594,0.0007161575485952199,6.0343732833862305
1787293505962,625,4,2,1,108.09490966796875,428.5618591308594,32.01872634887695,59.903446197509766,0.15639762580394745,59.99998474121094,-0.13066303730010986,-0.5416655540466309,0.3545615077018738,1.389380931854248,0.02826618403196335,0.9999264478683472,0.00014172056398820132,12.80409049987793,12.79732608795166,12.813958168029785,0.12576505541801453,0.12961456179618835,1.360779047012329,0,471.6084899902344,0.0007352689863182604,6.194794654846191
1787293505982,626,4,2,1,116.7940673828125,436.64764404296875,9.925703048706055,60.05241775512695,0.10778257250785828,59.99998474121094,-0.36702829599380493,-0.5991499423980713,0.08053676038980484,1.4452611207962036,0.024503888562321663,0.9999573826789856,0.00008382237865589559,12.794017791748047,12.78056812286377,12.804000854492188,0.12608696520328522,0.13124512135982513,1.4181278944015503,0,480.6308288574219,0.0007458223844878376,6.170082092285156
1787293506002,627,4,2,1,125.42664337158203,439.491943359375,12.3826265335083,59.926353454589844,0.12997061014175415,59.99998474121094,-0.5908474326133728,-0.8817169070243835,0.19874712824821472,1.502409815788269,0.025498908013105392,0.9998892545700073,0.00017367918917443603,12.797820091247559,12.787721633911133,12.811051368713379,0.11980745941400528,0.12021833658218384,1.4754753112792969,0,489.6147155761719,0.000771380728110671,5.8999152183532715
1787293506023,628,4,2,1,134.2128448486328,443.1841735839844,8.458673477172852,59.90272903442383,0.11341645568609238,59.99998474121094,-0.16555221378803253,-0.47130927443504333,0.21721215546131134,1.554658055305481,0.022705180570483208,0.9999105930328369,0.00015851830539759248,12.793803215026855,12.786572456359863,12.798486709594727,0.1236647367477417,0.13103945553302765,1.5306192636489868,0,498.5838317871094,0.0007484082598239183,6.010049343109131
1787293506043,629,4,2,1,142.92518615722656,444.6117858886719,13.150751113891602,60.08558654785156,0.09550507366657257,59.99998474121094,-0.616061806678772,-0.9880979657173157,-0.16289308667182922,1.6059163808822632,0.023421715945005417,0.9998729228973389,0.00015615738811902702,12.793523788452148,12.786606788635254,12.802811622619629,0.12410205602645874,0.13439106941223145,1.5747332572937012,0,507.5687561035156,0.0007723222370259464,5.910428047180176
1787293506063,630,4,2,1,151.54080200195312,446.16876220703125,45.154170989990234,59.91094970703125,0.13585254549980164,59.99998474121094,-0.5585528016090393,-1.1372861862182617,-0.038949429988861084,1.6584004163742065,0.022710610181093216,0.9998375773429871,0.00021563959307968616,12.790182113647461,12.779708862304688,12.80346393585205,0.11763761192560196,0.11942943185567856,1.6342869997024536,0,516.5380249023438,0.0007407852099277079,5.733049392700195
1787293506083,631,4,2,1,160.50735473632812,450.8453063964844,11.63294506072998,59.83505630493164,0.13846643269062042,59.99998474121094,-0.15374691784381866,-0.4457104802131653,0.15727871656417847,1.6923134326934814,0.014274057932198048,0.9999628663063049,0.00008437608630629256,12.779572486877441,12.770421981811523,12.788652420043945,0.13078416883945465,0.1430300921201706,1.6784011125564575,0,525.5613403320312,0.0007496482576243579,6.125987529754639
1787293506103,632,4,2,1,169.2957763671875,450.2236022949219,15.080365180969238,59.97935485839844,0.20081159472465515,59.99998474121094,-0.6221317648887634,-1.0485403537750244,-0.26180726289749146,1.731040120124817,0.018177703022956848,0.999917209148407,0.00010714198288042098,12.775954246520996,12.761619567871094,12.782421112060547,0.12540848553180695,0.14381082355976105,1.704869270324707,0,534.5441284179688,0.0007742693996988237,5.770413398742676
1787293506123,633,4,2,1,178.22950744628906,451.89935302734375,9.954726219177246,59.86286544799805,0.12614032626152039,59.99998474121094,-0.5839734673500061,-1.1113017797470093,-0.15977291762828827,1.7649725675582886,0.015167205594480038,0.9998242259025574,0.0001974714978132397,12.774691581726074,12.765454292297363,12.784584045410156,0.12161703407764435,0.12270314991474152,1.7533944845199585,0,543.51318359375,0.0007516583427786827,5.939468860626221
1787293506143,634,4,2,1,187.01803588867188,451.3636779785156,16.378616333007812,59.960594177246094,0.07812318950891495,59.99998474121094,-0.36374300718307495,-0.6652155518531799,-0.02090594358742237,1.8013465404510498,0.01726074144244194,0.9998372197151184,0.00022132070444058627,12.771834373474121,12.764670372009277,12.780097007751465,0.13218702375888824,0.13630864024162292,1.7754515409469604,0,552.4324340820312,0.0007217571255750954,6.345163822174072
1787293506163,635,4,2,1,195.96514892578125,453.10504150390625,10.899788856506348,59.92814254760742,0.11186547577381134,59.99998474121094,-0.649485170841217,-1.1867183446884155,0.29683375358581543,1.8324220180511475,0.013670949265360832,0.9998701810836792,0.0001839373289840296,12.783756256103516,12.768346786499023,12.791537284851074,0.12184221297502518,0.13360987603664398,1.8173593282699585,0,561.40234375,0.0007230553892441094,5.717983245849609
1787293506183,636,4,2,1,204.75027465820312,452.3825378417969,17.941499710083008,59.862457275390625,0.09873134642839432,59.99998474121094,-0.5965072512626648,-1.2015796899795532,-0.20813892781734467,1.861190915107727,0.014690211974084377,0.9998507499694824,0.00019614578923210502,12.792047500610352,12.785265922546387,12.799836158752441,0.12036968022584915,0.1226557046175003,1.8372114896774292,0,570.3855590820312,0.0007218818063847721,5.835927963256836
1787293506204,637,4,2,1,213.70797729492188,454.17327880859375,11.87321662902832,60.01936340332031,0.07479599863290787,59.99998474121094,-0.4080844819545746,-0.7662484645843506,0.5968876481056213,1.8956769704818726,0.014580437913537025,0.9998640418052673,0.00018046876357402653,12.78810977935791,12.781102180480957,12.797563552856445,0.12908631563186646,0.13352318108081818,1.8835318088531494,0,579.3560791015625,0.0007234746008180082,5.828792572021484
1787293506224,638,4,2,1,222.48780822753906,453.29718017578125,19.511316299438477,59.82467269897461,0.1136089637875557,59.99998474121094,-0.8163526058197021,-1.0738376379013062,-0.2666463553905487,1.919382095336914,0.011882852762937546,0.99991774559021,0.0001392022822983563,12.78798770904541,12.78343677520752,12.794276237487793,0.1278994232416153,0.13326098024845123,1.9077937602996826,0,588.3392333984375,0.0007223104475997388,5.832852363586426
1787293506244,639,4,2,1,231.45486450195312,455.1825866699219,12.863032341003418,59.88912582397461,0.13012142479419708,59.99998474121094,-0.7322343587875366,-1.1181764602661133,-0.06620156019926071,1.9456028938293457,0.011297444812953472,0.9998403191566467,0.00022711082419846207,12.784260749816895,12.777523040771484,12.793843269348145,0.12262652814388275,0.12342561781406403,1.9342619180679321,0,597.3097534179688,0.0007241472485475242,5.8865156173706055
1787293506264,640,4,2,1,240.22840881347656,454.172119140625,21.101715087890625,59.945228576660156,0.15276318788528442,59.99998474121094,-0.5366901159286499,-0.8489006161689758,-0.005261438898742199,1.9639744758605957,0.008915185928344727,0.9998933672904968,0.0001643497234908864,12.771421432495117,12.76258659362793,12.786698341369629,0.13721954822540283,0.14471447467803955,1.9541127681732178,0,606.359619140625,0.0007761796587146819,6.377252101898193
1787293506284,641,4,2,1,248.80087280273438,459.9813232421875,100.25733184814453,59.90654754638672,0.2446131706237793,59.99998474121094,-0.7845718264579773,-1.3761861324310303,0.09367213398218155,1.989251732826233,0.010469786822795868,0.9999213814735413,0.00013669603504240513,12.779603004455566,12.755001068115234,12.787857055664062,0.1255863904953003,0.14088858664035797,1.9761697053909302,0,615.3295288085938,0.0007464734371751547,5.73328971862793
1787293506304,642,4,2,1,257.49603271484375,458.4957275390625,84.34745788574219,59.86198806762695,0.14253759384155273,59.99998474121094,-0.5698313117027283,-1.1348837614059448,-0.024683155119419098,2.015545129776001,0.013139573857188225,0.9997655153274536,0.00025726653984747827,12.774725914001465,12.763469696044922,12.78905200958252,0.12387809157371521,0.12860596179962158,1.9894057512283325,0,624.3485717773438,0.000743948679883033,5.943516254425049
1787293506324,643,4,2,1,266.66357421875,462.9154968261719,19.580263137817383,59.9041633605957,0.12009210139513016,59.99998474121094,-0.517393171787262,-0.7976912260055542,0.6034743785858154,2.0369489192962646,0.008954895660281181,0.9999333024024963,0.0001293341483687982,12.76389217376709,12.756300926208496,12.767948150634766,0.1384463608264923,0.14521318674087524,2.03131365776062,0,633.369873046875,0.0007526769186370075,5.96515417098999
1787293506344,644,4,2,1,275.251220703125,464.7413635253906,111.84757995605469,59.796634674072266,0.18983371555805206,59.99998474121094,-0.8902842998504639,-1.3446599245071411,-0.11352013051509857,2.0564894676208496,0.00939331017434597,0.9998300075531006,0.0001942293019965291,12.759970664978027,12.752531051635742,12.764979362487793,0.1273207813501358,0.14435283839702606,2.037930965423584,0,642.3562622070312,0.0007478909683413804,5.685587406158447
1787293506365,645,4,2,1,283.9661560058594,468.8649597167969,125.84449005126953,59.709861755371094,0.1841440200805664,59.99998474121094,-0.7262956500053406,-1.1281163692474365,-0.3746913969516754,2.0632970333099365,0.0043474286794662476,0.9999793767929077,0.00006492067041108385,12.755829811096191,12.74984073638916,12.76173210144043,0.12959380447864532,0.13532747328281403,2.0555756092071533,0,651.3775024414062,0.0007721863221377134,6.094605445861816
1787293506385,646,4,2,1,292.9770202636719,466.25726318359375,35.0892448425293,59.99993896484375,0.14812663197517395,59.99998474121094,-0.6194261312484741,-0.8992140889167786,0.4358777403831482,2.0804946422576904,0.007852960377931595,0.9999449849128723,0.00010157060023630038,12.769577026367188,12.750258445739746,12.783802032470703,0.13473714888095856,0.1400909572839737,2.0666041374206543,0,660.3978881835938,0.0007773707038722932,5.9561309814453125
1787293506405,647,4,2,1,301.6080017089844,462.78594970703125,89.81182861328125,59.93052291870117,0.15806430578231812,59.99998474121094,-0.7545546293258667,-1.805978775024414,-0.05208427459001541,2.098717451095581,0.009507715702056885,0.9998992681503296,0.0001157466322183609,12.774947166442871,12.765174865722656,12.785569190979004,0.12698271870613098,0.1348256766796112,2.0820438861846924,0,669.3671875,0.0007459878106601536,5.700521945953369
1787293506425,648,4,2,1,310.8687438964844,468.24102783203125,21.84039878845215,59.80071258544922,0.15933790802955627,59.99998474121094,-0.7261439561843872,-1.2250429391860962,-0.3234208822250366,2.1114962100982666,0.005597032606601715,0.9999643564224243,0.00008279413304990157,12.775840759277344,12.765409469604492,12.786190032958984,0.1355825960636139,0.1444162279367447,2.106307029724121,0,678.3898315429688,0.0007526345434598625,5.974695682525635
1787293506445,649,4,2,1,319.7307434082031,463.9875183105469,27.864118576049805,59.82009506225586,0.18107523024082184,59.99998474121094,-0.859491765499115,-1.224427580833435,0.033346518874168396,2.1260650157928467,0.005463720764964819,0.9999498128890991,0.00010231840860797092,12.774674415588379,12.760778427124023,12.779921531677246,0.1355690211057663,0.1440659761428833,2.119541883468628,0,687.3735961914062,0.000777818844653666,5.80245304107666
1787293506466,650,4,2,1,328.83062744140625,464.81396484375,17.718841552734375,59.882545471191406,0.11822284758090973,59.99998474121094,-0.8159012794494629,-1.374708890914917,0.22216758131980896,2.1401050090789795,0.006357684265822172,0.9999727606773376,0.000055876520491437986,12.761298179626465,12.754206657409668,12.772153854370117,0.13023889064788818,0.13483579456806183,2.128364086151123,0,696.3426513671875,0.0007540513761341572,5.976690769195557
1787293506485,651,4,2,1,337.6299743652344,461.9688415527344,29.333072662353516,59.86915588378906,0.10185909271240234,59.99998474121094,-0.7778661251068115,-1.0646177530288696,-0.13189992308616638,2.150686264038086,0.005683370865881443,0.9999107122421265,0.00010656573431333527,12.76056957244873,12.75167465209961,12.775765419006348,0.1383042186498642,0.143222376704216,2.143803834915161,0,705.2627563476562,0.0007261073915287852,6.159615993499756
1787293506505,652,4,2,1,346.697265625,463.7169494628906,18.995691299438477,59.86105728149414,0.18939778208732605,59.99998474121094,-0.977868378162384,-1.5661532878875732,0.2494891881942749,2.1641812324523926,0.00485756853595376,0.9999604225158691,0.00008601349691161886,12.753469467163086,12.744293212890625,12.759881973266602,0.14018738269805908,0.14334321022033691,2.1570372581481934,0,714.2962036132812,0.0007541471859440207,5.836900234222412
1787293506526,653,4,2,1,355.4583435058594,461.2548828125,31.152626037597656,59.84669876098633,0.17009976506233215,59.99998474121094,-0.9648568630218506,-1.3786948919296265,-0.15480481088161469,2.172276496887207,0.003167238086462021,0.9999642968177795,0.00008016052743187174,12.748934745788574,12.734759330749512,12.754920959472656,0.1315957009792328,0.13876788318157196,2.1636557579040527,0,723.2164916992188,0.0007262492435984313,5.776828289031982
1787293506546,654,4,2,1,364.51116943359375,463.529541015625,20.17377281188965,59.950355529785156,0.14265921711921692,59.99998474121094,-0.7385998964309692,-1.2004890441894531,0.3501509726047516,2.179962158203125,0.003893455257639289,0.9999674558639526,0.00006187144754221663,12.749547004699707,12.735642433166504,12.75810432434082,0.1367323100566864,0.1409802883863449,2.172478199005127,0,732.1865234375,0.0007278173579834402,6.134273529052734
1787293506566,655,4,2,1,373.2485656738281,461.26129150390625,32.88606262207031,60.016334533691406,0.1969161331653595,59.99998474121094,-0.967379093170166,-1.4999107122421265,-0.3413373827934265,2.189177989959717,0.005370236001908779,0.9999063611030579,0.0001173459822894074,12.760086059570312,12.757267951965332,12.767431259155273,0.13882574439048767,0.14423099160194397,2.1790943145751953,0,741.1700439453125,0.0007263619336299598,5.982089519500732
1787293506586,656,4,2,1,381.67413330078125,470.1329040527344,161.30194091796875,59.846473693847656,0.16501539945602417,59.99998474121094,-1.1342638731002808,-1.76840341091156,0.17416101694107056,2.1950039863586426,0.003956143744289875,0.9999621510505676,0.00009406644676346332,12.767849922180176,12.761725425720215,12.776983261108398,0.14040112495422363,0.14397433400154114,2.187917709350586,0,750.204833984375,0.0007476751343347132,5.9003190994262695
1787293506606,657,4,2,1,390.2917175292969,469.6482849121094,144.12464904785156,59.81914138793945,0.186370387673378,59.99998474121094,-1.0693610906600952,-1.7001482248306274,0.015392144210636616,2.201512098312378,0.002702204743400216,0.9999752044677734,0.00006381501589203253,12.76279067993164,12.752727508544922,12.769603729248047,0.13877910375595093,0.14228510856628418,2.19674015045166,0,759.2263793945312,0.0007501341751776636,5.937216281890869
1787293506626,658,4,2,1,399.6185607910156,473.673095703125,31.018531799316406,59.881256103515625,0.15415315330028534,59.99998474121094,-0.897027850151062,-1.335213303565979,-0.06653960794210434,2.2093679904937744,0.0035601749550551176,0.9999444484710693,0.00008701878687134013,12.757744789123535,12.742324829101562,12.766281127929688,0.13875532150268555,0.1422787308692932,2.19674015045166,0,768.2471923828125,0.0007563996477983892,5.939577102661133
1787293506647,659,4,2,1,408.44464111328125,468.2069396972656,36.17706298828125,59.899932861328125,0.12090498954057693,59.99998474121094,-0.9429003000259399,-1.547418475151062,-0.10084100067615509,2.216123580932617,0.0035366187803447247,0.9999693632125854,0.00004888142575509846,12.751898765563965,12.744072914123535,12.76116943359375,0.14211854338645935,0.14616703987121582,2.209974765777588,0,777.1669921875,0.0007277962286025286,5.848240375518799
1787293506666,660,4,2,1,417.5845947265625,469.5157165527344,22.735496520996094,59.931480407714844,0.16117529571056366,59.99998474121094,-1.1041322946548462,-1.7477821111679077,-0.2702873945236206,2.2188825607299805,0.002500350819900632,0.9999902248382568,0.000024704275347176008,12.738146781921387,12.728647232055664,12.745560646057129,0.14240314066410065,0.15198613703250885,2.2099761962890625,0,786.1375122070312,0.0007295111427083611,5.829695224761963
1787293506686,661,4,2,1,426.34698486328125,466.05859375,37.294586181640625,59.89207077026367,0.1379891037940979,59.99998474121094,-1.0578992366790771,-1.7744334936141968,0.02777564898133278,2.2207679748535156,0.002968722255900502,0.9999944567680359,0.000012533465451269876,12.747223854064941,12.738343238830566,12.757516860961914,0.13744661211967468,0.14126332104206085,2.209974765777588,0,795.122802734375,0.0007299564895220101,5.980447769165039
1787293506707,662,4,2,1,434.8122253417969,465.8284912109375,55.00981140136719,59.97102355957031,0.15629300475120544,59.99998474121094,-0.8811485767364502,-1.369573712348938,-0.1996014565229416,2.228583812713623,0.004682364873588085,0.9999310374259949,0.00006421273428713903,12.75165843963623,12.743264198303223,12.765891075134277,0.1462947428226471,0.15244656801223755,2.2187983989715576,0,804.1426391601562,0.0007291643414646387,6.13206148147583
1787293506727,663,4,2,1,444.0284729003906,473.1629943847656,27.55316925048828,59.97395324707031,0.15252389013767242,59.99998474121094,-1.1239984035491943,-1.7127556800842285,-0.23602896928787231,2.2302088737487793,0.0036911198403686285,0.9999830722808838,0.00004335815901868045,12.75978946685791,12.75595474243164,12.768241882324219,0.14973747730255127,0.16049467027187347,2.218797206878662,0,813.1765747070312,0.0007568455184809864,5.867179870605469
1787293506747,664,4,2,1,452.8273010253906,469.5312194824219,39.980621337890625,59.84475326538086,0.18324251472949982,59.99998474121094,-1.3097939491271973,-1.9932689666748047,-0.542491614818573,2.22930908203125,0.0023477869108319283,0.9999978542327881,0.000009464705726713873,12.752083778381348,12.739990234375,12.770156860351562,0.13853219151496887,0.14182919263839722,2.225414514541626,0,822.096923828125,0.0007293028756976128,5.974111080169678
1787293506767,665,4,2,1,461.980224609375,471.5060119628906,25.348588943481445,59.84178161621094,0.20174558460712433,59.99998474121094,-1.095144510269165,-1.4160703420639038,0.22104261815547943,2.2340943813323975,0.0034388236235827208,0.9999997615814209,0.000001642083702790842,12.743682861328125,12.731305122375488,12.758369445800781,0.14972414076328278,0.15677830576896667,2.2276194095611572,0,831.0675659179688,0.0007305728504434228,6.301975727081299
1787293506787,666,4,2,1,470.7187194824219,467.83685302734375,41.32866668701172,59.97287368774414,0.20964743196964264,59.99998474121094,-1.3701190948486328,-2.061521530151367,0.02695601060986519,2.239833116531372,0.0027057058177888393,0.9999954700469971,0.000012050404620822519,12.730620384216309,12.720841407775879,12.744342803955078,0.15455687046051025,0.16670723259449005,2.2364442348480225,0,840.0505981445312,0.0007294235983863473,5.98261833190918
1787293506808,667,4,2,1,479.84027099609375,470.48052978515625,26.524112701416016,59.82241439819336,0.2399914562702179,59.99998474121094,-1.4689230918884277,-1.9231370687484741,-0.6671567559242249,2.233832597732544,0.003997708670794964,0.999999463558197,0.0000025395743250555824,12.738653182983398,12.730525016784668,12.75009822845459,0.13953953981399536,0.14565187692642212,2.225414514541626,0,849.0211791992188,0.0007308092317543924,5.906517028808594
1787293506828,668,4,2,1,488.54290771484375,467.22723388671875,43.135379791259766,59.846717834472656,0.17289286851882935,59.99998474121094,-0.9490971565246582,-1.5557445287704468,0.2655838429927826,2.2369251251220703,0.00353251863270998,0.9999997615814209,5.271825216368597e-7,12.743879318237305,12.73741626739502,12.758438110351562,0.15168970823287964,0.16473913192749023,2.2276194095611572,0,858.0045776367188,0.0007297853007912636,6.308083534240723
1787293506847,669,4,2,1,497.6512451171875,470.3654479980469,27.696088790893555,60.122901916503906,0.23526497185230255,59.99998474121094,-1.2631806135177612,-2.1848647594451904,-0.48747575283050537,2.2390716075897217,0.003164196852594614,0.9999997615814209,2.73525500915639e-7,12.756342887878418,12.74552059173584,12.766352653503418,0.15970037877559662,0.17600980401039124,2.23203182220459,0,867.039306640625,0.0007554563344456255,5.898207664489746
1787293506868,670,4,2,1,506.3305358886719,467.2575378417969,44.85503387451172,59.78399658203125,0.23535087704658508,59.99998474121094,-1.427145004272461,-2.274406909942627,-0.4426094889640808,2.2415058612823486,0.00254421285353601,0.9999916553497314,0.00002246431540697813,12.74915885925293,12.73386287689209,12.770819664001465,0.13924360275268555,0.14784371852874756,2.2342381477355957,0,876.0230102539062,0.0007813420379534364,5.754562854766846
1787293506888,671,4,2,1,515.4351806640625,470.7158203125,28.781679153442383,59.898006439208984,0.2337026298046112,59.99998474121094,-1.0239344835281372,-1.5545310974121094,0.22297444939613342,2.242292881011963,0.002453926485031843,0.9999989867210388,0.000004762721346196486,12.734023094177246,12.721236228942871,12.757813453674316,0.15681175887584686,0.16899344325065613,2.2342381477355957,0,884.9918212890625,0.0007573542534373701,6.399288177490234
1787293506908,672,4,2,1,524.0985107421875,467.6313781738281,46.500465393066406,59.96746063232422,0.30323413014411926,59.99998474121094,-1.345767855644226,-2.109267473220825,-0.019369570538401604,2.2427785396575928,0.0020626371260732412,0.9999997615814209,8.521710697095841e-7,12.728591918945312,12.709263801574707,12.741284370422363,0.16243861615657806,0.18308763206005096,2.2386491298675537,0,893.9122314453125,0.0007304297178052366,5.713930130004883
1787293506928,673,4,2,1,533.2045288085938,471.3354797363281,29.847606658935547,59.74517822265625,0.20876279473304749,59.99998474121094,-1.3956480026245117,-2.5374536514282227,-0.48102158308029175,2.2437238693237305,0.0021456684917211533,0.9999997615814209,3.1303653713621316e-7,12.747295379638672,12.736741065979004,12.756762504577637,0.13752159476280212,0.15381982922554016,2.2386505603790283,0,902.9459838867188,0.0007577063515782356,5.615785121917725
1787293506948,674,4,2,1,541.855224609375,468.1914367675781,48.12453079223633,59.82859420776367,0.2623286247253418,59.99998474121094,-0.9130390882492065,-1.5756258964538574,0.15701092779636383,2.243567705154419,0.0022936363238841295,0.9999908804893494,0.0000136975550049101,12.741281509399414,12.736416816711426,12.753552436828613,0.16775062680244446,0.1923806071281433,2.2364442348480225,0,911.8663940429688,0.0007308209897018969,6.382004737854004
1787293506968,675,4,2,1,550.9652099609375,472.0746765136719,30.87725257873535,59.913612365722656,0.2725446820259094,59.99998474121094,-1.782064437866211,-2.5766165256500244,-0.8503355979919434,2.2418177127838135,0.0027502281591296196,0.9999988675117493,0.0000039131541598180775,12.747173309326172,12.733292579650879,12.758306503295898,0.16265451908111572,0.19254466891288757,2.23203182220459,0,920.837158203125,0.0007321805460378528,5.735111236572266
1787293506988,676,4,2,1,559.6057739257812,468.87750244140625,49.753292083740234,59.6258544921875,0.2126280665397644,59.99998474121094,-1.5795756578445435,-2.2528328895568848,-0.6719756126403809,2.238839626312256,0.002920950762927532,0.9999997615814209,7.664290251341299e-7,12.74406909942627,12.727415084838867,12.759927749633789,0.1417766958475113,0.14721548557281494,2.2342381477355957,0,929.8863525390625,0.0007824457134120166,5.897784233093262
1787293507008,677,4,2,1,568.7212524414062,472.8958435058594,31.89565658569336,60.18766784667969,0.4074903428554535,59.99998474121094,-1.2074012756347656,-1.7927075624465942,-0.3253936767578125,2.2381560802459717,0.0020543737336993217,0.9999997615814209,3.026123067684239e-7,12.70384693145752,12.678969383239746,12.723638534545898,0.17812709510326385,0.19533532857894897,2.234236717224121,0,938.8540649414062,0.0007583501283079386,6.750056266784668
1787293507029,678,4,2,1,577.3523559570312,469.5973815917969,51.35872268676758,59.84131622314453,0.3649439811706543,59.99998474121094,-1.7029961347579956,-2.905925989151001,-0.2833695709705353,2.2417235374450684,0.0038880310021340847,0.9999997615814209,2.4622300998089486e-7,12.74512004852295,12.716662406921387,12.763317108154297,0.15038438141345978,0.1841421127319336,2.229825735092163,0,947.8388671875,0.0007825358188711107,5.327184200286865
1787293507049,679,4,2,1,586.4741821289062,473.75439453125,32.904605865478516,59.6907958984375,0.21623416244983673,59.99998474121094,-1.1747349500656128,-2.278977155685425,0.03193576633930206,2.2458600997924805,0.003029077546671033,0.9999966025352478,0.000007146088591980515,12.744564056396484,12.736151695251465,12.762566566467285,0.1528724730014801,0.1754247397184372,2.2386491298675537,0,956.7446899414062,0.0007329724612645805,6.054545879364014
1787293507068,680,4,2,1,595.0975952148438,470.3908996582031,52.9633903503418,60.14840316772461,0.36928677558898926,59.99998474121094,-1.6112984418869019,-2.5438618659973145,-0.496866375207901,2.242624044418335,0.0026290351524949074,0.9999995827674866,0.00000169856934917334,12.73010540008545,12.716487884521484,12.740203857421875,0.1812274158000946,0.19637036323547363,2.2364442348480225,0,965.79248046875,0.0007829478126950562,6.361441612243652
1787293507089,681,4,2,1,603.2379150390625,471.4463195800781,183.89654541015625,59.82555389404297,0.3092569410800934,59.99998474121094,-1.5979589223861694,-2.8471715450286865,-0.23947738111019135,2.249209403991699,0.003340869676321745,0.9999980926513672,0.000004986622116120998,12.742446899414062,12.734525680541992,12.771418571472168,0.14542940258979797,0.15320509672164917,2.243060350418091,0,974.761474609375,0.0007537250057794154,5.526703834533691
1787293507109,682,4,2,1,612.6943359375,483.69464111328125,44.989566802978516,60.013824462890625,0.391923725605011,59.99998474121094,-1.0447312593460083,-1.6863185167312622,-0.14700262248516083,2.2474474906921387,0.0027963484171777964,0.9999997615814209,0.0000010491664852452232,12.703107833862305,12.679174423217773,12.73280143737793,0.1729792058467865,0.18847931921482086,2.240854263305664,0,983.78515625,0.000760081282351166,6.61789083480835
1787293507129,683,4,2,1,621.4132690429688,477.08465576171875,55.62898254394531,59.97317886352539,0.40596625208854675,59.99998474121094,-1.7842035293579102,-2.5469236373901367,-0.5979166626930237,2.251495599746704,0.003407505340874195,0.9999997615814209,3.3698660217851284e-7,12.737360000610352,12.70478630065918,12.756729125976562,0.16837672889232635,0.19742828607559204,2.2364442348480225,0,992.7677612304688,0.0007852349663153291,5.765374183654785
1787293507149,684,4,2,1,629.6986083984375,476.3243408203125,80.21675872802734,59.755767822265625,0.30678728222846985,59.99998474121094,-1.5596463680267334,-2.4086732864379883,-0.46142521500587463,2.255378246307373,0.004103104583919048,0.999982476234436,0.0000379200246243272,12.741549491882324,12.73083782196045,12.764803886413574,0.15980567038059235,0.16725769639015198,2.247471570968628,0,1001.7238159179688,0.0007348853978328407,6.037654876708984
1787293507169,685,4,2,1,639.0744018554688,486.6548156738281,39.78109359741211,60.141746520996094,0.344490110874176,59.99998474121094,-1.4048391580581665,-2.3643531799316406,-0.72685706615448,2.2517664432525635,0.004684361629188061,0.9999978542327881,0.000008891325705917552,12.728157997131348,12.70324993133545,12.741350173950195,0.17314082384109497,0.18562908470630646,2.240854263305664,0,1010.6945190429688,0.0007356667774729431,6.194672107696533
1787293507189,686,4,2,1,647.845947265625,481.15191650390625,57.383365631103516,59.7734489440918,0.35925963521003723,59.99998474121094,-1.771793007850647,-2.6528983116149902,-0.5631958842277527,2.259026288986206,0.003613528097048402,0.9999997615814209,0.00000157237377607089,12.724803924560547,12.705511093139648,12.742923736572266,0.16749359667301178,0.17847739160060883,2.254088878631592,0,1019.677978515625,0.0007344410405494273,5.838643550872803
1787293507209,687,4,2,1,657.1233520507812,483.6763000488281,36.09666061401367,59.903934478759766,0.3540472686290741,59.99998474121094,-1.7236900329589844,-2.3782317638397217,-0.6541597843170166,2.255542516708374,0.002992424415424466,0.9999997615814209,4.0059637740341714e-7,12.715645790100098,12.694714546203613,12.727035522460938,0.16695727407932281,0.1756177842617035,2.2496776580810547,0,1028.6485595703125,0.0007354725967161357,6.216411590576172
1787293507230,688,4,2,1,665.2078857421875,491.5044860839844,288.977783203125,59.84910202026367,0.36116287112236023,59.99998474121094,-1.4753224849700928,-2.545323133468628,-0.7440783381462097,2.256274938583374,0.0028438956942409277,0.9999997615814209,2.581356000064261e-7,12.732118606567383,12.723177909851074,12.742982864379883,0.17238934338092804,0.18595284223556519,2.2496776580810547,0,1037.6981201171875,0.0007577023352496326,5.978646755218506
1787293507250,689,4,2,1,673.6328125,502.1146545410156,320.84942626953125,59.92244338989258,0.3606564998626709,59.99998474121094,-2.0110156536102295,-2.733217239379883,-1.04746413230896,2.2539193630218506,0.0022211733739823103,0.9999997615814209,2.408156944966322e-7,12.729081153869629,12.715652465820312,12.740042686462402,0.17464537918567657,0.19081440567970276,2.247471570968628,0,1046.718505859375,0.0007821164326742291,6.074984073638916
1787293507270,690,4,2,1,682.7832641601562,495.259033203125,86.01374053955078,59.88691711425781,0.2652721107006073,59.99998474121094,-1.7160342931747437,-2.4624440670013428,-0.6862636208534241,2.2588040828704834,0.0027310249861329794,0.9999997615814209,2.3870998688835243e-7,12.72573184967041,12.713696479797363,12.747925758361816,0.164377361536026,0.16858245432376862,2.2518839836120605,0,1055.739990234375,0.0007882587960921228,5.948636054992676
1787293507290,691,4,2,1,692.2196044921875,493.02569580078125,39.63593673706055,59.88559341430664,0.3346738815307617,59.99998474121094,-1.7757083177566528,-2.8659963607788086,-0.7977575063705444,2.2521910667419434,0.003962870221585035,0.9999997615814209,2.384539925515128e-7,12.703225135803223,12.680461883544922,12.721096992492676,0.18489708006381989,0.19423869252204895,2.243060350418091,0,1064.64501953125,0.0007372686523012817,6.395306587219238
1787293507310,692,4,2,1,700.9960327148438,485.1547546386719,61.210655212402344,59.9000244140625,0.28420400619506836,59.99998474121094,-1.743634819984436,-2.911581039428711,-0.6072162985801697,2.257197618484497,0.003214905271306634,0.9999997615814209,2.3842284235797706e-7,12.732657432556152,12.707544326782227,12.753103256225586,0.1674346625804901,0.1818927377462387,2.2452666759490967,0,1073.6947021484375,0.0007880409248173237,5.727672100067139
1787293507330,693,4,2,1,710.3173217773438,487.50042724609375,38.794795989990234,59.77247619628906,0.3398917019367218,59.99998474121094,-1.6806244850158691,-2.4416985511779785,-0.989222526550293,2.2523512840270996,0.004108426161110401,0.9999997615814209,2.3841909069233225e-7,12.725022315979004,12.70626163482666,12.751093864440918,0.18301096558570862,0.19427071511745453,2.243060350418091,0,1082.6646728515625,0.0007622418343089521,6.2454304695129395
1787293507350,694,4,2,1,718.9949340820312,481.4071350097656,63.27900695800781,60.04212951660156,0.3559892773628235,59.99998474121094,-1.8065546751022339,-2.81874680519104,-1.038188099861145,2.2591605186462402,0.0033012600615620613,0.9999997615814209,2.384186927884002e-7,12.722163200378418,12.704028129577637,12.744150161743164,0.1735057681798935,0.18722347915172577,2.2496776580810547,0,1091.647216796875,0.0007874818402342498,5.883354663848877
1787293507370,695,4,2,1,728.2557373046875,485.03839111328125,40.30703353881836,59.76280212402344,0.3457304835319519,59.99998474121094,-1.875313401222229,-2.6677606105804443,-1.0113455057144165,2.256216049194336,0.0037338559050112963,0.9999997615814209,2.384186927884002e-7,12.703384399414062,12.681941986083984,12.7295503616333,0.18170945346355438,0.19061018526554108,2.245265245437622,0,1100.6168212890625,0.0007638048846274614,6.184446811676025
1787293507391,696,4,2,1,736.8765869140625,479.73699951171875,65.2519302368164,60.051902770996094,0.36423569917678833,59.99998474121094,-1.6824885606765747,-2.7316293716430664,-0.7853633761405945,2.2601585388183594,0.0027772316243499517,0.9999997615814209,2.384186927884002e-7,12.724227905273438,12.70422077178955,12.740330696105957,0.17703182995319366,0.18383868038654327,2.2540903091430664,0,1109.5362548828125,0.0007361292373389006,5.995184421539307
1787293507411,697,4,2,1,744.8781127929688,482.67144775390625,247.7931365966797,59.90286636352539,0.43381407856941223,59.99998474121094,-2.058192253112793,-3.0831096172332764,-0.9266846776008606,2.2562403678894043,0.003434183308854699,0.9999997615814209,2.384186927884002e-7,12.723037719726562,12.706368446350098,12.74510383605957,0.18623410165309906,0.19652731716632843,2.2496776580810547,0,1118.5709228515625,0.0007596318027935922,6.194957733154297
1787293507431,698,4,2,1,754.504150390625,495.05914306640625,57.34029006958008,59.93046951293945,0.34333422780036926,59.99998474121094,-1.7965489625930786,-2.8431756496429443,-1.028856873512268,2.2619683742523193,0.002845024224370718,0.9999947547912598,0.00001213951145473402,12.718201637268066,12.706146240234375,12.742114067077637,0.17665866017341614,0.18287819623947144,2.258500099182129,0,1127.592041015625,0.0007620046380907297,5.87717866897583
1787293507451,699,4,2,1,763.2120971679688,486.1017761230469,68.45394134521484,59.98732376098633,0.4744391441345215,59.99998474121094,-2.124025821685791,-2.9558818340301514,-0.9893680214881897,2.2565407752990723,0.0031443655025213957,0.9999993443489075,0.0000027485459668241674,12.701733589172363,12.674646377563477,12.711708068847656,0.18746057152748108,0.19907067716121674,2.2496776580810547,0,1136.5126953125,0.0007390078972093761,6.4300923347473145
1787293507471,700,4,2,1,772.5294799804688,489.23193359375,42.676177978515625,59.82746505737305,0.4001624882221222,59.99998474121094,-1.7216675281524658,-2.713639259338379,-1.1062383651733398,2.260162115097046,0.004459640942513943,0.9999997615814209,5.640032441078802e-7,12.725646018981934,12.71387767791748,12.737667083740234,0.18556010723114014,0.19871753454208374,2.2518839836120605,0,1145.48095703125,0.0007383052725344896,5.890154838562012
1787293507491,701,4,2,1,781.158203125,483.08721923828125,69.01025390625,60.110225677490234,0.41273123025894165,59.99998474121094,-1.9390077590942383,-3.1379082202911377,-1.0614129304885864,2.258484363555908,0.0038243087474256754,0.9999997615814209,2.7800206225947477e-7,12.717367172241211,12.699515342712402,12.733044624328613,0.18508967757225037,0.19733905792236328,2.2518839836120605,0,1154.4661865234375,0.0007412079139612615,6.075713157653809
1787293507511,702,4,2,1,790.4305419921875,487.51068115234375,43.972747802734375,59.73860168457031,0.3889506757259369,59.99998474121094,-2.064356803894043,-3.2920901775360107,-0.8156443238258362,2.2615232467651367,0.0026932507753372192,0.9999997615814209,2.4323099978573737e-7,12.701234817504883,12.676376342773438,12.735726356506348,0.18834950029850006,0.1987459510564804,2.258500099182129,0,1163.434326171875,0.0007383532938547432,6.207555770874023
1787293507531,703,4,2,1,799.0119018554688,481.93829345703125,70.92510986328125,59.96346664428711,0.5230833292007446,59.99998474121094,-1.837320327758789,-3.2148125171661377,-1.0155092477798462,2.2583653926849365,0.0025838701985776424,0.9999997615814209,2.3900363999018737e-7,12.713129043579102,12.677145957946777,12.729679107666016,0.1883777379989624,0.2016814649105072,2.2518839836120605,0,1172.41748046875,0.0007374479318968952,6.015982627868652
1787293507551,704,4,2,1,807.0620727539062,482.247802734375,103.50841522216797,60.02495193481445,0.4678019881248474,59.99998474121094,-1.979968786239624,-2.905696153640747,-1.1696407794952393,2.2585394382476807,0.0024582636542618275,0.9999997615814209,2.384897186402668e-7,12.72142505645752,12.712610244750977,12.738394737243652,0.19099624454975128,0.20192699134349823,2.2518839836120605,0,1181.4412841796875,0.0007411078549921513,6.208306789398193
1787293507572,705,4,2,1,815.3187255859375,491.57196044921875,110.21659851074219,59.879520416259766,0.4223097264766693,59.99998474121094,-2.266288995742798,-3.2516868114471436,-0.7606303095817566,2.257962465286255,0.0025750731583684683,0.9999997615814209,2.384271908795199e-7,12.716012001037598,12.694304466247559,12.730987548828125,0.1891578733921051,0.2028508186340332,2.2518839836120605,0,1190.46044921875,0.0007408636738546193,6.096894264221191
1787293507592,706,4,2,1,824.9525756835938,504.599853515625,51.924869537353516,59.938262939453125,0.46463143825531006,59.99998474121094,-1.9211350679397583,-3.187147617340088,-1.1560379266738892,2.254188299179077,0.004174675792455673,0.9999997615814209,2.38419602283102e-7,12.695633888244629,12.671051025390625,12.718722343444824,0.1956101357936859,0.20753169059753418,2.2452666759490967,0,1199.4307861328125,0.0007413012790493667,6.2027411460876465
1787293507612,707,4,2,1,833.7755737304688,496.07318115234375,73.56118774414062,60.09476089477539,0.37368857860565186,59.99998474121094,-1.9347611665725708,-3.316110372543335,-1.129195213317871,2.255401849746704,0.0028556152246892452,0.9999997615814209,2.384186927884002e-7,12.716370582580566,12.691896438598633,12.732707023620605,0.19069528579711914,0.20521710813045502,2.2452666759490967,0,1208.4141845703125,0.0007400133763439953,5.978684425354004
1787293507633,708,4,2,1,841.847412109375,512.9686279296875,372.4302978515625,60.170814514160156,0.5195338129997253,59.99998474121094,-2.2375876903533936,-3.416132688522339,-1.1964279413223267,2.2504353523254395,0.003429084550589323,0.9999997615814209,2.384186927884002e-7,12.710912704467773,12.692042350769043,12.730624198913574,0.19477945566177368,0.2095855176448822,2.243060350418091,0,1217.45068359375,0.0007641388801857829,6.267807483673096
1787293507653,709,4,2,1,851.6975708007812,510.1001281738281,71.58583068847656,59.811134338378906,0.41087204217910767,59.99998474121094,-2.175238847732544,-3.250647783279419,-1.2329577207565308,2.251272201538086,0.003354586660861969,0.9999997615814209,2.384186927884002e-7,12.696521759033203,12.66016960144043,12.729960441589355,0.1978023499250412,0.20980966091156006,2.243060350418091,0,1226.468505859375,0.0007665741140954196,6.241518497467041
1787293507672,710,4,2,1,860.4781494140625,496.4871826171875,77.00276184082031,59.94618225097656,0.5331321358680725,59.99998474121094,-2.0834686756134033,-3.253521203994751,-1.187922716140747,2.2483041286468506,0.0030283185187727213,0.9999997615814209,2.384186927884002e-7,12.705622673034668,12.672677993774414,12.726649284362793,0.19714277982711792,0.20992232859134674,2.2386491298675537,0,1235.388671875,0.0007404970237985253,6.076207160949707
1787293507693,711,4,2,1,868.4940795898438,492.3214111328125,254.84300231933594,60.10050964355469,0.49802082777023315,59.99998474121094,-2.0027079582214355,-3.1541786193847656,-1.1376218795776367,2.250575304031372,0.0032432950101792812,0.9999997615814209,2.384186927884002e-7,12.715017318725586,12.704031944274902,12.730786323547363,0.20025008916854858,0.21086832880973816,2.2408554553985596,0,1244.42236328125,0.0007625885191373527,6.123632907867432
1787293507713,712,4,2,1,878.3518676757812,508.4344787597656,62.90138244628906,60.16362762451172,0.4735175669193268,59.99998474121094,-2.201267957687378,-3.604861259460449,-1.1631696224212646,2.256631374359131,0.003151519922539592,0.9999997615814209,2.384186927884002e-7,12.7075777053833,12.682329177856445,12.726078033447266,0.19628380239009857,0.21633140742778778,2.2518839836120605,0,1253.4443359375,0.0007655133376829326,6.035582542419434
1787293507733,713,4,2,1,886.3118286132812,514.978515625,391.2410583496094,60.005897521972656,0.5646956562995911,59.99998474121094,-2.3050901889801025,-3.6456446647644043,-1.173378586769104,2.255185604095459,0.004032323136925697,0.9999997615814209,2.384186927884002e-7,12.691962242126465,12.660378456115723,12.711788177490234,0.19907855987548828,0.2131853550672531,2.247471570968628,0,1262.4296875,0.0007673314539715648,6.3409504890441895
1787293507753,714,4,2,1,894.6917724609375,526.969970703125,431.5226745605469,59.87934112548828,0.493870347738266,59.99998474121094,-2.382256031036377,-3.7734923362731934,-0.6541434526443481,2.2571513652801514,0.004459842573851347,0.9999997615814209,2.384186927884002e-7,12.708580017089844,12.695923805236816,12.728724479675293,0.2071310430765152,0.22262144088745117,2.247471570968628,0,1271.4500732421875,0.0007926170947030187,6.464235782623291
1787293507773,715,4,2,1,903.1922607421875,534.349609375,439.9453125,59.93293762207031,0.5734885334968567,59.99998474121094,-2.415224313735962,-3.762010335922241,-0.8127442598342896,2.2594900131225586,0.0029443290550261736,0.9999997615814209,2.384186927884002e-7,12.709925651550293,12.687034606933594,12.724810600280762,0.20394711196422577,0.2223866581916809,2.2496776580810547,0,1280.470947265625,0.000792541541159153,6.0487871170043945
1787293507793,716,4,2,1,912.6053466796875,521.398193359375,115.25629425048828,59.74016189575195,0.5674814581871033,59.99998474121094,-2.1930840015411377,-3.6479830741882324,-0.7984161972999573,2.258573055267334,0.003152786521241069,0.9999967813491821,0.000008643639375804923,12.689902305603027,12.659276008605957,12.714391708374023,0.20604635775089264,0.21950851380825043,2.2518839836120605,0,1289.4931640625,0.0007948513375595212,6.274026870727539
1787293507813,717,4,2,1,922.359130859375,516.012939453125,52.074031829833984,59.902366638183594,0.6028398871421814,59.99998474121094,-2.0676844120025635,-3.3827431201934814,-1.0565041303634644,2.2571468353271484,0.002307342831045389,0.9999996423721313,0.0000018265786820848007,12.70833969116211,12.67896842956543,12.725259780883789,0.2117229402065277,0.22916391491889954,2.2496790885925293,0,1298.461181640625,0.0007686770404689014,6.206351280212402
1787293507834,718,4,2,1,931.1982421875,503.6916809082031,80.75614166259766,59.945560455322266,0.6790116429328918,59.99998474121094,-2.30147123336792,-3.7825188636779785,-1.2552490234375,2.257249116897583,0.0023560605477541685,0.9999997615814209,4.323069333622698e-7,12.713199615478516,12.682045936584473,12.733170509338379,0.20723696053028107,0.22448547184467316,2.2452666759490967,0,1307.4462890625,0.0007932831649668515,5.880873680114746
1787293507854,719,4,2,1,940.7372436523438,505.4414978027344,50.94468688964844,59.94285583496094,0.5029602646827698,59.99998474121094,-2.0922794342041016,-3.717097520828247,-0.9853615760803223,2.2559003829956055,0.0037904116325080395,0.9999997615814209,2.619908343604038e-7,12.68472957611084,12.656813621520996,12.710965156555176,0.20727397501468658,0.21917149424552917,2.2496776580810547,0,1316.3519287109375,0.0007436039741151035,6.19722318649292
1787293507874,720,4,2,1,949.4043579101562,496.2461242675781,83.26177978515625,60.17671585083008,0.549884021282196,59.99998474121094,-2.0341227054595947,-3.6786293983459473,-1.0757043361663818,2.2552595138549805,0.003323416691273451,0.9999997615814209,2.41284396906849e-7,12.704379081726074,12.684215545654297,12.729195594787598,0.21285881102085114,0.22653546929359436,2.2496776580810547,0,1325.3350830078125,0.0007425688672810793,6.188482761383057
1787293507894,721,4,2,1,958.830322265625,500.3079528808594,52.840843200683594,60.131160736083984,0.5489071011543274,59.99998474121094,-2.1826632022857666,-3.999290704727173,-0.9929323792457581,2.2571287155151367,0.0043935347348451614,0.9999997615814209,2.387670008374698e-7,12.706677436828613,12.679430961608887,12.725600242614746,0.2121204286813736,0.23313961923122406,2.2452666759490967,0,1334.3055419921875,0.0007433196878992021,5.8841376304626465
1787293507914,722,4,2,1,1101.2679443359375,7946.89111328125,6487.23291015625,59.15788650512695,1.7447408437728882,59.99998474121094,-0.9287887811660767,-11.437180519104004,5.0456767082214355,2.254157066345215,0.0075404890812933445,0.9999997615814209,2.384609274486138e-7,12.613180160522461,12.4941987991333,12.718236923217773,0.29969093203544617,0.4320374131202698,2.240854263305664,0,1343.288818359375,0.005128045100718737,11.078300476074219
1787293507934,723,4,2,1,1424.4881591796875,10564.9580078125,7858.357421875,10.01114559173584,18.04709815979004,10.439152717590332,-0.7831220626831055,-12.57351016998291,6.945509433746338,2.3360612392425537,0.028216784819960594,0.9918128252029419,0.0027074560057371855,12.75377368927002,12.487164497375488,12.819114685058594,0.3405928909778595,0.44704070687294006,2.2518839836120605,0,1352.2603759765625,0.006575128994882107,2.3107800483703613
1787293507959,724,4,2,1,1496.236083984375,4506.66552734375,2942.23779296875,1.315374493598938,4.480907440185547,1.2691569328308105,0.1212247833609581,-1.8600119352340698,4.160698413848877,2.3438432216644287,0.007965486496686935,0.9950341582298279,0.0018732917960733175,12.80733585357666,12.792590141296387,12.828412055969238,0.3156515657901764,0.3307333290576935,2.3356995582580566,0,1361.3070068359375,0.0025460158940404654,0.30467158555984497
1787293507974,725,4,2,1,1530.739501953125,1606.571533203125,1815.636962890625,0.04503173753619194,1.0674961805343628,0.15429982542991638,0.30808061361312866,-1.551627278327942,2.186563014984131,2.339531660079956,0.0033594369888305664,0.99917072057724,0.0015603475039824843,12.80931282043457,12.79909610748291,12.827766418457031,0.29511821269989014,0.3110497295856476,2.33349347114563,0,1370.2127685546875,-0.003488664049655199,-0.00021516656852327287
1787293507994,726,4,2,1,1530.5675048828125,48.39082336425781,957.8766479492188,-0.1429709941148758,0.5573569536209106,0.018759259954094887,0.13067226111888885,-1.1998505592346191,1.570369005203247,2.3337318897247314,0.003648454789072275,0.9998941421508789,0.0003957004228141159,12.82072639465332,12.809820175170898,12.829132080078125,0.2758491635322571,0.2863689363002777,2.326876163482666,0,1379.1959228515625,-0.009826884604990482,-0.04219823330640793
1787293508014,727,4,2,1,1504.5931396484375,-1345.2989501953125,886.7362060546875,-0.08193991333246231,0.4450209140777588,0.0022806881461292505,0.1351892054080963,-1.402914047241211,1.520983338356018,2.329503297805786,0.002333636162802577,0.9999872446060181,0.00007379613816738129,12.815622329711914,12.80744743347168,12.824722290039062,0.2566912770271301,0.26826557517051697,2.318053722381592,0,1388.166259765625,-0.015311411581933498,-0.026140980422496796
1787293508035,728,4,2,1,1453.992431640625,-2311.167724609375,707.5338134765625,0.00043478922452777624,0.4240367114543915,0.0002772784500848502,-0.031283386051654816,-1.223921298980713,1.5202877521514893,2.326453685760498,0.0034945765510201454,0.9999984502792358,0.000012092025826859754,12.823953628540039,12.815675735473633,12.830324172973633,0.23710967600345612,0.24845795333385468,2.3202600479125977,0,1397.1513671875,-0.018818402662873268,-0.006199752911925316
1787293508055,729,4,2,1,1402.9979248046875,-2628.961669921875,625.8965454101562,0.0947512611746788,0.44011107087135315,0.4350322484970093,-0.16113728284835815,-1.206351637840271,1.095942497253418,2.322608709335327,0.004905329551547766,0.9999997615814209,0.0000018364096376899397,12.823820114135742,12.816411018371582,12.830223083496094,0.22430309653282166,0.2337920367717743,2.3092315196990967,0,1406.1197509765625,-0.019995760172605515,0.015554857440292835
1787293508075,730,4,2,1,1369.5665283203125,-925.2210693359375,1458.80419921875,11.279644966125488,4.121478080749512,11.528095245361328,0.3661671280860901,-0.9771718978881836,2.301640748977661,2.3037211894989014,0.008999072946608067,0.9999997615814209,4.3269699290249264e-7,12.776549339294434,12.758091926574707,12.816228866577148,0.2790592312812805,0.3092060983181,2.2915868759155273,0,1415.16796875,-0.018650449812412262,2.7494444847106934
1787293508095,731,4,2,1,1447.296875,2961.673583984375,1543.2987060546875,2.7017805576324463,4.118016719818115,2.5168187618255615,-0.15596598386764526,-2.07495379447937,1.4225131273269653,2.3148534297943115,0.007063613273203373,0.9999997615814209,2.620382986151526e-7,12.80507755279541,12.761151313781738,12.820976257324219,0.2899444103240967,0.33132365345954895,2.291585683822632,0,1424.18994140625,-0.018226925283670425,0.68332839012146
1787293508115,732,4,2,1,1446.4747314453125,120.38526916503906,1213.781005859375,0.2294413447380066,1.2422233819961548,0.3059864044189453,0.35066261887550354,-1.5753216743469238,1.9794450998306274,2.3159992694854736,0.0030174548737704754,0.9999997615814209,2.4129016651386337e-7,12.81875228881836,12.809660911560059,12.832873344421387,0.2649255394935608,0.28569158911705017,2.3092315196990967,0,1433.0950927734375,-0.019051769748330116,0.04753816872835159
1787293508135,733,4,2,1,1436.9639892578125,-735.2048950195312,903.4368286132812,0.14683043956756592,0.4351549744606018,0.22183005511760712,0.03426665812730789,-1.3439428806304932,1.2027196884155273,2.316784620285034,0.0033556681592017412,0.9999997615814209,2.3876768295849615e-7,12.824092864990234,12.815677642822266,12.836783409118652,0.2478218376636505,0.2622855603694916,2.3092315196990967,0,1442.0782470703125,-0.019359705969691277,0.025398246943950653
1787293508155,734,4,2,1,1416.3702392578125,-515.5709838867188,1060.334228515625,8.225207328796387,3.5072226524353027,8.328497886657715,0.11386250704526901,-1.4324593544006348,1.7503868341445923,2.307941436767578,0.004292498808354139,0.9999997615814209,2.384610127137421e-7,12.789389610290527,12.770139694213867,12.825166702270508,0.28086578845977783,0.3051234781742096,2.3004090785980225,0,1451.048828125,-0.018399711698293686,2.0109646320343018
1787293508175,735,4,2,1,1472.1708984375,2334.98095703125,1440.8189697265625,2.6315407752990723,3.2695627212524414,2.2314553260803223,-0.20606005191802979,-1.8879711627960205,2.4017982482910156,2.311293125152588,0.004484083037823439,0.9999997615814209,2.3842375185267883e-7,12.809754371643066,12.781006813049316,12.826090812683105,0.28921473026275635,0.3264330327510834,2.2871744632720947,0,1460.033935546875,-0.017832528799772263,0.661828339099884
1787293508195,736,4,2,1,1465.78759765625,-354.7196960449219,1225.99560546875,0.35985255241394043,1.0615053176879883,0.2712928354740143,0.20457033812999725,-1.5068680047988892,1.5848360061645508,2.310652732849121,0.0018041053554043174,0.9999997615814209,2.3841920437916997e-7,12.820467948913574,12.810123443603516,12.83034610748291,0.26354074478149414,0.2828555405139923,2.307025194168091,0,1469.0673828125,-0.01818867214024067,0.08623027056455612
1787293508216,737,4,2,1,1462.1680908203125,-262.77532958984375,731.978271484375,2.6667120456695557,1.2290947437286377,2.5626139640808105,-0.16152773797512054,-1.4192216396331787,1.303831934928894,2.310776948928833,0.0021373305935412645,0.9999997615814209,2.384186927884002e-7,12.815694808959961,12.799738883972168,12.831624984741211,0.2690701186656952,0.2805953025817871,2.3048202991485596,0,1478.0880126953125,-0.017818627879023552,0.6104938387870789
1787293508236,738,4,2,1,1461.944580078125,313.89874267578125,798.1229248046875,6.824282169342041,1.7235381603240967,6.758841514587402,0.10395432263612747,-1.5374560356140137,2.4637718200683594,2.305657386779785,0.004189616069197655,0.9999997615814209,2.384186927884002e-7,12.791791915893555,12.784049987792969,12.80813217163086,0.294391006231308,0.31271806359291077,2.2959980964660645,0,1487.0615234375,-0.01684071496129036,1.7142583131790161
1787293508256,739,4,2,1,1505.6678466796875,1743.3719482421875,1052.86083984375,1.7279672622680664,2.263460636138916,1.4241533279418945,-0.06235974282026291,-1.7033618688583374,1.8213118314743042,2.309504985809326,0.004353998228907585,0.9999997615814209,2.384186927884002e-7,12.813267707824707,12.7918119430542,12.822349548339844,0.28768134117126465,0.3244931101799011,2.2871744632720947,0,1496.05517578125,-0.016520991921424866,0.4346230924129486
1787293508276,740,4,2,1,1489.7276611328125,-794.5355834960938,1103.9384765625,1.5105286836624146,1.3723174333572388,1.6698654890060425,0.4113617241382599,-1.5549498796463013,1.9020849466323853,2.3088278770446777,0.0040602851659059525,0.9999997615814209,2.384186927884002e-7,12.817388534545898,12.809908866882324,12.829948425292969,0.27230069041252136,0.2863619327545166,2.29599666595459,0,1505.1033935546875,-0.016564413905143738,0.3421092927455902
1787293508296,741,4,2,1,1501.6826171875,438.9571228027344,868.1810913085938,3.0042762756347656,1.1510308980941772,3.012941598892212,0.0020018252544105053,-1.6576881408691406,1.8582617044448853,2.3069908618927,0.003522265935316682,0.9999997615814209,2.384186927884002e-7,12.81169605255127,12.795783996582031,12.821678161621094,0.28478899598121643,0.2984183728694916,2.2915868759155273,0,1514.00830078125,-0.015963386744260788,0.7254905104637146
1787293508316,742,4,2,1,1499.0550537109375,31.012897491455078,819.02294921875,5.319940567016602,1.3511885404586792,5.700064182281494,0.29428645968437195,-1.7254319190979004,2.0286593437194824,2.3033907413482666,0.004639710299670696,0.9999997615814209,2.384186927884002e-7,12.797057151794434,12.787139892578125,12.810022354125977,0.2989601492881775,0.3219819962978363,2.2937917709350586,0,1523.0570068359375,-0.015197590924799442,1.3401936292648315
1787293508337,743,4,2,1,1536.194091796875,1350.683349609375,852.2530517578125,1.387607216835022,1.9866818189620972,1.2720215320587158,-0.25169211626052856,-1.8563958406448364,1.451217532157898,2.3072102069854736,0.003234363393858075,0.9999997615814209,2.384186927884002e-7,12.815445899963379,12.792928695678711,12.825517654418945,0.28906744718551636,0.32170742750167847,2.2982029914855957,0,1532.0789794921875,-0.014870171435177326,0.3501795530319214
1787293508357,744,4,2,1,1519.6920166015625,-386.25262451171875,1043.4879150390625,4.093648910522461,2.262399673461914,4.422632694244385,0.10025617480278015,-1.4081307649612427,2.332988739013672,2.3018364906311035,0.00598153518512845,0.9999997615814209,2.384186927884002e-7,12.807188987731934,12.790129661560059,12.82638931274414,0.2924829423427582,0.3162214756011963,2.2871744632720947,0,1540.9853515625,-0.014482874423265457,1.0323197841644287
1787293508377,745,4,2,1,1545.4794921875,859.841796875,907.935791015625,1.6870789527893066,1.8040215969085693,1.5328141450881958,-0.30513957142829895,-1.5476133823394775,1.6781245470046997,2.3039348125457764,0.0030133153777569532,0.9999997615814209,2.384186927884002e-7,12.813852310180664,12.794309616088867,12.826699256896973,0.2874833345413208,0.3128891885280609,2.2915868759155273,0,1550.031982421875,-0.014005706645548344,0.41903871297836304
1787293508397,746,4,2,1,1538.8531494140625,334.94171142578125,1180.9696044921875,5.612504482269287,2.0145015716552734,5.558746814727783,-0.1034431979060173,-1.8793197870254517,2.349712371826172,2.2946016788482666,0.006078621838241816,0.9999997615814209,2.384186927884002e-7,12.800161361694336,12.790632247924805,12.814421653747559,0.3035467863082886,0.32787173986434937,2.2827632427215576,0,1558.9376220703125,-0.013293229043483734,1.4616732597351074
1787293508417,747,4,2,1,1565.6873779296875,702.10888671875,1110.5230712890625,1.2908360958099365,1.827681064605713,0.9944717884063721,-0.0143961226567626,-1.6228126287460327,1.709738850593567,2.304375171661377,0.005240587517619133,0.9999997615814209,2.384186927884002e-7,12.812491416931152,12.804914474487305,12.82397747039795,0.28877681493759155,0.32084330916404724,2.291585683822632,0,1567.920654296875,-0.01301671750843525,0.3258867859840393
1787293508437,748,4,2,1,1559.581298828125,289.9071044921875,1064.919921875,4.694379806518555,1.8338817358016968,4.748283386230469,0.17466704547405243,-1.8035072088241577,2.266995429992676,2.3004562854766846,0.004212189465761185,0.9999997615814209,2.384186927884002e-7,12.805809020996094,12.792535781860352,12.819785118103027,0.3023465871810913,0.32263821363449097,2.291585683822632,0,1576.8916015625,-0.01242151390761137,1.2079442739486694
1787293508457,749,4,2,1,1573.3306884765625,22.02672004699707,1168.1326904296875,1.5271227359771729,1.3820801973342896,1.875950574874878,0.05357125401496887,-1.5577850341796875,1.8241914510726929,2.3074424266815186,0.004207990597933531,0.9999997615814209,2.384186927884002e-7,12.81140422821045,12.805169105529785,12.825750350952148,0.292897492647171,0.31768736243247986,2.2982029914855957,0,1585.876953125,-0.012064361944794655,0.3845679461956024
1787293508477,750,4,2,1,1582.2940673828125,975.9386596679688,1192.5003662109375,4.823461055755615,1.8242015838623047,4.833673477172852,-0.15241262316703796,-1.6709471940994263,2.549140691757202,2.3005783557891846,0.005054146517068148,0.9999997615814209,2.384186927884002e-7,12.800480842590332,12.7861328125,12.812352180480957,0.3130761981010437,0.3328576683998108,2.284968137741089,0,1594.9088134765625,-0.011274019256234169,1.28325355052948
1787293508497,751,4,2,1,1593.6611328125,40.301422119140625,1084.426513671875,1.7776707410812378,1.6576939821243286,1.7247384786605835,0.0045320335775613785,-1.7104383707046509,1.5298808813095093,2.3060989379882812,0.0039814976043999195,0.9999997615814209,2.384186927884002e-7,12.813117980957031,12.802848815917969,12.828908920288086,0.29398852586746216,0.3098722994327545,2.2959980964660645,0,1603.8291015625,-0.011088441126048565,0.449218213558197
1787293508517,752,4,2,1,1603.471435546875,951.833740234375,1004.4129028320312,3.9369606971740723,1.5421650409698486,3.6859772205352783,0.004266680683940649,-1.9906630516052246,2.5221474170684814,2.302002191543579,0.004803170915693045,0.9999997615814209,2.384186927884002e-7,12.804278373718262,12.789231300354004,12.819353103637695,0.30935558676719666,0.32948940992355347,2.2893807888031006,0,1612.7994384765625,-0.010422034189105034,1.0373772382736206
1787293508538,753,4,2,1,1601.417724609375,-388.9460144042969,951.0286254882812,3.164985418319702,1.8415050506591797,3.700366258621216,0.15859581530094147,-1.9460357427597046,1.7769192457199097,2.303828477859497,0.0045699323527514935,0.9999997615814209,2.384186927884002e-7,12.806463241577148,12.79723072052002,12.818734169006348,0.30499523878097534,0.321960985660553,2.2937917709350586,0,1621.847412109375,-0.010032035410404205,0.8241651654243469
1787293508558,754,4,2,1,1630.44970703125,1556.941650390625,954.4200439453125,2.8073203563690186,2.1432840824127197,2.430386781692505,-0.23601244390010834,-1.6505694389343262,2.350677728652954,2.3010895252227783,0.00563702592626214,0.9999997615814209,2.384186927884002e-7,12.808716773986816,12.786609649658203,12.824530601501465,0.31238695979118347,0.3377470076084137,2.2783522605895996,0,1630.8702392578125,-0.009396988898515701,0.7500581741333008
1787293508578,755,4,2,1,1618.4866943359375,-518.225341796875,1005.3197021484375,3.55385684967041,2.0682883262634277,3.9030935764312744,0.4180441200733185,-1.5488492250442505,2.722456455230713,2.303380012512207,0.004259197041392326,0.9999997615814209,2.384186927884002e-7,12.806135177612305,12.788956642150879,12.821002960205078,0.3073304295539856,0.32104748487472534,2.2959980964660645,0,1639.8912353515625,-0.00905529223382473,0.9195871353149414
1787293508598,756,4,2,1,1645.6810302734375,1043.6051025390625,880.997802734375,1.9799067974090576,1.9245344400405884,1.8261650800704956,-0.20893476903438568,-1.9244240522384644,1.741845965385437,2.3027844429016113,0.003682140028104186,0.9999997615814209,2.384186927884002e-7,12.811086654663086,12.792903900146484,12.820858001708984,0.3094482123851776,0.3365893065929413,2.2871744632720947,0,1648.8470458984375,-0.008543074131011963,0.5268051624298096
1787293508618,757,4,2,1,1639.1048583984375,250.85333251953125,1139.408447265625,5.210431098937988,2.0461437702178955,5.190759658813477,-0.012530305422842503,-1.6614962816238403,2.391716241836548,2.2998106479644775,0.0048932298086583614,0.9999997615814209,2.384186927884002e-7,12.798553466796875,12.786252975463867,12.812043190002441,0.31960129737854004,0.3414318561553955,2.289379358291626,0,1657.8175048828125,-0.007941046729683876,1.4232096672058105
1787293508638,758,4,2,1,1660.036865234375,390.0753479003906,1158.3673095703125,1.2751959562301636,1.7939708232879639,1.2950260639190674,0.23843595385551453,-1.8213207721710205,2.043914794921875,2.304964065551758,0.004439295269548893,0.9999997615814209,2.384186927884002e-7,12.810096740722656,12.802499771118164,12.823579788208008,0.30636417865753174,0.3363092541694641,2.291585683822632,0,1666.802734375,-0.007623580284416676,0.3360294997692108
1787293508659,759,4,2,1,1662.13916015625,642.8834838867188,1046.1187744140625,4.64782190322876,1.6309148073196411,4.5666985511779785,-0.15690061450004578,-1.9793254137039185,2.694523334503174,2.2951276302337646,0.006076453253626823,0.9999997615814209,2.384186927884002e-7,12.802529335021973,12.78832721710205,12.81470775604248,0.3236890137195587,0.34289854764938354,2.2805583477020264,0,1675.77099609375,-0.00697813555598259,1.2829418182373047
1787293508679,760,4,2,1,1670.759765625,-71.68510437011719,1005.3502197265625,2.5350797176361084,1.833419919013977,2.6218600273132324,0.207465261220932,-1.841634750366211,2.1795437335968018,2.299928903579712,0.005379899404942989,0.9999997615814209,2.384186927884002e-7,12.806317329406738,12.795587539672852,12.820451736450195,0.31161701679229736,0.32458484172821045,2.2871744632720947,0,1684.75439453125,-0.006670778151601553,0.6726207137107849
1787293508699,761,4,2,1,1688.007568359375,1183.726318359375,948.354736328125,3.3800737857818604,2.0104949474334717,3.2742159366607666,-0.14331457018852234,-2.1516075134277344,2.777933120727539,2.295903205871582,0.004631583113223314,0.9999997615814209,2.384186927884002e-7,12.803136825561523,12.788086891174316,12.816390037536621,0.32560357451438904,0.34769946336746216,2.2827632427215576,0,1693.7247314453125,-0.0060175028629601,0.9386586546897888
1787293508720,762,4,2,1,1684.7647705078125,-183.7917022705078,862.7880249023438,3.7609007358551025,2.163586139678955,3.828561544418335,0.11777758598327637,-1.945537805557251,2.2782936096191406,2.3029677867889404,0.003495641518384218,0.9999997615814209,2.384186927884002e-7,12.803744316101074,12.789416313171387,12.815938949584961,0.31932246685028076,0.3323837220668793,2.2915868759155273,0,1702.7081298828125,-0.005668996833264828,1.0292282104492188
1787293508739,763,4,2,1,1709.294189453125,1097.1131591796875,902.8602294921875,2.1597819328308105,2.038534641265869,1.9288408756256104,-0.19544078409671783,-2.1545565128326416,3.1357219219207764,2.304786205291748,0.004036122467368841,0.9999997615814209,2.384186927884002e-7,12.807812690734863,12.789267539978027,12.818126678466797,0.3214990198612213,0.3489893972873688,2.2871744632720947,0,1711.6785888671875,-0.005160571075975895,0.6004464626312256
1787293508759,764,4,2,1,1702.834716796875,202.395751953125,1103.1964111328125,5.077693462371826,2.1040265560150146,4.9982123374938965,-0.07731092721223831,-1.9905352592468262,2.257145643234253,2.2983598709106445,0.006229888182133436,0.9999997615814209,2.384186927884002e-7,12.797331809997559,12.781529426574707,12.813605308532715,0.32943227887153625,0.3528510630130768,2.2871744632720947,0,1720.6636962890625,-0.004623354412615299,1.4344830513000488
1787293508779,765,4,2,1,1721.0662841796875,240.0072479248047,1198.517822265625,1.3662159442901611,1.6738691329956055,1.6550441980361938,0.08709947019815445,-2.0252907276153564,1.9383974075317383,2.3044772148132324,0.00462720263749361,0.9999997615814209,2.384186927884002e-7,12.80771541595459,12.793407440185547,12.819398880004883,0.318645715713501,0.34571897983551025,2.2915868759155273,0,1729.6319580078125,-0.004307204857468605,0.37427207827568054
1787293508799,766,4,2,1,1728.72509765625,967.4599609375,1202.0887451171875,4.725873947143555,1.498175859451294,4.373227119445801,-0.17283660173416138,-1.9155962467193604,2.4081645011901855,2.2964234352111816,0.006281403824687004,0.9999997615814209,2.384186927884002e-7,12.799271583557129,12.783787727355957,12.8100004196167,0.3350173830986023,0.35426273941993713,2.2805583477020264,0,1738.615234375,-0.0036481183487921953,1.3494573831558228
1787293508819,767,4,2,1,1731.056640625,-245.79800415039062,995.2137451171875,2.8520238399505615,1.6156787872314453,3.0365331172943115,0.16456355154514313,-1.8441046476364136,1.969154715538025,2.304482936859131,0.0043945154175162315,0.9999997615814209,2.384186927884002e-7,12.805410385131836,12.79529094696045,12.817652702331543,0.3260106146335602,0.34215545654296875,2.2937917709350586,0,1747.6490478515625,-0.003331746207550168,0.7918091416358948
1787293508840,768,4,2,1,1752.5028076171875,1070.837890625,1110.2767333984375,2.891575336456299,1.8604333400726318,2.48429536819458,-0.1320733278989792,-2.210010051727295,2.3448214530944824,2.2999770641326904,0.006626736838370562,0.9999997615814209,2.384186927884002e-7,12.804483413696289,12.785920143127441,12.816083908081055,0.3322860300540924,0.3564455807209015,2.2783522605895996,0,1756.5694580078125,-0.0027750919107347727,0.8237763047218323
1787293508859,769,4,2,1,1746.5762939453125,-30.286609649658203,1064.418701171875,4.623630046844482,2.0303030014038086,4.878837585449219,0.04894598200917244,-2.0971932411193848,2.6468894481658936,2.296473503112793,0.007817612029612064,0.9999997615814209,2.384186927884002e-7,12.79769515991211,12.785886764526367,12.812536239624023,0.33730772137641907,0.3602806031703949,2.2827646732330322,0,1765.539794921875,-0.0023065877612680197,1.3339793682098389
1787293508880,770,4,2,1,1767.85400390625,446.9299011230469,1133.2119140625,1.6157218217849731,1.749351978302002,1.5958462953567505,0.19102312624454498,-2.0312187671661377,1.9141840934753418,2.304835081100464,0.005228706169873476,0.9999997615814209,2.384186927884002e-7,12.806806564331055,12.789969444274902,12.818204879760742,0.3271883726119995,0.35425063967704773,2.291585683822632,0,1774.5233154296875,-0.0019491937709972262,0.45271119475364685
1787293508900,771,4,2,1,1772.682373046875,830.1644897460938,1133.8804931640625,4.606324672698975,1.4900357723236084,4.532236576080322,-0.25594085454940796,-2.3254640102386475,2.680340528488159,2.2987053394317627,0.005426120012998581,0.9999997615814209,2.384186927884002e-7,12.797459602355957,12.783778190612793,12.811416625976562,0.3436860740184784,0.3631019592285156,2.289379358291626,0,1783.4954833984375,-0.0013329940848052502,1.347694754600525
1787293508920,772,4,2,1,1776.34814453125,-239.68577575683594,1006.9679565429688,2.7565197944641113,1.534456491470337,3.2010600566864014,0.26290711760520935,-1.995104193687439,2.489121913909912,2.298710584640503,0.006997623480856419,0.9999997615814209,2.384186927884002e-7,12.804792404174805,12.793731689453125,12.82011604309082,0.33431002497673035,0.3510943353176117,2.284968137741089,0,1792.477783203125,-0.001026775105856359,0.7790935635566711
1787293508940,773,4,2,1,1797.3831787109375,1031.9871826171875,1040.7861328125,2.8328397274017334,1.8679779767990112,2.4930765628814697,-0.14369197189807892,-2.2103006839752197,2.464655876159668,2.2991106510162354,0.0049599455669522285,0.9999997615814209,2.384186927884002e-7,12.802299499511719,12.787367820739746,12.813679695129395,0.3402157425880432,0.36642229557037354,2.2827632427215576,0,1801.4481201171875,-0.0004826253862120211,0.8261869549751282
1787293508960,774,4,2,1,1793.0050048828125,91.64678955078125,1066.71923828125,4.694437026977539,2.0250768661499023,4.808741569519043,-0.13667207956314087,-2.0368285179138184,2.504164695739746,2.2933709621429443,0.007912869565188885,0.9999997615814209,2.384186927884002e-7,12.796600341796875,12.785035133361816,12.81226921081543,0.345438152551651,0.36949634552001953,2.2783522605895996,0,1810.431396484375,-0.00002075426709780004,1.387321949005127
1787293508980,775,4,2,1,1810.5157470703125,237.23651123046875,1189.5198974609375,1.6828382015228271,1.539962887763977,1.90214204788208,0.04938206821680069,-2.1212005615234375,2.1588594913482666,2.3010976314544678,0.005618903320282698,0.9999997615814209,2.384186927884002e-7,12.804435729980469,12.79061508178711,12.812789916992188,0.33690711855888367,0.36296817660331726,2.2805583477020264,0,1819.4649658203125,0.0003202417283318937,0.48539844155311584
1787293509000,776,4,2,1,1820.5316162109375,989.407958984375,1097.901611328125,4.248628616333008,1.5466837882995605,4.035445690155029,0.06095501035451889,-2.0887019634246826,3.1951851844787598,2.2976746559143066,0.004114666488021612,0.9999997615814209,2.384186927884002e-7,12.79651927947998,12.781996726989746,12.80700397491455,0.34996297955513,0.36937353014945984,2.284968137741089,0,1828.3853759765625,0.0009175475570373237,1.2631336450576782
1787293509020,777,4,2,1,1821.4351806640625,-115.26329803466797,888.5609741210938,3.5829763412475586,1.9022133350372314,3.6417462825775146,0.00479967100545764,-2.057701587677002,2.0655953884124756,2.3027634620666504,0.004113249015063047,0.9999997615814209,2.384186927884002e-7,12.800874710083008,12.786031723022461,12.81589126586914,0.3446165919303894,0.35856908559799194,2.2959980964660645,0,1837.4202880859375,0.0012440196005627513,1.056941032409668
1787293509040,778,4,2,1,1844.16259765625,1053.5931396484375,863.5542602539062,2.3513386249542236,1.8465080261230469,2.1558806896209717,-0.33919835090637207,-2.270750045776367,3.1628191471099854,2.3028738498687744,0.005471732467412949,0.9999997615814209,2.384186927884002e-7,12.803360939025879,12.787701606750488,12.814260482788086,0.34639856219291687,0.3734147846698761,2.289379358291626,0,1846.3414306640625,0.0017101719276979566,0.69651859998703
1787293509060,779,4,2,1,1842.458740234375,569.020751953125,1139.427001953125,4.703591823577881,1.7740930318832397,4.794769763946533,0.08466809242963791,-2.1922900676727295,2.8528168201446533,2.2981598377227783,0.0048218886367976665,0.9999997615814209,2.384186927884002e-7,12.797412872314453,12.78376579284668,12.810013771057129,0.3555442988872528,0.3749792277812958,2.2871744632720947,0,1855.31005859375,0.002230093814432621,1.4206831455230713
1787293509081,780,4,2,1,1851.646484375,-10.832501411437988,977.6713256835938,2.7556698322296143,1.646568775177002,2.869182825088501,0.3027281165122986,-2.002974510192871,2.311274290084839,2.3061585426330566,0.005505974870175123,0.9999997615814209,2.384186927884002e-7,12.798727035522461,12.786783218383789,12.81026554107666,0.34600573778152466,0.3607122004032135,2.2982029914855957,0,1864.2930908203125,0.002534423489123583,0.8037307858467102
1787293509101,781,4,2,1,1870.1053466796875,1142.7392578125,1010.5892333984375,3.2094616889953613,1.6663591861724854,2.8399157524108887,-0.21713902056217194,-2.0037078857421875,3.1268417835235596,2.3008103370666504,0.004945880733430386,0.9999997615814209,2.384186927884002e-7,12.799290657043457,12.783158302307129,12.812414169311523,0.3546477258205414,0.3767603635787964,2.2871744632720947,0,1873.263671875,0.0030677097383886576,0.9702515006065369
1787293509121,782,4,2,1,1865.5113525390625,87.07796478271484,1068.09033203125,4.715322017669678,1.952446460723877,4.824059963226318,-0.08506788313388824,-2.40600323677063,2.7445831298828125,2.298462390899658,0.006106831599026918,0.9999997615814209,2.384186927884002e-7,12.794682502746582,12.783565521240234,12.807939529418945,0.3582872152328491,0.3816429376602173,2.2827632427215576,0,1882.2471923828125,0.0034988829866051674,1.4409394264221191
1787293509141,783,4,2,1,1881.3623046875,156.22467041015625,1141.368408203125,2.097058057785034,1.4440476894378662,2.2575111389160156,-0.1272597312927246,-2.063833236694336,1.7722153663635254,2.3041393756866455,0.005898643750697374,0.9999997615814209,2.384186927884002e-7,12.799263000488281,12.783598899841309,12.810184478759766,0.3519558310508728,0.3719692826271057,2.2871744632720947,0,1891.281005859375,0.0038413747679442167,0.6204113960266113
1787293509161,784,4,2,1,1893.8365478515625,964.5111694335938,889.2952270507812,3.746155023574829,1.6356598138809204,3.6790761947631836,-0.1121203675866127,-2.3140554428100586,2.856321096420288,2.299119710922241,0.0047438605688512325,0.9999997615814209,2.384186927884002e-7,12.794733047485352,12.781434059143066,12.808572769165039,0.3619040548801422,0.3794010579586029,2.284968137741089,0,1900.2921142578125,0.004384456668049097,1.150113821029663
1787293509181,785,4,2,1,1890.2982177734375,-285.0752258300781,938.7153930664062,4.043638229370117,1.719870924949646,4.3413801193237305,0.436557412147522,-2.0422182083129883,3.0644304752349854,2.2963943481445312,0.006419104989618063,0.9999997615814209,2.384186927884002e-7,12.793501853942871,12.781275749206543,12.811578750610352,0.36080360412597656,0.3846929967403412,2.2783522605895996,0,1909.27392578125,0.0047530862502753735,1.2274724245071411
1787293509201,786,4,2,1,1912.0069580078125,506.8934020996094,1052.7730712890625,2.1290955543518066,1.6619584560394287,2.032867670059204,0.11298802495002747,-2.4233558177948,2.0606069564819336,2.3007025718688965,0.004241329152137041,0.9999997615814209,2.384186927884002e-7,12.7957124710083,12.784647941589355,12.806485176086426,0.3559926748275757,0.3817513585090637,2.2871744632720947,0,1918.2308349609375,0.005131768528372049,0.645270586013794
1787293509221,787,4,2,1,1919.8961181640625,923.8157958984375,1056.2490234375,4.240596294403076,1.4231116771697998,3.9869720935821533,0.017291303724050522,-2.2398316860198975,2.9460160732269287,2.2930352687835693,0.005744447465986013,0.9999997615814209,2.384186927884002e-7,12.793569564819336,12.784103393554688,12.806303024291992,0.36650770902633667,0.3866078555583954,2.273939609527588,0,1927.2657470703125,0.005666860844939947,1.3201279640197754
1787293509242,788,4,2,1,1918.807861328125,-259.5641784667969,1000.1068115234375,3.910482883453369,1.8764766454696655,3.9371776580810547,0.28941604495048523,-2.3589324951171875,3.3723413944244385,2.299128293991089,0.005810638889670372,0.9999997615814209,2.384186927884002e-7,12.793889999389648,12.783052444458008,12.807577133178711,0.36301541328430176,0.37736254930496216,2.289379358291626,0,1936.287353515625,0.006001986097544432,1.198412537574768
1787293509262,789,4,2,1,1940.479736328125,686.4058837890625,970.0743408203125,2.3570213317871094,1.5986673831939697,2.192293405532837,-0.10872533172369003,-2.232851982116699,2.20953631401062,2.303345203399658,0.004748040344566107,0.9999997615814209,2.384186927884002e-7,12.796333312988281,12.783163070678711,12.809521675109863,0.36215442419052124,0.3899160623550415,2.2827632427215576,0,1945.2083740234375,0.006404565181583166,0.7289445996284485
1787293509282,790,4,2,1,1946.1207275390625,875.6166381835938,1126.79638671875,4.447503566741943,1.2367221117019653,4.18121862411499,-0.11343123763799667,-2.380253314971924,2.478260040283203,2.2987189292907715,0.00553522864356637,0.9999997615814209,2.384186927884002e-7,12.79171371459961,12.784662246704102,12.803786277770996,0.37297216057777405,0.3927399814128876,2.2827632427215576,0,1954.1767578125,0.006918985862284899,1.4091941118240356
1787293509302,791,4,2,1,1948.1375732421875,-78.5987548828125,818.2037353515625,3.830247640609741,1.7379562854766846,3.878972291946411,0.18067368865013123,-2.0129804611206055,2.393480062484741,2.2987663745880127,0.005808771122246981,0.9999997615814209,2.384186927884002e-7,12.791196823120117,12.775298118591309,12.807538986206055,0.3679978847503662,0.3800486624240875,2.2871744632720947,0,1963.15966796875,0.007237137760967016,1.1985359191894531
1787293509322,792,4,2,1,1967.8115234375,727.8141479492188,974.0929565429688,2.476459503173828,1.5545392036437988,2.2735583782196045,-0.16745875775814056,-2.396078586578369,2.6080868244171143,2.3028531074523926,0.005715026520192623,0.9999997615814209,2.384186927884002e-7,12.794719696044922,12.782779693603516,12.80402660369873,0.3674657344818115,0.39573684334754944,2.2805583477020264,0,1972.1815185546875,0.007651157211512327,0.7777295112609863
1787293509342,793,4,2,1,1972.9776611328125,860.6498413085938,1125.7578125,4.54764986038208,1.2265197038650513,4.349203109741211,-0.14582183957099915,-2.523627281188965,2.5769710540771484,2.2952470779418945,0.005623880308121443,0.9999997615814209,2.384186927884002e-7,12.789178848266602,12.779753684997559,12.801060676574707,0.3775409758090973,0.3979085385799408,2.2827646732330322,0,1981.216552734375,0.00816276390105486,1.460150957107544
1787293509362,794,4,2,1,1974.68408203125,-127.97240447998047,927.2969970703125,3.8895938396453857,1.7127574682235718,3.815432548522949,0.20917262136936188,-2.476836919784546,2.894089937210083,2.298020601272583,0.0043385811150074005,0.9999997615814209,2.384186927884002e-7,12.791412353515625,12.782814979553223,12.804664611816406,0.37284186482429504,0.38489457964897156,2.2871744632720947,0,1990.2000732421875,0.00848424807190895,1.2267075777053833
1787293509383,795,4,2,1,1994.3089599609375,631.3261108398438,964.4970092773438,2.413728713989258,1.5349229574203491,2.261693000793457,0.06005791574716568,-2.3010001182556152,2.96806001663208,2.3004114627838135,0.0070167528465390205,0.9999997615814209,2.384186927884002e-7,12.79297924041748,12.785208702087402,12.80389404296875,0.37197765707969666,0.40008583664894104,2.282762050628662,0,1999.169189453125,0.008866562508046627,0.7572579383850098
1787293509403,796,4,2,1,2001.0718994140625,890.8856811523438,1012.2202758789062,4.322728157043457,1.3431601524353027,4.049593448638916,0.027809560298919678,-2.602792739868164,2.9928417205810547,2.295989751815796,0.00554881663993001,0.9999997615814209,2.384186927884002e-7,12.78757095336914,12.778465270996094,12.793746948242188,0.38102397322654724,0.3983990550041199,2.2739410400390625,0,2008.19189453125,0.009367710910737514,1.4016640186309814
1787293509423,797,4,2,1,1999.76953125,-249.5436248779297,918.054931640625,4.005218029022217,1.6013786792755127,4.365886211395264,0.5040321350097656,-2.370814800262451,3.332010507583618,2.292065382003784,0.006483395583927631,0.9999997615814209,2.384186927884002e-7,12.789297103881836,12.77596664428711,12.805326461791992,0.38056880235671997,0.39871352910995483,2.2783522605895996,0,2017.2125244140625,0.00970522966235876,1.2817022800445557
1787293509443,798,4,2,1,2019.5677490234375,422.634521484375,1051.4783935546875,2.218339443206787,1.5431722402572632,2.3245153427124023,0.10175003856420517,-2.4783921241760254,2.3922812938690186,2.294651985168457,0.005435785744339228,0.9999997615814209,2.384186927884002e-7,12.790882110595703,12.781380653381348,12.80101490020752,0.37689587473869324,0.40287891030311584,2.2827632427215576,0,2026.235107421875,0.01005692221224308,0.7085122466087341
1787293509463,799,4,2,1,2029.614990234375,947.628662109375,907.5362548828125,3.813612937927246,1.578116774559021,3.7031755447387695,-0.13528738915920258,-2.5774025917053223,3.251518964767456,2.293213129043579,0.005212095100432634,0.9999997615814209,2.384186927884002e-7,12.79114055633545,12.779411315917969,12.801977157592773,0.3866709768772125,0.40582796931266785,2.2783522605895996,0,2035.156494140625,0.010543473064899445,1.2516916990280151
1787293509483,800,4,2,1,2028.825927734375,25.970470428466797,1019.0233154296875,4.370168685913086,1.6791267395019531,4.534158229827881,0.08027800172567368,-2.3023455142974854,2.9477498531341553,2.2952721118927,0.006416825577616692,0.9999997615814209,2.384186927884002e-7,12.786455154418945,12.773222923278809,12.797104835510254,0.3876628279685974,0.40980449318885803,2.2827632427215576,0,2044.188232421875,0.010900396853685379,1.4394481182098389
1787293509503,801,4,2,1,2044.165771484375,237.29409790039062,1022.0972900390625,2.6611216068267822,1.428942322731018,2.7964601516723633,-0.16203190386295319,-2.656553030014038,2.501619338989258,2.3021183013916016,0.006377863697707653,0.9999997615814209,2.384186927884002e-7,12.791064262390137,12.781641006469727,12.801248550415039,0.3828633427619934,0.4014931619167328,2.2893807888031006,0,2053.108642578125,0.011223017238080502,0.8683562874794006
1787293509523,802,4,2,1,2058.1826171875,957.201416015625,1048.6661376953125,3.501868963241577,1.4774634838104248,3.125432014465332,-0.09197351336479187,-2.2943506240844727,3.718916416168213,2.2990198135375977,0.006025712005794048,0.9999997615814209,2.384186927884002e-7,12.790929794311523,12.778595924377441,12.79973316192627,0.38810327649116516,0.4093817174434662,2.280557155609131,0,2062.14208984375,0.01168572623282671,1.1571968793869019
1787293509544,803,4,2,1,2058.09619140625,341.22772216796875,1024.5169677734375,4.787318706512451,1.634092092514038,4.752246856689453,0.2248646318912506,-2.488999605178833,3.4518637657165527,2.293792247772217,0.006288426928222179,0.9999997615814209,2.384186927884002e-7,12.785722732543945,12.775057792663574,12.794888496398926,0.39282605051994324,0.4123721420764923,2.2783522605895996,0,2071.146728515625,0.012100184336304665,1.5907047986984253
1787293509564,804,4,2,1,2067.277099609375,-73.32201385498047,996.5272216796875,3.025022268295288,1.3829594850540161,3.2764933109283447,0.1720735877752304,-2.8215177059173584,2.214658260345459,2.2998197078704834,0.006248646415770054,0.9999997615814209,2.384186927884002e-7,12.789909362792969,12.785035133361816,12.799274444580078,0.3879452347755432,0.40698114037513733,2.289379358291626,0,2080.066650390625,0.01239097397774458,0.9911565184593201
1787293509584,805,4,2,1,2086.80224609375,982.6171264648438,884.3286743164062,2.8860666751861572,1.667480707168579,2.7666590213775635,-0.32570260763168335,-2.6656334400177,3.534867763519287,2.298240900039673,0.006766616832464933,0.9999997615814209,2.384186927884002e-7,12.789163589477539,12.777588844299316,12.803037643432617,0.3920516073703766,0.41462045907974243,2.2783522605895996,0,2089.099609375,0.01281839981675148,0.9623416662216187
1787293509604,806,4,2,1,2090.173583984375,778.8892211914062,1056.9527587890625,4.532383441925049,1.2794798612594604,4.333944797515869,-0.29079556465148926,-2.8140642642974854,3.1781506538391113,2.2965245246887207,0.006073826923966408,0.9999997615814209,2.384186927884002e-7,12.787723541259766,12.780762672424316,12.798051834106445,0.3985981047153473,0.4187939763069153,2.2827646732330322,0,2098.01904296875,0.013251359574496746,1.535935878753662
1787293509624,807,4,2,1,2090.7744140625,-239.5704345703125,954.6177978515625,4.007280349731445,1.616133689880371,4.1289544105529785,0.47178906202316284,-2.423489570617676,3.479196310043335,2.297417163848877,0.006446201354265213,0.9999997615814209,2.384186927884002e-7,12.786153793334961,12.776840209960938,12.802834510803223,0.3950323462486267,0.4068426191806793,2.2871744632720947,0,2106.989990234375,0.013561227358877659,1.3253601789474487
1787293509644,808,4,2,1,2108.35986328125,324.14599609375,1031.170654296875,2.466505289077759,1.4466805458068848,2.629960536956787,0.026880793273448944,-2.8598031997680664,2.4879391193389893,2.299437999725342,0.0049240561202168465,0.9999997615814209,2.384186927884002e-7,12.787763595581055,12.780186653137207,12.79389762878418,0.3943592607975006,0.42180365324020386,2.2849695682525635,0,2115.97314453125,0.013908789493143559,0.8247486352920532
1787293509665,809,4,2,1,2122.203369140625,1135.3975830078125,983.900634765625,3.7452380657196045,1.4725258350372314,3.585914373397827,-0.445220023393631,-2.694577693939209,3.1318280696868896,2.2948246002197266,0.007206667214632034,0.9999997615814209,2.384186927884002e-7,12.784751892089844,12.775161743164062,12.790623664855957,0.403008371591568,0.424083948135376,2.2783522605895996,0,2124.94384765625,0.01437009684741497,1.2776938676834106
1787293509684,810,4,2,1,2121.102783203125,262.25006103515625,981.7933959960938,4.695877552032471,1.619717001914978,4.641374588012695,0.24867546558380127,-2.5783205032348633,3.036257028579712,2.2921712398529053,0.005734250880777836,0.9999997615814209,2.384186927884002e-7,12.784682273864746,12.7737398147583,12.796670913696289,0.4037984609603882,0.42600443959236145,2.2805583477020264,0,2133.99072265625,0.014737491495907307,1.6030656099319458
1787293509704,811,4,2,1,2130.607666015625,-66.96452331542969,977.1990356445312,3.084632396697998,1.2846871614456177,3.322974681854248,0.2282886952161789,-2.410914421081543,2.6977508068084717,2.295778751373291,0.005569908302277327,0.9999997615814209,2.384186927884002e-7,12.787714958190918,12.77754020690918,12.79768180847168,0.39927583932876587,0.4186416268348694,2.2827646732330322,0,2142.896484375,0.015015569515526295,1.0390206575393677
1787293509725,812,4,2,1,2148.83544921875,853.6526489257812,860.5107421875,3.019033432006836,1.5722202062606812,2.7538530826568604,-0.33300915360450745,-2.4493889808654785,3.3497133255004883,2.2972042560577393,0.006780754309147596,0.9999997615814209,2.384186927884002e-7,12.786725044250488,12.774773597717285,12.801021575927734,0.40282949805259705,0.4241825044155121,2.2827646732330322,0,2151.94482421875,0.0154249407351017,1.032623529434204
1787293509745,813,4,2,1,2154.58349609375,854.9201049804688,980.5090942382812,4.339559078216553,1.2782968282699585,4.116696357727051,0.09819849580526352,-2.697077751159668,2.9212892055511475,2.293808698654175,0.007052520755678415,0.9999997615814209,2.384186927884002e-7,12.784271240234375,12.77203369140625,12.789051055908203,0.40938177704811096,0.4305393397808075,2.2783522605895996,0,2160.9013671875,0.015856752172112465,1.5041921138763428
1787293509765,814,4,2,1,2155.470458984375,-1.884818196296692,1024.7623291015625,4.238970756530762,1.5917822122573853,4.4812331199646,0.1842329502105713,-2.6195685863494873,3.9142706394195557,2.2928099632263184,0.007159917149692774,0.9999997615814209,2.384186927884002e-7,12.784323692321777,12.772974967956543,12.79550552368164,0.4098665416240692,0.42966124415397644,2.2805583477020264,0,2169.8720703125,0.01617402210831642,1.4705793857574463
1787293509785,815,4,2,1,2169.348876953125,178.86181640625,943.6008911132812,3.0408129692077637,1.495815396308899,3.142692804336548,0.18026518821716309,-2.5727899074554443,2.841214418411255,2.298457145690918,0.004884371999651194,0.9999997615814209,2.384186927884002e-7,12.785032272338867,12.779214859008789,12.796384811401367,0.4066934585571289,0.42206141352653503,2.2871744632720947,0,2178.854736328125,0.016491275280714035,1.044050693511963
1787293509805,816,4,2,1,2185.532470703125,971.0020751953125,941.98974609375,3.084125518798828,1.6604710817337036,2.955960750579834,-0.13278727233409882,-2.6742630004882812,3.5829062461853027,2.296475887298584,0.004553960636258125,0.9999997615814209,2.384186927884002e-7,12.785487174987793,12.775972366333008,12.79261302947998,0.41126030683517456,0.4319656789302826,2.2805583477020264,0,2187.825927734375,0.016901006922125816,1.0762264728546143
1787293509825,817,4,2,1,2189.11962890625,726.6223754882812,1075.9459228515625,4.530706405639648,1.2588850259780884,4.423084259033203,-0.19719071686267853,-2.38476300239563,3.7284538745880127,2.292400598526001,0.004207750782370567,0.9999997615814209,2.384186927884002e-7,12.782355308532715,12.771963119506836,12.788537979125977,0.41677823662757874,0.4331399202346802,2.2805583477020264,0,2196.8095703125,0.017295660451054573,1.6036585569381714
1787293509846,818,4,2,1,2191.0791015625,-97.60098266601562,955.0353393554688,3.9845550060272217,1.3525950908660889,4.4456467628479,0.4032464325428009,-2.4399313926696777,3.978001832962036,2.293137311935425,0.007411114405840635,0.9999997615814209,2.384186927884002e-7,12.780876159667969,12.769598007202148,12.793871879577637,0.4168044626712799,0.43814346194267273,2.2783522605895996,0,2205.84326171875,0.01760750263929367,1.3906409740447998
1787293509866,819,4,2,1,2206.4892578125,215.30653381347656,1052.9617919921875,2.80403733253479,1.3723927736282349,2.905587673187256,-0.11376067996025085,-3.0222554206848145,2.510938882827759,2.296621799468994,0.005170406308025122,0.9999997615814209,2.384186927884002e-7,12.783778190612793,12.772823333740234,12.79719066619873,0.41302046179771423,0.43005818128585815,2.284968137741089,0,2214.865966796875,0.017907800152897835,0.9848295450210571
1787293509886,820,4,2,1,2221.047607421875,936.74951171875,952.2080688476562,3.3036882877349854,1.5525977611541748,3.2224299907684326,-0.06500489264726639,-2.8668484687805176,3.03629207611084,2.2940356731414795,0.005928050726652145,0.9999997615814209,2.384186927884002e-7,12.782380104064941,12.764963150024414,12.790367126464844,0.4175805449485779,0.4407452344894409,2.2761459350585938,0,2223.84912109375,0.018312368541955948,1.172675371170044
1787293509906,821,4,2,1,2224.97802734375,718.7764282226562,1099.97314453125,4.620100975036621,1.3402626514434814,4.540281295776367,-0.321092814207077,-2.6799230575561523,3.9520645141601562,2.2907235622406006,0.007266613654792309,0.9999997615814209,2.384186927884002e-7,12.781913757324219,12.774344444274902,12.789600372314453,0.423503577709198,0.44062843918800354,2.2783522605895996,0,2232.818603515625,0.01870577782392502,1.6633288860321045
1787293509926,822,4,2,1,2227.5595703125,-76.21833038330078,987.36572265625,4.019678115844727,1.3735138177871704,4.397066116333008,0.31885722279548645,-2.2904748916625977,3.5563929080963135,2.292895555496216,0.005918597336858511,0.9999997615814209,2.384186927884002e-7,12.781847953796387,12.770227432250977,12.798645973205566,0.42200836539268494,0.44485580921173096,2.2827632427215576,0,2241.739013671875,0.018997427076101303,1.4277280569076538
1787293509946,823,4,2,1,2242.326904296875,224.169921875,900.0740966796875,3.1741061210632324,1.423081636428833,3.094763994216919,0.10430904477834702,-2.8377790451049805,3.0996336936950684,2.2957401275634766,0.004354062024503946,0.9999997615814209,2.384186927884002e-7,12.782466888427734,12.77398681640625,12.790283203125,0.4189090430736542,0.43765997886657715,2.2871744632720947,0,2250.7734375,0.019301163032650948,1.1274646520614624
1787293509966,824,4,2,1,2257.17041015625,898.4583129882812,880.1707763671875,3.2147624492645264,1.4893460273742676,3.128485918045044,-0.269623339176178,-3.1919171810150146,3.833599090576172,2.2960383892059326,0.00601484440267086,0.9999997615814209,2.384186927884002e-7,12.783827781677246,12.771926879882812,12.793804168701172,0.4237675666809082,0.44501855969429016,2.2805583477020264,0,2259.797607421875,0.01968284696340561,1.1552565097808838
1787293509986,825,4,2,1,2262.60986328125,815.373291015625,966.633544921875,4.425807952880859,1.260385274887085,4.240041732788086,0.10372982174158096,-2.6974616050720215,3.603543519973755,2.2909328937530518,0.006965797860175371,0.9999997615814209,2.384186927884002e-7,12.778630256652832,12.764005661010742,12.790820121765137,0.42869487404823303,0.44683003425598145,2.2761459350585938,0,2268.78271484375,0.020080702379345894,1.603410243988037
1787293510006,826,4,2,1,2265.455322265625,185.0052032470703,1012.1505126953125,4.547165870666504,1.5875239372253418,4.571717262268066,-0.06437027454376221,-3.1421725749969482,4.0296430587768555,2.294233798980713,0.007321058306843042,0.9999997615814209,2.384186927884002e-7,12.780360221862793,12.771543502807617,12.79893970489502,0.43010759353637695,0.4483373463153839,2.2805583477020264,0,2277.802001953125,0.020399751141667366,1.6608190536499023
1787293510026,827,4,2,1,2275.54638671875,-1.6290391683578491,941.2214965820312,3.1890478134155273,1.328647255897522,3.4650089740753174,0.25089943408966064,-2.9692347049713135,3.24658203125,2.293886661529541,0.00721612386405468,0.9999997615814209,2.384186927884002e-7,12.779780387878418,12.765209197998047,12.787861824035645,0.42682498693466187,0.4424019157886505,2.2761459350585938,0,2286.708251953125,0.020675713196396828,1.147294282913208
1787293510047,828,4,2,1,2291.607421875,623.8104858398438,901.2250366210938,2.9137020111083984,1.4170726537704468,2.80814790725708,0.005626218393445015,-2.916970729827881,3.6745400428771973,2.2917351722717285,0.005523656029254198,0.9999997615814209,2.384186927884002e-7,12.781214714050293,12.765127182006836,12.788077354431152,0.4274338483810425,0.4531284272670746,2.2783522605895996,0,2295.756103515625,0.021021822467446327,1.056007742881775
1787293510067,829,4,2,1,2302.05224609375,1058.243896484375,991.542236328125,3.948768377304077,1.460928201675415,3.846479654312134,-0.48052355647087097,-3.1348822116851807,3.676788330078125,2.289487600326538,0.006492448505014181,0.9999997615814209,2.384186927884002e-7,12.779594421386719,12.764471054077148,12.7858247756958,0.43550676107406616,0.455184668302536,2.273939609527588,0,2304.66259765625,0.021422017365694046,1.4584218263626099
1787293510087,830,4,2,1,2304.7060546875,528.7459106445312,1061.8282470703125,4.555877208709717,1.4622604846954346,4.5726823806762695,0.024075111374258995,-2.7618820667266846,3.623906373977661,2.285588264465332,0.006081508006900549,0.9999997615814209,2.384186927884002e-7,12.7788724899292,12.7654390335083,12.788290977478027,0.43748852610588074,0.4543544054031372,2.2783522605895996,0,2313.6484375,0.02175244130194187,1.6881189346313477
1787293510107,831,4,2,1,2308.71923828125,-169.279541015625,979.3302612304688,3.963252305984497,1.4583066701889038,4.047435760498047,0.46008017659187317,-2.6381616592407227,3.9295108318328857,2.2898454666137695,0.005574265960603952,0.9999997615814209,2.384186927884002e-7,12.777792930603027,12.765022277832031,12.78638744354248,0.4344261586666107,0.4457062780857086,2.2805583477020264,0,2322.617431640625,0.022027326747775078,1.4436097145080566
1787293510127,832,4,2,1,2323.888427734375,259.01025390625,982.1239013671875,3.087594747543335,1.2567551136016846,3.144087314605713,-0.1800067126750946,-3.0175297260284424,2.859480142593384,2.294377326965332,0.005295051261782646,0.9999997615814209,2.384186927884002e-7,12.780478477478027,12.770429611206055,12.787825584411621,0.434344083070755,0.45738470554351807,2.2761459350585938,0,2331.60107421875,0.022330649197101593,1.1401394605636597
1787293510147,833,4,2,1,2338.511474609375,925.8660888671875,890.716064453125,3.391420364379883,1.5166947841644287,3.126138210296631,-0.28032633662223816,-2.9054219722747803,3.7607309818267822,2.2946853637695312,0.006840285379439592,0.9999997615814209,2.384186927884002e-7,12.77989387512207,12.762526512145996,12.786279678344727,0.4387030601501465,0.458425909280777,2.2805583477020264,0,2340.572021484375,0.022700756788253784,1.262058973312378
1787293510167,834,4,2,1,2344.165771484375,784.16943359375,920.6385498046875,4.130278587341309,1.3479127883911133,4.084064483642578,-0.006777294911444187,-2.799576997756958,3.209545612335205,2.2921605110168457,0.005886422470211983,0.9999997615814209,2.384186927884002e-7,12.777416229248047,12.76042652130127,12.7857027053833,0.4431333541870117,0.46265166997909546,2.2805583477020264,0,2349.5556640625,0.023060759529471397,1.551737904548645
1787293510188,835,4,2,1,2347.645751953125,314.124755859375,957.7764282226562,4.806363105773926,1.5316814184188843,4.736532688140869,0.22663772106170654,-3.005239963531494,3.4123589992523193,2.2890641689300537,0.006800896488130093,0.9999997615814209,2.384186927884002e-7,12.773862838745117,12.759991645812988,12.783613204956055,0.44396263360977173,0.4620848298072815,2.2783522605895996,0,2358.5908203125,0.02338392101228237,1.8039193153381348
1787293510207,836,4,2,1,2356.1396484375,38.264305114746094,811.8348999023438,3.9665911197662354,1.4981428384780884,3.921222448348999,0.08751381933689117,-2.7687628269195557,3.0665457248687744,2.296592950820923,0.007672377862036228,0.9999997615814209,2.384186927884002e-7,12.772825241088867,12.762649536132812,12.784939765930176,0.44246917963027954,0.45656874775886536,2.2827646732330322,0,2367.611083984375,0.023659946396946907,1.490024447441101
1787293510228,837,4,2,1,2369.05029296875,256.7716064453125,1044.8360595703125,2.9573006629943848,1.3604531288146973,3.2143099308013916,-0.12869176268577576,-3.1042728424072266,3.2579545974731445,2.2923600673675537,0.006299130152910948,0.9999997615814209,2.384186927884002e-7,12.776287078857422,12.76766586303711,12.785082817077637,0.4433727264404297,0.46671390533447266,2.2761459350585938,0,2376.531494140625,0.02395937405526638,1.113255500793457
1787293510248,838,4,2,1,2383.29052734375,883.2601318359375,903.8034057617188,3.364680528640747,1.4397501945495605,3.141369581222534,-0.29612603783607483,-2.9897727966308594,3.0390424728393555,2.2909748554229736,0.006100781727582216,0.9999997615814209,2.384186927884002e-7,12.776372909545898,12.759430885314941,12.785394668579102,0.4471624195575714,0.46885502338409424,2.2783522605895996,0,2385.502685546875,0.024311445653438568,1.2773319482803345
1787293510268,839,4,2,1,2389.186767578125,779.049560546875,861.4483032226562,4.113490104675293,1.3939154148101807,4.092803001403809,-0.026134876534342766,-2.553349733352661,3.6261894702911377,2.2884914875030518,0.0060564675368368626,0.9999997615814209,2.384186927884002e-7,12.773672103881836,12.763258934020996,12.786937713623047,0.4519112706184387,0.4694106876850128,2.2761459350585938,0,2394.486328125,0.02466753125190735,1.5728036165237427
1787293510288,840,4,2,1,2394.28857421875,450.3813781738281,1036.6431884765625,4.597175598144531,1.4493643045425415,4.70911169052124,0.19344674050807953,-3.2514755725860596,3.9708518981933594,2.2871227264404297,0.006642573978751898,0.9999997615814209,2.384186927884002e-7,12.77254867553711,12.763580322265625,12.784224510192871,0.4535146653652191,0.47013694047927856,2.2739410400390625,0,2403.457275390625,0.024978360161185265,1.759873390197754
1787293510308,841,4,2,1,2398.916015625,-162.02609252929688,891.3365478515625,4.019652843475342,1.423691749572754,4.096681118011475,0.5478174090385437,-2.7519092559814453,3.9475486278533936,2.285627603530884,0.005117093212902546,0.9999997615814209,2.384186927884002e-7,12.773130416870117,12.761520385742188,12.785948753356934,0.45122596621513367,0.4601951241493225,2.2761459350585938,0,2412.504150390625,0.025251267477869987,1.514427900314331
1787293510328,842,4,2,1,2412.970458984375,169.1018829345703,936.5078125,3.4251790046691895,1.2909423112869263,3.2745144367218018,0.2321334332227707,-3.1464216709136963,3.216500997543335,2.2905731201171875,0.006344565190374851,0.9999997615814209,2.384186927884002e-7,12.772394180297852,12.76226806640625,12.783574104309082,0.4498339295387268,0.47191527485847473,2.2717347145080566,0,2421.47314453125,0.025533616542816162,1.2981181144714355
1787293510348,843,4,2,1,2426.960693359375,673.2517700195312,960.4951782226562,3.2646472454071045,1.3555655479431152,3.0927488803863525,-0.04749496653676033,-3.0256242752075195,4.109007358551025,2.290853261947632,0.0066049364395439625,0.9999997615814209,2.384186927884002e-7,12.770957946777344,12.756325721740723,12.782638549804688,0.45308950543403625,0.4752587676048279,2.2783522605895996,0,2430.49609375,0.025861503556370735,1.2498326301574707
1787293510368,844,4,2,1,2436.133056640625,873.5724487304688,928.1966552734375,3.9902842044830322,1.239884376525879,3.656905174255371,-0.09638652205467224,-2.6621694564819336,3.6563773155212402,2.290282726287842,0.005218363367021084,0.9999997615814209,2.384186927884002e-7,12.771660804748535,12.7577486038208,12.780285835266113,0.45788297057151794,0.47656378149986267,2.2761459350585938,0,2439.415771484375,0.026213856413960457,1.5458351373672485
1787293510389,845,4,2,1,2442.20556640625,718.3164672851562,972.8768310546875,4.645278453826904,1.1961369514465332,4.45736026763916,-0.09872046113014221,-3.1973891258239746,3.080277442932129,2.2855875492095947,0.007020637392997742,0.9999997615814209,2.384186927884002e-7,12.769122123718262,12.756770133972168,12.780821800231934,0.4614796042442322,0.4797227084636688,2.273939609527588,0,2448.452392578125,0.02654830925166607,1.8210065364837646
1787293510409,846,4,2,1,2446.381103515625,218.90203857421875,943.9542846679688,4.696146011352539,1.5510106086730957,4.719389915466309,0.04860955849289894,-2.828160524368286,3.142871618270874,2.282754421234131,0.007508178241550922,0.9999997615814209,2.384186927884002e-7,12.768704414367676,12.75842571258545,12.782757759094238,0.4627782106399536,0.48283207416534424,2.26952862739563,0,2457.471923828125,0.026844613254070282,1.8394562005996704
1787293510429,847,4,2,1,2455.63134765625,31.000011444091797,803.6459350585938,3.9613773822784424,1.4867092370986938,3.914142370223999,0.1116250678896904,-3.0089406967163086,2.930945873260498,2.28732967376709,0.005551727022975683,0.9999997615814209,2.384186927884002e-7,12.766505241394043,12.757061958312988,12.782721519470215,0.46015381813049316,0.4728265106678009,2.2761459350585938,0,2466.4931640625,0.02710101380944252,1.5476957559585571
1787293510449,848,4,2,1,2468.158203125,272.427978515625,873.2062377929688,3.3621435165405273,1.4138398170471191,3.353196382522583,0.06282152980566025,-2.9808244705200195,3.542450428009033,2.2889771461486816,0.0047342823818326,0.9999997615814209,2.384186927884002e-7,12.76766300201416,12.757819175720215,12.780299186706543,0.4607996642589569,0.48311302065849304,2.2761459350585938,0,2475.413818359375,0.027387788519263268,1.3133361339569092
1787293510469,849,4,2,1,2481.26806640625,682.4654541015625,872.6580810546875,3.2693676948547363,1.349327564239502,3.0871798992156982,-0.039809197187423706,-2.9773764610290527,3.365246057510376,2.2868051528930664,0.004711844492703676,0.9999997615814209,2.384186927884002e-7,12.769192695617676,12.753229141235352,12.777839660644531,0.46298208832740784,0.48427173495292664,2.271733522415161,0,2484.384765625,0.027700170874595642,1.2814346551895142
1787293510489,850,4,2,1,2490.07080078125,824.8677978515625,1032.698486328125,3.9521429538726807,1.367841124534607,3.7342963218688965,-0.058621037751436234,-2.82663631439209,3.881408452987671,2.284179925918579,0.004925742279738188,0.9999997615814209,2.384186927884002e-7,12.771767616271973,12.75460147857666,12.783738136291504,0.4672587513923645,0.4852162003517151,2.271733522415161,0,2493.431396484375,0.028036264702677727,1.5600097179412842
1787293510509,851,4,2,1,2497.391357421875,785.6951293945312,1048.3963623046875,4.478114128112793,1.194525957107544,4.201550483703613,0.04330869019031525,-3.345510721206665,4.590282917022705,2.2822318077087402,0.0049673086032271385,0.9999997615814209,2.384186927884002e-7,12.766671180725098,12.75393009185791,12.780054092407227,0.4713292717933655,0.4881623387336731,2.271733522415161,0,2502.337890625,0.02835383638739586,1.7806752920150757
1787293510529,852,4,2,1,2501.5556640625,329.1563415527344,990.6123657226562,4.778900623321533,1.5110516548156738,4.707007884979248,0.19060400128364563,-3.2420027256011963,3.813934803009033,2.282607078552246,0.005119539797306061,0.9999997615814209,2.384186927884002e-7,12.765942573547363,12.75438117980957,12.780755996704102,0.47199746966362,0.4906090497970581,2.271733522415161,0,2511.385986328125,0.02863864228129387,1.9072209596633911
1787293510550,853,4,2,1,2508.06494140625,-49.05496597290039,978.8251342773438,3.9938926696777344,1.307260274887085,4.485085487365723,0.44524985551834106,-2.879596471786499,4.126137733459473,2.285886526107788,0.006115676835179329,0.9999997615814209,2.384186927884002e-7,12.764392852783203,12.754216194152832,12.777643203735352,0.47274908423423767,0.49180835485458374,2.2761459350585938,0,2520.408447265625,0.02890869788825512,1.5750782489776611
1787293510570,854,4,2,1,2519.48779296875,42.63971710205078,892.935791015625,3.4629433155059814,1.1540231704711914,3.77165150642395,0.08268950134515762,-3.5972628593444824,2.93426251411438,2.288147211074829,0.005923636257648468,0.9999997615814209,2.384186927884002e-7,12.767979621887207,12.759176254272461,12.779382705688477,0.4714534282684326,0.48547637462615967,2.273939609527588,0,2529.429931640625,0.029178660362958908,1.3815799951553345
1787293510590,855,4,2,1,2531.4296875,273.1363830566406,1069.75244140625,3.22283673286438,1.1729090213775635,3.2981960773468018,-0.04442831501364708,-3.207415819168091,4.1066789627075195,2.2865850925445557,0.0048697348684072495,0.9999997615814209,2.384186927884002e-7,12.762934684753418,12.752482414245605,12.773664474487305,0.47321540117263794,0.49149543046951294,2.2717347145080566,0,2538.45166015625,0.029474621638655663,1.2897011041641235
1787293510610,856,4,2,1,2545.447998046875,810.4224243164062,900.5556640625,3.4362826347351074,1.381271243095398,3.269569158554077,-0.3932674825191498,-3.205228567123413,3.686410427093506,2.2855210304260254,0.005476933903992176,0.9999997615814209,2.384186927884002e-7,12.766103744506836,12.751934051513672,12.781068801879883,0.4756568372249603,0.4956013858318329,2.26952862739563,0,2547.409912109375,0.029785597696900368,1.3850027322769165
1787293510631,857,4,2,1,2553.14599609375,803.569091796875,1022.65380859375,3.9981918334960938,1.2796698808670044,3.7582695484161377,-0.09877649694681168,-3.3414461612701416,3.8459362983703613,2.2834722995758057,0.005087587051093578,0.9999997615814209,2.384186927884002e-7,12.768085479736328,12.758057594299316,12.778782844543457,0.47863519191741943,0.498818039894104,2.271733522415161,0,2556.44189453125,0.030100753530859947,1.6256824731826782
1787293510651,858,4,2,1,2560.29345703125,738.2702026367188,950.2254638671875,4.495607852935791,1.2503176927566528,4.269480228424072,0.12931308150291443,-3.510901927947998,4.276701927185059,2.2829604148864746,0.004162927623838186,0.9999997615814209,2.384186927884002e-7,12.762835502624512,12.75259017944336,12.773876190185547,0.48147180676460266,0.49759921431541443,2.2761459350585938,0,2565.461669921875,0.030412552878260612,1.851760745048523
1787293510671,859,4,2,1,2566.724365234375,507.2934265136719,1072.6630859375,4.5266194343566895,1.3514879941940308,4.641383171081543,-0.028824547305703163,-3.3125686645507812,4.504588603973389,2.2794106006622314,0.004029609728604555,0.9999997615814209,2.384186927884002e-7,12.765178680419922,12.748464584350586,12.775146484375,0.4846755862236023,0.5034953951835632,2.26952862739563,0,2574.48388671875,0.030697081238031387,1.8616374731063843
1787293510691,860,4,2,1,2572.734619140625,143.47579956054688,1039.252197265625,4.359843730926514,1.3843680620193481,4.556595325469971,-0.060120292007923126,-3.5384442806243896,4.1156721115112305,2.2799839973449707,0.005429810378700495,0.9999997615814209,2.384186927884002e-7,12.761475563049316,12.748175621032715,12.776625633239746,0.4858109951019287,0.5057751536369324,2.267322301864624,0,2583.468017578125,0.030962608754634857,1.7940700054168701
1787293510711,861,4,2,1,2582.81103515625,102.05708312988281,837.81787109375,3.9254209995269775,1.4178415536880493,4.056710243225098,0.14548949897289276,-2.9438846111297607,3.628424644470215,2.285236120223999,0.005561114754527807,0.9999997615814209,2.384186927884002e-7,12.763140678405762,12.752459526062012,12.780434608459473,0.48387160897254944,0.4940014183521271,2.2717347145080566,0,2592.374267578125,0.031210703775286674,1.6069159507751465
1787293510731,862,4,2,1,2593.1142578125,137.6339569091797,994.0626831054688,3.5962986946105957,1.2049717903137207,3.502823829650879,0.32732149958610535,-3.098997116088867,3.7882022857666016,2.288130760192871,0.00546052074059844,0.9999997615814209,2.384186927884002e-7,12.762286186218262,12.749356269836426,12.780864715576172,0.4831862151622772,0.5074288845062256,2.2761459350585938,0,2601.35791015625,0.03147360682487488,1.461121916770935
1787293510751,863,4,2,1,2604.922607421875,413.1273193359375,1004.8898315429688,3.287452220916748,1.2809354066848755,3.352022886276245,0.0160098634660244,-3.5619492530822754,3.3439183235168457,2.2859842777252197,0.004621010273694992,0.9999997615814209,2.384186927884002e-7,12.761361122131348,12.745555877685547,12.774356842041016,0.4861702024936676,0.5056657791137695,2.26952862739563,0,2610.3291015625,0.031766656786203384,1.3510303497314453
1787293510771,864,4,2,1,2617.0400390625,781.8065795898438,814.637451171875,3.6228959560394287,1.2330982685089111,3.4099833965301514,-0.39123326539993286,-3.5665700435638428,4.4772491455078125,2.285590648651123,0.00592986261472106,0.9999997615814209,2.384186927884002e-7,12.762429237365723,12.74902629852295,12.778390884399414,0.4890143871307373,0.5073486566543579,2.273939609527588,0,2619.314453125,0.032065458595752716,1.5018892288208008
1787293510791,865,4,2,1,2624.9208984375,776.7528686523438,1031.3021240234375,4.095673084259033,1.233590841293335,3.8113491535186768,-0.05444955453276634,-3.482671022415161,4.35165548324585,2.284510850906372,0.005671320483088493,0.9999997615814209,2.384186927884002e-7,12.762593269348145,12.74699592590332,12.773887634277344,0.49203041195869446,0.5121808052062988,2.2673237323760986,0,2628.283447265625,0.03237081691622734,1.70461905002594
1787293510811,866,4,2,1,2632.9931640625,751.0786743164062,901.4976196289062,4.215486526489258,1.2903122901916504,4.268529415130615,-0.08259408921003342,-3.496370315551758,4.224869728088379,2.2811639308929443,0.00453238794580102,0.9999997615814209,2.384186927884002e-7,12.7603120803833,12.745763778686523,12.772608757019043,0.49568626284599304,0.508946418762207,2.271733522415161,0,2637.26708984375,0.03266001492738724,1.7691600322723389
1787293510831,867,4,2,1,2639.812255859375,591.4463500976562,985.6221313476562,4.659566879272461,1.2556883096694946,4.571522235870361,-0.24730439484119415,-3.22841477394104,4.046618461608887,2.2815306186676025,0.004874067846685648,0.9999997615814209,2.384186927884002e-7,12.759520530700684,12.745429039001465,12.771486282348633,0.4976956844329834,0.515749990940094,2.271733522415161,0,2646.23828125,0.032936159521341324,1.9664393663406372
1787293510852,868,4,2,1,2646.675537109375,376.9476623535156,1018.9209594726562,4.723598957061768,1.2630996704101562,4.678914546966553,0.3028600513935089,-3.608839273452759,4.742207050323486,2.278571605682373,0.0049209012649953365,0.9999997615814209,2.384186927884002e-7,12.757651329040527,12.743563652038574,12.771424293518066,0.4986836910247803,0.5176905989646912,2.26952862739563,0,2655.2216796875,0.033205967396497726,1.9832050800323486
1787293510872,869,4,2,1,2653.783203125,101.52438354492188,956.7554931640625,4.262070655822754,1.2311317920684814,4.544406414031982,0.12896862626075745,-3.335416793823242,3.87680721282959,2.2795040607452393,0.004675362724810839,0.9999997615814209,2.384186927884002e-7,12.758213996887207,12.746785163879395,12.77077579498291,0.49966365098953247,0.515241801738739,2.26952862739563,0,2664.192138671875,0.03345440328121185,1.7957571744918823
1787293510892,870,4,2,1,2662.8740234375,9.308989524841309,863.17041015625,4.080882549285889,1.4078668355941772,4.062957286834717,0.2018924057483673,-3.1298303604125977,3.72000789642334,2.284093141555786,0.004717150237411261,0.9999997615814209,2.384186927884002e-7,12.757051467895508,12.744270324707031,12.768595695495605,0.49809369444847107,0.513028621673584,2.2717347145080566,0,2673.23876953125,0.0337015800178051,1.7158896923065186
1787293510912,871,4,2,1,2673.11279296875,65.26932525634766,956.290771484375,3.594654083251953,1.2633696794509888,3.8209760189056396,0.25533169507980347,-3.519178867340088,3.5512442588806152,2.2852399349212646,0.005222565494477749,0.9999997615814209,2.384186927884002e-7,12.758726119995117,12.74107551574707,12.767570495605469,0.49924442172050476,0.5168713331222534,2.2717347145080566,0,2682.145263671875,0.0339571014046669,1.510036587715149
1787293510932,872,4,2,1,2684.810546875,304.10833740234375,921.0922241210938,3.423949956893921,1.2918380498886108,3.595414876937866,-0.11105180531740189,-3.401479721069336,3.9098947048187256,2.28627610206604,0.0052407532930374146,0.9999997615814209,2.384186927884002e-7,12.758490562438965,12.741157531738281,12.76785945892334,0.50118488073349,0.5215035676956177,2.271733522415161,0,2691.128662109375,0.034228645265102386,1.4523543119430542
1787293510953,873,4,2,1,2696.287841796875,542.1157836914062,884.4424438476562,3.4152278900146484,1.337215781211853,3.402137517929077,0.0360938161611557,-3.490341901779175,3.4034080505371094,2.2839102745056152,0.004958193749189377,0.9999997615814209,2.384186927884002e-7,12.754949569702148,12.738566398620605,12.767718315124512,0.502748966217041,0.5206559300422668,2.2629125118255615,0,2700.162109375,0.03450645133852959,1.4419856071472168
1787293510972,874,4,2,1,2706.84814453125,731.0799560546875,867.4521484375,3.6282787322998047,1.291140079498291,3.488527536392212,-0.2864343523979187,-3.684880256652832,4.3653178215026855,2.2832441329956055,0.0043656304478645325,0.9999997615814209,2.384186927884002e-7,12.75775146484375,12.743792533874512,12.772284507751465,0.5051336288452148,0.5222339630126953,2.26952862739563,0,2709.18359375,0.03478630632162094,1.54932701587677
1787293510993,875,4,2,1,2716.0595703125,820.375,970.1115112304688,3.8065121173858643,1.375449776649475,3.7719695568084717,-0.10686025768518448,-3.5732614994049072,4.5558648109436035,2.2818031311035156,0.004093774128705263,0.9999997615814209,2.384186927884002e-7,12.758068084716797,12.736359596252441,12.768288612365723,0.5081658959388733,0.5267239212989807,2.271733522415161,0,2718.205810546875,0.035067711025476456,1.638408899307251
1787293511013,876,4,2,1,2725.3291015625,905.5960083007812,898.7274780273438,4.237452507019043,1.1409865617752075,3.9621365070343018,-0.27320414781570435,-3.370802402496338,4.454984188079834,2.28108286857605,0.005121199879795313,0.9999997615814209,2.384186927884002e-7,12.757413864135742,12.745136260986328,12.769577026367188,0.5104179382324219,0.5301002860069275,2.26952862739563,0,2727.191162109375,0.03534326329827309,1.8313922882080078
1787293511033,877,4,2,1,2732.181396484375,731.5317993164062,862.1959838867188,4.297713279724121,1.3997626304626465,4.288888931274414,-0.11640754342079163,-3.6608223915100098,3.651310682296753,2.2799577713012695,0.0037503791972994804,0.9999997615814209,2.384186927884002e-7,12.755912780761719,12.735729217529297,12.768935203552246,0.5133155584335327,0.5265841484069824,2.271733522415161,0,2736.2119140625,0.035613223910331726,1.8684052228927612
1787293511053,878,4,2,1,2740.248046875,678.01318359375,983.1956787109375,4.679150581359863,1.0822877883911133,4.528810977935791,0.01563544198870659,-3.962082624435425,4.544900417327881,2.278186798095703,0.004558023530989885,0.9999997615814209,2.384186927884002e-7,12.755428314208984,12.740013122558594,12.77030086517334,0.5147827863693237,0.531715989112854,2.2673237323760986,0,2745.23388671875,0.035876061767339706,2.0365679264068604
1787293511073,879,4,2,1,2747.150146484375,485.4279479980469,943.4461059570312,4.649264335632324,1.2318178415298462,4.641496181488037,-0.1650092750787735,-3.4324066638946533,4.324032306671143,2.279515027999878,0.004275908228009939,0.9999997615814209,2.384186927884002e-7,12.754402160644531,12.736258506774902,12.768726348876953,0.5174406170845032,0.533591628074646,2.26952862739563,0,2754.14013671875,0.036135826259851456,2.0380351543426514
1787293511093,880,4,2,1,2754.96728515625,345.4975280761719,990.7774658203125,4.632896900177002,1.2551625967025757,4.688575744628906,0.3556647002696991,-3.7130634784698486,4.848783016204834,2.280616521835327,0.00492285517975688,0.9999997615814209,2.384186927884002e-7,12.754209518432617,12.742225646972656,12.772001266479492,0.5180805921554565,0.5357775092124939,2.2651174068450928,0,2763.123046875,0.03637988865375519,2.0173676013946533
1787293511113,881,4,2,1,2762.66357421875,209.16151428222656,920.5322875976562,4.607075214385986,1.3036152124404907,4.6573944091796875,-0.0769529715180397,-3.6775312423706055,3.573183298110962,2.280683755874634,0.0061047859489917755,0.9999997615814209,2.384186927884002e-7,12.752360343933105,12.739577293395996,12.768089294433594,0.5194699764251709,0.5366199612617493,2.26952862739563,0,2772.093505859375,0.03663500398397446,2.0273618698120117
1787293511133,882,4,2,1,2770.598876953125,49.29391860961914,1001.5258178710938,4.240437030792236,1.2319437265396118,4.657674312591553,0.22512151300907135,-3.1867690086364746,4.299405097961426,2.2836339473724365,0.00701739639043808,0.9999997615814209,2.384186927884002e-7,12.751640319824219,12.737696647644043,12.764410018920898,0.5208460688591003,0.5402085781097412,2.271733522415161,0,2781.140869140625,0.03688754886388779,1.8618419170379639
1787293511154,883,4,2,1,2779.069580078125,-80.73199462890625,1020.5220947265625,4.255502700805664,1.2381879091262817,4.254872798919678,0.35955724120140076,-3.5559020042419434,4.867215156555176,2.2843360900878906,0.005721596069633961,0.9999997615814209,2.384186927884002e-7,12.751484870910645,12.740218162536621,12.765320777893066,0.5194841623306274,0.5355420708656311,2.273939609527588,0,2790.09716796875,0.03712749108672142,1.8545211553573608
1787293511174,884,4,2,1,2790.6806640625,158.22869873046875,872.07275390625,3.8995542526245117,1.1464725732803345,4.11488151550293,-0.07429478317499161,-3.427286386489868,4.118188858032227,2.283606767654419,0.004876140970736742,0.9999997615814209,2.384186927884002e-7,12.751397132873535,12.737069129943848,12.767643928527832,0.5223944783210754,0.5417591333389282,2.273939609527588,0,2799.068359375,0.03738143667578697,1.7246464490890503
1787293511194,885,4,2,1,2799.79833984375,99.59587097167969,944.2501220703125,3.576725482940674,1.193671703338623,3.9170055389404297,0.10148292779922485,-3.8318378925323486,4.513482093811035,2.2819876670837402,0.005757996812462807,0.9999997615814209,2.384186927884002e-7,12.753454208374023,12.737730026245117,12.764263153076172,0.5227137207984924,0.5442803502082825,2.267322301864624,0,2808.053466796875,0.03762069344520569,1.5758750438690186
1787293511214,886,4,2,1,2809.878173828125,199.43429565429688,949.2799682617188,3.8224003314971924,1.2427208423614502,3.74269962310791,0.2528921365737915,-3.6008992195129395,4.285223007202148,2.284425973892212,0.006214275024831295,0.9999997615814209,2.384186927884002e-7,12.751811027526855,12.732555389404297,12.764537811279297,0.5231278538703918,0.5427043437957764,2.271733522415161,0,2817.0224609375,0.03786730021238327,1.6816372871398926
1787293511234,887,4,2,1,2820.40234375,332.2095031738281,939.6087646484375,3.6268115043640137,1.2497678995132446,3.690525531768799,-0.09751556813716888,-3.6893692016601562,4.252329349517822,2.2846851348876953,0.003950800746679306,0.9999997615814209,2.384186927884002e-7,12.752750396728516,12.738615989685059,12.764678001403809,0.5255478024482727,0.5426740646362305,2.273939609527588,0,2826.005859375,0.038116779178380966,1.6144882440567017
1787293511254,888,4,2,1,2829.067626953125,298.49798583984375,1020.8910522460938,3.504490375518799,1.1730895042419434,3.592381000518799,-0.04870675131678581,-3.82523775100708,4.440316677093506,2.2878012657165527,0.005031899083405733,0.9999997615814209,2.384186927884002e-7,12.751967430114746,12.73623275756836,12.769661903381348,0.5275339484214783,0.5452242493629456,2.26952862739563,0,2834.97705078125,0.03836766257882118,1.5612647533416748
1787293511274,889,4,2,1,2840.22265625,515.55712890625,850.9508666992188,3.5267083644866943,1.247684359550476,3.5403356552124023,0.06975662708282471,-3.9957737922668457,4.700047492980957,2.285837411880493,0.0057457443326711655,0.9999997615814209,2.384186927884002e-7,12.751758575439453,12.737154960632324,12.761372566223145,0.5289256572723389,0.5497766733169556,2.273939609527588,0,2843.960693359375,0.03862074762582779,1.5742977857589722
1787293511294,890,4,2,1,2849.6318359375,582.52783203125,896.3540649414062,3.770087718963623,1.1255546808242798,3.6276233196258545,0.08504650741815567,-3.715419292449951,4.741647720336914,2.281437397003174,0.005838700570166111,0.9999997615814209,2.384186927884002e-7,12.748936653137207,12.736818313598633,12.758978843688965,0.5308159589767456,0.5479586720466614,2.267322301864624,0,2852.995849609375,0.038880854845047,1.6889063119888306
1787293511314,891,4,2,1,2859.8095703125,699.911865234375,940.991943359375,3.8531885147094727,1.1703985929489136,3.616734504699707,-0.14170581102371216,-3.252929925918579,4.204948425292969,2.2814152240753174,0.005365948658436537,0.9999997615814209,2.384186927884002e-7,12.747939109802246,12.731781005859375,12.76276683807373,0.5324549674987793,0.5529027581214905,2.267322301864624,0,2862.0166015625,0.03913520649075508,1.739665150642395
1787293511335,892,4,2,1,2869.004150390625,741.6281127929688,817.4954223632812,3.8285915851593018,1.2021187543869019,3.678549289703369,-0.33744335174560547,-3.6891210079193115,3.9154207706451416,2.280848741531372,0.004429629538208246,0.9999997615814209,2.384186927884002e-7,12.749656677246094,12.736339569091797,12.76290225982666,0.5353580117225647,0.5495271682739258,2.2673237323760986,0,2870.937255859375,0.039380479604005814,1.7337462902069092
1787293511355,893,4,2,1,2878.79052734375,844.5245971679688,838.0829467773438,3.8414113521575928,1.2414050102233887,3.7486844062805176,-0.32877975702285767,-3.835554838180542,4.869887828826904,2.2810487747192383,0.004046997986733913,0.9999997615814209,2.384186927884002e-7,12.748931884765625,12.728344917297363,12.75558853149414,0.537701427936554,0.5576551556587219,2.26952862739563,0,2879.908203125,0.039631687104701996,1.7469662427902222
1787293511375,894,4,2,1,2886.859619140625,771.1167602539062,905.072509765625,3.922273635864258,1.3474682569503784,3.9610471725463867,-0.26722902059555054,-3.512941360473633,3.66335129737854,2.2825305461883545,0.004564054310321808,0.9999997615814209,2.384186927884002e-7,12.750897407531738,12.735689163208008,12.763925552368164,0.5395894050598145,0.5533503293991089,2.271733522415161,0,2888.891845703125,0.0398726761341095,1.7944653034210205
1787293511395,895,4,2,1,2895.8017578125,774.8038940429688,859.09423828125,3.98464035987854,1.2538610696792603,3.974076986312866,0.033781394362449646,-3.8127639293670654,4.618830680847168,2.2794883251190186,0.004365349654108286,0.9999997615814209,2.384186927884002e-7,12.746829986572266,12.731792449951172,12.757794380187988,0.5411806106567383,0.5598682761192322,2.267322301864624,0,2897.86279296875,0.0401170440018177,1.821627140045166
1787293511415,896,4,2,1,2904.18701171875,706.3602905273438,857.4767456054688,4.112664222717285,1.2097444534301758,3.9994752407073975,0.08526758849620819,-3.591768980026245,3.9322853088378906,2.281686305999756,0.004566965624690056,0.9999997615814209,2.384186927884002e-7,12.745835304260254,12.731019973754883,12.758316993713379,0.5421972870826721,0.5575375556945801,2.26952862739563,0,2906.909423828125,0.04035248979926109,1.8826267719268799
1787293511435,897,4,2,1,2913.161376953125,728.8414916992188,1059.8753662109375,4.226988792419434,1.1809309720993042,3.993157386779785,-0.15441811084747314,-3.561100482940674,4.915238380432129,2.2796270847320557,0.00415083160623908,0.9999997615814209,2.384186927884002e-7,12.745874404907227,12.728504180908203,12.75786304473877,0.5439767837524414,0.5641764402389526,2.262911081314087,0,2915.816162109375,0.04059276357293129,1.9450527429580688
1787293511455,898,4,2,1,2921.7236328125,721.0789794921875,955.2408447265625,4.432812690734863,1.0788835287094116,4.134542942047119,-0.1067417785525322,-3.911048650741577,4.667167663574219,2.2808656692504883,0.00573153467848897,0.9999997615814209,2.384186927884002e-7,12.746434211730957,12.73320484161377,12.754758834838867,0.5457013845443726,0.5638120174407959,2.267322301864624,0,2924.799560546875,0.04084010049700737,2.0449941158294678
1787293511475,899,4,2,1,2931.97900390625,839.9198608398438,780.4677734375,4.353984355926514,1.1095365285873413,4.085020065307617,-0.14661584794521332,-3.847724676132202,3.7290971279144287,2.2793827056884766,0.0038249900098890066,0.9999997615814209,2.384186927884002e-7,12.744301795959473,12.723392486572266,12.757859230041504,0.547982931137085,0.5627378225326538,2.26952862739563,0,2933.770751953125,0.041085463017225266,2.0205419063568115
1787293511496,900,4,2,1,2940.849853515625,804.8900756835938,776.6404418945312,4.4254841804504395,1.084265112876892,4.082355976104736,-0.16568417847156525,-3.542933225631714,3.474926471710205,2.2797718048095703,0.00622637290507555,0.9999997615814209,2.384186927884002e-7,12.744025230407715,12.72950553894043,12.7588472366333,0.5487674474716187,0.5638213753700256,2.262911081314087,0,2942.820068359375,0.041313618421554565,2.05845308303833
1787293511516,901,4,2,1,2950.338623046875,866.2728881835938,837.9596557617188,4.410307884216309,1.128785490989685,4.204685688018799,-0.25763365626335144,-3.640157461166382,4.303178787231445,2.278921127319336,0.004261182155460119,0.9999997615814209,2.384186927884002e-7,12.744548797607422,12.727004051208496,12.755533218383789,0.551001787185669,0.5665520429611206,2.26952862739563,0,2951.8408203125,0.04155091941356659,2.0597903728485107
1787293511536,902,4,2,1,2959.07421875,842.2516479492188,882.7967529296875,4.38599157333374,1.1441680192947388,4.1642022132873535,-0.29588913917541504,-3.6505229473114014,4.37320613861084,2.2789855003356934,0.004408195149153471,0.9999997615814209,2.384186927884002e-7,12.743115425109863,12.724010467529297,12.755707740783691,0.553056538105011,0.5708215236663818,2.26952862739563,0,2960.74658203125,0.041779495775699615,2.057121753692627
1787293511556,903,4,2,1,2967.95654296875,814.4947509765625,785.7564697265625,4.383987903594971,1.1323837041854858,4.100418567657471,-0.2347695678472519,-3.606462001800537,3.6302266120910645,2.279362440109253,0.0048988149501383305,0.9999997615814209,2.384186927884002e-7,12.741823196411133,12.727274894714355,12.755249977111816,0.5541844964027405,0.571178138256073,2.26952862739563,0,2969.795654296875,0.04201151058077812,2.0592520236968994
1787293511576,904,4,2,1,2976.72900390625,782.3302001953125,788.69482421875,4.288519859313965,1.061701774597168,4.159286975860596,-0.12953303754329681,-4.00648307800293,3.6458444595336914,2.2820241451263428,0.0050607966259121895,0.9999997615814209,2.384186927884002e-7,12.741434097290039,12.722341537475586,12.757230758666992,0.5559821724891663,0.5705969333648682,2.2717347145080566,0,2978.817138671875,0.042237911373376846,2.0157299041748047
1787293511596,905,4,2,1,2985.320556640625,736.4065551757812,837.6166381835938,4.39819860458374,0.966118574142456,4.089504241943359,-0.06900538504123688,-3.791628122329712,3.867042064666748,2.2815299034118652,0.004082365892827511,0.9999997615814209,2.384186927884002e-7,12.742249488830566,12.728487968444824,12.752156257629395,0.5568388104438782,0.5704224705696106,2.273939609527588,0,2987.72216796875,0.04246024414896965,2.0729265213012695
1787293511616,906,4,2,1,2993.7578125,686.6197509765625,949.0433959960938,4.272963047027588,1.143600583076477,4.101984024047852,0.0019947406835854053,-3.7945523262023926,4.969753742218018,2.2804596424102783,0.0050089191645383835,0.9999997615814209,2.384186927884002e-7,12.740883827209473,12.725739479064941,12.753092765808105,0.5591721534729004,0.5759585499763489,2.2629125118255615,0,2996.704833984375,0.04268994554877281,2.0159096717834473
1787293511636,907,4,2,1,3002.93408203125,704.41259765625,1040.695068359375,4.292750835418701,1.202465534210205,4.144493103027344,-0.01036255992949009,-3.989975929260254,5.024754047393799,2.2792227268218994,0.005204678513109684,0.9999997615814209,2.384186927884002e-7,12.740870475769043,12.726253509521484,12.749618530273438,0.5606170892715454,0.5804464221000671,2.2651174068450928,0,3005.73828125,0.042923953384160995,2.0348284244537354
1787293511656,908,4,2,1,3012.38916015625,727.6397705078125,798.7899780273438,4.250335693359375,1.1867231130599976,4.087435722351074,-0.02130615897476673,-3.7640368938446045,4.46312952041626,2.2787325382232666,0.004570744000375271,0.9999997615814209,2.384186927884002e-7,12.740683555603027,12.724991798400879,12.752047538757324,0.5617937445640564,0.5781569480895996,2.26952862739563,0,3014.658935546875,0.04314799606800079,2.0223548412323
1787293511677,909,4,2,1,3022.33984375,803.806640625,905.2450561523438,4.015511512756348,1.3354930877685547,4.024415493011475,-0.11748148500919342,-3.9595863819122314,4.156293869018555,2.2786715030670166,0.004583351779729128,0.9999997615814209,2.384186927884002e-7,12.740880966186523,12.724218368530273,12.750351905822754,0.5640226006507874,0.5793411731719971,2.267322301864624,0,3023.630126953125,0.043370116502046585,1.9141994714736938
1787293511697,910,4,2,1,3031.41015625,799.7833251953125,919.9401245117188,4.037601470947266,1.3384881019592285,3.9697563648223877,-0.28409695625305176,-3.909038543701172,4.792171001434326,2.2771055698394775,0.005616172216832638,0.9999997615814209,2.384186927884002e-7,12.74128532409668,12.724778175354004,12.752850532531738,0.5653265714645386,0.5840698480606079,2.26070499420166,0,3032.61376953125,0.04358746483922005,1.9344719648361206
1787293511717,911,4,2,1,3040.51953125,794.6577758789062,811.0599365234375,3.977623701095581,1.2140368223190308,3.8406665325164795,-0.30122536420822144,-4.0273003578186035,3.8970298767089844,2.2793962955474854,0.004930850118398666,0.9999997615814209,2.384186927884002e-7,12.740361213684082,12.722702026367188,12.7542724609375,0.5668210983276367,0.581283688545227,2.2607061862945557,0,3041.5849609375,0.043807558715343475,1.9054954051971436
1787293511737,912,4,2,1,3049.1787109375,723.1036376953125,860.6317138671875,3.9444429874420166,1.2019659280776978,3.7594916820526123,-0.41070589423179626,-4.001565933227539,5.160982131958008,2.2822024822235107,0.004672397393733263,0.9999997615814209,2.384186927884002e-7,12.740008354187012,12.723367691040039,12.752237319946289,0.5671765208244324,0.5857745409011841,2.26952862739563,0,3050.5703125,0.04401795566082001,1.8981775045394897
1787293511757,913,4,2,1,3057.138916015625,629.9166870117188,922.8246459960938,3.97871470451355,1.1519088745117188,3.854236602783203,-0.05842389911413193,-4.078201770782471,3.935713052749634,2.280822992324829,0.004319129046052694,0.9999997615814209,2.384186927884002e-7,12.736380577087402,12.71783447265625,12.751470565795898,0.5689818859100342,0.5863206386566162,2.267322301864624,0,3059.539306640625,0.044239167124032974,1.913149356842041
1787293511777,914,4,2,1,3065.929931640625,604.428466796875,786.3026733398438,3.91135311126709,1.1189496517181396,3.816542863845825,0.13047340512275696,-3.7613115310668945,4.3173675537109375,2.2815310955047607,0.0045141070149838924,0.9999997615814209,2.384186927884002e-7,12.736471176147461,12.719051361083984,12.748086929321289,0.570643961429596,0.5874837040901184,2.271733522415161,0,3068.523193359375,0.04446171224117279,1.8859232664108276
1787293511797,915,4,2,1,3073.498046875,436.42376708984375,945.123291015625,3.822930335998535,1.1537519693374634,3.7824323177337646,-0.02365092746913433,-3.916200876235962,5.172842502593994,2.2799389362335205,0.004228305071592331,0.9999997615814209,2.384186927884002e-7,12.736026763916016,12.726879119873047,12.751435279846191,0.5717337727546692,0.5923696160316467,2.2651174068450928,0,3077.494384765625,0.04467548057436943,1.8497099876403809
1787293511817,916,4,2,1,3081.4052734375,316.71844482421875,1007.6519165039062,3.7277331352233887,1.157928466796875,3.8290278911590576,-0.2402268797159195,-4.420694828033447,4.755892753601074,2.2814817428588867,0.005046193487942219,0.9999997615814209,2.384186927884002e-7,12.737488746643066,12.722460746765137,12.74553394317627,0.5737255811691284,0.5928254127502441,2.26952862739563,0,3086.477783203125,0.044889237731695175,1.8103896379470825
1787293511838,917,4,2,1,3090.1005859375,317.6426696777344,864.8594970703125,4.006566524505615,1.1644957065582275,4.023621082305908,0.0645446926355362,-4.186728477478027,3.7286431789398193,2.2805752754211426,0.004138760734349489,0.9999997615814209,2.384186927884002e-7,12.735713005065918,12.717423439025879,12.748112678527832,0.5751574635505676,0.5888729691505432,2.267322301864624,0,3095.44873046875,0.04510849714279175,1.9473333358764648
1787293511857,918,4,2,1,3097.9052734375,193.07504272460938,910.5631103515625,3.933849811553955,1.1148290634155273,3.9834494590759277,0.40591609477996826,-3.9426651000976562,4.213502883911133,2.2810802459716797,0.004893491510301828,0.9999997615814209,2.384186927884002e-7,12.735294342041016,12.716944694519043,12.747658729553223,0.576815128326416,0.592927873134613,2.267322301864624,0,3104.43212890625,0.045323971658945084,1.9046109914779663
1787293511878,919,4,2,1,3105.94140625,107.99700164794922,898.5795288085938,3.955284595489502,1.0560111999511719,4.21923303604126,-0.03711269423365593,-3.8671603202819824,4.054912567138672,2.280212640762329,0.005093097221106291,0.9999997615814209,2.384186927884002e-7,12.735496520996094,12.723104476928711,12.745514869689941,0.5789861083030701,0.5929765701293945,2.2607061862945557,0,3113.466796875,0.045535992830991745,1.936363935470581
1787293511898,920,4,2,1,3114.727294921875,138.39657592773438,785.8839721679688,4.371127128601074,1.1982284784317017,4.372910976409912,0.1448124200105667,-4.6184821128845215,4.303651809692383,2.281137704849243,0.004816284868866205,0.9999997615814209,2.384186927884002e-7,12.729491233825684,12.709444999694824,12.741878509521484,0.5804738998413086,0.5902859568595886,2.2717347145080566,0,3122.487060546875,0.045759472995996475,2.174906015396118
1787293511918,921,4,2,1,3121.79931640625,-20.199668884277344,850.6002807617188,4.444255828857422,1.1187095642089844,4.523364067077637,0.6080405712127686,-4.002150535583496,4.497064113616943,2.2785744667053223,0.004953659605234861,0.9999997615814209,2.384186927884002e-7,12.729775428771973,12.71411418914795,12.74323558807373,0.5834411978721619,0.5963348746299744,2.267322301864624,0,3131.510009765625,0.04598388075828552,2.1713201999664307
1787293511938,922,4,2,1,3132.3681640625,186.5532989501953,902.2025756835938,4.56154727935791,1.1714324951171875,4.7567009925842285,0.08618951588869095,-4.1939167976379395,4.118840217590332,2.277909517288208,0.0052947718650102615,0.9999997615814209,2.384186927884002e-7,12.72973918914795,12.710945129394531,12.745368957519531,0.5865138173103333,0.5992341041564941,2.267322301864624,0,3140.429931640625,0.04620536416769028,2.2580039501190186
1787293511959,923,4,2,1,3142.0625,276.9869079589844,888.2590942382812,4.867589950561523,1.3713405132293701,4.830287933349609,0.19205771386623383,-4.387822151184082,4.451225757598877,2.277409076690674,0.004392283037304878,0.9999997615814209,2.384186927884002e-7,12.729991912841797,12.714341163635254,12.739262580871582,0.5878166556358337,0.6039562821388245,2.267322301864624,0,3149.401123046875,0.046422313898801804,2.414186954498291
1787293511978,924,4,2,1,3153.111083984375,491.78564453125,1065.8421630859375,4.657037258148193,1.2688395977020264,4.796518802642822,0.07973476499319077,-4.20005464553833,5.337863922119141,2.2752017974853516,0.004397939424961805,0.9999997615814209,2.384186927884002e-7,12.732181549072266,12.717989921569824,12.746087074279785,0.5908840298652649,0.6088014245033264,2.267322301864624,0,3158.384765625,0.046630337834358215,2.3260483741760254
1787293511999,925,4,2,1,3162.841064453125,570.3928833007812,982.2369384765625,4.818814754486084,1.0415719747543335,4.785337924957275,-0.37285125255584717,-3.8641397953033447,4.951335430145264,2.2754340171813965,0.005380567163228989,0.9999997615814209,2.384186927884002e-7,12.728981018066406,12.709223747253418,12.742193222045898,0.5921952128410339,0.6072302460670471,2.2651174068450928,0,3167.35595703125,0.046843789517879486,2.4226949214935303
1787293512019,926,4,2,1,3173.183349609375,678.4097900390625,877.914306640625,4.708805084228516,1.1637213230133057,4.520809173583984,0.17928583920001984,-4.003864288330078,4.367624282836914,2.277085781097412,0.004498778376728296,0.9999997615814209,2.384186927884002e-7,12.728747367858887,12.707877159118652,12.748357772827148,0.593241810798645,0.604733943939209,2.2629125118255615,0,3176.339599609375,0.04704722389578819,2.3563334941864014
1787293512038,927,4,2,1,3183.214599609375,760.0403442382812,939.93408203125,4.545608043670654,1.2594085931777954,4.535627365112305,-0.25825735926628113,-4.144854545593262,5.182138919830322,2.2788002490997314,0.005369790364056826,0.9999997615814209,2.384186927884002e-7,12.727960586547852,12.715475082397461,12.743864059448242,0.5948939919471741,0.6110213398933411,2.267322301864624,0,3185.310791015625,0.04724647104740143,2.2890639305114746
1787293512059,928,4,2,1,3192.173828125,702.93212890625,1002.0936279296875,4.416644096374512,1.047845482826233,4.199273109436035,-0.050763342529535294,-3.777043581008911,4.629500865936279,2.279949188232422,0.004927527625113726,0.9999997615814209,2.384186927884002e-7,12.731118202209473,12.715705871582031,12.740191459655762,0.5949816107749939,0.611197829246521,2.271733522415161,0,3194.294677734375,0.04744357988238335,2.22133731842041
1787293512079,929,4,2,1,3202.110595703125,765.853515625,756.723876953125,4.196260452270508,1.2424577474594116,4.071208953857422,-0.2730821967124939,-4.177441596984863,4.735602855682373,2.2801196575164795,0.003890690626576543,0.9999997615814209,2.384186927884002e-7,12.729472160339355,12.706426620483398,12.7410888671875,0.5962647795677185,0.6135122179985046,2.26952862739563,0,3203.265625,0.0476406067609787,2.1147878170013428
1787293512099,930,4,2,1,3209.863037109375,600.233642578125,939.0604858398438,3.9834060668945312,1.078938364982605,3.983563184738159,0.023997100070118904,-3.6938154697418213,4.941732883453369,2.280146598815918,0.0040646567940711975,0.9999997615814209,2.384186927884002e-7,12.727372169494629,12.70782470703125,12.739385604858398,0.5974641442298889,0.6137661337852478,2.26952862739563,0,3212.313232421875,0.047840964049100876,2.0043742656707764
1787293512119,931,4,2,1,3216.7109375,333.1551818847656,984.7379760742188,3.8716468811035156,1.0798940658569336,3.8786087036132812,-0.10462318360805511,-4.316057205200195,5.559893608093262,2.279573678970337,0.0049800206907093525,0.9999997615814209,2.384186927884002e-7,12.729293823242188,12.714016914367676,12.743224143981934,0.597917914390564,0.6151909828186035,2.2607061862945557,0,3221.281982421875,0.04803592339158058,1.9577640295028687
1787293512139,932,4,2,1,3224.235595703125,218.80923461914062,896.3648681640625,4.079399585723877,1.133915901184082,4.067993640899658,0.2314230054616928,-4.40169620513916,4.401257038116455,2.2770190238952637,0.004464392550289631,0.9999997615814209,2.384186927884002e-7,12.72819709777832,12.709314346313477,12.738092422485352,0.5992038249969482,0.6139802932739258,2.2607061862945557,0,3230.239990234375,0.048236995935440063,2.0567922592163086
1787293512159,933,4,2,1,3232.34716796875,178.6923065185547,923.9022216796875,4.136476039886475,1.0792368650436401,4.380814552307129,-0.06525494903326035,-3.5580806732177734,5.208552837371826,2.2768733501434326,0.005226782988756895,0.9999997615814209,2.384186927884002e-7,12.725154876708984,12.708342552185059,12.73724365234375,0.6026447415351868,0.6193460822105408,2.2651174068450928,0,3239.2236328125,0.04844928905367851,2.107149839401245
1787293512179,934,4,2,1,3239.323974609375,6.243231296539307,822.2409057617188,4.4304423332214355,1.0962239503860474,4.600693702697754,0.6553969383239746,-4.497493743896484,5.393271446228027,2.2782959938049316,0.005834660027176142,0.9999997615814209,2.384186927884002e-7,12.725434303283691,12.708212852478027,12.740666389465332,0.6042824387550354,0.6239275932312012,2.2651174068450928,0,3248.19482421875,0.04865225777029991,2.2415356636047363
1787293512199,935,4,2,1,3249.56689453125,216.76727294921875,929.0496826171875,4.896089553833008,1.1892744302749634,4.837002754211426,0.05141554772853851,-4.463567733764648,4.840184211730957,2.2799124717712402,0.005512903910130262,0.9999997615814209,2.384186927884002e-7,12.723989486694336,12.698176383972168,12.73572063446045,0.6073099374771118,0.6220735311508179,2.26952862739563,0,3257.1806640625,0.04886579513549805,2.518366813659668
1787293512220,936,4,2,1,3260.744140625,452.1105041503906,950.5040893554688,4.7922258377075195,1.0341347455978394,4.793875217437744,-0.20309540629386902,-4.034022808074951,4.801548957824707,2.279762029647827,0.004009979777038097,0.9999997615814209,2.384186927884002e-7,12.726175308227539,12.708342552185059,12.736933708190918,0.610268235206604,0.6244872808456421,2.271733522415161,0,3266.200439453125,0.049076758325099945,2.478884220123291
1787293512240,937,4,2,1,3272.015380859375,661.2269287109375,1004.805419921875,4.851125717163086,0.9723432660102844,4.6406989097595215,-0.00777320796623826,-3.585548162460327,5.64195442199707,2.277350664138794,0.00627659447491169,0.9999997615814209,2.384186927884002e-7,12.72249984741211,12.709319114685059,12.73317813873291,0.6110201478004456,0.6271253228187561,2.267322301864624,0,3275.171630859375,0.04927684739232063,2.5040371417999268
1787293512260,938,4,2,1,3283.495361328125,857.143310546875,1004.4083862304688,4.506756782531738,1.0761953592300415,4.411350727081299,-0.6204522252082825,-3.5012664794921875,5.4578938484191895,2.278794765472412,0.005122735630720854,0.9999997615814209,2.384186927884002e-7,12.724381446838379,12.709258079528809,12.738940238952637,0.6124769449234009,0.6288098096847534,2.262911081314087,0,3284.1552734375,0.0494651272892952,2.339779853820801
1787293512280,939,4,2,1,3292.308837890625,776.783203125,1036.3577880859375,4.186649322509766,1.2296909093856812,4.2427659034729,-0.3649718165397644,-3.946936845779419,5.7777886390686035,2.2773749828338623,0.004450356587767601,0.9999997615814209,2.384186927884002e-7,12.723008155822754,12.70781135559082,12.732213973999023,0.6130813360214233,0.6314966678619385,2.2651174068450928,0,3293.12646484375,0.04964599385857582,2.1745052337646484
1787293512300,940,4,2,1,3300.07421875,597.2142333984375,991.5294799804688,4.023735046386719,1.0537676811218262,4.0412750244140625,-0.06008125841617584,-3.463796615600586,5.641860008239746,2.278332233428955,0.005775745026767254,0.9999997615814209,2.384186927884002e-7,12.721333503723145,12.706053733825684,12.735318183898926,0.6136017441749573,0.6321466565132141,2.2651174068450928,0,3302.11181640625,0.0498257540166378,2.082322359085083
1787293512320,941,4,2,1,3306.766357421875,340.6092834472656,1042.6502685546875,3.984726667404175,1.1012157201766968,4.070053577423096,-0.34106874465942383,-3.3133599758148193,5.749194145202637,2.280339479446411,0.004554435145109892,0.9999997615814209,2.384186927884002e-7,12.722111701965332,12.701464653015137,12.732516288757324,0.6142001152038574,0.6333321928977966,2.26952862739563,0,3311.0810546875,0.0500093512237072,2.077328681945801
1787293512340,942,4,2,1,3313.01220703125,126.33345031738281,939.9052734375,4.208925724029541,0.9713620543479919,4.320741176605225,-0.0943332314491272,-3.7101974487304688,5.020615577697754,2.2819712162017822,0.005522952415049076,0.9999997615814209,2.384186927884002e-7,12.721806526184082,12.709345817565918,12.731757164001465,0.6164565682411194,0.6325024962425232,2.2673237323760986,0,3320.12890625,0.05020984262228012,2.1961402893066406
1787293512361,943,4,2,1,3320.20556640625,4.7864909172058105,845.1217651367188,4.50686502456665,1.0625011920928955,4.659254550933838,0.5147643685340881,-4.002747535705566,4.682949542999268,2.2792716026306152,0.004748521838337183,0.9999997615814209,2.384186927884002e-7,12.719918251037598,12.704338073730469,12.735379219055176,0.619189441204071,0.6335921883583069,2.267322301864624,0,3329.035400390625,0.0504128597676754,2.340050220489502
1787293512380,944,4,2,1,3330.999267578125,266.9934997558594,822.9251708984375,4.999061107635498,1.3059366941452026,4.9629387855529785,0.40482044219970703,-4.6338982582092285,4.297107696533203,2.2787184715270996,0.004133214708417654,0.9999997615814209,2.384186927884002e-7,12.71871566772461,12.704092979431152,12.730230331420898,0.6221753358840942,0.6391292810440063,2.271733522415161,0,3338.01904296875,0.05062264949083328,2.6210787296295166
1787293512400,945,4,2,1,3343.185791015625,591.5325317382812,1017.2246704101562,4.864850044250488,1.1424329280853271,4.848443984985352,-0.3225077986717224,-4.508474349975586,5.622470378875732,2.274906635284424,0.005121185444295406,0.9999997615814209,2.384186927884002e-7,12.716856002807617,12.701386451721191,12.732504844665527,0.6251636147499084,0.6418406367301941,2.2629125118255615,0,3346.990234375,0.050823088735342026,2.580237627029419
1787293512421,946,4,2,1,3354.11376953125,720.15283203125,933.2581787109375,4.600503921508789,1.1858115196228027,4.595173358917236,-0.36238786578178406,-4.2644877433776855,4.978446960449219,2.2750518321990967,0.004912219010293484,0.9999997615814209,2.384186927884002e-7,12.717570304870605,12.703125953674316,12.729747772216797,0.6254667043685913,0.6378335952758789,2.2651174068450928,0,3355.9736328125,0.0509965643286705,2.438305377960205
1787293512441,947,4,2,1,3364.191162109375,774.563232421875,856.9470825195312,4.317581653594971,1.285425066947937,4.348442554473877,0.032543525099754333,-4.412136554718018,3.5250256061553955,2.2749879360198975,0.0036262492649257183,0.9999997615814209,2.384186927884002e-7,12.716302871704102,12.700645446777344,12.727036476135254,0.6263056397438049,0.6428830027580261,2.2629125118255615,0,3364.944580078125,0.05117142200469971,2.2906665802001953
1787293512461,948,4,2,1,3372.196044921875,595.9607543945312,961.1012573242188,4.011513710021973,1.1628589630126953,4.007758617401123,0.0539916567504406,-3.5750668048858643,5.839937686920166,2.277757406234741,0.005456669256091118,0.9999997615814209,2.384186927884002e-7,12.714977264404297,12.700874328613281,12.727362632751465,0.6263195276260376,0.6445950865745544,2.2607061862945557,0,3373.929931640625,0.0513390377163887,2.117163896560669
1787293512481,949,4,2,1,3377.87744140625,290.7151794433594,840.9447631835938,4.270679473876953,1.1327182054519653,4.185491561889648,0.3265785574913025,-4.672971248626709,3.955662727355957,2.277372360229492,0.003710807766765356,0.9999997615814209,2.384186927884002e-7,12.715296745300293,12.69449234008789,12.727142333984375,0.6273064613342285,0.6425840258598328,2.2651174068450928,0,3382.9619140625,0.05152639374136925,2.2598791122436523
1787293512501,950,4,2,1,3385.134521484375,164.78456115722656,863.60693359375,4.430083274841309,1.0935051441192627,4.429952621459961,-0.01016952283680439,-3.560297727584839,5.707204818725586,2.276519775390625,0.00438358960673213,0.9999997615814209,2.384186927884002e-7,12.715494155883789,12.69936752319336,12.727082252502441,0.6298902034759521,0.6495382189750671,2.2607061862945557,0,3391.882080078125,0.05172296240925789,2.3640875816345215
1787293512521,951,4,2,1,3393.806640625,218.2683868408203,999.15869140625,4.778975963592529,1.2123931646347046,4.824184417724609,-0.0281017255038023,-4.55726957321167,5.648167610168457,2.2754926681518555,0.0050957296043634415,0.9999997615814209,2.384186927884002e-7,12.713441848754883,12.700447082519531,12.729063034057617,0.6337029337882996,0.6506988406181335,2.2629125118255615,0,3400.853271484375,0.05192391201853752,2.565796375274658
1787293512541,952,4,2,1,3405.3837890625,507.9877624511719,892.2302856445312,4.908290863037109,1.1176080703735352,4.843791961669922,-0.19576597213745117,-4.46162748336792,3.829646348953247,2.273859739303589,0.0050577688962221146,0.9999997615814209,2.384186927884002e-7,12.713098526000977,12.691549301147461,12.723819732666016,0.6365522742271423,0.6508928537368774,2.2607061862945557,0,3409.8388671875,0.05212081968784332,2.648472547531128
1787293512561,953,4,2,1,3417.1201171875,734.3592529296875,958.0148315429688,4.657602310180664,1.1491552591323853,4.6549553871154785,-0.3863510489463806,-4.278594970703125,5.4675703048706055,2.272512197494507,0.006115376483649015,0.9999997615814209,2.384186927884002e-7,12.711216926574707,12.693406105041504,12.726318359375,0.6372081637382507,0.6527426838874817,2.2607061862945557,0,3418.807861328125,0.0522976890206337,2.516556978225708
1787293512581,954,4,2,1,3427.419921875,789.2587890625,954.8255615234375,4.277474403381348,1.1985816955566406,4.277529239654541,-0.428054541349411,-3.6590936183929443,5.73325252532959,2.272880792617798,0.004537072964012623,0.9999997615814209,2.384186927884002e-7,12.712274551391602,12.690373420715332,12.726405143737793,0.6376304626464844,0.6549961566925049,2.2607061862945557,0,3427.791259765625,0.05246364697813988,2.307882785797119
1787293512602,955,4,2,1,3433.50146484375,417.7674560546875,1008.2550048828125,3.9163684844970703,1.2117791175842285,3.9215829372406006,-0.050997935235500336,-4.592023849487305,4.687373161315918,2.274399518966675,0.005114341154694557,0.9999997615814209,2.384186927884002e-7,12.711481094360352,12.688514709472656,12.724629402160645,0.6377362608909607,0.6549362540245056,2.2607061862945557,0,3436.762451171875,0.05262250453233719,2.1128149032592773
1787293512622,956,4,2,1,3439.066162109375,113.9049301147461,950.869140625,4.085290431976318,1.070461630821228,4.379701137542725,0.2736569941043854,-4.664613246917725,5.035606861114502,2.276306390762329,0.004968435503542423,0.9999997615814209,2.384186927884002e-7,12.711971282958984,12.694107055664062,12.728981018066406,0.6394738554954529,0.6542122960090637,2.267322301864624,0,3445.748046875,0.05280226096510887,2.203782320022583
1787293512642,957,4,2,1,3446.904541015625,114.52181243896484,956.7861938476562,4.611259460449219,1.1977609395980835,4.946653366088867,0.43302014470100403,-4.4445929527282715,5.780955791473389,2.273221969604492,0.005293962080031633,0.9999997615814209,2.384186927884002e-7,12.706759452819824,12.687408447265625,12.72132682800293,0.6436308026313782,0.6611208319664001,2.2585012912750244,0,3454.717041015625,0.05300911143422127,2.4980356693267822
1787293512662,958,4,2,1,3459.1181640625,475.28759765625,984.9935913085938,4.8527302742004395,1.2359716892242432,4.868889808654785,0.04939303547143936,-4.038322925567627,5.323507308959961,2.2737085819244385,0.005685826297849417,0.9999997615814209,2.384186927884002e-7,12.709866523742676,12.688037872314453,12.72375774383545,0.6460721492767334,0.6640059947967529,2.2651174068450928,0,3463.70068359375,0.05320064723491669,2.654366970062256
1787293512682,959,4,2,1,3470.456787109375,681.9610595703125,858.2588500976562,4.717751979827881,1.1950346231460571,4.6812310218811035,-0.020494496449828148,-4.519939422607422,4.641805648803711,2.2711172103881836,0.003710896708071232,0.9999997615814209,2.384186927884002e-7,12.704750061035156,12.68496322631836,12.724183082580566,0.6472233533859253,0.6631554961204529,2.2607061862945557,0,3472.671875,0.05337667837738991,2.5850586891174316
1787293512702,960,4,2,1,3481.267333984375,773.77099609375,946.0169677734375,4.346619606018066,1.2629402875900269,4.331087112426758,-0.3975360095500946,-4.543463706970215,4.042664527893066,2.2731969356536865,0.003839557757601142,0.9999997615814209,2.384186927884002e-7,12.710090637207031,12.687901496887207,12.72400951385498,0.6470723748207092,0.6670770645141602,2.2629125118255615,0,3481.6552734375,0.053535621613264084,2.381680488586426
1787293512722,961,4,2,1,3486.6904296875,353.4437561035156,1048.1519775390625,4.1011810302734375,1.1307358741760254,4.016509532928467,-0.1440487951040268,-4.638306140899658,4.008236885070801,2.2736427783966064,0.005017811432480812,0.9999997615814209,2.384186927884002e-7,12.705310821533203,12.680594444274902,12.71921157836914,0.6474096775054932,0.6666361093521118,2.2562952041625977,0,3490.62646484375,0.053696226328611374,2.2476494312286377
1787293512742,962,4,2,1,3493.119384765625,150.70359802246094,898.1229248046875,4.307474613189697,0.99222332239151,4.590985298156738,-0.10944420844316483,-4.221127033233643,4.293145179748535,2.271899938583374,0.005873320624232292,0.9999997615814209,2.384186927884002e-7,12.705596923828125,12.683658599853516,12.716835021972656,0.6496621370315552,0.6658226251602173,2.2607061862945557,0,3499.6103515625,0.053878527134656906,2.3695905208587646
1787293512763,963,4,2,1,3501.7509765625,208.78262329101562,948.1842041015625,4.818997859954834,1.2171634435653687,4.833508014678955,-0.010702885687351227,-4.574307918548584,4.924673557281494,2.2719662189483643,0.005508522968739271,0.9999997615814209,2.384186927884002e-7,12.704206466674805,12.686716079711914,12.719576835632324,0.6533164381980896,0.6712443828582764,2.2607061862945557,0,3508.5810546875,0.05407116934657097,2.665858030319214
1787293512782,964,4,2,1,3514.395263671875,598.8336791992188,1041.668212890625,5.031130790710449,1.145801067352295,4.887471675872803,-0.2228768914937973,-4.366865158081055,5.774388313293457,2.270808458328247,0.005397798493504524,0.9999997615814209,2.384186927884002e-7,12.701641082763672,12.686025619506836,12.71634292602539,0.6550500988960266,0.6732914447784424,2.262911081314087,0,3517.627685546875,0.05425255745649338,2.7950551509857178
1787293512803,965,4,2,1,3525.2509765625,750.18798828125,903.995849609375,4.796076774597168,1.0986608266830444,4.446732521057129,-0.18574069440364838,-4.741166591644287,5.8671746253967285,2.2730319499969482,0.004686882719397545,0.9999997615814209,2.384186927884002e-7,12.698959350585938,12.683697700500488,12.714444160461426,0.6556584239006042,0.6739368438720703,2.2629125118255615,0,3526.5341796875,0.054427292197942734,2.667283535003662
1787293512823,966,4,2,1,3534.299072265625,624.4230346679688,943.7072143554688,4.205052852630615,1.2016199827194214,4.199383735656738,0.07113497704267502,-4.564043998718262,5.002946376800537,2.272045612335205,0.004450754728168249,0.9999997615814209,2.384186927884002e-7,12.701024055480957,12.681083679199219,12.719432830810547,0.6561369895935059,0.6724533438682556,2.2607061862945557,0,3535.51708984375,0.054577119648456573,2.332373857498169
1787293512843,967,4,2,1,3538.48291015625,154.4613037109375,1022.4696655273438,4.234512805938721,1.0921545028686523,4.21560525894165,0.29590916633605957,-4.627666473388672,4.19716739654541,2.2715861797332764,0.005185519810765982,0.9999997615814209,2.384186927884002e-7,12.702725410461426,12.682765007019043,12.716381072998047,0.657061755657196,0.6730908155441284,2.2607061862945557,0,3544.48828125,0.054741352796554565,2.3433408737182617
1787293512863,968,4,2,1,3546.301513671875,143.22158813476562,1047.8392333984375,4.598339080810547,1.133649230003357,4.967653274536133,0.19108673930168152,-4.272632122039795,5.825644493103027,2.269822359085083,0.0054922946728765965,0.9999997615814209,2.384186927884002e-7,12.699573516845703,12.684873580932617,12.714690208435059,0.6615561842918396,0.6796314716339111,2.2607061862945557,0,3553.471923828125,0.05493564158678055,2.566082715988159
1787293512883,969,4,2,1,3559.02490234375,561.372802734375,971.56201171875,4.993019104003906,1.049408197402954,4.8866658210754395,-0.29690659046173096,-4.985754013061523,4.4962687492370605,2.2698240280151367,0.005397597793489695,0.9999997615814209,2.384186927884002e-7,12.698473930358887,12.682246208190918,12.715659141540527,0.6635998487472534,0.6759615540504456,2.2585012912750244,0,3562.5068359375,0.05512074753642082,2.8132688999176025
1787293512903,970,4,2,1,3570.05859375,696.5436401367188,961.8558959960938,4.775903701782227,1.0890718698501587,4.432366847991943,-0.06361697614192963,-4.669194221496582,5.964301109313965,2.2703423500061035,0.005268137436360121,0.9999997615814209,2.384186927884002e-7,12.698457717895508,12.682682991027832,12.71712589263916,0.6626312732696533,0.6765952706336975,2.2607061862945557,0,3571.528076171875,0.05527679994702339,2.6931183338165283
1787293512923,971,4,2,1,3578.913330078125,599.7800903320312,980.8906860351562,4.282814979553223,1.131257176399231,4.3292999267578125,0.054813630878925323,-4.416420936584473,5.166428565979004,2.273663282394409,0.004620186518877745,0.9999997615814209,2.384186927884002e-7,12.698479652404785,12.683158874511719,12.713501930236816,0.6644646525382996,0.6810367703437805,2.2629125118255615,0,3580.486083984375,0.05543161556124687,2.4049901962280273
1787293512944,972,4,2,1,3583.34375,156.9287872314453,901.2203979492188,4.155581951141357,1.0114545822143555,4.5367889404296875,0.14292895793914795,-4.236428260803223,5.952966213226318,2.2699568271636963,0.006345315370708704,0.9999997615814209,2.384186927884002e-7,12.699516296386719,12.6804838180542,12.714020729064941,0.6660957932472229,0.6867784857749939,2.254088878631592,0,3589.535400390625,0.05560380220413208,2.336174488067627
1787293512964,973,4,2,1,3592.105712890625,239.26931762695312,1015.989501953125,4.847555160522461,1.1986161470413208,4.973512649536133,-0.10194174945354462,-4.822243690490723,5.8854827880859375,2.26890230178833,0.006031304132193327,0.9999997615814209,2.384186927884002e-7,12.695708274841309,12.681214332580566,12.711002349853516,0.670386791229248,0.6903998851776123,2.2562952041625977,0,3598.554931640625,0.055794090032577515,2.753291606903076
1787293512984,974,4,2,1,3605.40380859375,660.7319946289062,970.127685546875,4.920450687408447,1.1061041355133057,4.844882011413574,0.10931693017482758,-4.641385078430176,5.316614627838135,2.268951654434204,0.0062193488702178,0.9999997615814209,2.384186927884002e-7,12.696491241455078,12.675698280334473,12.717609405517578,0.671628475189209,0.6855976581573486,2.2562952041625977,0,3607.46142578125,0.05595885217189789,2.7949776649475098
1787293513004,975,4,2,1,3616.1337890625,769.1334228515625,987.6632080078125,4.455101013183594,1.2549054622650146,4.593964576721191,-0.17324542999267578,-4.9201250076293945,6.2964348793029785,2.2684214115142822,0.005039562471210957,0.9999997615814209,2.384186927884002e-7,12.696773529052734,12.677787780761719,12.71243667602539,0.6720600128173828,0.6894794702529907,2.2585012912750244,0,3616.44482421875,0.056107789278030396,2.5372066497802734
1787293513024,976,4,2,1,3621.861572265625,362.83441162109375,862.3115234375,4.177725791931152,1.2758395671844482,4.238164901733398,-0.1521085947751999,-4.308871746063232,5.189839839935303,2.271343231201172,0.005409840494394302,0.9999997615814209,2.384186927884002e-7,12.695801734924316,12.673493385314941,12.710439682006836,0.6719712615013123,0.6805741190910339,2.258500099182129,0,3625.479248046875,0.05625661090016365,2.384986400604248
1787293513044,977,4,2,1,3626.072265625,-45.88992691040039,1023.09326171875,4.461513996124268,1.1982669830322266,4.5581583976745605,0.638433575630188,-4.929129123687744,6.503448963165283,2.2697622776031494,0.005371849052608013,0.9999997615814209,2.384186927884002e-7,12.695335388183594,12.67752742767334,12.710606575012207,0.6750715970993042,0.6908625960350037,2.2607061862945557,0,3634.487548828125,0.056428663432598114,2.5138723850250244
1787293513064,978,4,2,1,3638.749755859375,469.22821044921875,1026.6663818359375,5.046521186828613,1.1173127889633179,5.01284646987915,-0.033759694546461105,-4.838036060333252,5.297317028045654,2.2670133113861084,0.006155761890113354,0.9999997615814209,2.384186927884002e-7,12.691338539123535,12.674905776977539,12.707280158996582,0.680010199546814,0.6971944570541382,2.2562952041625977,0,3643.459228515625,0.056632742285728455,2.9041049480438232
1787293513084,979,4,2,1,3652.06201171875,777.471435546875,844.5607299804688,4.650477886199951,1.169063687324524,4.497663497924805,-0.2941775619983673,-4.94082498550415,5.26085090637207,2.2665297985076904,0.006576026324182749,0.9999997615814209,2.384186927884002e-7,12.693827629089355,12.672592163085938,12.708718299865723,0.6788734197616577,0.6972594261169434,2.251882791519165,0,3652.442626953125,0.056782111525535583,2.674713373184204
1787293513105,980,4,2,1,3660.367919921875,584.783935546875,966.465087890625,4.086640357971191,1.191117525100708,4.232276916503906,0.10289594531059265,-4.723392009735107,5.593532562255859,2.268559217453003,0.004706181585788727,0.9999997615814209,2.384186927884002e-7,12.6933012008667,12.673722267150879,12.714075088500977,0.6793580055236816,0.6970617175102234,2.254088878631592,0,3661.413330078125,0.056909121572971344,2.3423752784729004
1787293513125,981,4,2,1,3664.77294921875,193.02389526367188,1002.9688110351562,4.42350435256958,1.200063705444336,4.749382972717285,-0.1144249439239502,-4.50709867477417,5.961495876312256,2.2675673961639404,0.005568820983171463,0.9999997615814209,2.384186927884002e-7,12.692578315734863,12.673293113708496,12.708799362182617,0.6814354062080383,0.6970657706260681,2.2540903091430664,0,3670.395751953125,0.05706894025206566,2.552764654159546
1787293513145,982,4,2,1,3674.379150390625,361.0837707519531,1070.9354248046875,4.9442315101623535,1.3223994970321655,5.157253265380859,0.2895585894584656,-4.766713619232178,6.058323860168457,2.264183759689331,0.005671288818120956,0.9999997615814209,2.384186927884002e-7,12.689096450805664,12.671184539794922,12.703376770019531,0.6857800483703613,0.7037632465362549,2.2518839836120605,0,3679.36669921875,0.05724271759390831,2.8578715324401855
1787293513165,983,4,2,1,3687.453369140625,726.1690673828125,999.5384521484375,4.642886161804199,1.3382384777069092,4.7813801765441895,-0.4205552339553833,-5.020053863525391,5.030482292175293,2.269186496734619,0.005582872312515974,0.9999997615814209,2.384186927884002e-7,12.689658164978027,12.668370246887207,12.706320762634277,0.6866122484207153,0.7041003108024597,2.258500099182129,0,3688.349609375,0.05738195404410362,2.6967127323150635
1787293513185,984,4,2,1,3696.878662109375,661.7559204101562,844.6267700195312,4.219597816467285,1.2834147214889526,4.179457187652588,0.1122337356209755,-4.829854965209961,5.200523853302002,2.270799160003662,0.004280623514205217,0.9999997615814209,2.384186927884002e-7,12.690543174743652,12.67209529876709,12.707239151000977,0.6858499646186829,0.708817183971405,2.2607061862945557,0,3697.320556640625,0.05751641467213631,2.4390556812286377
1787293513205,985,4,2,1,3700.6513671875,148.30429077148438,902.8681640625,4.061288356781006,1.2148802280426025,4.499945640563965,0.10256053507328033,-4.639716625213623,5.194969177246094,2.2698466777801514,0.00467791547998786,0.9999997615814209,2.384186927884002e-7,12.693828582763672,12.672463417053223,12.708751678466797,0.6880683898925781,0.7083980441093445,2.2562952041625977,0,3706.303466796875,0.05766063928604126,2.3554775714874268
1787293513225,986,4,2,1,3710.570556640625,363.9517822265625,956.5316772460938,5.108169078826904,1.2442620992660522,5.0316267013549805,0.36616745591163635,-5.215066909790039,5.732876300811768,2.267183780670166,0.006798881571739912,0.9999997615814209,2.384186927884002e-7,12.690255165100098,12.671796798706055,12.706437110900879,0.6912503242492676,0.7080463171005249,2.254088878631592,0,3715.33837890625,0.0578363873064518,2.9788784980773926
1787293513245,987,4,2,1,3724.77978515625,857.3493041992188,1092.9112548828125,4.820568561553955,1.2377591133117676,4.792319297790527,-0.44074100255966187,-5.117210865020752,6.559216022491455,2.2690980434417725,0.005620417185127735,0.9999997615814209,2.384186927884002e-7,12.687728881835938,12.666043281555176,12.702841758728027,0.6936357617378235,0.7102024555206299,2.2562952041625977,0,3724.359130859375,0.05798507109284401,2.832733392715454
1787293513266,988,4,2,1,3732.64599609375,601.7587280273438,1073.3134765625,4.171567440032959,1.3444329500198364,4.105226039886475,0.053634949028491974,-4.978864669799805,6.592039108276367,2.270975351333618,0.005447515286505222,0.9999997615814209,2.384186927884002e-7,12.68925666809082,12.674883842468262,12.704427719116211,0.6923272013664246,0.7088653445243835,2.2585012912750244,0,3733.380615234375,0.058094728738069534,2.434810161590576
1787293513286,989,4,2,1,3736.688232421875,164.22789001464844,1034.8406982421875,4.505483627319336,1.2412497997283936,4.722675323486328,-0.03842303156852722,-4.570362567901611,7.41782283782959,2.2708981037139893,0.004506039898842573,0.9999997615814209,2.384186927884002e-7,12.688591957092285,12.670345306396484,12.703994750976562,0.6942539811134338,0.7089743614196777,2.254088878631592,0,3742.299560546875,0.05823829770088196,2.6543900966644287
1787293513306,990,4,2,1,3747.92626953125,500.7872619628906,1104.3546142578125,4.734494209289551,1.2073174715042114,5.096473217010498,0.0564114972949028,-4.893932342529297,6.2370195388793945,2.2687392234802246,0.004414239898324013,0.9999997615814209,2.384186927884002e-7,12.684643745422363,12.668103218078613,12.702921867370605,0.6998959183692932,0.7123066186904907,2.2585012912750244,0,3751.2705078125,0.05840570479631424,2.8055167198181152
1787293513326,991,4,2,1,3759.8076171875,712.5347290039062,877.7666015625,4.579096794128418,1.1906158924102783,4.541839122772217,-0.058252740651369095,-5.089585781097412,5.434457778930664,2.2703003883361816,0.004740479402244091,0.9999997615814209,2.384186927884002e-7,12.68595027923584,12.668837547302246,12.702400207519531,0.6988090872764587,0.7204004526138306,2.2562952041625977,0,3760.319580078125,0.05853406339883804,2.6979756355285645
1787293513346,992,4,2,1,3766.674560546875,375.1247863769531,1134.26171875,4.079526424407959,1.1846673488616943,4.045345306396484,-0.20943190157413483,-5.445755958557129,5.956307888031006,2.2706966400146484,0.004677181597799063,0.9999997615814209,2.384186927884002e-7,12.685237884521484,12.664571762084961,12.702759742736816,0.6985476613044739,0.7180242538452148,2.2562952041625977,0,3769.288330078125,0.05863934010267258,2.409885883331299
1787293513366,993,4,2,1,3770.890869140625,29.70572280883789,812.69580078125,4.921300888061523,1.1457751989364624,4.761686325073242,0.5123270750045776,-6.022747993469238,5.941715240478516,2.2680180072784424,0.004424401093274355,0.9999997615814209,2.384186927884002e-7,12.683106422424316,12.665608406066895,12.702498435974121,0.7012006044387817,0.7194551825523376,2.2585012912750244,0,3778.272705078125,0.05878898873925209,2.9092020988464355
1787293513386,994,4,2,1,3785.1767578125,619.3119506835938,1037.9366455078125,5.053282260894775,1.2438229322433472,4.876802921295166,-0.028308779001235962,-5.345126628875732,5.903232574462891,2.2668750286102295,0.006166205275803804,0.9999997615814209,2.384186927884002e-7,12.682580947875977,12.665130615234375,12.702251434326172,0.7045612335205078,0.7212783098220825,2.2496790885925293,0,3787.29345703125,0.058945849537849426,3.017122983932495
1787293513407,995,4,2,1,3797.233642578125,797.0753173828125,808.0912475585938,4.454115390777588,1.2154134511947632,4.3246564865112305,-0.5918452143669128,-4.768341064453125,4.608283519744873,2.271210193634033,0.004614887293428183,0.9999997615814209,2.384186927884002e-7,12.684086799621582,12.667794227600098,12.698351860046387,0.7045139670372009,0.7191389203071594,2.2585012912750244,0,3796.262451171875,0.05906141921877861,2.655024290084839
1787293513427,996,4,2,1,3799.602783203125,108.10166931152344,1089.3582763671875,4.118198394775391,1.2338203191757202,4.339077949523926,0.27371129393577576,-5.043213844299316,5.201931476593018,2.2722389698028564,0.005960413254797459,0.9999997615814209,2.384186927884002e-7,12.683501243591309,12.662360191345215,12.705899238586426,0.7059485912322998,0.7274600863456726,2.2562952041625977,0,3805.28515625,0.05918174982070923,2.447195053100586
1787293513447,997,4,2,1,3808.8955078125,281.97174072265625,1029.8199462890625,4.936426162719727,1.3768519163131714,4.9939985275268555,0.32184654474258423,-4.895915508270264,5.536682605743408,2.2688539028167725,0.006042656023055315,0.9999997615814209,2.384186927884002e-7,12.680376052856445,12.660931587219238,12.694978713989258,0.7102373838424683,0.7295083403587341,2.258500099182129,0,3814.269775390625,0.059350453317165375,2.95353102684021
1787293513467,998,4,2,1,3823.877197265625,833.6278076171875,1063.85302734375,4.682705402374268,1.2135571241378784,4.611245155334473,-0.48069101572036743,-5.519383430480957,7.1012163162231445,2.2677249908447266,0.006271491292864084,0.9999997615814209,2.384186927884002e-7,12.679206848144531,12.663774490356445,12.695416450500488,0.7110178470611572,0.7242018580436707,2.2474727630615234,0,3823.239013671875,0.05947922170162201,2.8207297325134277
1787293513487,999,4,2,1,3829.283203125,352.3339538574219,1066.3525390625,4.151980400085449,1.0923964977264404,4.109701156616211,-0.2907743752002716,-5.132424831390381,4.8956804275512695,2.2677154541015625,0.006128348410129547,0.9999997615814209,2.384186927884002e-7,12.681097030639648,12.664541244506836,12.699749946594238,0.7100735306739807,0.7301396727561951,2.2452666759490967,0,3832.1591796875,0.0595833957195282,2.4962973594665527
1787293513507,1000,4,2,1,3834.173583984375,9.554084777832031,994.8216552734375,4.230553150177002,1.1952000856399536,4.536015033721924,0.5059964060783386,-4.795492172241211,7.246740341186523,2.2661478519439697,0.005360042676329613,0.9999997615814209,2.384186927884002e-7,12.680048942565918,12.663086891174316,12.69698429107666,0.7143647074699402,0.7335287928581238,2.2518839836120605,0,3841.130126953125,0.05971856415271759,2.5322632789611816
1787293513527,1001,4,2,1,3848.306884765625,636.9693603515625,1143.7503662109375,5.022123336791992,1.0924310684204102,4.876832008361816,0.2643888592720032,-5.278493881225586,6.879001140594482,2.2667789459228516,0.00546616967767477,0.9999997615814209,2.384186927884002e-7,12.675437927246094,12.661354064941406,12.692608833312988,0.7167762517929077,0.7308024764060974,2.258500099182129,0,3850.177490234375,0.05987867712974548,3.036813259124756
1787293513547,1002,4,2,1,3859.911865234375,750.1602172851562,1049.813720703125,4.271194934844971,1.3169400691986084,4.010924816131592,-0.33438241481781006,-5.380455493927002,5.409599304199219,2.26824951171875,0.005402599927037954,0.9999997615814209,2.384186927884002e-7,12.675959587097168,12.655752182006836,12.69367790222168,0.7160581946372986,0.7374564409255981,2.254088878631592,0,3859.083740234375,0.05998940393328667,2.590376853942871
1787293513567,1003,4,2,1,3862.91845703125,178.66522216796875,939.5046997070312,4.4109697341918945,1.1766557693481445,4.607773780822754,-0.09185753017663956,-5.207883834838867,5.044572830200195,2.267730474472046,0.005365091376006603,0.9999997615814209,2.384186927884002e-7,12.677007675170898,12.66295051574707,12.695794105529785,0.7177871465682983,0.7326550483703613,2.2562952041625977,0,3868.06689453125,0.06011294946074486,2.6839702129364014
1787293513587,1004,4,2,1,3873.540283203125,446.5234069824219,1001.5233154296875,4.80335807800293,1.1647319793701172,4.947690486907959,-0.07068278640508652,-4.378477573394775,6.886716365814209,2.265713691711426,0.005100755020976067,0.9999997615814209,2.384186927884002e-7,12.678304672241211,12.655365943908691,12.692521095275879,0.722675621509552,0.7413374185562134,2.254088878631592,0,3877.037841796875,0.060263846069574356,2.936871290206909
1787293513607,1005,4,2,1,3886.933349609375,782.9882202148438,970.6624755859375,4.212153434753418,1.2816451787948608,4.426112651824951,-0.22295579314231873,-5.000603199005127,5.019733428955078,2.267063617706299,0.004679720848798752,0.9999997615814209,2.384186927884002e-7,12.678953170776367,12.660502433776855,12.692981719970703,0.7230546474456787,0.7393834590911865,2.254088878631592,0,3886.08642578125,0.060372546315193176,2.5742526054382324
1787293513628,1006,4,2,1,3890.220947265625,144.38880920410156,1048.2132568359375,4.35493278503418,1.1154534816741943,4.287862300872803,0.35805487632751465,-5.166431903839111,4.403962135314941,2.2684779167175293,0.004876851104199886,0.9999997615814209,2.384186927884002e-7,12.67834758758545,12.662981033325195,12.691378593444824,0.7211980819702148,0.7345232963562012,2.258500099182129,0,3895.055908203125,0.060471780598163605,2.6543397903442383
1787293513648,1007,4,2,1,3900.60693359375,444.2723693847656,1130.404296875,5.018065929412842,1.261668086051941,5.055789470672607,0.274722158908844,-5.450875282287598,7.0750041007995605,2.2663817405700684,0.0051139043644070625,0.9999997615814209,2.384186927884002e-7,12.67456340789795,12.65717887878418,12.688878059387207,0.7272335290908813,0.7407483458518982,2.2496776580810547,0,3904.077392578125,0.060623377561569214,3.079115152359009
1787293513668,1008,4,2,1,3913.11962890625,710.2234497070312,1046.579833984375,4.510386943817139,1.30816650390625,4.500045299530029,0.00674482574686408,-5.193707466125488,6.151961803436279,2.269761562347412,0.005389464553445578,0.9999997615814209,2.384186927884002e-7,12.672834396362305,12.650840759277344,12.68497371673584,0.7272856831550598,0.7461055517196655,2.2518839836120605,0,3913.098388671875,0.06073109433054924,2.7666847705841064
1787293513688,1009,4,2,1,3918.5419921875,291.91131591796875,1063.8231201171875,4.201082706451416,1.1487783193588257,4.41782808303833,0.28827977180480957,-5.389477729797363,5.084199905395508,2.2721078395843506,0.005690404213964939,0.9999997615814209,2.384186927884002e-7,12.672667503356934,12.651551246643066,12.686502456665039,0.7271861433982849,0.7482054233551025,2.2518839836120605,0,3922.018310546875,0.06083739176392555,2.567429780960083
1787293513708,1010,4,2,1,3926.1298828125,293.9102783203125,1047.990478515625,5.065376281738281,1.3801460266113281,4.968769550323486,0.2909957766532898,-5.306639671325684,5.377359867095947,2.2659573554992676,0.006150808651000261,0.9999997615814209,2.384186927884002e-7,12.67101001739502,12.653951644897461,12.686726570129395,0.7312944531440735,0.7513607144355774,2.254088878631592,0,3931.053466796875,0.060994382947683334,3.1221117973327637
1787293513728,1011,4,2,1,3939.747802734375,682.739013671875,1096.71923828125,4.389846324920654,1.33329439163208,4.475610256195068,-0.08337317407131195,-5.347519874572754,5.283900737762451,2.2667412757873535,0.004995346534997225,0.9999997615814209,2.384186927884002e-7,12.672245979309082,12.6549072265625,12.685724258422852,0.7323023676872253,0.7444791793823242,2.2562952041625977,0,3940.037353515625,0.06110846996307373,2.7129909992218018
1787293513748,1012,4,2,1,3945.25146484375,291.65118408203125,953.9183349609375,4.44489860534668,1.2050780057907104,4.458175182342529,0.04062306135892868,-5.262524127960205,5.579380035400391,2.267777681350708,0.004170526750385761,0.9999997615814209,2.384186927884002e-7,12.670695304870605,12.65566635131836,12.686784744262695,0.7318013906478882,0.7443011403083801,2.258500099182129,0,3948.94384765625,0.06121407076716423,2.75056529045105
1787293513768,1013,4,2,1,3953.81396484375,345.8612976074219,1081.029296875,4.742516040802002,1.317752718925476,4.739351272583008,0.24743682146072388,-5.324745178222656,6.2241339683532715,2.2664196491241455,0.005848949775099754,0.9999997615814209,2.384186927884002e-7,12.669326782226562,12.652812957763672,12.685006141662598,0.736882209777832,0.7484659552574158,2.2562952041625977,0,3957.927490234375,0.061363235116004944,2.9421467781066895
1787293513789,1014,4,2,1,3966.061279296875,608.1189575195312,1075.2706298828125,4.452419757843018,1.3444164991378784,4.479134559631348,-0.06714112311601639,-5.408957481384277,4.188077926635742,2.2670140266418457,0.005154232960194349,0.9999997615814209,2.384186927884002e-7,12.671476364135742,12.652494430541992,12.685346603393555,0.7371453642845154,0.7472155094146729,2.2562952041625977,0,3966.947265625,0.06147170811891556,2.7723405361175537
1787293513809,1015,4,2,1,3971.795166015625,269.25628662109375,1030.3687744140625,4.431752681732178,1.2293851375579834,4.598433971405029,0.3205949664115906,-5.099610805511475,4.619051456451416,2.2692136764526367,0.004512203391641378,0.9999997615814209,2.384186927884002e-7,12.668061256408691,12.64995002746582,12.683667182922363,0.7380008697509766,0.7554261088371277,2.2585012912750244,0,3975.918701171875,0.0615914911031723,2.7526862621307373
1787293513829,1016,4,2,1,3981.7919921875,464.6355895996094,865.779296875,4.776891708374023,1.1064931154251099,4.966094970703125,0.1429072767496109,-4.978102207183838,4.781487464904785,2.2640748023986816,0.00508887367323041,0.9999997615814209,2.384186927884002e-7,12.668962478637695,12.647042274475098,12.684030532836914,0.742984414100647,0.761257529258728,2.254088878631592,0,3984.967529296875,0.06174779683351517,2.9928269386291504
1787293513849,1017,4,2,1,3993.8037109375,607.6975708007812,977.4970092773438,4.227643013000488,1.0987046957015991,4.2359185218811035,0.05701623111963272,-4.9601006507873535,5.126111030578613,2.2674686908721924,0.004465700127184391,0.9999997615814209,2.384186927884002e-7,12.67174243927002,12.6502046585083,12.682762145996094,0.7411000728607178,0.7590884566307068,2.2562952041625977,0,3993.934814453125,0.06182817369699478,2.640033721923828
1787293513869,1018,4,2,1,3997.60302734375,123.87744140625,886.617431640625,4.291736602783203,1.1114777326583862,4.46130895614624,0.32082679867744446,-4.615848541259766,6.653533935546875,2.265399217605591,0.005413677543401718,0.9999997615814209,2.384186927884002e-7,12.66793155670166,12.646775245666504,12.679256439208984,0.7420782446861267,0.7575389742851257,2.254088878631592,0,4002.920166015625,0.06193520873785019,2.678025484085083
1787293513889,1019,4,2,1,4009.936767578125,606.8755493164062,1076.4747314453125,4.924022674560547,1.4178752899169922,5.0713958740234375,-0.05961352959275246,-5.986503601074219,6.708361625671387,2.263428211212158,0.003851814428344369,0.9999997615814209,2.384186927884002e-7,12.665506362915039,12.643790245056152,12.681829452514648,0.7470366954803467,0.757131814956665,2.2518839836120605,0,4011.82666015625,0.062094755470752716,3.111982822418213
1787293513909,1020,4,2,1,4020.913818359375,653.8724365234375,968.8779296875,4.192364692687988,1.1911014318466187,4.351502895355225,-0.30670541524887085,-5.002939224243164,4.931929588317871,2.2662978172302246,0.004502784926444292,0.9999997615814209,2.384186927884002e-7,12.668900489807129,12.640607833862305,12.685323715209961,0.7474174499511719,0.7667235732078552,2.254088878631592,0,4020.874267578125,0.062196891754865646,2.6421031951904297
1787293513929,1021,4,2,1,4026.130615234375,285.5089416503906,780.8668823242188,4.586446285247803,0.996124804019928,4.589382648468018,-0.2922782301902771,-5.153899192810059,6.345611572265625,2.2687182426452637,0.0042067887261509895,0.9999997615814209,2.384186927884002e-7,12.66555404663086,12.639443397521973,12.680276870727539,0.7469015121459961,0.7548606991767883,2.254088878631592,0,4029.84375,0.062295474112033844,2.9525933265686035
1787293513949,1022,4,2,1,4037.91162109375,655.4705810546875,810.8858032226562,5.130489349365234,1.063477635383606,4.723995208740234,0.01938757859170437,-5.371246814727783,5.623386383056641,2.264453411102295,0.00484718382358551,0.9999997615814209,2.384186927884002e-7,12.665803909301758,12.641355514526367,12.690003395080566,0.7494243383407593,0.7671352624893188,2.254088878631592,0,4038.8662109375,0.062433600425720215,3.3295843601226807
1787293513970,1023,4,2,1,4046.715087890625,499.9715576171875,693.5531616210938,4.391541481018066,1.0228441953659058,4.2246994972229,0.056257590651512146,-4.7096428871154785,6.294890403747559,2.264444589614868,0.005685349460691214,0.9999997615814209,2.384186927884002e-7,12.664667129516602,12.632575035095215,12.685349464416504,0.7497588396072388,0.7589544057846069,2.251882791519165,0,4047.886962890625,0.06252768635749817,2.936913251876831
1787293513990,1024,4,2,1,4052.661865234375,273.7756042480469,876.51513671875,4.774502754211426,1.2429804801940918,4.767990589141846,0.012169457040727139,-5.506249904632568,5.437873363494873,2.26440691947937,0.004827478900551796,0.9999997615814209,2.384186927884002e-7,12.663971900939941,12.638113975524902,12.683717727661133,0.752169132232666,0.7700961232185364,2.251882791519165,0,4056.90869140625,0.06264384835958481,3.2089734077453613
1787293514010,1025,4,2,1,4065.8154296875,695.1423950195312,871.867919921875,4.390876770019531,1.2007744312286377,4.540124416351318,-0.3021666407585144,-5.699768543243408,5.937999248504639,2.2642178535461426,0.005520186852663755,0.9999997615814209,2.384186927884002e-7,12.665614128112793,12.634048461914062,12.684816360473633,0.756564199924469,0.7667729258537292,2.2518839836120605,0,4065.9169921875,0.06276489049196243,2.8167922496795654
1787293514030,1026,4,2,1,4071.56689453125,319.8698425292969,777.7070922851562,4.582535266876221,1.0541715621948242,4.493847846984863,-0.040795743465423584,-4.553317070007324,5.932448863983154,2.2653274536132812,0.005359766539186239,0.9999997615814209,2.384186927884002e-7,12.660820960998535,12.633021354675293,12.673521041870117,0.7556548118591309,0.7726495862007141,2.240854263305664,0,4074.9521484375,0.06287089735269547,2.9318432807922363
1787293514050,1027,4,2,1,4081.384033203125,493.9417724609375,810.9437255859375,4.569281101226807,1.1171455383300781,4.823541164398193,0.22006608545780182,-5.3675856590271,6.649664878845215,2.2625186443328857,0.004921867046505213,0.9999997615814209,2.384186927884002e-7,12.66268539428711,12.642937660217285,12.679032325744629,0.7607906460762024,0.7772030830383301,2.2518839836120605,0,4083.873779296875,0.06300462782382965,2.9249558448791504
1787293514070,1028,4,2,1,4091.899658203125,592.4407348632812,864.0966186523438,4.337512016296387,1.123539686203003,4.549625873565674,-0.19821800291538239,-4.702578067779541,6.572775840759277,2.2653286457061768,0.004590072203427553,0.9999997615814209,2.384186927884002e-7,12.662665367126465,12.633186340332031,12.677978515625,0.760969340801239,0.7718037962913513,2.2518839836120605,0,4092.8427734375,0.06311735510826111,2.791826009750366
1787293514091,1029,4,2,1,4098.19140625,314.8462219238281,794.3030395507812,4.503795146942139,0.9771324992179871,4.666240215301514,-0.12445890158414841,-4.679471969604492,5.683821201324463,2.2640743255615234,0.004106742795556784,0.9999997615814209,2.384186927884002e-7,12.661275863647461,12.635567665100098,12.676369667053223,0.7619815468788147,0.7798299789428711,2.254088878631592,0,4101.826171875,0.063229501247406,2.8999240398406982
1787293514111,1030,4,2,1,4110.5029296875,670.7012939453125,792.625,4.712457180023193,0.9395108222961426,4.637039661407471,0.036731988191604614,-5.422305583953857,6.578436374664307,2.2630388736724854,0.004195542074739933,0.9999997615814209,2.384186927884002e-7,12.661567687988281,12.634721755981445,12.680394172668457,0.764241099357605,0.7799054384231567,2.2518839836120605,0,4110.79541015625,0.0633460134267807,3.0426526069641113
1787293514131,1031,4,2,1,4117.916015625,449.44732666015625,942.895751953125,4.232786655426025,1.167065143585205,4.497517108917236,0.23282955586910248,-5.574775218963623,5.937721252441406,2.2648673057556152,0.00397409638389945,0.9999997615814209,2.384186927884002e-7,12.658804893493652,12.63259220123291,12.681488990783691,0.7656800150871277,0.7756361961364746,2.254088878631592,0,4119.7783203125,0.0634414479136467,2.7290284633636475
1787293514151,1032,4,2,1,4125.17041015625,392.7833557128906,810.6549072265625,4.6780877113342285,1.064587950706482,5.06171989440918,-0.09949498623609543,-5.366391658782959,6.791137218475342,2.2621757984161377,0.004971078597009182,0.9999997615814209,2.384186927884002e-7,12.658700942993164,12.634148597717285,12.672998428344727,0.7691812515258789,0.784866213798523,2.251882791519165,0,4128.80126953125,0.06358276307582855,3.0414066314697266
1787293514171,1033,4,2,1,4136.54296875,523.7701416015625,1057.9351806640625,4.528399467468262,1.1976205110549927,4.457808017730713,0.13920970261096954,-5.30773401260376,6.313298225402832,2.262803077697754,0.00447258073836565,0.9999997615814209,2.384186927884002e-7,12.659159660339355,12.616247177124023,12.672886848449707,0.767451822757721,0.7758819460868835,2.2518839836120605,0,4137.8330078125,0.063683420419693,2.928645372390747
1787293514191,1034,4,2,1,4141.8115234375,177.35032653808594,780.7235717773438,4.4236016273498535,0.9778831005096436,4.686763286590576,0.06317885220050812,-4.829772472381592,6.442091464996338,2.26298189163208,0.004789241123944521,0.9999997615814209,2.384186927884002e-7,12.656964302062988,12.63329029083252,12.673707962036133,0.7701665163040161,0.7816487550735474,2.2518839836120605,0,4146.75341796875,0.06379275023937225,2.8783655166625977
1787293514212,1035,4,2,1,4155.388671875,705.2603149414062,1006.813720703125,4.983163356781006,1.1115801334381104,4.733341693878174,-0.25244611501693726,-5.632519721984863,6.145040988922119,2.2619566917419434,0.005384382791817188,0.9999997615814209,2.384186927884002e-7,12.65810775756836,12.629685401916504,12.675009727478027,0.7724726796150208,0.7817200422286987,2.2452666759490967,0,4155.72021484375,0.06392916291952133,3.2614858150482178
1787293514231,1036,4,2,1,4163.44580078125,491.0721740722656,939.7317504882812,4.212625503540039,1.2009598016738892,4.416397571563721,0.14556749165058136,-5.033420085906982,6.777124404907227,2.2636358737945557,0.006069400813430548,0.9999997615814209,2.384186927884002e-7,12.656373977661133,12.636005401611328,12.677528381347656,0.7735556960105896,0.7831024527549744,2.245265245437622,0,4164.703125,0.0640178918838501,2.7443430423736572
1787293514252,1037,4,2,1,4170.25,395.0649108886719,781.441650390625,4.831847190856934,1.1167064905166626,5.060165882110596,-0.14547200500965118,-5.336796760559082,5.428272247314453,2.2618143558502197,0.004405916202813387,0.9999997615814209,2.384186927884002e-7,12.654520988464355,12.635605812072754,12.671865463256836,0.7764471173286438,0.7928227782249451,2.243060350418091,0,4173.67236328125,0.06414726376533508,3.1746649742126465
1787293514272,1038,4,2,1,4181.1708984375,518.7785034179688,1013.541259765625,4.430910110473633,1.1333470344543457,4.5137834548950195,0.18661414086818695,-5.702413558959961,5.944557189941406,2.2627718448638916,0.004500029608607292,0.9999997615814209,2.384186927884002e-7,12.65493392944336,12.622421264648438,12.672492980957031,0.7776025533676147,0.7888010740280151,2.2496790885925293,0,4182.65478515625,0.06425650417804718,2.8955981731414795
1787293514292,1039,4,2,1,4187.53466796875,266.02984619140625,991.5716552734375,4.420032501220703,1.0686542987823486,4.709649562835693,-0.06511785835027695,-5.619922161102295,6.511612415313721,2.262202024459839,0.0044554430060088634,0.9999997615814209,2.384186927884002e-7,12.652830123901367,12.626420021057129,12.67294692993164,0.7790740132331848,0.7856012582778931,2.254088878631592,0,4191.6240234375,0.06436831504106522,2.9021341800689697
1787293514312,1040,4,2,1,4199.93212890625,626.5723876953125,873.8319091796875,4.662468910217285,1.0435792207717896,4.72916841506958,0.1718822866678238,-5.19045352935791,6.87858772277832,2.259608745574951,0.004261904861778021,0.9999997615814209,2.384186927884002e-7,12.654428482055664,12.632347106933594,12.674241065979004,0.7812333703041077,0.7928783893585205,2.2496790885925293,0,4200.60986328125,0.06448758393526077,3.0665135383605957
1787293514332,1041,4,2,1,4206.38330078125,300.3417663574219,688.8460083007812,4.307862281799316,0.933961808681488,4.472834587097168,-0.07538938522338867,-5.30376672744751,5.37649393081665,2.2612595558166504,0.005020706448704004,0.9999997615814209,2.384186927884002e-7,12.641761779785156,12.57851505279541,12.671279907226562,0.782185435295105,0.7984876036643982,2.243060350418091,0,4209.6416015625,0.06457898020744324,2.847782611846924
1787293514352,1042,4,2,1,4216.880859375,551.2127075195312,739.5048828125,4.699966907501221,1.0521951913833618,4.849283218383789,0.24623453617095947,-5.353483200073242,5.774276256561279,2.2620933055877686,0.004265999887138605,0.9999997615814209,2.384186927884002e-7,12.650877952575684,12.61895751953125,12.671051979064941,0.7857646346092224,0.8016073703765869,2.2496776580810547,0,4218.56201171875,0.06470633298158646,3.116502285003662
1787293514372,1043,4,2,1,4226.89111328125,562.9083251953125,713.513427734375,4.456066131591797,1.1025049686431885,4.488800525665283,-0.4598585367202759,-5.483401298522949,5.610481262207031,2.2642557621002197,0.003705760696902871,0.9999997615814209,2.384186927884002e-7,12.653099060058594,12.620656967163086,12.665872573852539,0.7842512130737305,0.8013230562210083,2.254088878631592,0,4227.53125,0.06479273736476898,2.962104558944702
1787293514392,1044,4,2,1,4230.85986328125,146.8848876953125,758.9750366210938,4.646738052368164,1.0225214958190918,4.917348384857178,0.5111335515975952,-5.207582473754883,6.109124183654785,2.2630319595336914,0.004608811344951391,0.9999997615814209,2.384186927884002e-7,12.648430824279785,12.620150566101074,12.671929359436035,0.788503885269165,0.8046757578849792,2.2518839836120605,0,4236.5146484375,0.0649171695113182,3.0739481449127197
1787293514413,1045,4,2,1,4245.6513671875,682.8164672851562,826.5414428710938,4.694872856140137,0.9860560894012451,4.613039970397949,-0.3204605281352997,-5.733553886413574,6.108201503753662,2.2616467475891113,0.005907483398914337,0.9999997615814209,2.384186927884002e-7,12.65076732635498,12.63077163696289,12.66236686706543,0.7878453135490417,0.8057230114936829,2.2518839836120605,0,4245.5498046875,0.06502816081047058,3.1377131938934326
1787293514432,1046,4,2,1,4250.1708984375,195.88821411132812,684.1177978515625,4.348606109619141,0.8927370309829712,4.587863922119141,0.037261299788951874,-5.234649658203125,5.599087715148926,2.261892557144165,0.0058248164132237434,0.9999997615814209,2.384186927884002e-7,12.65137004852295,12.624407768249512,12.669183731079102,0.7898865342140198,0.8100855350494385,2.2474727630615234,0,4254.53271484375,0.06512162834405899,2.90201997756958
1787293514452,1047,4,2,1,4263.2861328125,662.58447265625,678.4735107421875,4.881974220275879,0.9321163892745972,4.737643718719482,0.11614038050174713,-5.604233741760254,5.360274314880371,2.2593495845794678,0.004112536553293467,0.9999997615814209,2.384186927884002e-7,12.64955997467041,12.62216854095459,12.666014671325684,0.7916992902755737,0.8109108805656433,2.251882791519165,0,4263.5,0.06523443013429642,3.2670717239379883
1787293514473,1048,4,2,1,4269.52001953125,312.4027404785156,732.7391357421875,4.244457244873047,0.8946384787559509,4.461181163787842,-0.1465015709400177,-4.7916789054870605,5.4989213943481445,2.262261390686035,0.005148529540747404,0.9999997615814209,2.384186927884002e-7,12.646526336669922,12.623863220214844,12.66832447052002,0.793385922908783,0.8103880286216736,2.247471570968628,0,4272.48486328125,0.06532024592161179,2.850576162338257
1787293514493,1049,4,2,1,4280.33056640625,604.2463989257812,1025.4466552734375,4.915084362030029,1.3110802173614502,4.967592716217041,-0.019966738298535347,-5.171319484710693,6.3013458251953125,2.2594335079193115,0.004603687673807144,0.9999997615814209,2.384186927884002e-7,12.648980140686035,12.627266883850098,12.669188499450684,0.7958285808563232,0.8061650395393372,2.247471570968628,0,4281.3896484375,0.06544002890586853,3.321892499923706
1787293514513,1050,4,2,1,4289.146484375,482.2925109863281,1126.2642822265625,4.354292392730713,1.2472130060195923,4.457946300506592,0.24531200528144836,-5.361724376678467,6.791662693023682,2.262148857116699,0.0039581675082445145,0.9999997615814209,2.384186927884002e-7,12.646834373474121,12.618782043457031,12.662405014038086,0.7967401146888733,0.8043788075447083,2.254088878631592,0,4290.4375,0.06552419811487198,2.9047462940216064
1787293514533,1051,4,2,1,4295.7724609375,360.54052734375,1099.7607421875,4.949974536895752,1.1508897542953491,5.129693984985352,-0.07190883904695511,-6.322892665863037,6.098209381103516,2.258559465408325,0.004123101942241192,0.9999997615814209,2.384186927884002e-7,12.643712997436523,12.61240291595459,12.664915084838867,0.7996283173561096,0.8145318627357483,2.2474727630615234,0,4299.341796875,0.06564327329397202,3.3421528339385986
1787293514553,1052,4,2,1,4308.53515625,632.3274536132812,823.81005859375,4.706874370574951,1.2407426834106445,4.522331714630127,-0.24427177011966705,-5.368786811828613,5.32025146484375,2.258737087249756,0.004013679455965757,0.9999997615814209,2.384186927884002e-7,12.649423599243164,12.619416236877441,12.670717239379883,0.7985669374465942,0.807743489742279,2.2518839836120605,0,4308.3916015625,0.06573186814785004,3.1963419914245605
1787293514573,1053,4,2,1,4311.951171875,113.99609375,1051.2928466796875,4.593010902404785,1.1288378238677979,4.790000915527344,0.5324944853782654,-5.297674179077148,6.87332010269165,2.2574875354766846,0.004710350185632706,0.9999997615814209,2.384186927884002e-7,12.643370628356934,12.615035057067871,12.67135238647461,0.8026133179664612,0.8129559755325317,2.247471570968628,0,4317.412109375,0.065830759704113,3.0793886184692383
1787293514593,1054,4,2,1,4325.82275390625,594.2796630859375,797.6443481445312,4.742154598236084,0.9603478908538818,4.5677313804626465,-0.07403836399316788,-6.055611610412598,5.539636611938477,2.262728691101074,0.004361036233603954,0.9999997615814209,2.384186927884002e-7,12.701229095458984,12.663114547729492,12.767802238464355,0.7990951538085938,0.817126989364624,2.254088878631592,0,4326.31591796875,0.06593005359172821,3.2125236988067627
1787293514614,1055,4,2,1,4331.64501953125,276.776611328125,902.5335083007812,4.44353723526001,0.9083871841430664,4.7094950675964355,-0.18408606946468353,-5.198312759399414,6.237845420837402,2.263347625732422,0.00453443406149745,0.9999997615814209,2.384186927884002e-7,12.703950881958008,12.681103706359863,12.726712226867676,0.8017072081565857,0.8143489956855774,2.2518839836120605,0,4335.296875,0.06602852791547775,3.011080503463745
1787293514634,1056,4,2,1,4344.46435546875,659.6226196289062,956.9728393554688,4.674951553344727,1.0671465396881104,4.624976634979248,-0.1383899450302124,-6.0170207023620605,6.905900478363037,2.262943983078003,0.00484400475397706,0.9999997615814209,2.384186927884002e-7,12.711912155151367,12.6760835647583,12.728429794311523,0.8028764128684998,0.81841641664505,2.2518839836120605,0,4344.26611328125,0.066127248108387,3.175337553024292
1787293514654,1057,4,2,1,4349.0869140625,178.59222412109375,944.8692016601562,4.362933158874512,1.0320662260055542,4.636662483215332,0.3451487720012665,-5.188096523284912,5.816166400909424,2.26613712310791,0.005489326547831297,0.9999997615814209,2.384186927884002e-7,12.7174654006958,12.685935020446777,12.740002632141113,0.8032241463661194,0.8144861459732056,2.2518839836120605,0,4353.2490234375,0.06620517373085022,2.9510786533355713
1787293514674,1058,4,2,1,4362.05712890625,674.681396484375,954.9147338867188,4.844532012939453,0.8761850595474243,4.793587684631348,0.13343413174152374,-6.15383768081665,6.723252773284912,2.2654502391815186,0.005809445399791002,0.9999997615814209,2.384186927884002e-7,12.718989372253418,12.691319465637207,12.737584114074707,0.8064064979553223,0.8225858807563782,2.2496776580810547,0,4362.21826171875,0.06632406264543533,3.293527126312256
1787293514694,1059,4,2,1,4368.34375,298.6376037597656,989.6417846679688,4.599222660064697,1.232099175453186,4.497712135314941,0.14261968433856964,-5.41084623336792,6.664431095123291,2.269111394882202,0.004435598384588957,0.9999997615814209,2.384186927884002e-7,12.726797103881836,12.69837474822998,12.75011920928955,0.8052902817726135,0.8137539029121399,2.2562952041625977,0,4371.26806640625,0.06639885902404785,3.1343188285827637
1787293514714,1060,4,2,1,4379.76708984375,619.6447143554688,874.5968017578125,4.819249629974365,1.0583178997039795,4.735680103302002,-0.4763239622116089,-6.175102233886719,5.201568126678467,2.268589735031128,0.005583856254816055,0.9999997615814209,2.384186927884002e-7,12.737563133239746,12.710822105407715,12.753729820251465,0.8076812028884888,0.8214744329452515,2.254088878631592,0,4380.17236328125,0.06650123745203018,3.3099169731140137
1787293514734,1061,4,2,1,4385.9287109375,322.0002746582031,838.93115234375,4.595250606536865,1.012772560119629,4.678877353668213,-0.1737823188304901,-6.255807399749756,6.032595634460449,2.2715208530426025,0.005094061139971018,0.9999997615814209,2.384186927884002e-7,12.736563682556152,12.70401668548584,12.753921508789062,0.809198260307312,0.8211531043052673,2.2651174068450928,0,4389.21923828125,0.06659933924674988,3.137977361679077
1787293514754,1062,4,2,1,4397.171875,610.9892578125,1090.4276123046875,4.981412410736084,1.1380078792572021,5.001965522766113,-0.19509470462799072,-6.070123672485352,7.113170146942139,2.2678582668304443,0.004935271106660366,0.9999997615814209,2.384186927884002e-7,12.746573448181152,12.719307899475098,12.762361526489258,0.8114351630210876,0.8235722184181213,2.2585012912750244,0,4398.123046875,0.06672118604183197,3.4111227989196777
1787293514774,1063,4,2,1,4405.07275390625,380.64630126953125,944.5383911132812,4.442532539367676,1.0469441413879395,4.492181777954102,-0.01705423928797245,-5.382626056671143,5.528436183929443,2.2725989818573,0.005110455676913261,0.9999997615814209,2.384186927884002e-7,12.75096321105957,12.72114372253418,12.774900436401367,0.81061851978302,0.8273827433586121,2.2607061862945557,0,4407.1708984375,0.06679439544677734,3.0464980602264404
1787293514794,1064,4,2,1,4414.93115234375,594.5159301757812,950.7800903320312,4.968637943267822,1.2447980642318726,5.030494689941406,-0.10334356129169464,-5.909789562225342,5.762522220611572,2.271498441696167,0.005355824716389179,0.9999997615814209,2.384186927884002e-7,12.758016586303711,12.730670928955078,12.777270317077637,0.8135254979133606,0.8250354528427124,2.2585012912750244,0,4416.0751953125,0.06691396981477737,3.436777353286743
1787293514815,1065,4,2,1,4424.02783203125,503.0896911621094,759.5399169921875,4.289067268371582,1.0517815351486206,4.555608749389648,0.20885798335075378,-5.8693437576293945,5.8580756187438965,2.275995969772339,0.0043515837751328945,0.9999997615814209,2.384186927884002e-7,12.760775566101074,12.731730461120605,12.781377792358398,0.8147075176239014,0.831423819065094,2.2629125118255615,0,4425.12548828125,0.06700187176465988,2.9501614570617676
1787293514835,1066,4,2,1,4432.9375,597.5570068359375,943.2623901367188,4.881302833557129,1.1615790128707886,5.039538860321045,0.18328163027763367,-5.494202613830566,6.928421497344971,2.276407241821289,0.0038382948841899633,0.9999997615814209,2.384186927884002e-7,12.771055221557617,12.743087768554688,12.785306930541992,0.817241907119751,0.8333550095558167,2.267322301864624,0,4434.09228515625,0.0671200230717659,3.372056245803833
1787293514855,1067,4,2,1,4442.16357421875,509.0545654296875,782.7216796875,4.320916652679443,1.134381651878357,4.526442050933838,0.05026833713054657,-6.312544345855713,6.609012126922607,2.277984857559204,0.00435040844604373,0.9999997615814209,2.384186927884002e-7,12.775466918945312,12.756129264831543,12.792972564697266,0.8169922232627869,0.8293625712394714,2.2673237323760986,0,4443.076171875,0.06719829887151718,2.966402292251587
1787293514875,1068,4,2,1,4450.48486328125,549.0393676757812,1040.0052490234375,4.8325958251953125,1.0939058065414429,4.9880690574646,0.24113509058952332,-5.300693511962891,6.788207530975342,2.274099349975586,0.004332514014095068,0.9999997615814209,2.384186927884002e-7,12.783133506774902,12.761093139648438,12.800457954406738,0.820068895816803,0.8367106914520264,2.2651174068450928,0,4451.97998046875,0.0673108622431755,3.33939266204834
1787293514895,1069,4,2,1,4460.33642578125,520.426025390625,774.9620361328125,4.467993259429932,1.1857722997665405,4.49603271484375,0.16207361221313477,-6.340397357940674,6.862797737121582,2.2795374393463135,0.0047985101118683815,0.9999997615814209,2.384186927884002e-7,12.78618049621582,12.762134552001953,12.804339408874512,0.8186650276184082,0.8322675824165344,2.267322301864624,0,4461.02783203125,0.06738749146461487,3.0775890350341797
1787293514915,1070,4,2,1,4468.44921875,551.4340209960938,959.906982421875,4.843420028686523,1.2020996809005737,5.046721935272217,0.13684336841106415,-5.139162063598633,6.550831317901611,2.279299020767212,0.005229041911661625,0.9999997615814209,2.384186927884002e-7,12.794488906860352,12.769307136535645,12.812678337097168,0.821993350982666,0.8378284573554993,2.2651174068450928,0,4469.931640625,0.06749745458364487,3.3692328929901123
1787293514935,1071,4,2,1,4477.39697265625,481.1815490722656,784.9188842773438,4.370090007781982,0.9476321339607239,4.728689193725586,0.1762280911207199,-5.927690029144287,5.983824253082275,2.2822139263153076,0.005705833435058594,0.9999997615814209,2.384186927884002e-7,12.801233291625977,12.778682708740234,12.818890571594238,0.8222199082374573,0.8420901894569397,2.271733522415161,0,4478.91455078125,0.06758935749530792,3.035813570022583
1787293514955,1072,4,2,1,4486.76806640625,606.2717895507812,942.261962890625,4.973565578460693,1.1854287385940552,5.108682155609131,-0.10035591572523117,-6.005502223968506,7.466447353363037,2.280742645263672,0.005501291714608669,0.9999997615814209,2.384186927884002e-7,12.81209945678711,12.780058860778809,12.835694313049316,0.8237388134002686,0.8337934613227844,2.271733522415161,0,4487.8837890625,0.06771603226661682,3.4847896099090576
1787293514975,1073,4,2,1,4494.9345703125,380.96563720703125,984.2672119140625,4.453963279724121,1.0897423028945923,4.498415470123291,0.004731261637061834,-5.4811835289001465,6.455963611602783,2.28332781791687,0.004318447783589363,0.9999997615814209,2.384186927884002e-7,12.815630912780762,12.78523063659668,12.83367919921875,0.8225246667861938,0.8425731062889099,2.26952862739563,0,4496.93310546875,0.06778809428215027,3.095167636871338
1787293514996,1074,4,2,1,4504.7021484375,582.6334228515625,1066.9801025390625,4.842012405395508,0.9884096384048462,5.02012825012207,-0.2972314655780792,-6.319108009338379,6.856750011444092,2.283391237258911,0.0045379227958619595,0.9999997615814209,2.384186927884002e-7,12.82568645477295,12.79776668548584,12.843100547790527,0.8261622786521912,0.8419997096061707,2.273939609527588,0,4505.9013671875,0.06790447235107422,3.3731980323791504
1787293515015,1075,4,2,1,4512.251953125,351.584716796875,802.726318359375,4.444526672363281,1.063374638557434,4.644043922424316,-0.23324401676654816,-6.218405246734619,7.591300010681152,2.289039373397827,0.006708257365971804,0.9999997615814209,2.384186927884002e-7,12.829434394836426,12.806783676147461,12.849191665649414,0.8261826634407043,0.8361702561378479,2.2761459350585938,0,4514.88427734375,0.06798700988292694,3.097247838973999
1787293515036,1076,4,2,1,4523.60595703125,663.6864624023438,963.75341796875,4.963874816894531,1.1161954402923584,4.8703179359436035,-0.41820627450942993,-5.466314792633057,7.069071292877197,2.2890660762786865,0.006986985448747873,0.9999997615814209,2.384186927884002e-7,12.840929985046387,12.81177043914795,12.862130165100098,0.8275826573371887,0.8388325572013855,2.2783522605895996,0,4523.7880859375,0.06809848546981812,3.4965758323669434
1787293515056,1077,4,2,1,4529.4384765625,272.9623107910156,999.3810424804688,4.774747371673584,1.0994818210601807,4.657444953918457,0.11854472011327744,-5.895508289337158,6.46084451675415,2.2920095920562744,0.00544365681707859,0.9999997615814209,2.384186927884002e-7,12.846921920776367,12.81578540802002,12.864255905151367,0.8265723586082458,0.8414469957351685,2.2761459350585938,0,4532.77099609375,0.0681770071387291,3.3324339389801025
1787293515076,1078,4,2,1,4541.24560546875,640.4567260742188,933.4645385742188,4.961636066436768,1.0620688199996948,4.91343879699707,0.20783980190753937,-5.762302875518799,5.562090873718262,2.2900469303131104,0.00608836580067873,0.9999997615814209,2.384186927884002e-7,12.856785774230957,12.828282356262207,12.87711238861084,0.8303923606872559,0.8485853672027588,2.273939609527588,0,4541.740234375,0.06829898059368134,3.4721572399139404
1787293515096,1079,4,2,1,4545.99951171875,164.76370239257812,989.6362915039062,4.608946800231934,1.1301069259643555,4.894853115081787,0.39593783020973206,-5.923890590667725,6.213858127593994,2.2933645248413086,0.006322812754660845,0.9999997615814209,2.384186927884002e-7,12.867118835449219,12.837812423706055,12.887712478637695,0.8300405740737915,0.8496860265731812,2.2783522605895996,0,4550.72314453125,0.06839065253734589,3.224926233291626
1787293515116,1080,4,2,1,4559.94970703125,681.7115478515625,948.396240234375,4.5853190422058105,0.998231828212738,4.808634281158447,-0.27604252099990845,-5.855783462524414,5.235696315765381,2.29750919342041,0.00667443685233593,0.9999997615814209,2.384186927884002e-7,12.875856399536133,12.84859848022461,12.89124870300293,0.8325714468955994,0.8486323356628418,2.2827646732330322,0,4559.6923828125,0.06850114464759827,3.215487241744995
1787293515136,1081,4,2,1,4564.67919921875,259.0921325683594,991.4065551757812,4.7248735427856445,1.119309425354004,4.945148944854736,0.03290075808763504,-5.763631343841553,5.7724175453186035,2.301990032196045,0.007159894797950983,0.9999997615814209,2.384186927884002e-7,12.885808944702148,12.849635124206543,12.903382301330566,0.8324103951454163,0.8494628071784973,2.284968137741089,0,4568.67431640625,0.06859929859638214,3.332836389541626
1787293515156,1082,4,2,1,4576.72265625,550.7282104492188,1003.3123168945312,4.698920249938965,0.8606764674186707,4.681699275970459,0.01372519787400961,-6.023589134216309,5.275712490081787,2.3014371395111084,0.00783576164394617,0.9999997615814209,2.384186927884002e-7,12.900163650512695,12.871294975280762,12.919726371765137,0.8332215547561646,0.8489292860031128,2.2827632427215576,0,4577.6435546875,0.06870701909065247,3.3002660274505615
1787293515176,1083,4,2,1,4581.658203125,173.4793243408203,946.5943603515625,4.69057035446167,1.1162866353988647,5.044589996337891,0.5475904941558838,-5.578391075134277,5.710070610046387,2.3028132915496826,0.006820585113018751,0.9999997615814209,2.384186927884002e-7,12.907646179199219,12.876546859741211,12.92998218536377,0.8359540104866028,0.8526005148887634,2.284968137741089,0,4586.6279296875,0.06881126761436462,3.2974488735198975
1787293515197,1084,4,2,1,4595.833984375,640.7078247070312,965.5885009765625,4.5062785148620605,1.0578985214233398,4.699528217315674,-0.3093257248401642,-5.73096227645874,6.203121662139893,2.3062586784362793,0.005225580185651779,0.9999997615814209,2.384186927884002e-7,12.923443794250488,12.890151977539062,12.946141242980957,0.8354572653770447,0.8561102747917175,2.284968137741089,0,4595.65869140625,0.06890422850847244,3.1703004837036133
1787293515216,1085,4,2,1,4601.54296875,398.2310791015625,974.875244140625,5.166713237762451,1.2769945859909058,5.107156276702881,0.08701784908771515,-5.659823894500732,6.64171838760376,2.3078739643096924,0.0060086739249527454,0.9999997615814209,2.384186927884002e-7,12.930970191955566,12.897523880004883,12.947585105895996,0.8367634415626526,0.8514725565910339,2.289379358291626,0,4604.57763671875,0.06901780515909195,3.6706788539886475
1787293515237,1086,4,2,1,4612.83154296875,503.4456481933594,757.8529663085938,4.546325206756592,1.2095699310302734,4.595465660095215,0.1861022561788559,-5.660338401794434,6.74535608291626,2.3128890991210938,0.004826190881431103,0.9999997615814209,2.384186927884002e-7,12.938908576965332,12.917098999023438,12.95926570892334,0.8359151482582092,0.8464807271957397,2.302614212036133,0,4613.611328125,0.06908918917179108,3.3667538166046143
1787293515257,1087,4,2,1,4622.0087890625,623.052978515625,1068.0517578125,5.077475547790527,0.7596866488456726,5.050342082977295,-0.5388820767402649,-6.242234706878662,6.679592132568359,2.310728073120117,0.005009214393794537,0.9999997615814209,2.384186927884002e-7,12.94973087310791,12.923954010009766,12.962716102600098,0.8388748168945312,0.8553457260131836,2.3004090785980225,0,4622.630859375,0.06920140981674194,3.6639187335968018
1787293515277,1088,4,2,1,4628.30810546875,262.25152587890625,1022.3775634765625,4.867248058319092,1.2003288269042969,4.680038928985596,0.3304292559623718,-6.072554111480713,6.227369785308838,2.313791275024414,0.00449274480342865,0.9999997615814209,2.384186927884002e-7,12.954641342163086,12.92414665222168,12.973529815673828,0.83749920129776,0.8581918478012085,2.2937917709350586,0,4631.65283203125,0.06927713006734848,3.44490647315979
1787293515297,1089,4,2,1,4639.91845703125,611.8643798828125,987.8394165039062,4.868398189544678,1.4489909410476685,4.997239589691162,0.026206057518720627,-5.247771263122559,6.771859645843506,2.3154523372650146,0.0039780279621481895,0.9999997615814209,2.384186927884002e-7,12.960559844970703,12.928900718688965,12.981040000915527,0.8416942358016968,0.8543611764907837,2.2982029914855957,0,4640.57275390625,0.06939500570297241,3.4797537326812744
1787293515317,1090,4,2,1,4645.93896484375,278.13555908203125,838.4673461914062,4.763192653656006,1.1527132987976074,4.916549205780029,-0.05253076180815697,-6.317879676818848,7.479416847229004,2.3178844451904297,0.00547470198944211,0.9999997615814209,2.384186927884002e-7,12.965079307556152,12.938440322875977,12.981674194335938,0.8421083688735962,0.8512821793556213,2.3092315196990967,0,4649.53955078125,0.06948434561491013,3.4032466411590576
1787293515337,1091,4,2,1,4658.12939453125,567.2007446289062,988.1927490234375,4.50214147567749,1.1703805923461914,4.632172584533691,0.028037698939442635,-6.090235710144043,6.182640552520752,2.3205082416534424,0.005301240831613541,0.9999997615814209,2.384186927884002e-7,12.974488258361816,12.941396713256836,12.992744445800781,0.843439519405365,0.861445963382721,2.3070266246795654,0,4658.5224609375,0.06957563757896423,3.1967649459838867
1787293515357,1092,4,2,1,4663.599609375,333.5541076660156,1004.6260375976562,5.208802700042725,1.119972586631775,5.365199089050293,0.07211395353078842,-6.028814315795898,7.670854091644287,2.3189804553985596,0.0056920661590993404,0.9999997615814209,2.384186927884002e-7,12.971700668334961,12.944697380065918,12.990800857543945,0.8456690907478333,0.8549387454986572,2.3026154041290283,0,4667.49169921875,0.0696951150894165,3.710773468017578
1787293515377,1093,4,2,1,4675.76416015625,534.518310546875,1003.4414672851562,4.49094820022583,0.9316348433494568,4.54656982421875,0.297741174697876,-5.683352947235107,6.798874855041504,2.3215866088867188,0.004616005811840296,0.9999997615814209,2.384186927884002e-7,12.976275444030762,12.94992446899414,12.994270324707031,0.8469342589378357,0.8653656244277954,2.3092315196990967,0,4676.47412109375,0.06978984922170639,3.1861276626586914
1787293515398,1094,4,2,1,4684.46923828125,569.850830078125,1060.0733642578125,4.935572147369385,1.279334306716919,5.123312473297119,-0.3226466774940491,-5.396405220031738,6.09416389465332,2.320138692855835,0.005265680607408285,0.9999997615814209,2.384186927884002e-7,12.981956481933594,12.957395553588867,12.994534492492676,0.8481665253639221,0.8692198395729065,2.3048202991485596,0,4685.4453125,0.06989210098981857,3.535553455352783
1787293515418,1095,4,2,1,4691.40380859375,288.3290100097656,972.9452514648438,4.6398749351501465,0.9806812405586243,4.753932952880859,0.3672381639480591,-5.8525390625,6.596670627593994,2.3266568183898926,0.004933249205350876,0.9999997615814209,2.384186927884002e-7,12.983719825744629,12.957828521728516,13.000983238220215,0.8486846685409546,0.8705121278762817,2.313642740249634,0,4694.4921875,0.06996962428092957,3.308516263961792
1787293515438,1096,4,2,1,4703.109375,613.9071655273438,914.5938110351562,4.965874671936035,1.2959187030792236,4.941471576690674,-0.26003262400627136,-6.590385437011719,7.601487159729004,2.3254642486572266,0.004159843549132347,0.9999997615814209,2.384186927884002e-7,12.990342140197754,12.967816352844238,13.004030227661133,0.8498843312263489,0.8654380440711975,2.3092315196990967,0,4703.396484375,0.07007293403148651,3.575721502304077
1787293515458,1097,4,2,1,4707.005859375,115.80622100830078,923.5799560546875,4.821072101593018,1.0274921655654907,5.0092267990112305,0.6862990856170654,-5.911840915679932,7.038756847381592,2.326850652694702,0.005008261185139418,0.9999997615814209,2.384186927884002e-7,12.989436149597168,12.964058876037598,13.006119728088379,0.8523460626602173,0.8688058257102966,2.313642740249634,0,4712.37890625,0.07017024606466293,3.4374032020568848
1787293515478,1098,4,2,1,4720.958984375,565.8316040039062,911.1819458007812,4.694688320159912,1.0852348804473877,4.825558662414551,-0.2855013310909271,-6.456961154937744,6.316892623901367,2.3250489234924316,0.004682966507971287,0.9999997615814209,2.384186927884002e-7,12.997785568237305,12.970071792602539,13.012970924377441,0.8520533442497253,0.8659865856170654,2.313642740249634,0,4721.3486328125,0.07026266306638718,3.3776094913482666
1787293515498,1099,4,2,1,4728.2822265625,500.41064453125,1051.744873046875,5.026719570159912,1.0292091369628906,5.127659797668457,0.2133880853652954,-6.2663469314575195,7.651754856109619,2.325399398803711,0.004222724586725235,0.9999997615814209,2.384186927884002e-7,12.995546340942383,12.967251777648926,13.01213264465332,0.8567698001861572,0.8685519695281982,2.313642740249634,0,4730.33251953125,0.07038309425115585,3.612821578979492
1787293515518,1100,4,2,1,4737.40380859375,355.0404968261719,931.6879272460938,4.730624675750732,1.0640689134597778,4.57045841217041,-0.6162195205688477,-5.753003120422363,6.372941017150879,2.3285040855407715,0.006549248471856117,0.9999997615814209,2.384186927884002e-7,12.998566627502441,12.970895767211914,13.015495300292969,0.8531310558319092,0.8597787022590637,2.313642740249634,0,4739.36328125,0.07044563442468643,3.5245041847229004
1787293515538,1101,4,2,1,4747.4560546875,587.8819580078125,913.275634765625,4.968345642089844,1.3252978324890137,5.097564220428467,0.08178271353244781,-6.250331878662109,6.829411029815674,2.3275837898254395,0.004537377506494522,0.9999997615814209,2.384186927884002e-7,12.998196601867676,12.97443962097168,13.019843101501465,0.8580764532089233,0.8742856383323669,2.3202600479125977,0,4748.38623046875,0.07055586576461792,3.6314210891723633
1787293515558,1102,4,2,1,4752.388671875,193.16497802734375,869.1669921875,4.930153846740723,1.1314696073532104,5.111739635467529,0.42131322622299194,-6.550283908843994,7.1213788986206055,2.331587791442871,0.005002079531550407,0.9999997615814209,2.384186927884002e-7,13.000524520874023,12.978117942810059,13.020035743713379,0.859656572341919,0.8733969926834106,2.315847635269165,0,4757.3037109375,0.07066197693347931,3.5804643630981445
1787293515579,1103,4,2,1,4766.33984375,595.9216918945312,924.3109130859375,4.548949241638184,0.8162592053413391,4.814493656158447,-0.4175933003425598,-6.278004169464111,6.852764129638672,2.330435276031494,0.004956002347171307,0.9999997615814209,2.384186927884002e-7,13.010688781738281,12.98495101928711,13.028838157653809,0.8600409626960754,0.8749686479568481,2.318053722381592,0,4766.2734375,0.07074373960494995,3.297081470489502
1787293515599,1104,4,2,1,4774.23291015625,573.8960571289062,1055.6585693359375,4.780741214752197,1.0917038917541504,5.083390235900879,0.13322395086288452,-6.15523624420166,6.761167526245117,2.3283233642578125,0.0049778176471591,0.9999997615814209,2.384186927884002e-7,13.010956764221191,12.98105525970459,13.026122093200684,0.8640269637107849,0.8791515231132507,2.318053722381592,0,4775.2587890625,0.07084957510232925,3.475593090057373
1787293515619,1105,4,2,1,4781.45068359375,346.66680908203125,747.3269653320312,4.8789567947387695,1.2202621698379517,4.926541805267334,-0.036419451236724854,-6.0208845138549805,6.843600273132324,2.331165075302124,0.004966167267411947,0.9999997615814209,2.384186927884002e-7,13.009081840515137,12.982062339782715,13.029278755187988,0.8629977703094482,0.8721960186958313,2.318053722381592,0,4784.28955078125,0.07093630731105804,3.59100079536438
1787293515639,1106,4,2,1,4793.5947265625,655.2882690429688,851.1328125,4.5912699699401855,1.0641331672668457,4.921806335449219,-0.20607860386371613,-6.449187278747559,8.267229080200195,2.330549716949463,0.003722105175256729,0.9999997615814209,2.384186927884002e-7,13.014564514160156,12.994175910949707,13.030718803405762,0.865917980670929,0.8809241652488708,2.3202600479125977,0,4793.208984375,0.07102828472852707,3.332170009613037
1787293515659,1107,4,2,1,4796.900390625,84.54837036132812,904.908447265625,4.486254692077637,1.0689306259155273,4.6977128982543945,0.47964370250701904,-5.638833999633789,6.524503707885742,2.3321971893310547,0.00506680877879262,0.9999925494194031,0.000011191727935511153,13.017304420471191,12.991961479187012,13.03431224822998,0.8653507232666016,0.8800615072250366,2.3202600479125977,0,4800,0.07109209150075912,3.2499794960021973
1787293515679,1108,4,2,1,4801.73583984375,56.84131622314453,916.1824951171875,3.6524128913879395,1.0560888051986694,3.715703248977661,-0.033672090619802475,-6.047677040100098,6.716832160949707,2.3365635871887207,0.004565908573567867,0.9999796748161316,0.000022430880562751554,13.041082382202148,13.015010833740234,13.061165809631348,0.8551344871520996,0.8734330534934998,2.3246724605560303,0,4800,0.0710257962346077,2.6497020721435547
1787293515699,1109,4,2,1,4796.67529296875,-48.617279052734375,1116.6070556640625,5.359753608703613,1.2854561805725098,5.492420196533203,-0.14847983419895172,-6.025049686431885,7.277351379394531,2.330392599105835,0.005282796919345856,0.999997615814209,0.000007628447747265454,13.034666061401367,13.00805377960205,13.05970573425293,0.8594847917556763,0.8732243180274963,2.318053722381592,0,4800,0.07111964374780655,3.904561758041382
1787293515719,1110,4,2,1,4797.3271484375,-109.82200622558594,1008.3599243164062,4.18117618560791,1.340309500694275,4.598479747772217,0.28238528966903687,-5.789553165435791,5.8999457359313965,2.335606575012207,0.005029532592743635,0.9999997615814209,0.000001475932435823779,13.033416748046875,12.994833946228027,13.050115585327148,0.8617926836013794,0.883262574672699,2.3246724605560303,0,4800,0.0712103322148323,3.0130302906036377
1787293515739,1111,4,2,1,4802.0263671875,251.37428283691406,935.1734619140625,4.3081746101379395,1.2447930574417114,4.294365406036377,-0.40545371174812317,-6.383867263793945,7.442983150482178,2.336853265762329,0.0046202498488128185,0.9999997615814209,3.888713138167077e-7,13.049443244934082,13.024155616760254,13.068422317504883,0.8568110466003418,0.871791422367096,2.3290822505950928,0,4800,0.07123073190450668,3.1409733295440674
1787293515759,1112,4,2,1,4795.24853515625,-234.49569702148438,969.1549682617188,4.83093786239624,0.9554672241210938,5.314836502075195,0.05762890726327896,-6.733145713806152,6.606204032897949,2.335453987121582,0.0047171530313789845,0.9999997615814209,2.567101091699442e-7,13.042801856994629,13.007526397705078,13.070629119873047,0.8604360222816467,0.8726909160614014,2.3246724605560303,0,4800,0.07130982726812363,3.521644353866577
1787293515779,1113,4,2,1,4800.048828125,105.56599426269531,953.795166015625,4.324740409851074,0.9012120366096497,4.468522071838379,0.3087766170501709,-5.876889705657959,6.6417555809021,2.3384029865264893,0.005783778615295887,0.9999997615814209,2.4064235049081617e-7,13.047931671142578,13.022479057312012,13.071709632873535,0.8596236705780029,0.8765889406204224,2.3268773555755615,0,4800,0.07136723399162292,3.105001449584961
1787293515799,1114,4,2,1,4800.85693359375,202.31979370117188,1011.4181518554688,4.495892524719238,1.1138010025024414,4.635153770446777,-0.30573388934135437,-5.397910118103027,7.058350563049316,2.3369672298431396,0.005728553980588913,0.9999997615814209,2.3868895482337393e-7,13.058581352233887,13.032745361328125,13.076037406921387,0.8589655160903931,0.8769174814224243,2.3224661350250244,0,4800,0.07141026854515076,3.268385171890259
1787293515820,1115,4,2,1,4795.59228515625,-305.0361633300781,998.2310791015625,4.606841564178467,1.0600881576538086,4.8585357666015625,0.15128269791603088,-6.543196201324463,6.843569278717041,2.3370742797851562,0.005949629936367273,0.9999894499778748,0.000027450156267150305,13.058756828308105,13.029069900512695,13.078861236572266,0.857016921043396,0.8725870847702026,2.315850257873535,0,4800,0.07145338505506516,3.440108060836792
1787293515840,1116,4,2,1,4799.75390625,101.35691833496094,975.4625244140625,4.5046210289001465,0.9223805069923401,4.584336280822754,0.19133082032203674,-6.227410316467285,6.896243572235107,2.3415207862854004,0.004974150564521551,0.9999974966049194,0.000008238004738814197,13.065251350402832,13.039588928222656,13.077722549438477,0.8580223917961121,0.8729089498519897,2.3290822505950928,0,4800,0.07152236998081207,3.2562384605407715
1787293515860,1117,4,2,1,4797.63720703125,-67.39620208740234,989.9039916992188,4.683798789978027,1.0912055969238281,4.974496364593506,-0.14440324902534485,-5.8386454582214355,6.9348039627075195,2.342392683029175,0.005481345113366842,0.999997615814209,0.000007041084700176725,13.06772518157959,13.041595458984375,13.083685874938965,0.8583182692527771,0.8728458881378174,2.3312885761260986,0,4800,0.07158313691616058,3.4002466201782227
1787293515880,1118,4,2,1,4798.6923828125,-8.999319076538086,794.5120849609375,4.4366254806518555,1.1728086471557617,4.640296936035156,0.11890850216150284,-5.967365741729736,6.7928643226623535,2.341498374938965,0.004716867581009865,0.9999997615814209,0.0000014045225498193759,13.067914962768555,13.037734985351562,13.088665962219238,0.8573521971702576,0.869911253452301,2.3312885761260986,0,4800,0.07163284718990326,3.236530065536499
1787293515900,1119,4,2,1,4800.2294921875,222.06405639648438,1019.41943359375,4.880125045776367,1.0341534614562988,4.79133415222168,0.11175049841403961,-6.217954635620117,7.595126628875732,2.3410637378692627,0.004435169044882059,0.9999917149543762,0.000015910498404991813,13.073057174682617,13.046062469482422,13.088971138000488,0.8582697510719299,0.875001847743988,2.3312885761260986,0,4800,0.07171417772769928,3.521529197692871
1787293515920,1120,4,2,1,4797.0712890625,-191.7261962890625,907.573974609375,4.366588115692139,1.0549956560134888,4.676605701446533,-0.26406413316726685,-5.597064018249512,5.7131805419921875,2.3435356616973877,0.004398936405777931,0.9999989867210388,0.000003959541572839953,13.079227447509766,13.053513526916504,13.096634864807129,0.8563218116760254,0.8675400018692017,2.3290822505950928,0,4800,0.0717526227235794,3.1542580127716064
1787293515940,1121,4,2,1,4800.1240234375,166.34735107421875,827.7327270507812,5.110827922821045,1.5135725736618042,4.724974632263184,-0.031574707478284836,-5.866373062133789,6.08823823928833,2.3434083461761475,0.0037756033707410097,0.9999997615814209,7.545231710537337e-7,13.083277702331543,13.050830841064453,13.100896835327148,0.8543239831924438,0.8642840385437012,2.3334946632385254,0,4800,0.0718245729804039,3.7321367263793945
1787293515961,1122,4,2,1,4797.6796875,-31.126567840576172,999.4813232421875,5.024933815002441,1.0757497549057007,5.041854381561279,0.3606511056423187,-6.097890853881836,6.843852996826172,2.345349073410034,0.005061482544988394,0.9999842047691345,0.000026887893909588456,13.087583541870117,13.055493354797363,13.110447883605957,0.8572514057159424,0.8742385506629944,2.33349347114563,0,4800,0.07189267873764038,3.629650592803955
1787293515981,1123,4,2,1,4797.8603515625,-129.18438720703125,1034.8365478515625,4.361968994140625,0.9610261917114258,4.583535194396973,-0.18986445665359497,-6.204166412353516,6.22312068939209,2.348022222518921,0.004788566846400499,0.9999938607215881,0.00001694331513135694,13.093674659729004,13.064807891845703,13.115226745605469,0.8553205728530884,0.871942937374115,2.3356995582580566,0,4800,0.0719287246465683,3.139441728591919
1787293516003,1124,4,2,1,4800.02099609375,190.13232421875,918.2166137695312,4.730666637420654,1.3160382509231567,4.878852367401123,-0.03654367849230766,-6.358567237854004,7.819465160369873,2.3470659255981445,0.004514000378549099,0.9999992847442627,0.0000035394393762544496,13.097286224365234,13.072643280029297,13.11158561706543,0.8572397828102112,0.8720534443855286,2.3356995582580566,0,4800,0.07201385498046875,3.4457476139068604
1787293516021,1125,4,2,1,4795.65771484375,-277.7409362792969,829.0679321289062,4.748544216156006,1.0518909692764282,4.841201305389404,0.4670184552669525,-6.133495807647705,7.389969348907471,2.3481850624084473,0.004088770132511854,0.9999997615814209,6.680616024823394e-7,13.099637985229492,13.064878463745117,13.120173454284668,0.8556209802627563,0.8660303950309753,2.3401122093200684,0,4800,0.07206279784440994,3.430544376373291
1787293516041,1126,4,2,1,4800.57763671875,161.6499481201172,949.535888671875,4.45861291885376,0.9086078405380249,4.649477481842041,-0.4482888877391815,-6.105395793914795,6.148993968963623,2.3508715629577637,0.004927103873342276,0.9999799132347107,0.000040147668187273666,13.110151290893555,13.086568832397461,13.126605987548828,0.8548367619514465,0.8696801066398621,2.3334946632385254,0,4800,0.0721137523651123,3.2075421810150146
1787293516061,1127,4,2,1,4798.9912109375,97.43334197998047,1073.63330078125,4.76322078704834,1.04688560962677,4.964235305786133,0.11232193559408188,-5.842595100402832,6.497601509094238,2.3507702350616455,0.0052139307372272015,0.9999563097953796,0.00007072299922583625,13.111714363098145,13.078914642333984,13.126286506652832,0.8572549223899841,0.8704268336296082,2.3401122093200684,0,4800,0.07218623161315918,3.4468328952789307
1787293516081,1128,4,2,1,4797.7412109375,-122.80868530273438,910.8287963867188,4.676524639129639,1.1806600093841553,4.61017370223999,0.07750818133354187,-6.201375961303711,6.514462471008301,2.351121187210083,0.004786591976881027,0.9999947547912598,0.000019193945263396017,13.111122131347656,13.081748008728027,13.128488540649414,0.853621244430542,0.860479474067688,2.3401122093200684,0,4800,0.07222811132669449,3.395021677017212
1787293516102,1129,4,2,1,4800.70166015625,188.73745727539062,927.7224731445312,4.509073257446289,1.1754910945892334,4.727835178375244,-0.3312467634677887,-6.021452903747559,7.639932632446289,2.3509397506713867,0.0037315429653972387,0.9999993443489075,0.000003606200607464416,13.122715950012207,13.103466987609863,13.141134262084961,0.8546708226203918,0.8731377720832825,2.3401122093200684,0,4800,0.07227887958288193,3.248985767364502
1787293516121,1130,4,2,1,4795.03662109375,-354.0324401855469,914.5462036132812,4.523069381713867,1.0560591220855713,4.832484245300293,0.5340452790260315,-5.050339698791504,7.300398349761963,2.3522822856903076,0.0049256691709160805,0.9999997615814209,6.682741400254599e-7,13.124040603637695,13.08709716796875,13.144580841064453,0.8555973768234253,0.8676959872245789,2.342318296432495,0,4800,0.07233244925737381,3.2247419357299805
1787293516142,1131,4,2,1,4800.4677734375,151.38528442382812,855.5512084960938,4.49882173538208,1.165977120399475,4.514433860778809,-0.43563520908355713,-6.073556900024414,5.90543270111084,2.3558695316314697,0.005257015582174063,0.9999447464942932,0.00005530576891032979,13.13132381439209,13.096688270568848,13.150325775146484,0.8530565500259399,0.8697287440299988,2.3467295169830322,0,4800,0.07238689810037613,3.266799211502075
1787293516162,1132,4,2,1,4798.81591796875,100.49885559082031,1105.779541015625,5.062669277191162,1.0848138332366943,5.20812463760376,-0.15874022245407104,-6.058964729309082,6.758492469787598,2.3538663387298584,0.005304696038365364,0.9999933242797852,0.000020154711819486693,13.133822441101074,13.098612785339355,13.158590316772461,0.8545801639556885,0.8707618713378906,2.342318296432495,0,4800,0.07246287912130356,3.6692824363708496
1787293516182,1133,4,2,1,4796.76318359375,-216.53370666503906,1028.73828125,4.473369121551514,0.7069856524467468,4.607496738433838,0.4461517333984375,-6.550051212310791,6.719584941864014,2.355764865875244,0.005636619869619608,0.9999920129776001,0.000022039659597794525,13.141088485717773,13.11288833618164,13.167481422424316,0.8529739379882812,0.8707306385040283,2.3401122093200684,0,4800,0.07250190526247025,3.1881394386291504
1787293516202,1134,4,2,1,4801.64599609375,326.7692565917969,938.15380859375,4.721616268157959,1.1981399059295654,4.736441612243652,-0.4542524218559265,-5.9963555335998535,7.892433166503906,2.357022762298584,0.005081321112811565,0.9999990463256836,0.000004622375399776502,13.147024154663086,13.119508743286133,13.167705535888672,0.8537178039550781,0.8718702793121338,2.3423171043395996,0,4800,0.07258152961730957,3.4148621559143066
1787293516222,1135,4,2,1,4796.822265625,-156.9762420654297,966.7504272460938,4.9709248542785645,1.0093122720718384,5.044398307800293,0.23713570833206177,-6.285179615020752,6.130675315856934,2.35624623298645,0.005014786962419748,0.9999997615814209,8.343030799551343e-7,13.150423049926758,13.125143051147461,13.167915344238281,0.8534435629844666,0.8700985312461853,2.3467280864715576,0,4800,0.0726308524608612,3.6208720207214355
1787293516242,1136,4,2,1,4799.5009765625,9.500158309936523,950.7146606445312,4.658003807067871,1.1057361364364624,4.355137825012207,0.6802456378936768,-5.389077663421631,6.758789539337158,2.3598358631134033,0.004928447771817446,0.9999825358390808,0.000033283562515862286,13.158710479736328,13.13219165802002,13.180083274841309,0.8497117161750793,0.8634712100028992,2.3467295169830322,0,4800,0.07265748828649521,3.4954257011413574
1787293516263,1137,4,2,1,4799.66455078125,193.1960906982422,974.3660278320312,5.277413368225098,1.1979966163635254,5.132596492767334,-0.28458529710769653,-5.879591941833496,7.4904680252075195,2.360128402709961,0.0047494531609117985,0.999971330165863,0.000049945076170843095,13.161672592163086,13.134598731994629,13.177709579467773,0.8527153134346008,0.8673051595687866,2.3489344120025635,0,4800,0.07275106012821198,3.8549914360046387
1787293516282,1138,4,2,1,4796.36962890625,-234.31764221191406,938.0903930664062,4.486804962158203,1.094275712966919,4.865136623382568,0.12054421007633209,-6.665526866912842,7.875088691711426,2.3610219955444336,0.004288882482796907,0.999996542930603,0.000013004266293137334,13.166902542114258,13.139328956604004,13.183145523071289,0.8522363901138306,0.8636452555656433,2.3533456325531006,0,4800,0.07279535382986069,3.2372524738311768
1787293516302,1139,4,2,1,4799.2548828125,31.108016967773438,933.4573974609375,4.5533857345581055,0.8482494950294495,4.541488170623779,0.13488827645778656,-6.215525150299072,7.085700035095215,2.36155366897583,0.003970164339989424,0.9999939203262329,0.000014203621503838804,13.178221702575684,13.15246868133545,13.194190979003906,0.8511182069778442,0.8646648526191711,2.3489344120025635,0,4800,0.07284540683031082,3.255342721939087
1787293516323,1140,4,2,1,4797.3955078125,-73.4232177734375,1016.0589599609375,4.916462421417236,1.205730676651001,5.107447624206543,-0.12742425501346588,-6.062092304229736,6.635708332061768,2.3609213829040527,0.0045580812729895115,0.9999992847442627,0.0000031999675229599234,13.179040908813477,13.142463684082031,13.200302124023438,0.8523197174072266,0.868484377861023,2.3511407375335693,0,4800,0.0729174017906189,3.540604591369629
1787293516343,1141,4,2,1,4799.2841796875,15.690146446228027,788.0048217773438,4.5237507820129395,1.1230709552764893,4.5964579582214355,0.22924408316612244,-6.030237197875977,6.61928653717041,2.36299204826355,0.004491844214498997,0.9999997615814209,6.267897560974234e-7,13.183771133422852,13.148213386535645,13.203994750976562,0.8499130606651306,0.861723780632019,2.355550527572632,0,4800,0.07295512408018112,3.2707340717315674
1787293516363,1142,4,2,1,4800.0849609375,204.16192626953125,1038.9176025390625,5.134296417236328,1.1095757484436035,4.884716033935547,0.12791158258914948,-6.015462875366211,7.247908115386963,2.3646395206451416,0.004461891483515501,0.9999802708625793,0.00005324464655132033,13.191533088684082,13.164546012878418,13.207880020141602,0.8509783148765564,0.8677089810371399,2.3511407375335693,0,4800,0.07303294539451599,3.684535503387451
1787293516383,1143,4,2,1,4797.11865234375,-163.2895050048828,877.783447265625,4.55789852142334,1.1602494716644287,4.803981781005859,-0.19566291570663452,-5.264544486999512,6.037082195281982,2.365943193435669,0.004023964051157236,0.999977171421051,0.00004353040276328102,13.195180892944336,13.167346954345703,13.213042259216309,0.8506625890731812,0.864341139793396,2.3489344120025635,0,4800,0.07308180630207062,3.2821433544158936
1787293516403,1144,4,2,1,4800.44091796875,152.68731689453125,883.7088012695312,4.534468173980713,1.3531227111816406,4.676241397857666,-0.13050292432308197,-6.245866298675537,6.5783586502075195,2.3672454357147217,0.005577255506068468,0.99988853931427,0.0001138913503382355,13.205453872680664,13.172961235046387,13.226107597351074,0.8499215841293335,0.8649234771728516,2.3533456325531006,0,4800,0.0731336772441864,3.2819535732269287
1787293516423,1145,4,2,1,4797.82275390625,-51.63539123535156,1033.9332275390625,5.083636283874512,1.0544707775115967,4.909138202667236,0.283253937959671,-6.098257541656494,7.000927925109863,2.3671834468841553,0.004221203271299601,0.9999368786811829,0.00012251398584339768,13.21001148223877,13.185486793518066,13.231874465942383,0.8497811555862427,0.8674484491348267,2.355550527572632,0,4800,0.07318805158138275,3.645803689956665
1787293516443,1146,4,2,1,4798.1708984375,-122.72386932373047,1023.0946044921875,4.337128639221191,0.8362337946891785,4.488868713378906,-0.070172518491745,-5.90313720703125,6.429867744445801,2.369835376739502,0.004403517581522465,0.9999793767929077,0.00005984195013297722,13.214170455932617,13.19018840789795,13.23412036895752,0.848580002784729,0.86629718542099,2.35996150970459,0,4800,0.07321750372648239,3.086081027984619
1787293516464,1147,4,2,1,4800.1298828125,200.26678466796875,962.351318359375,5.410973072052002,1.6226844787597656,4.9591569900512695,0.3019699454307556,-6.615272045135498,5.872106075286865,2.368103504180908,0.0042830961756408215,0.9999974966049194,0.000012293179679545574,13.218093872070312,13.19245719909668,13.234166145324707,0.8480579853057861,0.8664343357086182,2.3577566146850586,0,4800,0.07330036163330078,3.907857656478882
1787293516484,1148,4,2,1,4795.43310546875,-315.0709228515625,892.6932983398438,4.89994478225708,1.0473798513412476,4.889474868774414,0.4860030710697174,-6.325625896453857,6.3491315841674805,2.3710105419158936,0.004366305191069841,0.999998152256012,0.000006176178430905566,13.223999977111816,13.196537017822266,13.249429702758789,0.8480784296989441,0.8616531491279602,2.3621678352355957,0,4800,0.07334592193365097,3.4986572265625
1787293516504,1149,4,2,1,4800.548828125,161.57640075683594,937.1018676757812,4.50261116027832,0.9154074788093567,4.737515926361084,-0.4353928864002228,-5.997411727905273,5.881232738494873,2.3742518424987793,0.005025508347898722,0.9999938607215881,0.000014155055396258831,13.233129501342773,13.202777862548828,13.250365257263184,0.8485028743743896,0.8638298511505127,2.3621678352355957,0,4800,0.07339855283498764,3.214158058166504
1787293516524,1150,4,2,1,4799.96337890625,157.5398712158203,1083.3065185546875,4.843206882476807,1.1126524209976196,4.943151473999023,0.1407243013381958,-5.659669876098633,7.227152347564697,2.3731114864349365,0.004575041122734547,0.9999831914901733,0.000030410059480345808,13.23901653289795,13.201074600219727,13.257864952087402,0.8497170805931091,0.8634341359138489,2.3621678352355957,0,4800,0.07345829904079437,3.491487503051758
1787293516544,1151,4,2,1,4797.4306640625,-193.66326904296875,986.5257568359375,4.735194206237793,1.0283348560333252,4.523631572723389,0.18862980604171753,-6.3450164794921875,6.99117374420166,2.3770885467529297,0.004481614101678133,0.9999858736991882,0.00003335604560561478,13.244535446166992,13.215753555297852,13.261948585510254,0.8441088199615479,0.8575010895729065,2.3665802478790283,0,4800,0.07347439229488373,3.569777727127075
1787293516564,1152,4,2,1,4801.3671875,264.62664794921875,898.5554809570312,4.878490447998047,0.9707081913948059,4.762916564941406,-0.8646180629730225,-5.848576545715332,5.737720012664795,2.3745126724243164,0.006232446990907192,0.9999982714653015,0.000007497824753954774,13.253188133239746,13.227290153503418,13.272323608398438,0.8459818363189697,0.8605730533599854,2.3621678352355957,0,4800,0.07354013621807098,3.632882833480835
1787293516584,1153,4,2,1,4796.14794921875,-255.65953063964844,863.780029296875,4.741854190826416,1.1351191997528076,4.893675804138184,0.40595686435699463,-5.176578521728516,6.820839881896973,2.3760101795196533,0.006009279750287533,0.9999892115592957,0.000012921427696710452,13.255474090576172,13.22223949432373,13.27427864074707,0.8477566838264465,0.8646454811096191,2.3643741607666016,0,4800,0.07358931750059128,3.4104909896850586
1787293516605,1154,4,2,1,4799.84375,74.81710815429688,927.6863403320312,4.703524589538574,1.0908117294311523,4.624804496765137,0.18423692882061005,-6.195624828338623,7.596830368041992,2.3769583702087402,0.004670185502618551,0.9999987483024597,0.000004140926193940686,13.262486457824707,13.2352294921875,13.283605575561523,0.8459479212760925,0.8557762503623962,2.3665802478790283,0,4800,0.0736280009150505,3.3689937591552734
1787293516625,1155,4,2,1,4800.20849609375,151.44302368164062,1051.083740234375,4.557758331298828,1.01687753200531,4.853458404541016,-0.3909197449684143,-6.463815689086914,7.9920854568481445,2.3780710697174072,0.004640515893697739,0.9999765753746033,0.000042751158616738394,13.271615028381348,13.24850845336914,13.287090301513672,0.8474476933479309,0.8670828938484192,2.3621678352355957,0,4800,0.07368214428424835,3.244588613510132
1787293516645,1156,4,2,1,4796.57568359375,-239.9813232421875,912.529052734375,4.518393039703369,1.0299549102783203,4.7198333740234375,0.20592840015888214,-5.582977771759033,6.146481037139893,2.3811795711517334,0.0050967601127922535,0.9999914169311523,0.000017814581951824948,13.275506019592285,13.248123168945312,13.293783187866211,0.8457929491996765,0.862054705619812,2.3643741607666016,0,4800,0.07372573763132095,3.2233312129974365
1787293516665,1157,4,2,1,4800.9755859375,230.1772918701172,908.11083984375,4.754796028137207,1.1633065938949585,4.679498672485352,-0.24538159370422363,-6.247821807861328,7.2175750732421875,2.3827333450317383,0.004945140331983566,0.9999989867210388,0.000004218300091451965,13.282148361206055,13.25169563293457,13.302352905273438,0.8453390598297119,0.8654066920280457,2.3709914684295654,0,4800,0.07378657162189484,3.4232754707336426
1787293516685,1158,4,2,1,4797.23388671875,-145.28688049316406,1079.8099365234375,4.839741230010986,1.0183906555175781,5.0630903244018555,0.010539618320763111,-6.307922840118408,6.6016645431518555,2.380415439605713,0.00425755325704813,0.9999997615814209,7.859822517275461e-7,13.289133071899414,13.258584976196289,13.311932563781738,0.8455100655555725,0.8632781505584717,2.370992660522461,0,4800,0.07382795959711075,3.452122926712036
1787293516705,1159,4,2,1,4799.9169921875,49.28479766845703,1002.1921997070312,4.389753818511963,1.0908159017562866,4.410057544708252,0.1701553761959076,-5.984155178070068,5.807079792022705,2.3849263191223145,0.005274703726172447,0.9999314546585083,0.0000754705470171757,13.293338775634766,13.266424179077148,13.316632270812988,0.8448724746704102,0.8638726472854614,2.3665802478790283,0,4800,0.07385825365781784,3.1036171913146973
1787293516725,1160,4,2,1,4800.99951171875,260.24737548828125,954.2839965820312,4.910239219665527,1.1351224184036255,4.843096733093262,-0.3591245412826538,-6.349244117736816,7.746435642242432,2.3833491802215576,0.005182019434869289,0.9999916553497314,0.000025840263333520852,13.30102252960205,13.269983291625977,13.32270622253418,0.8453879952430725,0.8595960736274719,2.370992660522461,0,4800,0.07392652332782745,3.5404675006866455
1787293516745,1161,4,2,1,4796.03857421875,-300.4192199707031,928.7135009765625,4.515629768371582,1.0303471088409424,4.8864545822143555,0.13237829506397247,-6.495845317840576,7.4719085693359375,2.384892225265503,0.004126461688429117,0.9999895691871643,0.000029382426873780787,13.305150985717773,13.27244758605957,13.32799243927002,0.8440603613853455,0.8557635545730591,2.3731963634490967,0,4800,0.0739506334066391,3.2206645011901855
1787293516765,1162,4,2,1,4800.00341796875,92.5302505493164,1000.1370239257812,4.556811809539795,1.0312445163726807,4.542898654937744,0.16676533222198486,-6.238361835479736,6.104386329650879,2.3868746757507324,0.00397162651643157,0.9999833106994629,0.00003825913154287264,13.315879821777344,13.29062557220459,13.331457138061523,0.8438204526901245,0.8580816388130188,2.377607583999634,0,4800,0.07400105893611908,3.228966236114502
1787293516785,1163,4,2,1,4797.67822265625,-62.47383117675781,1015.7948608398438,4.898552894592285,1.1945000886917114,5.1222405433654785,-0.15170501172542572,-5.66633939743042,7.1266608238220215,2.3857080936431885,0.004850284196436405,0.9999684691429138,0.000049251415475737303,13.316812515258789,13.28150463104248,13.333345413208008,0.8449281454086304,0.8596615195274353,2.3731963634490967,0,4800,0.0740623027086258,3.505403757095337
1787293516805,1164,4,2,1,4799.310546875,-2.247061014175415,870.9899291992188,4.5559611320495605,1.0735034942626953,4.573166847229004,0.03687985613942146,-6.249157905578613,7.348552227020264,2.3875482082366943,0.004989214241504669,0.9999961853027344,0.000013634149581776,13.321965217590332,13.294697761535645,13.341745376586914,0.8424808382987976,0.8543000817298889,2.3754026889801025,0,4800,0.07409180700778961,3.2620177268981934
1787293516826,1165,4,2,1,4800.94384765625,204.09376525878906,1019.3236083984375,4.705826282501221,1.0102444887161255,4.787935256958008,0.13396905362606049,-6.2440996170043945,7.6703104972839355,2.3867530822753906,0.00500550027936697,0.9999986886978149,0.000004151791472395416,13.329471588134766,13.30677604675293,13.349658012390137,0.8436288237571716,0.8626860976219177,2.3709914684295654,0,4800,0.07413627207279205,3.3307249546051025
1787293516846,1166,4,2,1,4797.3291015625,-192.39447021484375,896.6085205078125,4.56880521774292,0.9130817651748657,4.708686351776123,-0.12218610942363739,-4.951372146606445,5.651894569396973,2.3908438682556152,0.004549375735223293,0.9999887347221375,0.000016379548469558358,13.338424682617188,13.298442840576172,13.358619689941406,0.8420974016189575,0.8615933656692505,2.3820199966430664,0,4800,0.07416676729917526,3.251682996749878
1787293516866,1167,4,2,1,4800.275390625,127.5223617553711,878.1566772460938,4.541232585906982,1.251494288444519,4.6751179695129395,-0.034745439887046814,-6.620754718780518,6.960424423217773,2.390406370162964,0.005311593413352966,0.9999967813491821,0.000006150150966277579,13.344259262084961,13.304224967956543,13.359212875366211,0.8423987030982971,0.8563258051872253,2.3776087760925293,0,4800,0.0742156058549881,3.2553296089172363
1787293516886,1168,4,2,1,4797.78466796875,-52.828102111816406,1011.4690551757812,5.1364946365356445,1.1243879795074463,4.987190246582031,0.25488853454589844,-6.038486003875732,6.311473846435547,2.3880887031555176,0.0043094526045024395,0.9999996423721313,0.0000015234284092002781,13.347437858581543,13.315835952758789,13.364845275878906,0.8424752354621887,0.8609287142753601,2.377607583999634,0,4800,0.07426968216896057,3.6554014682769775
1787293516906,1169,4,2,1,4798.2890625,-126.3218994140625,1033.8330078125,4.380504608154297,0.8155954480171204,4.6087470054626465,-0.15760210156440735,-5.9200286865234375,6.760131359100342,2.390983819961548,0.004914405290037394,0.999987781047821,0.000014829831343377009,13.353567123413086,13.325923919677734,13.374804496765137,0.8410772681236267,0.8593930602073669,2.3754026889801025,0,4800,0.07428929954767227,3.093963146209717
1787293516926,1170,4,2,1,4800.8447265625,217.28900146484375,899.5391845703125,4.5814948081970215,1.1936979293823242,4.81550931930542,0.04971567541360855,-6.394341945648193,7.9496846199035645,2.3928582668304443,0.005113041494041681,0.9999985098838806,0.000004771571639139438,13.36303424835205,13.330805778503418,13.384705543518066,0.8428537845611572,0.8591182231903076,2.3842248916625977,0,4800,0.07435363531112671,3.2657864093780518
1787293516946,1171,4,2,1,4795.76708984375,-304.88775634765625,900.4212036132812,4.714186668395996,1.1742085218429565,4.887983798980713,0.34255164861679077,-6.654134750366211,7.882824420928955,2.3953773975372314,0.004070927854627371,0.9999874830245972,0.0000317834310408216,13.36673641204834,13.33786678314209,13.386558532714844,0.8405919075012207,0.8516011834144592,2.3864312171936035,0,4800,0.0743861272931099,3.3515429496765137
1787293516966,1172,4,2,1,4800.85986328125,174.00682067871094,981.5944213867188,4.448413372039795,0.9651353359222412,4.6398138999938965,-0.36875665187835693,-6.148669242858887,6.967820644378662,2.396533727645874,0.005164692644029856,0.9999825954437256,0.00002244252937089186,13.376172065734863,13.351784706115723,13.393389701843262,0.8407639265060425,0.8554943799972534,2.384226083755493,0,4800,0.07443486154079437,3.143199920654297
1787293516986,1173,4,2,1,4799.4951171875,106.24014282226562,1043.778564453125,4.8431806564331055,1.0149282217025757,5.018811225891113,0.15827928483486176,-6.039538860321045,6.480988502502441,2.394097089767456,0.0046700602397322655,0.9999967217445374,0.000008601394256402273,13.376862525939941,13.346771240234375,13.390765190124512,0.8425864577293396,0.8561168313026428,2.382021188735962,0,4800,0.0744960606098175,3.442063331604004
1787293517006,1174,4,2,1,4798.37109375,-130.74961853027344,894.7219848632812,4.592607498168945,1.2124626636505127,4.534006595611572,-0.02812016010284424,-6.260105609893799,7.573032855987549,2.3972885608673096,0.004610801115632057,0.9999996423721313,0.0000018214425381302135,13.384151458740234,13.351287841796875,13.406164169311523,0.838266134262085,0.8458698987960815,2.3842248916625977,0,4800,0.07450713217258453,3.2759926319122314
1787293517026,1175,4,2,1,4800.2919921875,144.52220153808594,947.5293579101562,4.913538455963135,1.2027393579483032,4.89312744140625,-0.22306063771247864,-6.08135461807251,7.40537691116333,2.3988420963287354,0.004772528540343046,0.9999501705169678,0.00009565409709466621,13.391702651977539,13.362909317016602,13.412362098693848,0.8391731977462769,0.8576266169548035,2.3864312171936035,0,4800,0.07455462217330933,3.4880921840667725
1787293517047,1176,4,2,1,4795.73388671875,-306.4093933105469,923.7877807617188,4.538280487060547,0.9676262736320496,4.859371662139893,0.6172022223472595,-5.151832580566406,7.647256851196289,2.4001564979553223,0.004859039559960365,0.9999858140945435,0.0000371347923646681,13.39128589630127,13.353388786315918,13.411711692810059,0.8413490056991577,0.8555961847305298,2.3908421993255615,0,4800,0.07460563629865646,3.1762073040008545
1787293517067,1177,4,2,1,4800.669921875,153.2128143310547,833.3179931640625,4.4607343673706055,1.1707159280776978,4.616976737976074,-0.46674415469169617,-6.409262657165527,5.8082356452941895,2.4028990268707275,0.00480517465621233,0.9999982714653015,0.000007981661838130094,13.4000883102417,13.35555362701416,13.420044898986816,0.839093029499054,0.8529094457626343,2.3886373043060303,0,4800,0.07465072721242905,3.1831133365631104
1787293517087,1178,4,2,1,4799.29736328125,119.16072845458984,1070.2794189453125,5.157947063446045,1.16984224319458,5.242099285125732,-0.17605654895305634,-6.211010932922363,6.664872646331787,2.399594306945801,0.004716597031801939,0.9999997615814209,0.0000013718289437747444,13.40685749053955,13.377456665039062,13.426131248474121,0.8397507071495056,0.8557499051094055,2.3908421993255615,0,4800,0.07471513003110886,3.6800754070281982
1787293517107,1179,4,2,1,4797.1630859375,-215.2864990234375,1002.9379272460938,4.554200172424316,0.8612250089645386,4.628102779388428,0.48399800062179565,-6.01181173324585,6.648996353149414,2.4027912616729736,0.004171488806605339,0.9999924302101135,0.00001753598735376727,13.410347938537598,13.380148887634277,13.431626319885254,0.8382769227027893,0.8551027774810791,2.390843629837036,0,4800,0.07473640888929367,3.1940598487854004
1787293517127,1180,4,2,1,4801.79638671875,315.03863525390625,952.07373046875,4.640424728393555,1.2673372030258179,4.874626159667969,-0.47596433758735657,-6.139671325683594,7.328364372253418,2.4046874046325684,0.004852426704019308,0.9999691247940063,0.00006380551349138841,13.417506217956543,13.387883186340332,13.436720848083496,0.8397355675697327,0.8600578904151917,2.3930485248565674,0,4800,0.07480468600988388,3.2925100326538086
1787293517147,1181,4,2,1,4796.25927734375,-232.59561157226562,778.466064453125,4.826347351074219,1.0787956714630127,5.088415145874023,0.47938433289527893,-6.4303131103515625,7.653712749481201,2.4040019512176514,0.0053303479216992855,0.9999963641166687,0.0000152056945807999,13.420273780822754,13.389549255371094,13.43559455871582,0.839559018611908,0.8553513884544373,2.3930485248565674,0,4800,0.07484746724367142,3.4321680068969727
1787293517167,1182,4,2,1,4799.94921875,37.85527420043945,967.97021484375,4.422460079193115,0.8852561116218567,4.566103458404541,0.27750349044799805,-6.025359153747559,7.216716766357422,2.4067180156707764,0.0039097946137189865,0.9999654293060303,0.00006962785118957981,13.425023078918457,13.396550178527832,13.446894645690918,0.8380540609359741,0.8491265177726746,2.3952534198760986,0,4800,0.07486841827630997,3.100649356842041
1787293517187,1183,4,2,1,4800.56591796875,174.08364868164062,1026.12451171875,4.715453624725342,0.9440182447433472,4.935118198394775,-0.34106022119522095,-6.073892116546631,7.478030204772949,2.405606985092163,0.004504712298512459,0.9999730587005615,0.00005188137220102362,13.434700012207031,13.407696723937988,13.454911231994629,0.8388610482215881,0.8540131449699402,2.3952534198760986,0,4800,0.0749177634716034,3.328075647354126
1787293517207,1184,4,2,1,4796.59375,-246.35205078125,880.5814208984375,4.596518516540527,1.2058213949203491,4.8615336418151855,0.3008098602294922,-5.992956161499023,6.945618152618408,2.406299591064453,0.005243704654276371,0.9999925494194031,0.00002304651206941344,13.43729305267334,13.405646324157715,13.460389137268066,0.8371332883834839,0.8470473289489746,2.3974595069885254,0,4800,0.07495593279600143,3.2617132663726807
1787293517228,1185,4,2,1,4799.97509765625,60.192527770996094,945.18701171875,4.890474319458008,1.1170207262039185,4.5250244140625,0.2503284215927124,-6.275192737579346,7.808590888977051,2.4067859649658203,0.005024242680519819,0.9999958276748657,0.00001135697038989747,13.445318222045898,13.415682792663574,13.460776329040527,0.8338386416435242,0.8523176908493042,2.3930485248565674,0,4800,0.07499201595783234,3.631746530532837
1787293517248,1186,4,2,1,4797.73193359375,-105.26828002929688,1042.7574462890625,4.803866863250732,1.0289428234100342,4.950925350189209,-0.14636750519275665,-6.3049726486206055,7.273850917816162,2.408663272857666,0.005245187785476446,0.999999463558197,0.0000024023797777772415,13.447854042053223,13.413376808166504,13.46768569946289,0.8370616436004639,0.8535277843475342,2.3996646404266357,0,4800,0.07503822445869446,3.4035043716430664
1787293517268,1187,4,2,1,4799.56591796875,53.88504409790039,756.6836547851562,4.52992057800293,1.1798089742660522,4.741204738616943,0.08100615441799164,-5.463763236999512,6.648599147796631,2.4110372066497803,0.005296849180012941,0.9999997615814209,5.105027298668574e-7,13.44836139678955,13.412578582763672,13.470687866210938,0.8371302485466003,0.8480730056762695,2.3974595069885254,0,4800,0.07508472353219986,3.217944860458374
1787293517288,1188,4,2,1,4801.14111328125,257.8737487792969,1051.3291015625,5.2616095542907715,1.1154789924621582,4.976698875427246,-0.04554922506213188,-6.162576198577881,6.473747730255127,2.409356117248535,0.005433493293821812,0.9999833703041077,0.000024947881684056483,13.456425666809082,13.421913146972656,13.479783058166504,0.8358827233314514,0.8537049293518066,2.3974595069885254,0,4800,0.07514230906963348,3.738044023513794
1787293517308,1189,4,2,1,4796.6904296875,-273.96893310546875,948.9683837890625,4.392375469207764,0.9573544859886169,4.826229095458984,-0.03915201500058174,-6.349628925323486,6.574972629547119,2.4130988121032715,0.0039779627695679665,0.9999723434448242,0.000045263066567713395,13.464427947998047,13.4341402053833,13.490235328674316,0.8357778191566467,0.8513891696929932,2.4018707275390625,0,4800,0.07515688240528107,3.0843756198883057
1787293517328,1190,4,2,1,4800.3896484375,135.49351501464844,1011.388916015625,4.719742774963379,1.2044501304626465,4.645756244659424,0.10729624330997467,-5.758174419403076,7.767423152923584,2.413344621658325,0.004749547690153122,0.9999967217445374,0.000012192863323434722,13.471834182739258,13.435473442077637,13.490379333496094,0.8354893922805786,0.8534437417984009,2.4018707275390625,0,4800,0.07521266490221024,3.330143451690674
1787293517348,1191,4,2,1,4797.29443359375,-77.68643188476562,914.0855102539062,5.06251859664917,1.1412699222564697,5.172084808349609,0.09974772483110428,-6.290060520172119,7.6433234214782715,2.4147887229919434,0.005386760924011469,0.9999646544456482,0.0000784794392529875,13.473743438720703,13.440954208374023,13.492753982543945,0.8368906378746033,0.8492593765258789,2.4018707275390625,0,4800,0.07527805119752884,3.5983245372772217
1787293517368,1192,4,2,1,4798.49072265625,-98.53736877441406,1003.4109497070312,4.60302734375,0.8046213388442993,4.728644371032715,-0.11983302980661392,-6.440094470977783,6.920528411865234,2.4168667793273926,0.004035640973597765,0.9999824166297913,0.00004908405026071705,13.477775573730469,13.449051856994629,13.502569198608398,0.8340385556221008,0.84773188829422,2.4084880352020264,0,4800,0.0752967894077301,3.2377164363861084
1787293517388,1193,4,2,1,4800.5478515625,176.72784423828125,942.6505126953125,4.7062482833862305,0.9465076923370361,4.815073490142822,0.18036414682865143,-5.820104598999023,6.5165557861328125,2.416588068008423,0.0042703100480139256,0.999972403049469,0.00004961852027918212,13.490848541259766,13.457124710083008,13.521475791931152,0.8360419273376465,0.8509927988052368,2.4018707275390625,0,4800,0.0753534659743309,3.308323383331299
1787293517408,1194,4,2,1,4796.68017578125,-192.6781768798828,872.5930786132812,4.98119592666626,1.187320351600647,5.008068561553955,0.03683222085237503,-5.947085857391357,7.085579872131348,2.416053056716919,0.0051603661850094795,0.9999258518218994,0.00011486522998893633,13.49177074432373,13.46103286743164,13.534215927124023,0.8339492082595825,0.8404026031494141,2.4018707275390625,0,4800,0.07540222257375717,3.5364773273468018
1787293517429,1195,4,2,1,4800.9072265625,190.4680633544922,911.9574584960938,4.515072345733643,1.221767783164978,4.827901363372803,-0.3658279776573181,-5.998176097869873,7.431984901428223,2.4197564125061035,0.005063182208687067,0.9998942613601685,0.00012502835306804627,13.504295349121094,13.473197937011719,13.528119087219238,0.834625244140625,0.8546212315559387,2.4084880352020264,0,4800,0.0754481852054596,3.1889801025390625
1787293517449,1196,4,2,1,4798.81396484375,10.859126091003418,1061.4779052734375,5.050953388214111,1.0682097673416138,4.909045219421387,0.26009777188301086,-6.335389614105225,7.672332763671875,2.4206631183624268,0.005878911819308996,0.9999428987503052,0.00010474777081981301,13.515375137329102,13.46697998046875,13.554716110229492,0.8343330025672913,0.8478779792785645,2.4084880352020264,0,4800,0.07549237459897995,3.5365889072418213
1787293517469,1197,4,2,1,4798.12353515625,-125.533447265625,895.5013427734375,5.2841997146606445,1.038006067276001,4.639265060424805,-0.3914431035518646,-5.7314839363098145,6.615879058837891,2.423640251159668,0.006144870538264513,0.9999515414237976,0.00007923775410745293,13.525003433227539,13.470123291015625,13.565092086791992,0.8295886516571045,0.8357951641082764,2.4106943607330322,0,4800,0.07552056014537811,3.762559652328491
1787293517489,1198,4,2,1,4801.13916015625,245.851806640625,1031.93310546875,4.952664375305176,1.1550688743591309,4.9402947425842285,-0.25563445687294006,-5.631755828857422,7.372585773468018,2.420740842819214,0.004897331353276968,0.999994158744812,0.000021410025510704145,13.536568641662598,13.478832244873047,13.570744514465332,0.8335126042366028,0.8494032621383667,2.4106943607330322,0,4800,0.07557887583971024,3.5031449794769287
1787293517509,1199,4,2,1,4795.52783203125,-372.24249267578125,987.3046264648438,4.650867462158203,0.9866881966590881,4.802258491516113,0.6740935444831848,-6.157425403594971,7.266513824462891,2.42219614982605,0.0043208715505898,0.9999852180480957,0.000025549039492034353,13.545243263244629,13.497340202331543,13.579065322875977,0.8332167267799377,0.8484819531440735,2.4106943607330322,0,4800,0.07560122013092041,3.2255091667175293
1787293517529,1200,4,2,1,4800.6943359375,140.8443145751953,853.6815185546875,4.437816619873047,1.1993193626403809,4.670503616333008,-0.47307735681533813,-6.590744972229004,5.615361213684082,2.4272942543029785,0.005396957974880934,0.9999885559082031,0.000017917702280101366,13.5537109375,13.502738952636719,13.578661918640137,0.8327392339706421,0.8475801944732666,2.4151055812835693,0,4800,0.07564368098974228,3.1315724849700928
1787293517549,1201,4,2,1,4799.76806640625,145.42481994628906,1004.9069213867188,4.938497066497803,1.1939460039138794,5.192703723907471,-0.08605979382991791,-6.444328308105469,7.375942707061768,2.427014112472534,0.005325373262166977,0.9999982714653015,0.000005508415142685408,13.560087203979492,13.507259368896484,13.580065727233887,0.8339415788650513,0.8460061550140381,2.4173104763031006,0,4800,0.07570237666368484,3.5076563358306885
1787293517569,1202,4,2,1,4797.48974609375,-204.18414306640625,992.7840576171875,4.52282190322876,0.8990088105201721,4.607733726501465,0.4424566924571991,-6.125999450683594,6.747902870178223,2.431493043899536,0.004463685676455498,0.9999922513961792,0.000017544687580084428,13.564053535461426,13.522345542907715,13.581135749816895,0.8313337564468384,0.847375214099884,2.4195165634155273,0,4800,0.07571524381637573,3.146838426589966
1787293517590,1203,4,2,1,4802.18017578125,296.7788391113281,925.1376953125,4.628115177154541,1.1098988056182861,4.711873531341553,-0.45106324553489685,-6.012985706329346,6.229705810546875,2.429457664489746,0.006428870372474194,0.9999915957450867,0.000018695605831453577,13.568772315979004,13.530406951904297,13.580376625061035,0.8320887088775635,0.8477636575698853,2.412900686264038,0,4800,0.0757618248462677,3.244990110397339
1787293517610,1204,4,2,1,4796.1474609375,-255.50830078125,837.3002319335938,4.806309700012207,1.1624943017959595,5.096375942230225,0.45605164766311646,-5.849422931671143,7.52713680267334,2.4303622245788574,0.00616850471124053,0.9999542236328125,0.00006610352284042165,13.570653915405273,13.53066349029541,13.581883430480957,0.8326240181922913,0.8486186861991882,2.4195165634155273,0,4800,0.07580216228961945,3.3834097385406494
1787293517630,1205,4,2,1,4799.837890625,45.3472900390625,906.4902954101562,4.693416118621826,0.9670896530151367,4.543342590332031,0.16446062922477722,-6.4455461502075195,7.726156234741211,2.4328973293304443,0.005329760257154703,0.9999944567680359,0.000019143395547871478,13.576876640319824,13.55810260772705,13.582159996032715,0.8302680850028992,0.8424621224403381,2.4195165634155273,0,4800,0.07583041489124298,3.2911770343780518
1787293517650,1206,4,2,1,4800.54541015625,162.4434814453125,1013.5045776367188,4.795296669006348,0.8965929746627808,4.947269916534424,-0.41529175639152527,-6.38512659072876,7.210995674133301,2.435633659362793,0.00569915072992444,0.9999518394470215,0.00007930603169370443,13.582683563232422,13.578503608703613,13.58846378326416,0.8314438462257385,0.8450451493263245,2.421722888946533,0,4800,0.07587708532810211,3.358551263809204
1787293517670,1207,4,2,1,4797.03662109375,-238.25430297851562,871.7167358398438,4.576521873474121,1.0214041471481323,4.770596504211426,0.32139360904693604,-5.734530448913574,6.463262557983398,2.4364490509033203,0.004634799435734749,0.9999727606773376,0.000057686927902977914,13.583151817321777,13.575029373168945,13.5927152633667,0.8291088938713074,0.8396658897399902,2.4195165634155273,0,4800,0.07589825987815857,3.2043399810791016
1787293517690,1208,4,2,1,4800.3095703125,178.7105712890625,856.9326782226562,5.120564937591553,1.0547411441802979,4.8690409660339355,-0.044772371649742126,-5.8790974617004395,7.102741718292236,2.4344732761383057,0.005848214495927095,0.9999967217445374,0.000013623500308312941,13.586236953735352,13.5812349319458,13.593403816223145,0.8292034864425659,0.8447648882865906,2.4195165634155273,0,4800,0.07596540451049805,3.6131153106689453
1787293517710,1209,4,2,1,4797.748046875,-122.11820983886719,1070.125,4.87571907043457,1.1189507246017456,5.083052158355713,0.022113706916570663,-6.22758150100708,6.878493309020996,2.4367189407348633,0.0041257841512560844,0.9999771118164062,0.00005655064160237089,13.592686653137207,13.58201789855957,13.606757164001465,0.8294139504432678,0.8493520617485046,2.4195165634155273,0,4800,0.07599791139364243,3.4047274589538574
1787293517730,1210,4,2,1,4800.44091796875,61.14601516723633,880.9740600585938,4.382205486297607,1.1192388534545898,4.572301864624023,0.04414242133498192,-5.490738391876221,5.508429050445557,2.4397175312042236,0.003798973048105836,0.9999706149101257,0.000041161663830280304,13.596329689025879,13.586228370666504,13.609979629516602,0.8284697532653809,0.8496176600456238,2.4261341094970703,0,4800,0.07601254433393478,3.053931951522827
1787293517750,1211,4,2,1,4800.8623046875,229.068359375,944.770263671875,5.1469926834106445,1.1570228338241577,5.070429801940918,-0.2514849007129669,-6.8255085945129395,7.60798454284668,2.439187526702881,0.00376990158110857,0.9999964237213135,0.000012183793842268642,13.60174560546875,13.58500862121582,13.618950843811035,0.8287628293037415,0.8442500233650208,2.4305450916290283,0,4800,0.07607033848762512,3.6403231620788574
1787293517771,1212,4,2,1,4797.12744140625,-262.0096740722656,978.3643188476562,4.531641960144043,0.9024009704589844,4.776317596435547,0.051975131034851074,-6.035004138946533,6.468122482299805,2.4408257007598877,0.003901983145624399,0.9999365210533142,0.00010540884977672249,13.607813835144043,13.587187767028809,13.622115135192871,0.8270899057388306,0.8428595662117004,2.432751417160034,0,4800,0.07607422769069672,3.161161184310913
1787293517790,1213,4,2,1,4799.94921875,41.47985076904297,978.4309692382812,4.634909152984619,0.9347813725471497,4.574267387390137,0.13865715265274048,-5.93217658996582,6.247995376586914,2.439655303955078,0.003931480459868908,0.9999716877937317,0.00007000780897215009,13.618061065673828,13.598116874694824,13.629063606262207,0.826949417591095,0.8410879969596863,2.4305450916290283,0,4800,0.07610219717025757,3.2216598987579346
1787293517811,1214,4,2,1,4797.818359375,-58.89042663574219,943.2218627929688,4.964748382568359,1.1684794425964355,5.181914806365967,-0.07964503020048141,-5.4177165031433105,6.8028154373168945,2.4408459663391113,0.004131154157221317,0.9999693036079407,0.000052198298362782225,13.62251091003418,13.593684196472168,13.636926651000977,0.8286072015762329,0.8428815007209778,2.432751417160034,0,4800,0.0761614516377449,3.4971179962158203
1787293517831,1215,4,2,1,4799.31494140625,-42.9766845703125,923.1990356445312,4.495677471160889,1.041524887084961,4.670590400695801,0.04648818448185921,-6.280369758605957,7.260116100311279,2.445927381515503,0.004215413238853216,0.9998566508293152,0.00019867834635078907,13.628519058227539,13.60741138458252,13.650649070739746,0.8260607123374939,0.8362331390380859,2.4371626377105713,0,4800,0.07616960257291794,3.1517765522003174
1787293517851,1216,4,2,1,4800.74853515625,167.255615234375,983.012939453125,4.823690891265869,0.9327351450920105,4.757987976074219,0.1701681911945343,-6.511660099029541,7.384427070617676,2.444556951522827,0.004910843912512064,0.999904215335846,0.00018503496539779007,13.641671180725098,13.618650436401367,13.662315368652344,0.8267818689346313,0.8395496606826782,2.4371626377105713,0,4800,0.07621213048696518,3.3460991382598877
1787293517871,1217,4,2,1,4797.96875,-132.75030517578125,825.4456787109375,4.7148261070251465,1.0417572259902954,4.828906536102295,-0.13062924146652222,-4.946780681610107,6.510510444641113,2.4473369121551514,0.004967143759131432,0.9999527335166931,0.00008289494144264609,13.644372940063477,13.61567497253418,13.665108680725098,0.8256497383117676,0.8383300304412842,2.434957504272461,0,4800,0.07624022662639618,3.29675030708313
1787293517891,1218,4,2,1,4801.16357421875,175.151611328125,809.2823486328125,4.6344523429870605,1.1532350778579712,4.712766647338867,-0.1584901660680771,-6.0576372146606445,7.022463321685791,2.4482340812683105,0.005162735469639301,0.9999180436134338,0.00009161134948953986,13.658775329589844,13.621271133422852,13.676875114440918,0.8249553442001343,0.8416746854782104,2.432751417160034,0,4800,0.07627130299806595,3.2545864582061768
1787293517911,1219,4,2,1,4798.1748046875,-55.882415771484375,1053.04296875,5.2208404541015625,1.1059333086013794,4.991135120391846,0.25262197852134705,-6.300084114074707,6.984342098236084,2.4464006423950195,0.005796500016003847,0.9999901056289673,0.00003105908399447799,13.664334297180176,13.638541221618652,13.681093215942383,0.824873149394989,0.8415733575820923,2.4371626377105713,0,4800,0.07630778849124908,3.6357414722442627
1787293517931,1220,4,2,1,4798.67333984375,-107.86717987060547,992.1278076171875,4.3378095626831055,1.2145812511444092,4.615660190582275,-0.231734499335289,-5.6867594718933105,6.139255046844482,2.4514944553375244,0.0047737350687384605,0.9999517202377319,0.00006848723569419235,13.67170238494873,13.642724990844727,13.689718246459961,0.8243914842605591,0.8422163724899292,2.4371626377105713,0,4800,0.07632439583539963,3.009065628051758
1787293517952,1221,4,2,1,4800.599609375,180.45164489746094,891.4827270507812,4.887000560760498,1.2947578430175781,4.945166110992432,0.11368490010499954,-6.410775661468506,7.864590644836426,2.4525601863861084,0.005256319418549538,0.9999009966850281,0.00012335895735304803,13.680057525634766,13.654236793518066,13.693830490112305,0.8249589800834656,0.8403377532958984,2.4415736198425293,0,4800,0.07637790590524673,3.4273681640625
1787293517972,1222,4,2,1,4795.82568359375,-310.7419128417969,868.2667846679688,4.888749599456787,1.0153567790985107,4.951929092407227,0.6544961929321289,-6.020460605621338,6.654566287994385,2.4547359943389893,0.00432454701513052,0.9999037384986877,0.00017559998377691954,13.685453414916992,13.659994125366211,13.706477165222168,0.824015736579895,0.8352963924407959,2.4459848403930664,0,4800,0.0764077827334404,3.38561749458313
1787293517991,1223,4,2,1,4800.7451171875,125.85433197021484,902.2589721679688,4.472864627838135,0.8302985429763794,4.748049259185791,-0.3564797341823578,-5.810601234436035,5.848198413848877,2.454287528991699,0.0028049831744283438,0.9999799132347107,0.00005917407543165609,13.698594093322754,13.676573753356934,13.71162223815918,0.823283851146698,0.8365200161933899,2.4437785148620605,0,4800,0.07643882930278778,3.093597650527954
1787293518012,1224,4,2,1,4799.9892578125,154.08602905273438,1034.0576171875,5.422098159790039,1.6134798526763916,5.157139778137207,0.2939184606075287,-5.86335563659668,6.71409797668457,2.453096389770508,0.005065796431154013,0.9999380707740784,0.00009871744987322018,13.705617904663086,13.679999351501465,13.722098350524902,0.8226174712181091,0.8414581418037415,2.443779945373535,0,4800,0.07649538666009903,3.7894017696380615
1787293518032,1225,4,2,1,4797.7744140625,-183.49853515625,970.3755493164062,5.54384708404541,1.1431530714035034,4.648767471313477,0.5425547361373901,-6.620892524719238,7.199037075042725,2.4603593349456787,0.004688133951276541,0.999853253364563,0.00018135081336367875,13.710587501525879,13.686163902282715,13.733558654785156,0.8183661699295044,0.8356524705886841,2.4503960609436035,0,4800,0.07650318741798401,3.8400325775146484
1787293518052,1226,4,2,1,4801.97412109375,257.16619873046875,896.8960571289062,4.569600582122803,1.0337151288986206,4.719347953796387,-0.44990941882133484,-5.883118629455566,6.19033670425415,2.461590051651001,0.005471918266266584,0.9998964071273804,0.00018425674352329224,13.727055549621582,13.700976371765137,13.749263763427734,0.8217691779136658,0.8350827693939209,2.4481897354125977,0,4800,0.07654062658548355,3.161980628967285
1787293518072,1227,4,2,1,4795.8837890625,-257.8664855957031,787.4950561523438,5.1702656745910645,1.3416026830673218,5.208625793457031,0.6046634316444397,-6.070111274719238,6.78946590423584,2.4601495265960693,0.006197203882038593,0.9998645782470703,0.00019934414012823254,13.727729797363281,13.704392433166504,13.745707511901855,0.8215382695198059,0.8393324017524719,2.4526021480560303,0,4800,0.07658979296684265,3.728849411010742
1787293518092,1228,4,2,1,4800.16357421875,49.12981414794922,925.6849365234375,4.671298027038574,1.0779496431350708,4.601988792419434,0.2375381737947464,-6.385948181152344,7.7900471687316895,2.464193105697632,0.005092729348689318,0.9999493360519409,0.00011502605775604025,13.741368293762207,13.717135429382324,13.761990547180176,0.8200230002403259,0.8331719636917114,2.454808473587036,0,4800,0.07660993933677673,3.2484095096588135
1787293518113,1229,4,2,1,4800.208984375,138.36038208007812,1059.3648681640625,4.818944931030273,0.972491979598999,5.069022178649902,-0.3814876079559326,-6.35050630569458,6.8889946937561035,2.4643852710723877,0.004588298033922911,0.9999565482139587,0.00008319022163050249,13.753024101257324,13.728172302246094,13.768877983093262,0.8217077255249023,0.8321716785430908,2.4526021480560303,0,4800,0.07665777206420898,3.3356854915618896
1787293518132,1230,4,2,1,4797.32421875,-215.2826385498047,872.2169189453125,4.538270473480225,1.0879310369491577,4.791296005249023,0.21300601959228516,-5.708701133728027,6.758738040924072,2.46801495552063,0.004320360254496336,0.9999396204948425,0.0000896019337233156,13.761219024658203,13.731968879699707,13.780534744262695,0.8198893666267395,0.8309181928634644,2.454808473587036,0,4800,0.07667972147464752,3.146899700164795
1787293518153,1231,4,2,1,4800.583984375,161.5253448486328,875.8912353515625,5.015573978424072,1.0570404529571533,4.777841567993164,-0.16249491274356842,-6.193971633911133,6.711245059967041,2.4683871269226074,0.00664859963580966,0.9999375343322754,0.00011716541484929621,13.774267196655273,13.743902206420898,13.788037300109863,0.8186302185058594,0.830234944820404,2.4481911659240723,0,4800,0.07672789692878723,3.494448184967041
1787293518173,1232,4,2,1,4797.75341796875,-111.12007141113281,1038.7099609375,4.926522254943848,0.910520076751709,5.172833442687988,0.05372310057282448,-6.054945468902588,7.418105125427246,2.469053268432617,0.004275581333786249,0.9999762177467346,0.00007001308404142037,13.782490730285645,13.746862411499023,13.79843807220459,0.8197636604309082,0.836249053478241,2.457014560699463,0,4800,0.07676400244235992,3.394681215286255
1787293518193,1233,4,2,1,4800.5751953125,86.19474029541016,851.6982421875,4.338106632232666,1.2386795282363892,4.522065162658691,-0.036528196185827255,-5.588135719299316,5.538599014282227,2.4717650413513184,0.005058005917817354,0.9998993873596191,0.00012413295917212963,13.790284156799316,13.754396438598633,13.80134391784668,0.8187351822853088,0.8328196406364441,2.4592208862304688,0,4800,0.0767846405506134,2.9923150539398193
1787293518213,1234,4,2,1,4800.75830078125,221.9415740966797,989.8148193359375,5.081171035766602,1.2175917625427246,5.0004401206970215,-0.31022581458091736,-6.758254528045654,7.662176609039307,2.470391035079956,0.005651229526847601,0.9999878406524658,0.00003948083394789137,13.799546241760254,13.780210494995117,13.812525749206543,0.8185304403305054,0.8288058638572693,2.454808473587036,0,4800,0.07684039324522018,3.550032615661621
1787293518233,1235,4,2,1,4796.865234375,-243.32012939453125,956.6966552734375,4.701236248016357,0.8106182217597961,4.935060977935791,0.03757539391517639,-6.103637218475342,6.436102390289307,2.476051092147827,0.004698564298450947,0.9997472167015076,0.00023843698727432638,13.806122779846191,13.790214538574219,13.81817626953125,0.8171495199203491,0.8298159837722778,2.465837001800537,0,4800,0.07686284929513931,3.2395012378692627
1787293518253,1236,4,2,1,4800.689453125,110.25492858886719,1031.4600830078125,4.735286235809326,1.4890837669372559,4.566074371337891,0.5207429528236389,-5.891235828399658,7.589760780334473,2.477870464324951,0.006683873012661934,0.9995903968811035,0.00039946727338247,13.819217681884766,13.802078247070312,13.83227252960205,0.8157503604888916,0.835136890411377,2.4636306762695312,0,4800,0.07689359039068222,3.341562032699585
1787293518274,1237,4,2,1,4797.52197265625,-88.28282165527344,864.3369750976562,5.279867172241211,1.3301801681518555,5.2398247718811035,0.19083072245121002,-6.400998115539551,7.680356502532959,2.476986885070801,0.005696349311619997,0.999811589717865,0.00027107534697279334,13.82413387298584,13.802491188049316,13.839984893798828,0.8171042799949646,0.8357468843460083,2.4636306762695312,0,4800,0.0769464373588562,3.6776771545410156
1787293518293,1238,4,2,1,4798.67431640625,-87.59716033935547,1003.2276611328125,4.479264736175537,0.9652761220932007,4.656215667724609,-0.026130829006433487,-6.466698169708252,7.779331684112549,2.4798741340637207,0.00404717493802309,0.9997636079788208,0.0003199187049176544,13.834883689880371,13.814129829406738,13.851308822631836,0.8156304955482483,0.8290034532546997,2.472454309463501,0,4800,0.07696539163589478,3.0757346153259277
1787293518314,1239,4,2,1,4800.88330078125,183.33636474609375,931.140625,4.765917778015137,0.7668024897575378,4.885138034820557,0.11505234986543655,-6.370259761810303,6.337040424346924,2.4800078868865967,0.004523309413343668,0.9998406171798706,0.00023770934785716236,13.847856521606445,13.823668479919434,13.862784385681152,0.8161787390708923,0.8280953168869019,2.470247983932495,0,4800,0.0770145133137703,3.2649307250976562
1787293518334,1240,4,2,1,4797.41357421875,-164.45672607421875,820.69677734375,4.6876678466796875,1.210964560508728,4.952204704284668,-0.1625925749540329,-5.447261810302734,6.578385829925537,2.4838037490844727,0.005106457509100437,0.9997045993804932,0.00033603704650886357,13.856892585754395,13.83219051361084,13.873645782470703,0.8151495456695557,0.8234809041023254,2.472454309463501,0,4800,0.07705086469650269,3.2522008419036865
1787293518354,1241,4,2,1,4801.0615234375,174.6743927001953,852.84912109375,4.728508472442627,1.1484522819519043,4.818592548370361,-0.24964582920074463,-6.04745626449585,7.293768405914307,2.4864208698272705,0.004161839373409748,0.9996262192726135,0.0004054913006257266,13.87212085723877,13.848637580871582,13.89406967163086,0.813703715801239,0.8323779106140137,2.476865530014038,0,4800,0.07708368450403214,3.2746992111206055
1787293518374,1242,4,2,1,4798.50830078125,3.031219720840454,1035.701171875,4.952418804168701,1.068887710571289,5.089359760284424,0.21173222362995148,-6.37347412109375,7.9681172370910645,2.4851419925689697,0.005154760088771582,0.9997051358222961,0.00041520019294694066,13.880280494689941,13.856386184692383,13.894311904907227,0.8157577514648438,0.8327372670173645,2.4702494144439697,0,4800,0.07713688910007477,3.3822643756866455
1787293518394,1243,4,2,1,4798.755859375,-104.00656127929688,940.123046875,4.30891752243042,1.2390754222869873,4.601279258728027,-0.3261907398700714,-5.756153106689453,5.279694080352783,2.4894535541534424,0.004311557859182358,0.9997110366821289,0.0003040017036255449,13.891470909118652,13.856398582458496,13.907913208007812,0.8133149743080139,0.8352821469306946,2.479071617126465,0,4800,0.0771542489528656,2.9551024436950684
1787293518414,1244,4,2,1,4800.70068359375,185.93548583984375,979.0171508789062,4.818813800811768,1.2481287717819214,4.984472274780273,0.007378299720585346,-6.5635480880737305,6.704590320587158,2.488588333129883,0.0031743603758513927,0.9997944235801697,0.00025102010113187134,13.904045104980469,13.880627632141113,13.921061515808105,0.813480794429779,0.826441764831543,2.476865530014038,0,4800,0.07720494270324707,3.333228588104248
1787293518434,1245,4,2,1,4795.70263671875,-329.48687744140625,894.8460693359375,4.865615367889404,0.9435728192329407,4.994405269622803,0.7305026054382324,-5.913832187652588,6.404636383056641,2.491948366165161,0.0037620137445628643,0.9995236992835999,0.00037177224294282496,13.914828300476074,13.894308090209961,13.930006980895996,0.8126316666603088,0.8270358443260193,2.481276512145996,0,4800,0.07723703980445862,3.3108458518981934
1787293518454,1246,4,2,1,4801.259765625,169.03424072265625,960.1442260742188,4.464560508728027,1.0895066261291504,4.726744174957275,-0.4049302041530609,-6.243746757507324,4.96463680267334,2.4969589710235596,0.005339186172932386,0.9990777969360352,0.0007276296964846551,13.929920196533203,13.90853214263916,13.940698623657227,0.8115713000297546,0.8313129544258118,2.485687732696533,0,4800,0.07726642489433289,3.0492210388183594
1787293518474,1247,4,2,1,4799.86474609375,150.3919219970703,1022.6923217773438,5.119857311248779,1.2540955543518066,5.224367618560791,0.028618035838007927,-5.822620391845703,7.4373087882995605,2.495896577835083,0.005769707262516022,0.9990512728691101,0.0007296567782759666,13.940962791442871,13.907608032226562,13.962478637695312,0.8123675584793091,0.8275124430656433,2.483482837677002,0,4800,0.07732546329498291,3.53828501701355
1787293518494,1248,4,2,1,4797.8603515625,-158.71759033203125,969.913330078125,4.586637496948242,0.997874915599823,4.797641754150391,0.2772327959537506,-6.22765588760376,7.589155197143555,2.4998929500579834,0.0044808536767959595,0.99882572889328,0.0005915359943173826,13.949847221374512,13.93416976928711,13.968981742858887,0.8104631900787354,0.8205965757369995,2.4900989532470703,0,4800,0.07734428346157074,3.1306328773498535
1787293518514,1249,4,2,1,4801.44775390625,218.50807189941406,933.0867309570312,4.755988121032715,0.9517465829849243,4.876547336578369,-0.3902928829193115,-6.374637603759766,7.217261791229248,2.499356746673584,0.0050317891873419285,0.9989314675331116,0.0006822683499194682,13.973329544067383,13.946883201599121,13.991739273071289,0.8096405863761902,0.8228675127029419,2.4900989532470703,0,4800,0.07738088071346283,3.2433037757873535
1787293518535,1250,4,2,1,4795.9609375,-286.0589904785156,861.3745727539062,4.723794937133789,1.0710641145706177,5.099724292755127,0.4571398198604584,-5.378152847290039,6.807758331298828,2.5040178298950195,0.004325975198298693,0.9981053471565247,0.0006986085209064186,13.983521461486816,13.955864906311035,13.99404239654541,0.8108977675437927,0.8251109719276428,2.4900989532470703,0,4800,0.07742241024971008,3.217355728149414
1787293518555,1251,4,2,1,4799.9814453125,83.32362365722656,810.3162231445312,4.946854591369629,1.1014279127120972,4.749310493469238,-0.025960508733987808,-6.119949817657471,7.379734039306641,2.5082950592041016,0.004838363267481327,0.9974861145019531,0.0007015573792159557,13.995250701904297,13.971735954284668,14.007360458374023,0.8075061440467834,0.8205698728561401,2.49892258644104,0,4800,0.07746029645204544,3.409695625305176
1787293518575,1252,4,2,1,4799.7666015625,124.89299774169922,1039.1177978515625,4.891538143157959,0.9704387784004211,5.242048740386963,-0.26791203022003174,-6.104702472686768,7.582423210144043,2.5077147483825684,0.004146409686654806,0.9971308708190918,0.0006082894979044795,14.010161399841309,13.986653327941895,14.031070709228516,0.8094736933708191,0.8265010118484497,2.496716260910034,0,4800,0.07751650363206863,3.329493522644043
1787293518595,1253,4,2,1,4797.26611328125,-222.92742919921875,971.1060791015625,4.560434818267822,1.1805416345596313,4.7769365310668945,0.21416392922401428,-5.616166591644287,5.808285713195801,2.5111823081970215,0.005261601414531469,0.9963608384132385,0.00086185522377491,14.01725959777832,13.99931526184082,14.031441688537598,0.8071399331092834,0.8239617943763733,2.492305040359497,0,4800,0.07754221558570862,3.087076187133789
1787293518615,1254,4,2,1,4801.55615234375,251.40452575683594,901.4719848632812,4.793774127960205,1.2027182579040527,4.924803256988525,-0.33282139897346497,-6.2437968254089355,7.238868236541748,2.514082193374634,0.00497094914317131,0.9957634806632996,0.0007805186905898154,14.029779434204102,14.010796546936035,14.043586730957031,0.8070257306098938,0.8209783434867859,2.5011274814605713,0,4800,0.07759128510951996,3.2924163341522217
1787293518635,1255,4,2,1,4796.94580078125,-191.22268676757812,939.0555419921875,4.994113922119141,0.8915821313858032,5.134932041168213,0.24886977672576904,-6.016627311706543,7.020846843719482,2.515529155731201,0.004938314203172922,0.994777262210846,0.0007054255693219602,14.041892051696777,14.021797180175781,14.06081771850586,0.8065308928489685,0.8190886378288269,2.5055384635925293,0,4800,0.07762162387371063,3.408726453781128
1787293518655,1256,4,2,1,4800.17822265625,58.69253921508789,953.627685546875,4.466862678527832,0.904053270816803,4.549884796142578,0.2281986027956009,-5.956007957458496,6.715664863586426,2.5224149227142334,0.00540723605081439,0.9934602975845337,0.0009564333013258874,14.053566932678223,14.035143852233887,14.073534965515137,0.8061484098434448,0.8207539319992065,2.509951114654541,0,4800,0.07764724642038345,3.011645555496216
1787293518675,1257,4,2,1,4800.875,222.61962890625,1017.8694458007812,5.189648151397705,1.1101752519607544,5.053240776062012,-0.504342257976532,-5.678493499755859,7.30294942855835,2.5185327529907227,0.005635338369756937,0.9934255480766296,0.0007321352022700012,14.07080078125,14.04603099822998,14.088820457458496,0.8050249814987183,0.8223969340324402,2.507744789123535,0,4800,0.07770320028066635,3.5526912212371826
1787293518695,1258,4,2,1,4796.34326171875,-292.53497314453125,979.5215454101562,4.720038414001465,0.9861602187156677,4.8784894943237305,0.21303501725196838,-6.103275775909424,7.8252787590026855,2.5230820178985596,0.0046183867380023,0.9919544458389282,0.0008278546738438308,14.08178424835205,14.061279296875,14.103580474853516,0.8037459254264832,0.8136811256408691,2.514362096786499,0,4800,0.07772424072027206,3.20515775680542
1787293518715,1259,4,2,1,4800.3427734375,101.52110290527344,963.3519897460938,4.7486891746521,0.807999849319458,4.766993999481201,0.27201730012893677,-6.2676897048950195,7.738954067230225,2.5241689682006836,0.0031272766645997763,0.9912675619125366,0.0006137703894637525,14.097025871276855,14.070796012878418,14.112479209899902,0.8035050630569458,0.8192437887191772,2.5099496841430664,0,4800,0.07776471972465515,3.1966679096221924
1787293518736,1260,4,2,1,4798.11669921875,-88.06787872314453,972.4810180664062,4.826540946960449,1.0571073293685913,5.067687034606934,-0.14580059051513672,-6.22597599029541,6.454141616821289,2.528844118118286,0.004434726666659117,0.989686131477356,0.0008663059561513364,14.110947608947754,14.084090232849121,14.127663612365723,0.8037787675857544,0.816591203212738,2.514362096786499,0,4800,0.07779695093631744,3.2725942134857178
1787293518756,1261,4,2,1,4799.40087890625,-2.0272586345672607,778.4786376953125,4.672678470611572,1.191414475440979,4.802468299865723,0.05818759649991989,-5.90789794921875,6.654273986816406,2.5295286178588867,0.003940063528716564,0.9886746406555176,0.0007157754735089839,14.122076034545898,14.101814270019531,14.139572143554688,0.8016688227653503,0.8132950067520142,2.520979642868042,0,4800,0.07782066613435745,3.1882147789001465
1787293518776,1262,4,2,1,4800.85205078125,224.49609375,1027.009765625,5.051544189453125,1.0613783597946167,4.977085590362549,0.10168374329805374,-5.9053874015808105,7.6009202003479,2.531184673309326,0.0036915175151079893,0.9876679182052612,0.0005107645411044359,14.138909339904785,14.125722885131836,14.159600257873535,0.8026443719863892,0.8171754479408264,2.520979642868042,0,4800,0.07788005471229553,3.4103689193725586
1787293518796,1263,4,2,1,4797.46630859375,-208.87692260742188,882.2472534179688,4.498183250427246,0.9931870698928833,4.8782429695129395,-0.17968867719173431,-5.676413059234619,5.83144998550415,2.5329999923706055,0.004594376310706139,0.9862522482872009,0.0008136073593050241,14.152183532714844,14.125103950500488,14.17261791229248,0.8006858229637146,0.816146731376648,2.520979642868042,0,4800,0.07789633423089981,3.0303611755371094
1787293518816,1264,4,2,1,4800.78857421875,140.68658447265625,920.2788696289062,4.503824710845947,1.311975359916687,4.764290809631348,-0.14837269484996796,-6.20166540145874,7.508254528045654,2.5356380939483643,0.005306148901581764,0.9849353432655334,0.0010168134467676282,14.169029235839844,14.146047592163086,14.182781219482422,0.8007718920707703,0.8143534660339355,2.5231857299804688,0,4800,0.07793092727661133,3.0628068447113037
1787293518836,1265,4,2,1,4797.994140625,-60.54508972167969,925.8720703125,5.377534866333008,1.1638011932373047,5.152729511260986,0.193495512008667,-6.473571300506592,7.091905117034912,2.534315347671509,0.00456983083859086,0.9840953350067139,0.000852969940751791,14.180920600891113,14.159892082214355,14.198771476745605,0.7993516325950623,0.8136247992515564,2.5231857299804688,0,4800,0.07797177135944366,3.649829149246216
1787293518856,1266,4,2,1,4798.8466796875,-108.21417236328125,1013.9471435546875,4.254728317260742,0.9459626078605652,4.585607528686523,-0.16494928300380707,-6.149500846862793,7.000677585601807,2.537868022918701,0.00525223184376955,0.9826462864875793,0.0009038257412612438,14.198892593383789,14.171137809753418,14.217909812927246,0.7986559867858887,0.8136965036392212,2.525390625,0,4800,0.07797858864068985,2.844957113265991
1787293518877,1267,4,2,1,4800.4345703125,140.50048828125,896.4873657226562,4.803141117095947,1.2054650783538818,4.927403450012207,0.12518878281116486,-5.973392963409424,7.192248344421387,2.534026861190796,0.00413238350301981,0.9819764494895935,0.0007250286289490759,14.212474822998047,14.192092895507812,14.225528717041016,0.7989290952682495,0.8138650059700012,2.525390625,0,4800,0.07802494615316391,3.234135866165161
1787293518896,1268,4,2,1,4796.859375,-212.90570068359375,823.5838623046875,4.888257026672363,1.0497102737426758,5.048614025115967,0.35441508889198303,-6.465821266174316,7.7152509689331055,2.5357534885406494,0.004846735391765833,0.9806815385818481,0.0009085990022867918,14.221580505371094,14.206785202026367,14.236602783203125,0.7977590560913086,0.8053357601165771,2.525390625,0,4800,0.07806079089641571,3.3026983737945557
1787293518916,1269,4,2,1,4801.8515625,178.24221801757812,898.96826171875,4.461434841156006,0.9078707098960876,4.556231498718262,-0.2611697018146515,-6.5819573402404785,7.324883460998535,2.5340218544006348,0.004713584668934345,0.9798282384872437,0.0008420716039836407,14.240586280822754,14.22384262084961,14.255566596984863,0.7955946326255798,0.8109014630317688,2.5231857299804688,0,4800,0.07806451618671417,2.9901790618896484
1787293518937,1270,4,2,1,4800.021484375,98.02142333984375,1051.341064453125,5.520561695098877,1.688761830329895,5.024330139160156,0.42445260286331177,-5.900595188140869,5.905571937561035,2.5328986644744873,0.005305029917508364,0.9789479374885559,0.0008059127139858902,14.251861572265625,14.23681926727295,14.266058921813965,0.7941758036613464,0.8088741302490234,2.5231845378875732,0,4800,0.07809539884328842,3.7157843112945557
1787293518957,1271,4,2,1,4798.17626953125,-122.7690658569336,891.190185546875,4.753190517425537,1.3187350034713745,4.8470282554626465,0.03637467324733734,-5.718288898468018,7.604239463806152,2.5327072143554688,0.004283181857317686,0.9781006574630737,0.0006322745466604829,14.259291648864746,14.238682746887207,14.277352333068848,0.7941455841064453,0.8015581369400024,2.525390625,0,4800,0.07812035083770752,3.2057065963745117
1787293518977,1272,4,2,1,4801.3701171875,210.5467987060547,919.7114868164062,4.8359856605529785,1.1301335096359253,4.930381774902344,-0.16499216854572296,-5.887265682220459,7.494392395019531,2.5289461612701416,0.004164441954344511,0.9777042865753174,0.0005600666045211256,14.269250869750977,14.248912811279297,14.286030769348145,0.7945703268051147,0.8132296204566956,2.520979642868042,0,4800,0.07815533131361008,3.2399752140045166
1787293518997,1273,4,2,1,4795.7314453125,-360.4545593261719,917.0473022460938,4.475909233093262,1.0315135717391968,4.957412242889404,0.5366882085800171,-4.992315769195557,7.703227519989014,2.528247356414795,0.0050711557269096375,0.9767672419548035,0.0007231638301163912,14.273752212524414,14.256958961486816,14.293220520019531,0.7953047156333923,0.8074086904525757,2.514362096786499,0,4800,0.07817717641592026,2.9597928524017334
1787293519017,1274,4,2,1,4800.6572265625,138.44456481933594,840.6593627929688,4.914943218231201,1.2182339429855347,4.861158847808838,-0.4112510085105896,-5.9831624031066895,5.760960578918457,2.529726982116699,0.004984559491276741,0.9760022163391113,0.0007512363372370601,14.278980255126953,14.260957717895508,14.295125007629395,0.7930142283439636,0.8072299957275391,2.516568422317505,0,4800,0.07821859419345856,3.3219552040100098
1787293519037,1275,4,2,1,4799.556640625,103.38097381591797,1041.8134765625,5.148497104644775,1.0043830871582031,5.2201995849609375,-0.17642390727996826,-5.943224906921387,6.568484783172607,2.5260303020477295,0.00436067720875144,0.9755119681358337,0.0006653461023233831,14.287972450256348,14.271305084228516,14.301294326782227,0.794176459312439,0.8047705888748169,2.514362096786499,0,4800,0.07827133685350418,3.4672863483428955
1787293519057,1276,4,2,1,4797.826171875,-196.91822814941406,1013.2777099609375,4.626712799072266,0.8564034104347229,4.694701671600342,0.5139508843421936,-6.170291423797607,6.6492919921875,2.526320457458496,0.0035593416541814804,0.9746282696723938,0.000574271020013839,14.28630542755127,14.267119407653809,14.299168586730957,0.7926062345504761,0.8116637468338013,2.516568422317505,0,4800,0.07827971875667572,3.0639455318450928
1787293519078,1277,4,2,1,4802.48046875,315.4200439453125,914.6941528320312,4.856976509094238,1.251878023147583,4.879201889038086,-0.4648108184337616,-6.251715183258057,8.005507469177246,2.522897958755493,0.004966079257428646,0.9746825695037842,0.0006714258342981339,14.293150901794434,14.275558471679688,14.3056640625,0.7929055094718933,0.8102867007255554,2.514362096786499,0,4800,0.07831919938325882,3.262566089630127
1787293519098,1278,4,2,1,4797.1767578125,-169.91900634765625,978.8490600585938,5.085604667663574,0.8869244456291199,5.265410900115967,0.168412983417511,-6.275253772735596,5.902270317077637,2.518000841140747,0.005565028637647629,0.9744598269462585,0.0007418794557452202,14.296409606933594,14.280193328857422,14.312491416931152,0.7928900718688965,0.8053846955299377,2.507744789123535,0,4800,0.07834826409816742,3.561246633529663
1787293519118,1279,4,2,1,4800.6337890625,53.653987884521484,952.9180908203125,4.609035968780518,1.1813079118728638,4.467105388641357,0.3994921147823334,-5.6281418800354,6.0823445320129395,2.519118309020996,0.004540718626230955,0.9737873077392578,0.0008326047682203352,14.301980972290039,14.279068946838379,14.316916465759277,0.7899335622787476,0.8103491067886353,2.509951114654541,0,4800,0.07835237681865692,3.303823232650757
1787293519138,1280,4,2,1,4800.50390625,176.1006317138672,981.9149780273438,5.268881797790527,1.123925805091858,5.166121959686279,-0.4948258101940155,-5.847325801849365,7.308093070983887,2.516221761703491,0.005050348117947578,0.9739339351654053,0.0006796926609240472,14.304161071777344,14.281899452209473,14.32097339630127,0.7921760082244873,0.8049986362457275,2.507744789123535,0,4800,0.07840295881032944,3.590304136276245
1787293519158,1281,4,2,1,4796.552734375,-261.591552734375,973.5114135742188,4.773340702056885,1.038999319076538,4.945822715759277,0.17661741375923157,-6.650603771209717,7.536988735198975,2.515225648880005,0.004928623791784048,0.973343551158905,0.0006838388508185744,14.302667617797852,14.282109260559082,14.321152687072754,0.7917372584342957,0.8022022247314453,2.5055384635925293,0,4800,0.0784321203827858,3.1974096298217773
1787293519178,1282,4,2,1,4800.0322265625,67.13762664794922,963.3688354492188,4.830528259277344,0.9812765717506409,4.821272850036621,0.1685008853673935,-6.430487632751465,7.11021614074707,2.5138463973999023,0.004480757750570774,0.9733924865722656,0.0006154373986646533,14.30837345123291,14.288153648376465,14.324552536010742,0.7916370630264282,0.8064778447151184,2.5055384635925293,0,4800,0.07846947759389877,3.20982027053833
1787293519198,1283,4,2,1,4798.1806640625,-71.93170166015625,1013.0589599609375,4.904374599456787,1.0304460525512695,5.221150875091553,-0.1531742364168167,-6.058201313018799,6.411338806152344,2.511347770690918,0.006331046111881733,0.9732388854026794,0.0009419634006917477,14.308070182800293,14.290149688720703,14.323015213012695,0.7929021120071411,0.8060197234153748,2.49892258644104,0,4800,0.0785084068775177,3.2860219478607178
1787293519218,1284,4,2,1,4799.880859375,17.118562698364258,785.58251953125,4.708906173706055,1.2219438552856445,4.785426139831543,0.031465332955121994,-6.089624404907227,6.626815319061279,2.5115253925323486,0.004749853163957596,0.9728772640228271,0.00074435502756387,14.309480667114258,14.292281150817871,14.325077056884766,0.7907938361167908,0.8027609586715698,2.5033349990844727,0,4800,0.07852043211460114,3.175468921661377
1787293519238,1285,4,2,1,4800.8994140625,212.9504852294922,1021.5880737304688,5.375711917877197,1.1332567930221558,5.147804260253906,0.08765395730733871,-6.0055012702941895,6.868645668029785,2.5105643272399902,0.0045416345819830894,0.9728277325630188,0.0006601314526051283,14.313882827758789,14.290885925292969,14.332504272460938,0.7913524508476257,0.8098285794258118,2.49892258644104,0,4800,0.07857082039117813,3.587968111038208
1787293519259,1286,4,2,1,4797.89306640625,-166.27711486816406,888.7979736328125,5.084847450256348,1.0294979810714722,4.92041015625,-0.5993368625640869,-5.716774940490723,5.755537033081055,2.5115082263946533,0.0038902766536921263,0.9722856879234314,0.0006492648972198367,14.314010620117188,14.295137405395508,14.32721996307373,0.7894282341003418,0.7961515784263611,2.49892258644104,0,4800,0.07858432084321976,3.4211905002593994
1787293519279,1287,4,2,1,4801.06396484375,153.2274627685547,892.21484375,5.130890369415283,1.4197688102722168,4.832913875579834,-0.300494909286499,-5.9525556564331055,6.621801853179932,2.506882667541504,0.003956795670092106,0.9726744890213013,0.0006172552239149809,14.31865406036377,14.299880981445312,14.332205772399902,0.789060115814209,0.801961362361908,2.49892258644104,0,4800,0.07860863208770752,3.461191415786743
1787293519299,1288,4,2,1,4799.13134765625,9.312041282653809,1048.80029296875,5.1231489181518555,1.2043964862823486,5.0099077224731445,0.34195780754089355,-6.846124649047852,7.850343704223633,2.507331371307373,0.004355700686573982,0.9723650813102722,0.0005175070255063474,14.319866180419922,14.300682067871094,14.328603744506836,0.7910903692245483,0.8051151633262634,2.49892258644104,0,4800,0.07863932847976685,3.442021608352661
1787293519319,1289,4,2,1,4798.8916015625,-110.183349609375,881.2171020507812,5.375980854034424,0.9609136581420898,4.60322904586792,-0.47841185331344604,-5.712228775024414,6.831511974334717,2.5102953910827637,0.003940260969102383,0.9718368053436279,0.0006027769995853305,14.321968078613281,14.301430702209473,14.34085750579834,0.7863496541976929,0.7919217944145203,2.49892258644104,0,4800,0.07864145189523697,3.640547037124634
1787293519339,1290,4,2,1,4800.55419921875,164.8373565673828,969.4718627929688,5.189603328704834,1.1851149797439575,5.067493438720703,-0.2016075700521469,-6.0266032218933105,6.703886032104492,2.508117437362671,0.0033760895021259785,0.9717592000961304,0.0005554991075769067,14.324217796325684,14.304924964904785,14.344881057739258,0.7904168963432312,0.8063061237335205,2.49892258644104,0,4800,0.07868696004152298,3.4961767196655273
1787293519360,1291,4,2,1,4795.56494140625,-353.773681640625,939.8558349609375,4.962832450866699,0.918097972869873,5.0257439613342285,0.6643339991569519,-6.216567516326904,7.278492450714111,2.510554313659668,0.004132494330406189,0.9711043834686279,0.000694760587066412,14.323033332824707,14.305509567260742,14.332856178283691,0.7913029193878174,0.8081344366073608,2.49892258644104,0,4800,0.0787191092967987,3.275493621826172
1787293519380,1292,4,2,1,4801.470703125,177.08065795898438,898.3324584960938,4.451254844665527,1.2299598455429077,4.727020740509033,-0.5778908133506775,-6.213675022125244,4.488417148590088,2.5097687244415283,0.004597558174282312,0.9710127711296082,0.0007514918688684702,14.32857608795166,14.304018020629883,14.343118667602539,0.7904853224754333,0.8084765076637268,2.490100145339966,0,4800,0.07874362170696259,2.974703788757324
1787293519400,1293,4,2,1,4799.802734375,127.43683624267578,1001.9375,5.222792625427246,1.1182641983032227,5.324087619781494,-0.1644480675458908,-6.429781913757324,7.460321426391602,2.5060977935791016,0.0043998719193041325,0.9711010456085205,0.0005809220601804554,14.327653884887695,14.306705474853516,14.342004776000977,0.7916834354400635,0.8034456968307495,2.496716260910034,0,4800,0.0787937194108963,3.5280699729919434
1787293519420,1294,4,2,1,4797.81640625,-217.589111328125,964.0750122070312,4.868782997131348,1.041132926940918,4.672270774841309,0.6357594132423401,-5.787540912628174,6.675540447235107,2.508453845977783,0.0042844549752771854,0.9706288576126099,0.0006753442576155066,14.330154418945312,14.316475868225098,14.344557762145996,0.78850919008255,0.8049633502960205,2.4945099353790283,0,4800,0.07878662645816803,3.218766927719116
1787293519440,1295,4,2,1,4801.958984375,265.674072265625,925.8012084960938,4.812601089477539,1.0342192649841309,4.928910255432129,-0.33966439962387085,-5.731173992156982,7.726607799530029,2.5085723400115967,0.005359198432415724,0.9705813527107239,0.000776095490437001,14.333239555358887,14.311445236206055,14.347792625427246,0.790788471698761,0.8089838624000549,2.4945099353790283,0,4800,0.0788281038403511,3.2120189666748047
1787293519460,1296,4,2,1,4796.92236328125,-211.06666564941406,799.1441040039062,4.840577125549316,1.1090892553329468,5.193758487701416,0.3558376133441925,-6.667065620422363,7.680181503295898,2.5065083503723145,0.004548944067209959,0.9704049229621887,0.0006284738192334771,14.332464218139648,14.315817832946777,14.35389232635498,0.7916386723518372,0.8077402114868164,2.496716260910034,0,4800,0.07885891944169998,3.2440853118896484
1787293519480,1297,4,2,1,4799.98681640625,26.968936920166016,937.950439453125,4.82631254196167,0.9703890681266785,4.631145000457764,0.16286884248256683,-6.311403274536133,7.2693986892700195,2.5058741569519043,0.004166935104876757,0.9704880118370056,0.0006437052506953478,14.337020874023438,14.323249816894531,14.351625442504883,0.7891368269920349,0.7991006374359131,2.492305040359497,0,4800,0.07887107878923416,3.2030372619628906
1787293519500,1298,4,2,1,4800.51220703125,165.8601531982422,1042.13232421875,4.993672847747803,0.954662561416626,5.145637512207031,-0.530598521232605,-6.150267124176025,6.063880920410156,2.50361704826355,0.004792208317667246,0.970666766166687,0.0007820659666322172,14.33993148803711,14.317334175109863,14.357340812683105,0.7911800742149353,0.8030991554260254,2.4900989532470703,0,4800,0.07891836762428284,3.339491605758667
1787293519520,1299,4,2,1,4797.2529296875,-230.72850036621094,855.45458984375,4.799248695373535,1.1072927713394165,4.874551773071289,0.2688145935535431,-6.174080848693848,6.2318596839904785,2.5052106380462646,0.005541766062378883,0.9701120257377625,0.0008334689773619175,14.336730003356934,14.323038101196289,14.360193252563477,0.7895127534866333,0.7976840138435364,2.492305040359497,0,4800,0.07893439382314682,3.2129578590393066
1787293519540,1300,4,2,1,4800.740234375,155.53797912597656,878.6749267578125,5.098092555999756,1.071914792060852,4.820855617523193,-0.01527270395308733,-6.062155246734619,7.296485424041748,2.5055041313171387,0.0033842804841697216,0.9701759219169617,0.0004934333846904337,14.341754913330078,14.319619178771973,14.363309860229492,0.7891628742218018,0.8055463433265686,2.4900989532470703,0,4800,0.07897452265024185,3.409865140914917
1787293519561,1301,4,2,1,4797.6181640625,-151.74734497070312,1051.7274169921875,4.821534633636475,1.261994481086731,5.234710693359375,-0.0819166749715805,-6.286116123199463,7.518892288208008,2.5039422512054443,0.004900952335447073,0.9699621796607971,0.0006039494182914495,14.341578483581543,14.320018768310547,14.358070373535156,0.7905678749084473,0.8074217438697815,2.4923038482666016,0,4800,0.07899928092956543,3.198878288269043
1787293519581,1302,4,2,1,4800.65625,83.55917358398438,845.2633056640625,4.541123390197754,1.202706217765808,4.6591715812683105,0.04730726033449173,-6.028501033782959,5.736230373382568,2.5028228759765625,0.0049873641692101955,0.9701433777809143,0.0007672712090425193,14.342230796813965,14.325501441955566,14.359606742858887,0.7898578643798828,0.8057429194450378,2.481276512145996,0,4800,0.07901745289564133,3.0305116176605225
1787293519601,1303,4,2,1,4801.3076171875,230.3869171142578,1035.3968505859375,5.30630350112915,1.1291415691375732,4.96807336807251,-0.11899097263813019,-6.281167030334473,6.941370010375977,2.5016770362854004,0.004095739684998989,0.9704260230064392,0.0005819558864459395,14.345901489257812,14.31900405883789,14.362639427185059,0.7891449928283691,0.802344024181366,2.4923038482666016,0,4800,0.07905411720275879,3.5701065063476562
1787293519621,1304,4,2,1,4796.884765625,-263.0537414550781,927.8637084960938,4.796485424041748,0.7568349242210388,5.028128147125244,0.06719494611024857,-5.915640830993652,6.87065315246582,2.5032310485839844,0.0037553792353719473,0.9699249863624573,0.0005399536457844079,14.34570598602295,14.325616836547852,14.360954284667969,0.7891109585762024,0.802570104598999,2.4945099353790283,0,4800,0.0790642648935318,3.1897127628326416
1787293519641,1305,4,2,1,4801.12939453125,142.8584442138672,1020.109619140625,4.568211555480957,1.2104824781417847,4.639845848083496,-0.019444195553660393,-6.428258419036865,7.251531600952148,2.502671003341675,0.003923516254872084,0.9700415730476379,0.0006461032899096608,14.350831031799316,14.337845802307129,14.3623628616333,0.7897093892097473,0.8034470081329346,2.4923038482666016,0,4800,0.07909172773361206,3.0353424549102783
1787293519661,1306,4,2,1,4797.75244140625,-102.66287994384766,883.60791015625,5.278173923492432,1.2826112508773804,5.23992395401001,0.0737469494342804,-6.383418560028076,7.697159290313721,2.5011556148529053,0.005074921529740095,0.9702013731002808,0.0008600569562986493,14.350570678710938,14.336986541748047,14.369925498962402,0.789509654045105,0.8056447505950928,2.4900989532470703,0,4800,0.07912750542163849,3.5449867248535156
1787293519681,1307,4,2,1,4799.0810546875,-69.48872375488281,962.26220703125,4.544732570648193,0.9363486766815186,4.852263450622559,0.042745042592287064,-6.649885177612305,7.529409408569336,2.5030925273895264,0.00450983177870512,0.9697368741035461,0.0006897261482663453,14.349098205566406,14.331755638122559,14.36285400390625,0.789291501045227,0.7997128367424011,2.4945099353790283,0,4800,0.07913903146982193,3.023345708847046
1787293519702,1308,4,2,1,4801.240234375,178.00460815429688,955.8143920898438,4.904619216918945,0.929556667804718,4.81712532043457,0.11486173421144485,-6.350956439971924,5.774013996124268,2.5005860328674316,0.004716313909739256,0.9701428413391113,0.0007776206475682557,14.350374221801758,14.329511642456055,14.365285873413086,0.7896130084991455,0.8005222678184509,2.4923038482666016,0,4800,0.07916880398988724,3.2564380168914795
1787293519721,1309,4,2,1,4797.69873046875,-174.4532470703125,851.440673828125,4.799309730529785,1.005269169807434,4.983445167541504,-0.05610515549778938,-5.75004243850708,6.502806663513184,2.500291347503662,0.005502424202859402,0.9701582193374634,0.0009132869890891016,14.33841323852539,14.320828437805176,14.356012344360352,0.7892953157424927,0.7971339225769043,2.4900989532470703,0,4800,0.07918450981378555,3.218522787094116
1787293519741,1310,4,2,1,4801.048828125,170.5546417236328,844.5152587890625,4.8817548751831055,1.034964680671692,4.949714183807373,-0.24244089424610138,-5.893794536590576,7.447601795196533,2.500993490219116,0.004720885772258043,0.9700056910514832,0.0007689037011004984,14.336854934692383,14.31302547454834,14.352266311645508,0.7896392941474915,0.8038050532341003,2.4878926277160645,0,4800,0.07921753823757172,3.2783029079437256
1787293519762,1311,4,2,1,4799.5400390625,32.347686767578125,1020.0881958007812,5.283074378967285,1.3479262590408325,4.9773712158203125,0.3171883523464203,-6.952380657196045,7.6941938400268555,2.500728130340576,0.005503571592271328,0.9699599146842957,0.0009463945752941072,14.33151912689209,14.315169334411621,14.34827709197998,0.7891455292701721,0.8046376705169678,2.4923038482666016,0,4800,0.0792412981390953,3.6195502281188965
1787293519782,1312,4,2,1,4798.81689453125,-117.99742889404297,874.4522705078125,4.658401966094971,1.144844651222229,4.72932243347168,-0.29208025336265564,-5.538599491119385,5.867199420928955,2.502903699874878,0.005022306460887194,0.969724178314209,0.0007765195332467556,14.324105262756348,14.304067611694336,14.343544960021973,0.7896783947944641,0.8059231638908386,2.4923038482666016,0,4800,0.07924363762140274,3.136723756790161
1787293519802,1313,4,2,1,4800.67041015625,189.068603515625,975.9766845703125,5.18779993057251,1.2288669347763062,5.135351657867432,-0.14119930565357208,-5.934097766876221,6.444161415100098,2.5002384185791016,0.005106470547616482,0.9700756072998047,0.0007926874095574021,14.320856094360352,14.303269386291504,14.341848373413086,0.7911220788955688,0.8063908815383911,2.487894058227539,0,4800,0.07929634302854538,3.4983437061309814
1787293519822,1314,4,2,1,4796.0859375,-340.1280517578125,943.3170166015625,4.811962127685547,1.0501177310943604,4.933779239654541,0.6848134398460388,-5.95872688293457,6.94113826751709,2.5018150806427,0.0047129178419709206,0.9696448445320129,0.0007152954349294305,14.315773010253906,14.29376220703125,14.329318046569824,0.7913272380828857,0.8081680536270142,2.4923038482666016,0,4800,0.07931105047464371,3.176220178604126
1787293519842,1315,4,2,1,4801.23876953125,123.66989135742188,911.3587646484375,4.571771144866943,1.2055336236953735,4.681457996368408,-0.4060116708278656,-6.1873908042907715,4.490608215332031,2.5010626316070557,0.0047423383221030235,0.9699227213859558,0.000726348371244967,14.32081413269043,14.301192283630371,14.337642669677734,0.7903766632080078,0.8067889213562012,2.4900989532470703,0,4800,0.07932072877883911,3.0538597106933594
1787293519862,1316,4,2,1,4800.05712890625,127.62220001220703,1051.224853515625,5.361541271209717,1.195052981376648,5.272207260131836,-0.007517586462199688,-6.2972822189331055,6.347688674926758,2.496081590652466,0.005507075693458319,0.9705267548561096,0.0008185337064787745,14.316415786743164,14.29383659362793,14.32919692993164,0.791660487651825,0.8036664724349976,2.4878926277160645,0,4800,0.07936285436153412,3.5496644973754883
1787293519882,1317,4,2,1,4798.09521484375,-198.0997314453125,948.7786254882812,4.806364059448242,0.8208316564559937,4.724025726318359,0.4316948354244232,-6.195241451263428,6.354781150817871,2.500997543334961,0.004368280991911888,0.970012903213501,0.0006517815636470914,14.315555572509766,14.297567367553711,14.334456443786621,0.7898262739181519,0.8043378591537476,2.4923038482666016,0,4800,0.07935555279254913,3.179422616958618
1787293519903,1318,4,2,1,4802.1923828125,266.6143493652344,918.2247314453125,4.779865264892578,1.0895161628723145,4.8583478927612305,-0.46633288264274597,-5.9228515625,7.033077716827393,2.498452663421631,0.005610862281173468,0.9704781770706177,0.0008115348173305392,14.318909645080566,14.299478530883789,14.329729080200195,0.7912019491195679,0.8063148260116577,2.4878926277160645,0,4800,0.0793868899345398,3.195342779159546
1787293519923,1319,4,2,1,4796.919921875,-240.32733154296875,831.7505493164062,4.668486595153809,1.1348000764846802,5.102695465087891,0.4989373981952667,-5.8762288093566895,8.209113121032715,2.4989800453186035,0.005612948443740606,0.9701496958732605,0.0007893041474744678,14.315349578857422,14.293863296508789,14.327458381652832,0.7929766774177551,0.8086700439453125,2.4900989532470703,0,4800,0.07940610498189926,3.12638783454895
1787293519943,1320,4,2,1,4800.53173828125,37.67564010620117,957.65087890625,4.574934959411621,0.9604617357254028,4.670139312744141,0.21033723652362823,-6.624209880828857,7.557104110717773,2.5001025199890137,0.00481945788487792,0.9702359437942505,0.0007154640043154359,14.31906795501709,14.302032470703125,14.34294319152832,0.7905117869377136,0.8002386093139648,2.4923038482666016,0,4800,0.07940099388360977,3.036621570587158
1787293519963,1321,4,2,1,4800.30419921875,123.32185363769531,1027.2259521484375,4.752838134765625,0.8118942379951477,5.191491603851318,-0.3482978641986847,-6.437866687774658,7.521780014038086,2.4998204708099365,0.004788669757544994,0.9701797962188721,0.0007739458815194666,14.318455696105957,14.296896934509277,14.333094596862793,0.7927607893943787,0.80485999584198,2.485687732696533,0,4800,0.07943738251924515,3.1631217002868652
1787293519983,1322,4,2,1,4797.236328125,-234.6309051513672,887.1481323242188,5.23900032043457,1.7386538982391357,4.990672588348389,0.4099920988082886,-5.855365753173828,6.005055904388428,2.4993908405303955,0.004919589497148991,0.9701581597328186,0.0007479125051759183,14.316597938537598,14.298625946044922,14.333428382873535,0.7885127067565918,0.7991501688957214,2.4923038482666016,0,4800,0.07945102453231812,3.5060482025146484
1787293520003,1323,4,2,1,4800.63818359375,93.34972381591797,893.7633056640625,4.801581382751465,1.1262508630752563,4.828821182250977,0.13040439784526825,-6.052258491516113,7.582106590270996,2.4991815090179443,0.00463233282789588,0.9705217480659485,0.0006568318931385875,14.32102108001709,14.300335884094238,14.337698936462402,0.7905211448669434,0.8077220320701599,2.4900989532470703,0,4800,0.07947048544883728,3.2044599056243896
1787293520023,1324,4,2,1,4798.1865234375,-130.40919494628906,1060.9398193359375,4.777026653289795,1.1209712028503418,5.168095111846924,0.0518585704267025,-6.293148517608643,7.782909393310547,2.4973697662353516,0.004733130801469088,0.9705512523651123,0.000665300409309566,14.319089889526367,14.292890548706055,14.334334373474121,0.7915458679199219,0.808600127696991,2.4900989532470703,0,4800,0.07948508858680725,3.171255588531494
1787293520043,1325,4,2,1,4800.4755859375,61.834136962890625,812.7470703125,4.6437201499938965,1.2267087697982788,4.731053829193115,0.06618990004062653,-5.644446849822998,6.239901542663574,2.499722719192505,0.004796333611011505,0.9703330993652344,0.0007919693016447127,14.320253372192383,14.303329467773438,14.34062671661377,0.7906280159950256,0.8041374683380127,2.4878926277160645,0,4800,0.07949651032686234,3.110095262527466
1787293520063,1326,4,2,1,4801.42724609375,246.65086364746094,1017.2025756835938,5.449124813079834,1.110491394996643,4.9926652908325195,-0.189581960439682,-6.359846591949463,6.373370170593262,2.4979217052459717,0.005665724165737629,0.9708598852157593,0.0007657401729375124,14.322041511535645,14.299836158752441,14.338428497314453,0.7900987863540649,0.803388774394989,2.481276512145996,0,4800,0.07953754812479019,3.6715481281280518
1787293520083,1327,4,2,1,4797.6513671875,-241.9316864013672,915.7586059570312,4.4535956382751465,0.8349606394767761,4.862943649291992,-0.10257010906934738,-6.225640773773193,6.456638336181641,2.5014991760253906,0.004424906801432371,0.9700243473052979,0.0006328879971988499,14.3223295211792,14.304095268249512,14.333643913269043,0.790418267250061,0.8064023852348328,2.4900989532470703,0,4800,0.07952728122472763,2.956561803817749
1787293520104,1328,4,2,1,4801.14794921875,145.16786193847656,938.2632446289062,4.948791980743408,1.5795493125915527,4.723223686218262,0.13979969918727875,-6.411211967468262,7.783101558685303,2.5002408027648926,0.00548242311924696,0.9702698588371277,0.0008631355012767017,14.324368476867676,14.306353569030762,14.335733413696289,0.7893258929252625,0.8055955767631531,2.4878926277160645,0,4800,0.07955000549554825,3.314749002456665
1787293520124,1329,4,2,1,4798.64990234375,-32.33107376098633,1001.1703491210938,5.517126083374023,1.1575127840042114,5.110840797424316,0.20804087817668915,-5.9485182762146,6.7407546043396,2.499436140060425,0.003759911749511957,0.9704190492630005,0.0005972433718852699,14.322529792785645,14.30137825012207,14.335247993469238,0.7894007563591003,0.8044530749320984,2.4900989532470703,0,4800,0.07957732677459717,3.8015201091766357
1787293520144,1330,4,2,1,4799.15771484375,-131.3607635498047,987.0160522460938,4.568958759307861,1.024108648300171,4.611217021942139,-0.570000946521759,-5.7570343017578125,5.112082481384277,2.502244710922241,0.00488729402422905,0.9703332185745239,0.0008680786122567952,14.325798988342285,14.312222480773926,14.347149848937988,0.788365364074707,0.8050357103347778,2.483482837677002,0,4800,0.0795593410730362,3.176426887512207
1787293520165,1331,4,2,1,4800.32958984375,130.39109802246094,904.2086791992188,5.146398544311523,1.1786941289901733,5.137852668762207,-0.08435872942209244,-6.684334754943848,7.567171573638916,2.500157117843628,0.005928047001361847,0.9701605439186096,0.0008510572370141745,14.328899383544922,14.311262130737305,14.347296714782715,0.7903244495391846,0.8097786903381348,2.4900989532470703,0,4800,0.07960392534732819,3.474212169647217
1787293520184,1332,4,2,1,4796.6337890625,-255.89300537109375,902.3143310546875,5.034898281097412,1.0488158464431763,5.027971267700195,0.37117451429367065,-6.656816005706787,7.469541072845459,2.501852035522461,0.004319136496633291,0.9701151251792908,0.0007073393790051341,14.322821617126465,14.304941177368164,14.341812133789062,0.7905680537223816,0.8039596676826477,2.4900989532470703,0,4800,0.0796327218413353,3.3593332767486572
1787293520204,1333,4,2,1,4801.7919921875,141.5706024169922,956.0084228515625,4.49402379989624,0.8210655450820923,4.659855365753174,-0.3263010084629059,-6.037563800811768,6.254790306091309,2.501849889755249,0.00494939973577857,0.969927191734314,0.0007594822673127055,14.332717895507812,14.316130638122559,14.34723949432373,0.7895153164863586,0.8013464212417603,2.4900989532470703,0,4800,0.07962574064731598,2.9796550273895264
1787293520224,1334,4,2,1,4799.908203125,107.40515899658203,1067.095947265625,4.893918514251709,1.1333963871002197,5.204560279846191,0.07473579794168472,-5.527965068817139,6.9265971183776855,2.5000827312469482,0.005096118431538343,0.9701860547065735,0.0007812418043613434,14.329106330871582,14.313579559326172,14.344649314880371,0.792713463306427,0.8085066080093384,2.4923038482666016,0,4800,0.0796666070818901,3.2805256843566895
1787293520244,1335,4,2,1,4798.56298828125,-124.30794525146484,880.4833984375,4.96178674697876,1.2151291370391846,4.724867343902588,-0.0019276464590802789,-6.065194606781006,7.154826641082764,2.50125789642334,0.004802986979484558,0.9701984524726868,0.0006684333784505725,14.327173233032227,14.309008598327637,14.345745086669922,0.7886027097702026,0.7943265438079834,2.4878926277160645,0,4800,0.07967162132263184,3.3352854251861572
1787293520265,1336,4,2,1,4801.6220703125,220.0476531982422,931.063232421875,4.835831165313721,1.0515440702438354,4.972339630126953,-0.29770275950431824,-6.264340400695801,7.811877250671387,2.4990978240966797,0.005091329570859671,0.9704709649085999,0.0007638476090505719,14.330879211425781,14.310256958007812,14.348162651062012,0.7907806038856506,0.8057059645652771,2.4878926277160645,0,4800,0.0797010213136673,3.220503568649292
1787293520285,1337,4,2,1,4796.392578125,-322.6026306152344,907.8352661132812,4.823314189910889,1.2390645742416382,4.948482990264893,0.4876457154750824,-4.977110862731934,6.601150989532471,2.4995641708374023,0.0045187450014054775,0.9702340960502625,0.0006697805365547538,14.330540657043457,14.309462547302246,14.346534729003906,0.7905033230781555,0.8046920895576477,2.4900989532470703,0,4800,0.07971101254224777,3.1891093254089355
1787293520305,1338,4,2,1,4800.32568359375,79.2517318725586,778.1743774414062,4.956438064575195,1.2298587560653687,4.780421733856201,-0.13775798678398132,-6.153155326843262,6.950717449188232,2.5000510215759277,0.004375990480184555,0.9703383445739746,0.0006932750693522394,14.332070350646973,14.312719345092773,14.348054885864258,0.7891043424606323,0.8020802736282349,2.4900989532470703,0,4800,0.07973755151033401,3.3385558128356934
1787293520325,1339,4,2,1,4800.326171875,133.2011260986328,1057.6463623046875,5.005646705627441,1.1227940320968628,5.112382411956787,-0.2408992201089859,-5.893939971923828,7.364687442779541,2.498790740966797,0.0044287508353590965,0.9704717397689819,0.0007373894331976771,14.3345365524292,14.313112258911133,14.349827766418457,0.7908769249916077,0.8089878559112549,2.485687732696533,0,4800,0.07977736741304398,3.3363144397735596
1787293520345,1340,4,2,1,4797.76708984375,-214.90621948242188,963.9342041015625,4.565290927886963,0.9355177283287048,4.783557891845703,0.37895849347114563,-5.686391353607178,5.830345153808594,2.5013294219970703,0.004196174442768097,0.9700378179550171,0.0006702363607473671,14.333175659179688,14.315511703491211,14.346720695495605,0.7899134159088135,0.8079631924629211,2.4900989532470703,0,4800,0.07978295534849167,3.015852689743042
1787293520365,1341,4,2,1,4802.2060546875,299.39794921875,891.9134521484375,5.055617809295654,1.2192206382751465,5.002734184265137,-0.40907543897628784,-6.109164237976074,7.49712610244751,2.5005834102630615,0.004035092890262604,0.9703214764595032,0.0005696585867553949,14.33457088470459,14.310925483703613,14.34895133972168,0.7898315191268921,0.8030049204826355,2.4878926277160645,0,4800,0.0798284038901329,3.4057064056396484
1787293520385,1342,4,2,1,4797.30712890625,-205.15257263183594,953.1705932617188,4.959697246551514,0.8336344361305237,5.232799053192139,0.1548299342393875,-5.9839701652526855,6.328647613525391,2.49894642829895,0.004669904243201017,0.9702229499816895,0.0006002989830449224,14.336647987365723,14.318731307983398,14.353594779968262,0.7902384996414185,0.8008484244346619,2.4878926277160645,0,4800,0.07983677834272385,3.3219501972198486
1787293520405,1343,4,2,1,4800.55419921875,62.696746826171875,943.4067993164062,5.261113166809082,1.4874509572982788,4.639344215393066,0.6307501792907715,-5.765699863433838,6.518107891082764,2.501307487487793,0.0051111276261508465,0.9701661467552185,0.0008017419022507966,14.336066246032715,14.318384170532227,14.351009368896484,0.787749171257019,0.8065815567970276,2.485687732696533,0,4800,0.07984991371631622,3.4901998043060303
1787293520426,1344,4,2,1,4801.32861328125,229.96142578125,953.7439575195312,5.182458400726318,1.2861552238464355,5.148910999298096,-0.326734334230423,-6.430622577667236,7.656315326690674,2.5004420280456543,0.004633705597370863,0.9703567028045654,0.0006589484983123839,14.339082717895508,14.318305015563965,14.35336971282959,0.790598452091217,0.8091012239456177,2.4900989532470703,0,4800,0.07988981902599335,3.4898738861083984
1787293520446,1345,4,2,1,4797.15673828125,-265.76611328125,915.122802734375,4.794646739959717,0.9462143778800964,5.001517295837402,0.27829763293266296,-6.567089557647705,7.609234809875488,2.5011422634124756,0.005028425715863705,0.9698778390884399,0.0006580293993465602,14.338217735290527,14.319028854370117,14.359103202819824,0.7889412641525269,0.7989513278007507,2.4900989532470703,0,4800,0.07988554984331131,3.1960880756378174
1787293520466,1346,4,2,1,4800.21337890625,49.52185821533203,966.0366821289062,4.877317428588867,0.9103705883026123,4.710886001586914,0.14995332062244415,-6.525134086608887,6.056581974029541,2.5020174980163574,0.004915677476674318,0.9699634909629822,0.0007676138775423169,14.342202186584473,14.320967674255371,14.357246398925781,0.78923100233078,0.8022717237472534,2.485687732696533,0,4800,0.07991127669811249,3.236290693283081
1787293520486,1347,4,2,1,4798.1748046875,-78.12828826904297,1001.39990234375,5.165163993835449,1.215595006942749,5.278995990753174,-0.16741950809955597,-6.178884506225586,6.540331840515137,2.4996490478515625,0.005053156986832619,0.9702962636947632,0.0008463590638712049,14.339948654174805,14.319194793701172,14.352274894714355,0.7902725338935852,0.8049636483192444,2.4900989532470703,0,4800,0.0799483135342598,3.4568183422088623
1787293520506,1348,4,2,1,4799.91015625,8.589871406555176,830.503173828125,4.669036388397217,1.1941076517105103,4.783164978027344,0.08088038861751556,-5.854084014892578,7.396579742431641,2.5002450942993164,0.004505135118961334,0.9701508283615112,0.0007399836322292686,14.338826179504395,14.325661659240723,14.354220390319824,0.7895784974098206,0.8045371770858765,2.4878926277160645,0,4800,0.07996007055044174,3.129915475845337
1787293520526,1349,4,2,1,4801.42822265625,201.79791259765625,1002.5777587890625,5.18513822555542,1.0616520643234253,4.863334655761719,0.20824980735778809,-6.005651473999023,7.625393867492676,2.500324249267578,0.004350249655544758,0.9703038930892944,0.0006158250034786761,14.343719482421875,14.324487686157227,14.358691215515137,0.7892037034034729,0.8066893815994263,2.4878926277160645,0,4800,0.07998410612344742,3.4433326721191406
1787293520546,1350,4,2,1,4798.0546875,-174.97784423828125,835.9639282226562,4.463890552520752,1.009081244468689,4.858763694763184,-0.2544839084148407,-4.983015060424805,5.84458065032959,2.500140905380249,0.0048570530489087105,0.9701393246650696,0.0007197410450316966,14.3397216796875,14.31814956665039,14.365535736083984,0.7904881238937378,0.8059410452842712,2.4900989532470703,0,4800,0.07999435067176819,2.980041742324829
1787293520566,1351,4,2,1,4801.52587890625,166.42401123046875,901.9354248046875,4.732294082641602,1.2931400537490845,4.735510349273682,-0.17278791964054108,-6.293487548828125,6.93178653717041,2.5004193782806396,0.005041206255555153,0.9701205492019653,0.0007907796534709632,14.343515396118164,14.32196044921875,14.361446380615234,0.7889918088912964,0.8026412129402161,2.4900989532470703,0,4800,0.08001002669334412,3.1831798553466797
1787293520586,1352,4,2,1,4798.33984375,-55.78465270996094,1021.9492797851562,6.0850701332092285,1.313963770866394,5.176478862762451,0.45888882875442505,-6.112329959869385,7.006470203399658,2.4988515377044678,0.004696787800639868,0.9704149961471558,0.0007484122179448605,14.342243194580078,14.322834968566895,14.35256290435791,0.7873204946517944,0.8055076003074646,2.4900989532470703,0,4800,0.08004120737314224,4.062064170837402
1787293520607,1353,4,2,1,4799.15625,-93.70143127441406,953.0648803710938,4.524039268493652,1.2800053358078003,4.668960094451904,-0.2663184702396393,-5.875232696533203,5.811517238616943,2.500715970993042,0.004299819469451904,0.9701641798019409,0.0007387514924630523,14.34438705444336,14.3267822265625,14.363356590270996,0.7891682982444763,0.8074957132339478,2.485687732696533,0,4800,0.08004606515169144,3.009380578994751
1787293520627,1354,4,2,1,4801.1904296875,186.8701171875,891.6019897460938,4.940634727478027,1.402728796005249,5.005785942077637,-0.06479313224554062,-6.521249771118164,7.545757293701172,2.5004992485046387,0.005422044545412064,0.9700612425804138,0.0008160462020896375,14.348573684692383,14.33149242401123,14.370087623596191,0.7897776365280151,0.8045029044151306,2.4878926277160645,0,4800,0.08007672429084778,3.319962978363037
1787293520647,1355,4,2,1,4795.97705078125,-342.4579162597656,919.9308471679688,4.885867118835449,0.8901440501213074,5.048165798187256,0.5567626953125,-6.353919982910156,6.644923210144043,2.500232458114624,0.004878406412899494,0.9701602458953857,0.000799311266746372,14.346612930297852,14.32823657989502,14.36198616027832,0.789330780506134,0.8004273176193237,2.487894058227539,0,4800,0.08008722215890884,3.2434327602386475
1787293520667,1356,4,2,1,4801.39990234375,154.1290740966797,944.3165893554688,4.770418167114258,1.0010836124420166,4.848323345184326,-0.3391273617744446,-6.216357707977295,5.568079948425293,2.500680685043335,0.004470187705010176,0.9700700044631958,0.0007296673720702529,14.3497896194458,14.334491729736328,14.361915588378906,0.7889569401741028,0.8028063774108887,2.4900989532470703,0,4800,0.08010584861040115,3.1707091331481934
1787293520687,1357,4,2,1,4800.6875,145.02967834472656,1021.9894409179688,4.856178283691406,1.201369047164917,5.090761661529541,0.02559775672852993,-6.008737087249756,7.119501113891602,2.498471260070801,0.005498100072145462,0.9702976942062378,0.0007901461212895811,14.351212501525879,14.326800346374512,14.365909576416016,0.7911840677261353,0.805974006652832,2.4900989532470703,0,4800,0.08013167232275009,3.258441686630249
1787293520707,1358,4,2,1,4798.30029296875,-163.7007598876953,881.0366821289062,4.955032825469971,1.1170872449874878,4.745652198791504,0.15153005719184875,-6.3359808921813965,7.469966888427734,2.5010015964508057,0.004636561498045921,0.9701075553894043,0.0007473162841051817,14.347708702087402,14.329455375671387,14.368539810180664,0.7877264618873596,0.7942425608634949,2.4900989532470703,0,4800,0.08012577146291733,3.316025733947754
1787293520727,1359,4,2,1,4801.87548828125,233.1031951904297,948.6947631835938,4.762471675872803,1.035375714302063,4.950761318206787,-0.3600282371044159,-6.314737796783447,7.258025646209717,2.500572443008423,0.0035685873590409756,0.9701909422874451,0.0005533593939617276,14.353997230529785,14.337648391723633,14.365961074829102,0.7897499203681946,0.8019837737083435,2.4900989532470703,0,4800,0.08015405386686325,3.164672613143921
1787293520748,1360,4,2,1,4796.68896484375,-290.5948791503906,866.6680908203125,4.84114408493042,1.1859453916549683,5.013070583343506,0.7431575655937195,-5.35365629196167,6.608358860015869,2.5010762214660645,0.006128254346549511,0.9697611331939697,0.0007728984928689897,14.349589347839355,14.333298683166504,14.368553161621094,0.7888049483299255,0.8001370429992676,2.485687732696533,0,4800,0.08016394823789597,3.4199469089508057
1787293520767,1361,4,2,1,4800.61865234375,73.62784576416016,831.3341064453125,4.91745662689209,1.1712146997451782,4.809262752532959,-0.01042739488184452,-5.9376020431518555,6.73076057434082,2.5020179748535156,0.004587008152157068,0.9699841141700745,0.0006421373109333217,14.353541374206543,14.329995155334473,14.367478370666504,0.787510871887207,0.8003904819488525,2.4923038482666016,0,4800,0.08016940206289291,3.3298168182373047
1787293520788,1362,4,2,1,4800.60107421875,145.61187744140625,1061.198974609375,5.160707473754883,1.1791681051254272,5.227541446685791,-0.19841668009757996,-6.161273956298828,7.552489280700684,2.4999969005584717,0.004077285993844271,0.9701178669929504,0.0006563422502949834,14.3535795211792,14.330673217773438,14.369648933410645,0.7900411486625671,0.8083069324493408,2.4878926277160645,0,4800,0.08020300418138504,3.432706117630005
1787293520808,1363,4,2,1,4798.15966796875,-227.2509002685547,971.8584594726562,4.54901123046875,1.04448401927948,4.652806758880615,0.3901248276233673,-4.822429180145264,6.257012367248535,2.5017364025115967,0.0053287046030163765,0.9696992635726929,0.0007785477209836245,14.354697227478027,14.336324691772461,14.367630958557129,0.7880153059959412,0.8021264672279358,2.485687732696533,0,4800,0.08018426597118378,3.0086708068847656
1787293520828,1364,4,2,1,4801.318359375,206.07269287109375,883.5022583007812,5.133810997009277,1.217068076133728,4.945250034332275,-0.3092880845069885,-6.254214286804199,7.028037071228027,2.5029547214508057,0.005743375048041344,0.9698900580406189,0.0007199930842034519,14.354371070861816,14.337845802307129,14.37082576751709,0.788477897644043,0.8027575612068176,2.485687732696533,0,4800,0.08022140711545944,3.4523613452911377
1787293520848,1365,4,2,1,4797.943359375,-123.05225372314453,946.6486206054688,5.192523002624512,0.9880273938179016,5.277939796447754,0.08614049106836319,-6.045281887054443,6.138661861419678,2.499937057495117,0.005489820148795843,0.9697663187980652,0.0006658745696768165,14.353922843933105,14.335561752319336,14.371063232421875,0.789456844329834,0.8026405572891235,2.485687732696533,0,4800,0.08024393767118454,3.476685047149658
1787293520868,1366,4,2,1,4800.98388671875,50.84429931640625,928.3446044921875,4.49647331237793,0.8665207624435425,4.609505653381348,0.24069084227085114,-6.189991474151611,6.513635158538818,2.501176595687866,0.00438033789396286,0.9697457551956177,0.0006912944954819977,14.356966018676758,14.339078903198242,14.3724365234375,0.7887073159217834,0.8039321303367615,2.4900989532470703,0,4800,0.08023273199796677,2.9708316326141357
1787293520888,1367,4,2,1,4801.3134765625,216.911865234375,993.7763061523438,5.290491104125977,1.071252465248108,5.056609153747559,-0.47213777899742126,-6.7419962882995605,7.591765880584717,2.4983489513397217,0.00485052028670907,0.9703110456466675,0.0007347247446887195,14.357048034667969,14.340035438537598,14.378281593322754,0.7873225212097168,0.7984630465507507,2.487894058227539,0,4800,0.08026491850614548,3.752246856689453
1787293520908,1368,4,2,1,4797.21826171875,-267.5377197265625,974.5044555664062,4.826079368591309,0.9451059699058533,4.848459243774414,0.1347779780626297,-6.391815185546875,6.7905731201171875,2.4991648197174072,0.005182710010558367,0.9699799418449402,0.0007123293471522629,14.354947090148926,14.335356712341309,14.366113662719727,0.7879185080528259,0.798148512840271,2.485687732696533,0,4800,0.08026216179132462,3.239994764328003
1787293520928,1369,4,2,1,4800.73583984375,76.42694091796875,980.05859375,4.756778240203857,1.0006605386734009,4.632575511932373,0.1030312180519104,-6.092033386230469,6.202309608459473,2.500795841217041,0.00426778057590127,0.9700551629066467,0.0006223466480150819,14.360183715820312,14.343620300292969,14.377049446105957,0.7886186838150024,0.8056870102882385,2.485687732696533,0,4800,0.08027756959199905,3.1559202671051025
1787293520949,1370,4,2,1,4798.314453125,-90.28087615966797,971.9739990234375,5.044395923614502,1.1984325647354126,5.212378978729248,-0.13120609521865845,-5.518302917480469,6.701442718505859,2.4993855953216553,0.005028112791478634,0.9700385332107544,0.0007533720345236361,14.359431266784668,14.340094566345215,14.377284049987793,0.7893815040588379,0.8051983118057251,2.4878926277160645,0,4800,0.08030251413583755,3.3764891624450684
1787293520969,1371,4,2,1,4799.6728515625,-49.13105773925781,948.7496948242188,4.5770392417907715,1.0459229946136475,4.687775611877441,0.13297276198863983,-6.2871174812316895,7.967691898345947,2.500962495803833,0.0038638559635728598,0.9698556661605835,0.0006394205847755075,14.359868049621582,14.34171199798584,14.383463859558105,0.7883582711219788,0.8002970814704895,2.4900989532470703,0,4800,0.0802990272641182,3.0590858459472656
1787293520989,1372,4,2,1,4801.41552734375,184.50067138671875,1003.6288452148438,5.11298942565918,1.115254282951355,4.841671466827393,0.1724107265472412,-6.606709003448486,7.469614028930664,2.4988698959350586,0.005109546706080437,0.9703064560890198,0.000751309678889811,14.362771034240723,14.347418785095215,14.379145622253418,0.788449227809906,0.8041530251502991,2.4878926277160645,0,4800,0.08032067865133286,3.385793924331665
1787293521009,1373,4,2,1,4798.38525390625,-154.34837341308594,837.9498901367188,4.68752908706665,1.0773624181747437,4.878502368927002,-0.12871962785720825,-5.576805591583252,6.04481315612793,2.4996395111083984,0.005077668931335211,0.9700765609741211,0.0008075117948465049,14.360086441040039,14.3427152633667,14.379233360290527,0.7886615991592407,0.8020569086074829,2.4878926277160645,0,4800,0.08032360672950745,3.1295032501220703
1787293521029,1374,4,2,1,4801.87060546875,178.30490112304688,856.4241333007812,4.786381721496582,1.2324674129486084,4.719094753265381,-0.18369553983211517,-5.937019348144531,6.11963415145874,2.501002073287964,0.00563686853274703,0.9698934555053711,0.0009446303592994809,14.362700462341309,14.342071533203125,14.376848220825195,0.7875158786773682,0.801351010799408,2.4878926277160645,0,4800,0.08032972365617752,3.2159817218780518
1787293521049,1375,4,2,1,4798.65673828125,-64.21712493896484,1072.7513427734375,5.180374622344971,1.1058082580566406,5.057899475097656,0.2201089859008789,-5.912886619567871,6.6530070304870605,2.501063823699951,0.004573340527713299,0.9697465896606445,0.0006748434971086681,14.360736846923828,14.343820571899414,14.375460624694824,0.788993775844574,0.8038342595100403,2.4900989532470703,0,4800,0.0803450495004654,3.4483492374420166
1787293521069,1376,4,2,1,4799.076171875,-113.80706787109375,986.1992797851562,4.686036586761475,1.0516834259033203,4.675122261047363,-0.30314382910728455,-5.582958698272705,5.918938159942627,2.5022459030151367,0.005411477293819189,0.9697211980819702,0.0008296766900457442,14.362271308898926,14.339926719665527,14.378776550292969,0.7878850102424622,0.8061968684196472,2.4878926277160645,0,4800,0.08034462481737137,3.116253614425659
1787293521089,1377,4,2,1,4801.44140625,187.73919677734375,910.601318359375,4.819948196411133,1.1686060428619385,4.947863578796387,0.022220967337489128,-6.39398717880249,7.538813591003418,2.4986865520477295,0.003963140770792961,0.970159649848938,0.0006462206365540624,14.366138458251953,14.351593971252441,14.38512897491455,0.7893660664558411,0.8026189804077148,2.4900989532470703,0,4800,0.08037148416042328,3.2358951568603516
1787293521109,1378,4,2,1,4796.46923828125,-308.3688049316406,861.4756469726562,4.998847007751465,0.9080348610877991,5.037222862243652,0.4896254241466522,-6.426700592041016,7.5324225425720215,2.499255418777466,0.004127556923776865,0.9700822830200195,0.0006975913420319557,14.363221168518066,14.342686653137207,14.38270092010498,0.7881101965904236,0.8009685277938843,2.485687732696533,0,4800,0.08037781715393066,3.325141191482544
1787293521129,1379,2,2,2,4776.95166015625,-1190.133056640625,927.8663940429688,0.5119736790657043,1.5974441766738892,0.6124086976051331,-0.3875846564769745,-5.612247943878174,6.481793403625488,2.3172953128814697,0.07978390902280807,0.6316042542457581,0.10405178368091583,14.456610679626465,14.404325485229492,14.49033260345459,0.7460799813270569,0.765282392501831,2.2187983989715576,0,4800,0,0.3136279284954071
1787293521150,1380,2,2,2,4703.158203125,-3627.49560546875,1228.945556640625,-0.01304655522108078,1.0234323740005493,0.07445459812879562,0.1326819360256195,-5.099336624145508,5.774516582489014,2.1531455516815186,0.07189921289682388,0.5490078330039978,0.04079224914312363,14.50091552734375,14.463688850402832,14.529131889343262,0.7060299515724182,0.7283496260643005,2.075427770614624,0,4800,0,-0.05039311200380325
1787293521170,1381,2,2,2,4608.9033203125,-4707.6044921875,1236.7181396484375,-0.018686408177018166,0.8102924823760986,0.009051939472556114,-0.08424755930900574,-6.031426429748535,5.323507785797119,2.0295250415802,0.05615555867552757,0.5002705454826355,0.023684637621045113,14.531549453735352,14.50650691986084,14.556774139404297,0.6699134707450867,0.6915478706359863,1.978376030921936,0,4800,0,-0.06245002895593643
1787293521190,1382,2,2,2,4482.84521484375,-6337.85546875,1241.7447509765625,-0.18579165637493134,0.8157010078430176,0.0011005045380443335,0.0641089603304863,-5.668155193328857,5.245746612548828,1.9224507808685303,0.04849574714899063,0.456452339887619,0.020085465162992477,14.544707298278809,14.523870468139648,14.560440063476562,0.6344027519226074,0.6480413675308228,1.8725019693374634,0,4800,0,-0.143025204539299
1787293521210,1383,2,2,2,4352.3251953125,-6602.2138671875,770.7853393554688,-0.07692209631204605,0.7521424889564514,0.00013379566371440887,-0.17721323668956757,-4.51364278793335,4.1362786293029785,1.8240375518798828,0.04453466087579727,0.41500240564346313,0.01872345060110092,14.55996036529541,14.53495979309082,14.576766014099121,0.6021018028259277,0.622003436088562,1.779862642288208,0,4800,0,-0.0750354528427124
1787293521230,1384,2,2,2,4214.23828125,-6696.18994140625,1098.556396484375,0.03692387044429779,0.8576830625534058,0.000016266427337541245,-0.13350307941436768,-4.3627543449401855,5.239622116088867,1.734061598777771,0.04037544131278992,0.3750038743019104,0.018084155395627022,14.55758285522461,14.536057472229004,14.576499938964844,0.5724485516548157,0.5898873209953308,1.6872234344482422,0,4800,0,-0.015796735882759094
1787293521250,1385,2,2,2,4065.53515625,-7374.130859375,1453.98876953125,-0.03147594630718231,0.8713934421539307,0.000001977617557713529,-0.15320971608161926,-5.106085300445557,4.551526069641113,1.6493254899978638,0.03757091611623764,0.33717548847198486,0.0171179361641407,14.560023307800293,14.54141902923584,14.583877563476562,0.5425298810005188,0.5566158294677734,1.6122287511825562,0,4800,0,-0.046011898666620255
1787293521270,1386,2,2,2,3917.99658203125,-7620.138671875,1230.2095947265625,-0.16361036896705627,0.9573119878768921,2.404320582627406e-7,0.05630606412887573,-3.5563535690307617,3.8308045864105225,1.5671898126602173,0.036593593657016754,0.30112424492836,0.016265906393527985,14.55951976776123,14.546338081359863,14.577993392944336,0.5143013596534729,0.5303115844726562,1.5284130573272705,0,4800,0,-0.10420791804790497
1787293521290,1387,2,2,2,3771.814453125,-7701.447265625,1300.6832275390625,-0.05684693530201912,1.116834044456482,2.9230925235879113e-8,0.43438494205474854,-4.964043617248535,4.069305896759033,1.4894999265670776,0.03625740110874176,0.26674342155456543,0.015369527973234653,14.563407897949219,14.543472290039062,14.580645561218262,0.48705774545669556,0.503034234046936,1.4445960521697998,0,4800,0,-0.06654929369688034
1787293521310,1388,2,2,2,3632.6669921875,-7377.41650390625,1240.892333984375,0.05840860679745674,1.1075750589370728,3.553797700561745e-9,0.19658392667770386,-4.572438716888428,3.188584566116333,1.4166709184646606,0.03312738612294197,0.23436008393764496,0.01453242264688015,14.562627792358398,14.54206657409668,14.575029373168945,0.46220433712005615,0.4778975248336792,1.3806312084197998,0,4800,0,-0.007437679450958967
1787293521331,1389,2,2,2,3498.06982421875,-6993.6416015625,1274.8699951171875,-0.03722856566309929,1.0033527612686157,4.320588331552244e-10,0.36604422330856323,-3.9661171436309814,3.5673296451568604,1.344778299331665,0.032807789742946625,0.2035631537437439,0.013747730292379856,14.564459800720215,14.547279357910156,14.5791654586792,0.4388008415699005,0.45600250363349915,1.30784273147583,0,4800,0,-0.052693285048007965
1787293521351,1390,2,2,2,3368.734375,-6693.32666015625,1359.4464111328125,0.026509327813982964,0.9079911112785339,5.2528269928187044e-11,0.33189892768859863,-4.2000226974487305,3.5615875720977783,1.2761529684066772,0.031768541783094406,0.1744036078453064,0.01299414224922657,14.560378074645996,14.538394927978516,14.57201099395752,0.4161691963672638,0.43264245986938477,1.2416715621948242,0,4800,0,-0.02518605999648571
1787293521371,1391,2,2,2,3243.36181640625,-6566.58251953125,1301.682373046875,0.013784907758235931,0.9353522062301636,6.386211438141887e-12,0.36117658019065857,-3.8274612426757812,3.356499671936035,1.2130721807479858,0.029217084869742393,0.14658640325069427,0.012389515526592731,14.560518264770508,14.541438102722168,14.574329376220703,0.39441385865211487,0.4108554422855377,1.1799129247665405,0,4800,0,-0.027361270040273666
1787293521391,1392,2,2,2,3125.02392578125,-6466.3193359375,1395.4866943359375,-0.1727491021156311,0.8892889022827148,7.764140350606519e-13,0.15186603367328644,-3.328738212585449,3.3990790843963623,1.1484475135803223,0.030209939926862717,0.12082657217979431,0.01132819801568985,14.559149742126465,14.53810977935791,14.57260513305664,0.37353262305259705,0.3920051157474518,1.1115342378616333,0,4800,0,-0.07574425637722015
1787293521411,1393,2,2,2,3011.855224609375,-6530.8232421875,1413.5709228515625,-0.10739774256944656,0.790000319480896,9.439381920420611e-14,0.4796704053878784,-3.663699150085449,3.3476319313049316,1.0882240533828735,0.028373554348945618,0.09600792825222015,0.01104383822530508,14.556513786315918,14.545602798461914,14.568389892578125,0.35259413719177246,0.37135040760040283,1.0497742891311646,0,4800,0,-0.06134446710348129
1787293521431,1394,2,2,2,2911.9873046875,-5885.71240234375,1630.4215087890625,-0.19889292120933533,0.6820791959762573,1.1476082637082354e-14,0.23864707350730896,-3.262310743331909,2.4544291496276855,1.0277104377746582,0.028040887787938118,0.0733489990234375,0.010225486010313034,14.558456420898438,14.548989295959473,14.570021629333496,0.3329777717590332,0.3475898802280426,0.9924255013465881,0,4800,0,-0.07164949178695679
1787293521451,1395,2,2,2,2818.43310546875,-5016.7197265625,1771.79345703125,-0.10066111385822296,0.6216270923614502,1.3952233533548637e-15,-0.17747531831264496,-2.4910547733306885,2.8099963665008545,0.9753710627555847,0.024527350440621376,0.05126294493675232,0.009918498806655407,14.559015274047852,14.548134803771973,14.573936462402344,0.3150414228439331,0.3289298415184021,0.9461065530776978,0,4800,0,-0.035979680716991425
1787293521471,1396,2,2,2,2731.609619140625,-3619.585205078125,1626.4765625,0.09725790470838547,0.5385088920593262,1.6962652684957057e-16,-0.42901742458343506,-2.5259389877319336,1.764891505241394,0.9185150861740112,0.024738533422350883,0.031396716833114624,0.009084489196538925,14.561866760253906,14.552306175231934,14.574803352355957,0.29791632294654846,0.30383795499801636,0.893170177936554,0,4800,0,0.01655498519539833
1787293521491,1397,2,2,2,2630.943115234375,-3855.92138671875,1966.8936767578125,0.161773219704628,0.4769812524318695,2.0622625140016745e-17,0.013899540528655052,-1.5632274150848389,2.009873867034912,0.8674821257591248,0.022220615297555923,0.012354333885014057,0.008703628554940224,14.55980110168457,14.550080299377441,14.567411422729492,0.28044629096984863,0.28816866874694824,0.8468499183654785,0,4800,0,0.03057221695780754
1787293521511,1398,2,2,2,2532.496826171875,-5131.95751953125,1484.2652587890625,-0.09748685359954834,0.4741266965866089,2.507229517991611e-18,0.23453480005264282,-1.9645118713378906,1.7948130369186401,0.8228486776351929,0.02053423598408699,0.0015804379945620894,0.004137837328016758,14.554072380065918,14.543182373046875,14.56114673614502,0.2632807493209839,0.2778134047985077,0.8049420714378357,0,4800,0,-0.03150893375277519
1787293521531,1399,2,2,2,2459.793701171875,-4752.5400390625,1776.91748046875,-0.18217110633850098,0.5521930456161499,3.0482050182158317e-19,0.16511787474155426,-1.9832909107208252,1.3082598447799683,0.782120406627655,0.01945546641945839,0.00019214434723835438,0.0008873532642610371,14.548977851867676,14.539559364318848,14.563626289367676,0.24765025079250336,0.25914624333381653,0.7586230635643005,0,4800,0,-0.04229671508073807
1787293521552,1400,2,2,2,2399.336181640625,-2809.695068359375,1546.7830810546875,-0.006626085378229618,0.39646297693252563,3.705904853556811e-20,-0.3670647144317627,-1.7541420459747314,1.4662678241729736,0.7460802793502808,0.016198525205254555,0.000023360264094662853,0.00015460197755601257,14.551069259643555,14.542104721069336,14.564220428466797,0.2361661046743393,0.24196384847164154,0.7255362272262573,0,4800,0,-0.0057915691286325455
1787293521572,1401,2,2,2,2313.94970703125,-3106.376953125,1867.0797119140625,0.1395205706357956,0.4451839327812195,4.5055142599796105e-21,0.011252176947891712,-0.9260653257369995,1.3443613052368164,0.7119212746620178,0.014042061753571033,0.00000284006227957434,0.000024476112230331637,14.554342269897461,14.54328727722168,14.56075668334961,0.22254805266857147,0.22660191357135773,0.6968618035316467,0,4800,0,0.022919613867998123
1787293521592,1402,2,2,2,2233.21923828125,-4746.33251953125,1560.407470703125,-0.023717423900961876,0.38044288754463196,5.4776542359147215e-22,0.27425897121429443,-1.764644742012024,1.3440879583358765,0.6812995076179504,0.013511009514331818,3.452851728980022e-7,0.000003666293878268334,14.546858787536621,14.534750938415527,14.55749225616455,0.20784328877925873,0.22097572684288025,0.6637775301933289,0,4800,0,-0.012914598919451237
1787293521612,1403,2,2,2,2190.697509765625,-2724.857421875,1725.7672119140625,0.14409270882606506,0.31180498003959656,6.65954987792385e-23,-0.1417159140110016,-1.8358136415481567,0.9176795482635498,0.6500863432884216,0.013429701328277588,4.1978612586035524e-8,5.296930112308473e-7,14.539373397827148,14.534886360168457,14.552724838256836,0.1981867402791977,0.20477278530597687,0.635101854801178,0,4800,0,0.021546516567468643
1787293521632,1404,2,2,2,2116.663818359375,-2545.988037109375,1817.950927734375,0.14977143704891205,0.41752612590789795,8.096457334656845e-24,-0.027928844094276428,-0.9057853817939758,1.2287886142730713,0.6234943270683289,0.011540081351995468,5.10361930494696e-9,7.460555195848428e-8,14.538240432739258,14.531396865844727,14.544384956359863,0.18773676455020905,0.19291585683822632,0.6020175814628601,0,4800,0,0.02046067640185356
1787293521652,1405,2,2,2,2047.822509765625,-4076.7802734375,1473.4237060546875,-0.04207432270050049,0.4093504846096039,9.843401444967128e-25,0.15214818716049194,-1.200534462928772,1.1494483947753906,0.5952350497245789,0.012880945578217506,6.204809444021464e-10,1.0311255849160261e-8,14.530698776245117,14.521531105041504,14.537185668945312,0.17643071711063385,0.18678386509418488,0.5777543187141418,0,4800,0,-0.011244951747357845
1787293521672,1406,2,2,2,2013.574462890625,-1655.6307373046875,1524.4896240234375,-0.012373584322631359,0.3874601721763611,1.1967276311996946e-25,-0.3871031105518341,-1.3579742908477783,1.2377238273620605,0.5706815719604492,0.010885673575103283,7.543599772619203e-11,1.4044797547185794e-9,14.526932716369629,14.51677417755127,14.533136367797852,0.16910842061042786,0.1735573261976242,0.557903528213501,0,4800,0,-0.00514860637485981
1787293521692,1407,2,2,2,1928.1534423828125,-3512.4892578125,1364.80859375,0.10783687978982925,0.45683494210243225,1.4549413112970085e-26,0.19113962352275848,-0.36886388063430786,1.29203462600708,0.5448669791221619,0.011185500770807266,9.171254901352288e-12,1.8909442067727156e-10,14.521184921264648,14.514182090759277,14.525247573852539,0.158680722117424,0.16674868762493134,0.5292291045188904,0,4800,0,0.00769834453240037
1787293521712,1408,2,2,2,1890.9852294921875,-2983.655029296875,1675.1597900390625,-0.08315767347812653,0.3512362241744995,1.7688688166785013e-27,-0.05455256626009941,-0.9923234581947327,0.8137180805206299,0.5236616134643555,0.010113381780683994,1.1150103193177663e-12,2.521948795630724e-11,14.511825561523438,14.506056785583496,14.521888732910156,0.15102273225784302,0.15799057483673096,0.5071721076965332,0,4800,0,-0.013080388307571411
1787293521732,1409,2,2,2,1836.88671875,-1671.268798828125,1900.913330078125,0.20750555396080017,0.32324954867362976,2.150531413019189e-28,-0.04123140126466751,-0.7875454425811768,1.1465471982955933,0.5031762719154358,0.008829074911773205,1.355591935361597e-13,3.3372191728803235e-12,14.503389358520508,14.49821949005127,14.509963989257812,0.14374421536922455,0.14691108465194702,0.49393734335899353,0,4800,0,0.022669197991490364
1787293521753,1410,2,2,2,1778.0582275390625,-3637.189208984375,1621.69140625,-0.0660073310136795,0.3264627456665039,2.6145440895170154e-29,0.19525781273841858,-0.8236715793609619,0.7470464706420898,0.4823514223098755,0.00920415110886097,1.6480830169010065e-14,4.38689639085596e-13,14.4996919631958,14.487691879272461,14.507431983947754,0.1342611312866211,0.14153900742530823,0.4696753919124603,0,4800,0,-0.011292642913758755
1787293521773,1411,2,2,2,1746.1165771484375,-988.1752319335938,1694.3023681640625,0.10235568881034851,0.30702313780784607,3.1786755269964105e-30,-0.15751804411411285,-0.7794100046157837,0.9540844559669495,0.4610554575920105,0.009733486920595169,2.0036837535425964e-15,5.734177916565456e-14,14.492560386657715,14.487051963806152,14.498272895812988,0.12909187376499176,0.1342315822839737,0.44541212916374207,0,4800,0,0.010208007879555225
1787293521793,1412,2,2,2,1677.897705078125,-3659.334228515625,1360.7156982421875,-0.057541120797395706,0.3264258801937103,3.8645267808000625e-31,0.14077068865299225,-0.6846887469291687,0.9576838612556458,0.4438791275024414,0.008758359588682652,2.436011434464e-16,7.458624850012995e-15,14.491698265075684,14.48531723022461,14.497212409973145,0.12150838971138,0.12736301124095917,0.42997246980667114,0,4800,0,-0.008361157961189747
1787293521813,1413,2,2,2,1656.756591796875,-600.4308471679688,1660.435791015625,0.16072197258472443,0.24301178753376007,4.698362464286784e-32,-0.26381874084472656,-0.9935582280158997,0.7185980081558228,0.4295528531074524,0.007172788493335247,2.961620921572609e-17,9.660271002998998e-16,14.488389015197754,14.482819557189941,14.495434761047363,0.11639643460512161,0.12028121203184128,0.41894397139549255,0,4800,0,0.016023579984903336
1787293521833,1414,2,2,2,1587.666015625,-3489.52783203125,1271.2955322265625,-0.15701492130756378,0.3001488745212555,5.712111657703405e-33,0.1502552181482315,-0.7902387380599976,0.6595136523246765,0.41180405020713806,0.008493708446621895,3.6006394514657495e-18,1.2464760827759933e-16,14.490385055541992,14.484743118286133,14.499460220336914,0.11033772677183151,0.11436904966831207,0.401299387216568,0,4800,0,-0.01712752692401409
1787293521853,1415,2,2,2,1566.3626708984375,-611.1830444335938,1590.549560546875,0.16719970107078552,0.2277688980102539,6.944594250160045e-34,-0.10184480249881744,-0.587855875492096,0.7894669771194458,0.39383992552757263,0.007598049473017454,4.377536478364715e-19,1.6029746147846686e-17,14.486498832702637,14.481988906860352,14.492729187011719,0.1049032062292099,0.1091352328658104,0.3814472556114197,0,4800,0,0.014086432754993439
1787293521873,1416,2,2,2,1506.8719482421875,-3315.719482421875,1465.2999267578125,-0.06190039590001106,0.3371390700340271,8.44300539393661e-35,0.17380034923553467,-0.7157476544380188,0.708740234375,0.3781221807003021,0.007156332489103079,5.322062289707707e-20,2.055284087481932e-18,14.489846229553223,14.483115196228027,14.499154090881348,0.09894692152738571,0.10348652303218842,0.3682125210762024,0,4800,0,-0.007956418208777905
1787293521893,1417,2,2,2,1473.1024169921875,-984.6520385742188,1729.5604248046875,0.17288720607757568,0.2463907152414322,1.0264723172348642e-35,-0.036838117986917496,-0.47743314504623413,0.8278635740280151,0.36381974816322327,0.006057810503989458,6.470384869871294e-21,2.6281536558734545e-19,14.487664222717285,14.478998184204102,14.494671821594238,0.09510928392410278,0.10074801743030548,0.3549790680408478,0,4800,0,0.012513053603470325
1787293521913,1418,2,2,2,1439.1861572265625,-2431.11865234375,1528.2041015625,-0.05518472194671631,0.232118159532547,1.2479506739458065e-36,-0.06739874929189682,-0.9165921211242676,0.4833688735961914,0.3505096733570099,0.0064428821206092834,7.866477527959706e-22,3.3525507442152036e-20,14.490313529968262,14.483929634094238,14.494630813598633,0.09037932008504868,0.09522587060928345,0.33953940868377686,0,4800,0,-0.005114448256790638
1787293521933,1419,2,2,2,1376.4375,-2431.646728515625,1278.17041015625,0.06340982764959335,0.2890603244304657,1.5172167879945717e-37,0.010023237206041813,-0.3507726490497589,0.8202500939369202,0.33497071266174316,0.007179922889918089,9.563799360657629e-23,4.26719455899449e-21,14.4872465133667,14.4804105758667,14.499580383300781,0.08561916649341583,0.09133195132017136,0.3240984380245209,0,4800,0,0.0033436159137636423
1787293521954,1420,2,2,2,1375.244140625,-1073.8760986328125,1476.759033203125,-0.0409921370446682,0.38613006472587585,1.8445810166339367e-38,-0.09687246382236481,-0.7666752338409424,0.4875198304653168,0.32446572184562683,0.004884280730038881,1.1627345892745444e-23,5.420459422149046e-22,14.488885879516602,14.481185913085938,14.493592262268066,0.0822787880897522,0.08548407256603241,0.3152761459350586,0,4800,0,-0.004137443378567696
1787293521974,1421,2,2,2,1300.854736328125,-3455.6328125,971.5470581054688,-0.04621194675564766,0.23603138327598572,2.2425792077699356e-39,0.09603691101074219,-0.3333548605442047,0.7384155988693237,0.30743712186813354,0.0072064814157783985,1.4136138930375387e-24,6.872736066571845e-23,14.48702621459961,14.481749534606934,14.494295120239258,0.07815567404031754,0.08149198442697525,0.29763028025627136,0,4800,0,-0.004572591744363308
1787293521994,1422,2,2,2,1299.3216552734375,341.1693115234375,1810.0302734375,0.03704936429858208,0.2713373303413391,2.7264503700982236e-40,-0.19040687382221222,-0.7904272079467773,0.2578275799751282,0.2967287003993988,0.005324415862560272,1.718624324287591e-25,8.69936636957735e-24,14.488775253295898,14.485233306884766,14.49691104888916,0.07474832981824875,0.0771775022149086,0.2843955159187317,0,4800,0,0.001421119086444378
1787293522014,1423,2,2,2,1253.1717529296875,-2553.61962890625,1459.25390625,-0.16999433934688568,0.23011058568954468,3.314771517360355e-41,0.03907932713627815,-0.7869390845298767,0.37329408526420593,0.2873643934726715,0.0050694579258561134,2.0894458648231832e-26,1.0994286396812166e-24,14.48551082611084,14.4813814163208,14.489234924316406,0.07129117846488953,0.07357023656368256,0.27777814865112305,0,4800,0,-0.010800347663462162
1787293522034,1424,2,2,2,1196.634765625,-2307.208251953125,1016.2528686523438,0.019013188779354095,0.21050481498241425,4.030134383398174e-42,0.1277805119752884,-0.37243223190307617,0.8033167719841003,0.27343282103538513,0.005832674913108349,2.540278678080426e-27,1.3874541067809554e-25,14.488694190979004,14.485334396362305,14.49258804321289,0.06731898337602615,0.07173678278923035,0.26675093173980713,0,4800,0,-0.0014787319814786315
1787293522054,1425,2,2,2,1199.401611328125,-404.5645446777344,1265.11376953125,0.043403126299381256,0.2235933095216751,4.90454462513686e-43,-0.12531699240207672,-0.7900824546813965,0.3692421615123749,0.26385626196861267,0.0046837725676596165,3.0883861105978863e-28,1.7485878499177304e-26,14.486795425415039,14.481535911560059,14.490809440612793,0.06318432092666626,0.06543763726949692,0.2513112723827362,0,4800,0,0.0014931296464055777
1787293522074,1426,2,2,2,1139.4427490234375,-2842.317626953125,940.4121704101562,-0.19657009840011597,0.1258714646100998,5.885453550164232e-44,0.051325611770153046,-0.5923865437507629,0.5153708457946777,0.2511104345321655,0.0061061144806444645,3.754756607464344e-29,2.2009696886292437e-27,14.485047340393066,14.478898048400879,14.491059303283691,0.06282533705234528,0.06498805433511734,0.2424863874912262,0,4800,0,-0.011497114785015583
1787293522094,1427,2,2,2,1104.6279296875,-1312.5433349609375,1136.179931640625,0.01549601648002863,0.19792777299880981,5.605193857299268e-45,0.0389108844101429,-0.4876800775527954,0.7291228771209717,0.2417830228805542,0.004292893689125776,4.564906110344849e-30,2.767163384809699e-28,14.489429473876953,14.48410701751709,14.50006103515625,0.058208122849464417,0.06296706199645996,0.23366409540176392,0,4800,0,-0.00017961594858206809
1787293522115,1428,2,2,2,1102.2896728515625,-734.0419921875,1014.0525512695312,-0.12290146946907043,0.23435138165950775,5.605193857299268e-45,-0.014787454158067703,-0.6010329127311707,0.3606718182563782,0.23335924744606018,0.004390444606542587,5.549861008339526e-31,3.475222019584566e-29,14.487393379211426,14.484007835388184,14.50037670135498,0.05555704981088638,0.0582275465130806,0.22704802453517914,0,4800,0,-0.007200228050351143
1787293522135,1429,2,2,2,1044.3411865234375,-2810.095703125,847.8403930664062,-0.020926760509610176,0.20075009763240814,5.605193857299268e-45,-0.01053144596517086,-0.43068310618400574,0.6092179417610168,0.22415748238563538,0.005060066003352404,6.747335222731229e-32,4.360005219855276e-30,14.489025115966797,14.483616828918457,14.493537902832031,0.05407404899597168,0.05575680360198021,0.21601951122283936,0,4800,0,-0.001942874863743782
1787293522155,1430,2,2,2,1007.1669921875,-1400.2198486328125,1194.7919921875,0.03108678199350834,0.14877963066101074,5.605193857299268e-45,0.04840093106031418,-0.3666541278362274,0.43590450286865234,0.21378269791603088,0.005086383782327175,8.203182919109518e-33,5.4648116410688315e-31,14.491561889648438,14.487006187438965,14.4964599609375,0.04981587082147598,0.055278122425079346,0.20278476178646088,0,4800,0,0.0016041449271142483
1787293522175,1431,2,2,2,1020.8935546875,-232.79446411132812,1501.8717041015625,-0.05275297909975052,0.19731299579143524,5.605193857299268e-45,-0.027803299948573112,-0.644585371017456,0.7156116962432861,0.20620010793209076,0.004357184283435345,9.973154885185376e-34,6.843398384321952e-32,14.488783836364746,14.483269691467285,14.494410514831543,0.046930812299251556,0.05107416585087776,0.19616739451885223,0,4800,0,-0.0024729501456022263
1787293522195,1432,2,2,2,966.355224609375,-2467.744384765625,1080.60693359375,-0.04500393569469452,0.25581109523773193,5.605193857299268e-45,0.02432822622358799,-0.6371544599533081,0.47775667905807495,0.1973947435617447,0.004100992809981108,1.2125027930358858e-34,8.562474971490258e-33,14.489646911621094,14.484293937683105,14.49482536315918,0.04685002937912941,0.04879038408398628,0.18955132365226746,0,4800,0,-0.0020560964476317167
1787293522215,1433,2,2,2,913.1365966796875,-2121.542724609375,1023.8447265625,0.06918470561504364,0.23763948678970337,5.605193857299268e-45,0.057629771530628204,-0.3739737570285797,0.8393905758857727,0.19065096974372864,0.00427121901884675,1.4741202819610727e-35,1.0704792671041745e-33,14.49413776397705,14.486599922180176,14.4993257522583,0.04408847540616989,0.048960503190755844,0.1829339563846588,0,4800,0,0.0017464329721406102
1787293522235,1434,2,2,2,933.0763549804688,820.7862548828125,1079.694091796875,-0.04007334262132645,0.25719818472862244,5.605193857299268e-45,-0.08202758431434631,-0.7020927667617798,0.5792831778526306,0.18307127058506012,0.003512715222314,1.792186029847711e-36,1.337296326849427e-34,14.49524974822998,14.489447593688965,14.502975463867188,0.040328122675418854,0.04273696616292,0.17852281033992767,0,4800,0,-0.0021766694262623787
1787293522255,1435,2,2,2,885.9151611328125,-2726.495361328125,1745.9320068359375,-0.1165127381682396,0.23105178773403168,5.605193857299268e-45,0.005213680677115917,-0.597442626953125,0.3722476363182068,0.1778796762228012,0.002597257262095809,2.1788794305941666e-37,1.6694176480906568e-35,14.490486145019531,14.485610961914062,14.497138023376465,0.03884761035442352,0.04046158120036125,0.16969922184944153,0,4800,0,-0.004697075579315424
1787293522275,1436,2,2,2,833.3458862304688,-2522.885009765625,592.5951538085938,-0.016826990991830826,0.25668591260910034,5.605193857299268e-45,0.015458177775144577,-0.5977770686149597,0.33480241894721985,0.16833969950675964,0.00554487993940711,2.649008451246391e-38,2.0826019752496938e-36,14.492305755615234,14.481851577758789,14.498451232910156,0.03927624970674515,0.04342228174209595,0.16087692975997925,0,4800,0,-0.0002634402480907738
1787293522296,1437,0,0,10,960.9325561523438,1018.4736328125,17286.73046875,0.2231464684009552,0.5128686428070068,5.605193857299268e-45,-0.11671094596385956,-3.8582961559295654,0.5791082382202148,0.160687655210495,0.00496653700247407,3.2205762345884406e-39,2.596368842589845e-37,14.467970848083496,14.450591087341309,14.49617862701416,0.03278160095214844,0.05393793433904648,0.1520533263683319,0,4800,0,0.007666141260415316
1787293522316,1438,0,0,10,817.2220458984375,-4389.67529296875,4690.357421875,0.0271293967962265,0.11661165952682495,5.605193857299268e-45,-0.014189326204359531,0,0,0.15022271871566772,0.005112778395414352,3.915466130062474e-40,3.234887135285204e-38,14.454896926879883,14.448121070861816,14.456348419189453,0.04134923964738846,0.045150503516197205,0.14323103427886963,0,4800,0,0.000932023860514164
1787293522336,1439,0,0,10,725.9075927734375,-5611.42919921875,2090.670654296875,0.003298301249742508,0.020773857831954956,5.605193857299268e-45,-0.0017250910168513656,0,0,0.1452271044254303,0.002757743699476123,4.760210883311404e-41,4.028071672058688e-39,14.45283317565918,14.448343276977539,14.458504676818848,0.039757125079631805,0.04484577104449272,0.1388198882341385,0,4800,0,0.00011331235873512924
1787293522356,1440,0,0,10,628.1775512695312,-5067.32861328125,659.7491455078125,0.00040099641773849726,0.0033276083413511515,5.605193857299268e-45,-0.00020973077334929258,0,0,0.13957425951957703,0.004060903564095497,5.78596135919717e-42,5.012921048367741e-40,14.452226638793945,14.447412490844727,14.45527458190918,0.024619700387120247,0.03505062684416771,0.1277913749217987,0,4800,0,0.000013776137166132685
1787293522376,1441,0,0,10,-27.718629837036133,-32224.169921875,29561.345703125,0.00004875180093222298,0.0005020630778744817,5.605193857299268e-45,-0.00002549836426624097,0,0,0.13449092209339142,0.003991872537881136,7.0205053062673335e-43,6.235217646859706e-41,14.454920768737793,14.44933795928955,14.457618713378906,-0.006602023262530565,0.01753717102110386,0.1277913749217987,0,4800,0,0.000001674856662248203
1787293522396,1442,5,0,10,-126.49164581298828,-6166.6328125,12558.162109375,0.0000059270801102684345,0.00007289330096682534,5.605193857299268e-45,-0.0000031000058697827626,0,0,0.1290442794561386,0.003839789656922221,8.547920632381384e-44,7.749180507716238e-42,14.45421028137207,14.45031452178955,14.461419105529785,-0.02189587615430355,0.0356714203953743,0.1233789250254631,0,4800,0,2.0362342922908283e-7
1787293522416,1443,0,0,10,4.3705596923828125,6870.2392578125,9395.8525390625,7.205945280475134e-7,0.000010303312592441216,5.605193857299268e-45,-3.7688832321691734e-7,0,0,0.12308581173419952,0.0031517979223281145,9.80908925027372e-45,9.612907465268245e-43,14.45411205291748,14.450227737426758,14.458722114562988,0.03026627190411091,0.038933172821998596,0.11455663293600082,0,4800,0,2.4755852479074747e-8
1787293522436,1444,0,0,10,51.98172378540039,3047.733154296875,2100.845947265625,8.760745373592727e-8,0.0000014278572280090884,5.605193857299268e-45,-4.5820819138953084e-8,0,0,0.1187247484922409,0.0036449709441512823,5.605193857299268e-45,1.233142648605839e-43,14.454835891723633,14.451563835144043,14.459505081176758,0.030081773176789284,0.0372784398496151,0.11235040426254272,0,4800,0,3.009733129388792e-9
1787293522456,1445,5,0,10,82.4864273071289,1225.40966796875,1167.673583984375,1.0651021398189187e-8,1.9489613123369054e-7,5.605193857299268e-45,-5.570739869398267e-9,0,0,0.11213641613721848,0.0035645405296236277,5.605193857299268e-45,1.961817850054744e-44,14.450418472290039,14.444655418395996,14.460258483886719,0.016873249784111977,0.025174705311655998,0.10793925821781158,0,4800,0,3.6591327190471645e-10
1787293522476,1446,0,0,10,-14.065250396728516,-4407.228515625,4711.70068359375,1.294915508154304e-9,2.628464734755198e-8,5.605193857299268e-45,-6.772718497138897e-10,0,0,0.10939234495162964,0.0031107233371585608,5.605193857299268e-45,1.1210387714598537e-44,14.442512512207031,14.43359088897705,14.45065689086914,-0.006947394460439682,0.010437357239425182,0.10352811217308044,0,4800,0,4.448650475774585e-11
1787293522497,1447,0,0,10,-64.95567321777344,-2495.759521484375,1347.7139892578125,1.5743147063762564e-10,3.5104616991077364e-9,5.605193857299268e-45,-8.234042614407855e-11,0,0,0.10333286970853806,0.003786865621805191,5.605193857299268e-45,1.1210387714598537e-44,14.433042526245117,14.423135757446289,14.43592357635498,-0.021966230124235153,-0.015596633777022362,0.09470582008361816,0,4800,0,5.408521287081358e-12
1787293522516,1448,0,0,10,-32.32493591308594,2147.05322265625,3382.49169921875,1.913998994018673e-11,4.65070121302702e-10,5.605193857299268e-45,-1.0010671978866181e-11,0,0,0.09897350519895554,0.004190181847661734,5.605193857299268e-45,1.1210387714598537e-44,14.429855346679688,14.426316261291504,14.431113243103027,0.015513001941144466,0.03303536772727966,0.09029467403888702,0,4800,0,6.575499151249831e-13
1787293522537,1449,0,0,10,3.078277111053467,1999.0479736328125,2582.357177734375,2.3269756347504833e-12,6.1195611078535e-11,5.605193857299268e-45,-1.2170639929892646e-12,0,0,0.09505931288003922,0.003726402996107936,5.605193857299268e-45,1.1210387714598537e-44,14.428657531738281,14.425745010375977,14.430390357971191,0.02877340279519558,0.03343905508518219,0.09029467403888702,0,4800,0,7.99427120638449e-14
1787293522557,1450,0,0,10,25.054710388183594,1302.8675537109375,678.1551513671875,2.829058873016904e-13,8.005769658314676e-12,5.605193857299268e-45,-1.4796659991017647e-13,0,0,0.09072969853878021,0.0038062541279941797,5.605193857299268e-45,1.1210387714598537e-44,14.428730964660645,14.426761627197266,14.43009090423584,0.0233004130423069,0.028527121990919113,0.08147238194942474,0,4800,0,9.719166897887484e-15
1787293522577,1451,0,0,10,42.58878707885742,759.004150390625,392.0123291015625,3.4394745217084313e-14,1.0421041200109338e-12,5.605193857299268e-45,-1.7989280651589147e-14,0,0,0.08694076538085938,0.0029737302102148533,5.605193857299268e-45,1.1210387714598537e-44,14.428303718566895,14.424701690673828,14.429862976074219,0.012402794323861599,0.0191043708473444,0.08147107809782028,0,4800,0,1.1816235610348394e-15
1787293522597,1452,0,0,10,-1.9566164016723633,-2928.19873046875,2864.33203125,4.181597102137719e-15,1.3505873936586754e-13,5.605193857299268e-45,-2.1870763392602827e-15,0,0,0.08225280791521072,0.003452535718679428,5.605193857299268e-45,1.1210387714598537e-44,14.427709579467773,14.425102233886719,14.429498672485352,-0.00037834656541235745,0.006727672182023525,0.0748550146818161,0,4800,0,1.436578334106236e-16
1787293522617,1453,0,0,10,-23.174148559570312,-1292.990478515625,799.5783081054688,5.083845162608212e-16,1.7436759366029272e-14,5.605193857299268e-45,-2.6589740642851776e-16,0,0,0.07912707328796387,0.0026519596576690674,5.605193857299268e-45,1.1210387714598537e-44,14.42711067199707,14.421915054321289,14.430134773254395,-0.010872513055801392,-0.00570194935426116,0.072648786008358,0,4800,0,1.74654388693019e-17
1787293522637,1454,0,0,10,-44.926937103271484,-1016.7484130859375,334.1094055175781,6.180768975868088e-17,2.243518167942336e-15,5.605193857299268e-45,-3.2326913170286866e-17,0,0,0.07593405246734619,0.002371041802689433,5.605193857299268e-45,1.1210387714598537e-44,14.427170753479004,14.418054580688477,14.430906295776367,-0.01954721286892891,-0.015531467273831367,0.072648786008358,0,4800,0,2.1233895896261794e-18
1787293522657,1455,0,0,10,-49.409576416015625,-227.5901336669922,341.9341735839844,7.51437007350527e-18,2.877881788569171e-16,5.605193857299268e-45,-3.93019772008392e-18,0,0,0.07360243052244186,0.002474433509632945,5.605193857299268e-45,1.1210387714598537e-44,14.427538871765137,14.422252655029297,14.431583404541016,0.015978267416357994,0.025919364765286446,0.0682363361120224,0,4800,0,2.581546164259154e-19
1787293522677,1456,0,0,10,-32.22578811645508,1226.7691650390625,1207.3245849609375,9.135717693183722e-19,3.681546979796296e-17,5.605193857299268e-45,-4.778202087570087e-19,0,0,0.07216393947601318,0.0018534403061494231,5.605193857299268e-45,1.1210387714598537e-44,14.426007270812988,14.421924591064453,14.428511619567871,0.023976722732186317,0.026165129616856575,0.06382519006729126,0,4800,0,3.138556534808321e-20
1787293522697,1457,0,0,10,2.857800245285034,789.4716186523438,1465.6943359375,1.110690046663101e-19,4.698038049853619e-18,5.605193857299268e-45,-5.809178289565102e-20,0,0,0.06988538801670074,0.00239593256264925,5.605193857299268e-45,1.1210387714598537e-44,14.426087379455566,14.421546936035156,14.42946720123291,0.022987691685557365,0.02434764988720417,0.06382519006729126,0,4800,0,3.815751853964439e-21
1787293522718,1458,0,0,10,10.307934761047363,454.8045654296875,561.7183837890625,1.3503397959120697e-20,5.981785550998659e-19,5.605193857299268e-45,-7.062603779296997e-21,0,0,0.0680956095457077,0.002390812383964658,5.605193857299268e-45,1.1210387714598537e-44,14.420948028564453,14.415010452270508,14.430086135864258,0.01945452019572258,0.021725984290242195,0.06382519006729126,0,4800,0,4.639063034357598e-22
1787293522738,1459,0,0,10,18.64968490600586,410.59661865234375,237.61473083496094,1.6416976473054297e-21,7.600794627687846e-20,5.605193857299268e-45,-8.58647706082442e-22,0,0,0.0611284002661705,0.0032305638305842876,5.605193857299268e-45,1.1210387714598537e-44,14.411499977111816,14.405810356140137,14.41855239868164,0.014276273548603058,0.0163690447807312,0.05500290170311928,0,4800,0,5.640017208774076e-23
1787293522758,1460,0,0,10,21.781259536743164,130.38150024414062,214.4497528076172,1.995920705235711e-22,9.639976591183623e-21,5.605193857299268e-45,-1.0439151606615797e-22,0,0,0.05858299508690834,0.002974919741973281,5.605193857299268e-45,1.1210387714598537e-44,14.40412425994873,14.394477844238281,14.412115097045898,0.00915791280567646,0.011928943917155266,0.05500290170311928,0,4800,0,6.85694307124932e-24
1787293522778,1461,0,0,10,15.505668640136719,-425.16168212890625,475.78521728515625,2.4265735364667398e-23,1.220527511067671e-21,5.605193857299268e-45,-1.2691570529847428e-23,0,0,0.055596839636564255,0.0019028638489544392,5.605193857299268e-45,1.1210387714598537e-44,14.400513648986816,14.389674186706543,14.406432151794434,0.006442506797611713,0.00701482268050313,0.05279667302966118,0,4800,0,8.336440457723429e-25
1787293522798,1462,0,0,10,-4.797598838806152,-633.4222412109375,803.197021484375,2.950147106250484e-24,1.5428791495447323e-22,5.605193857299268e-45,-1.5429985199769103e-24,0,0,0.05526632443070412,0.0019462311174720526,5.605193857299268e-45,1.1210387714598537e-44,14.394057273864746,14.386785507202148,14.403569221496582,0.0013559708604589105,0.008300893008708954,0.05059175565838814,0,4800,0,1.013516473225103e-25
1787293522818,1463,0,0,10,-11.627326965332031,-373.74822998046875,339.91998291015625,3.5866887328270205e-25,1.9475144014884858e-23,5.605193857299268e-45,-1.8759259004980225e-25,0,0,0.053939662873744965,0.0022084666416049004,5.605193857299268e-45,1.1210387714598537e-44,14.393996238708496,14.389056205749512,14.406153678894043,-0.007331463973969221,0.008598408661782742,0.04838553071022034,0,4800,0,1.2321995783972538e-26
1787293522838,1464,0,0,10,-19.015195846557617,-331.5618896484375,306.5487060546875,4.360575332433707e-26,2.454933953756431e-24,5.605193857299268e-45,-2.2806876268129247e-26,0,0,0.0517398826777935,0.0024702639784663916,5.605193857299268e-45,1.1210387714598537e-44,14.389838218688965,14.382204055786133,14.39632797241211,0.005883845034986734,0.013142147101461887,0.046180609613657,0,4800,0,1.4980665997966314e-27
1787293522858,1465,0,0,10,-23.508441925048828,-189.3579864501953,340.08868408203125,5.3014403355526795e-27,3.090655214295344e-25,5.605193857299268e-45,-2.7727832965356695e-27,0,0,0.052370231598615646,0.0021956779528409243,5.605193857299268e-45,1.1210387714598537e-44,14.39228630065918,14.38523006439209,14.401555061340332,0.013009589165449142,0.015056650154292583,0.04838553071022034,0,4800,0,1.8212989853335383e-28
1787293522878,1466,0,0,10,-1.7787343263626099,1557.1104736328125,1130.45751953125,6.445313300026435e-28,3.886420624589303e-26,5.605193857299268e-45,-3.3710574966892745e-28,0,0,0.04719898849725723,0.00259226793423295,5.605193857299268e-45,1.1210387714598537e-44,14.389599800109863,14.380948066711426,14.395393371582031,0.014953218400478363,0.01594374142587185,0.03956323862075806,0,4800,0,2.2142744580563704e-29
1787293522898,1467,0,0,10,-0.18941020965576172,189.3960418701172,581.6591186523438,7.835996257248104e-29,4.881700467171003e-27,5.605193857299268e-45,-4.098418042108033e-29,0,0,0.04815252497792244,0.0015349918976426125,5.605193857299268e-45,1.1210387714598537e-44,14.389730453491211,14.382838249206543,14.397217750549316,0.015648996457457542,0.016993457451462746,0.0417681559920311,0,4800,0,2.692040049823789e-30
1787293522919,1468,0,0,10,-0.22071541845798492,6.051206111907959,228.6759490966797,9.5267418683296e-30,6.125542484675072e-28,5.605193857299268e-45,-4.982719684661008e-30,0,0,0.04597979038953781,0.001933570601977408,5.605193857299268e-45,1.1210387714598537e-44,14.390771865844727,14.382256507873535,14.399802207946777,0.01586659625172615,0.01790681667625904,0.0417681559920311,0,4800,0,3.272891775373009e-31
1787293522939,1469,0,0,10,0.12219283729791641,10.891990661621094,233.10951232910156,1.1582293480742462e-30,7.678875281266348e-29,5.605193857299268e-45,-6.0578226801829575e-31,0,0,0.04226817563176155,0.0031128039117902517,5.605193857299268e-45,1.1210387714598537e-44,14.392642974853516,14.385954856872559,14.399746894836426,0.016213295981287956,0.017152898013591766,0.032945867627859116,0,4800,0,3.9790721812940474e-32
1787293522959,1470,0,0,10,0.10002146661281586,-6.270142555236816,259.1233825683594,1.4081360851452212e-31,9.617347844416406e-30,5.605193857299268e-45,-7.364897636856629e-32,0,0,0.0376129224896431,0.0027851364575326443,5.605193857299268e-45,1.1210387714598537e-44,14.392923355102539,14.388445854187012,14.400745391845703,0.01612875983119011,0.017155950888991356,0.030740946531295776,0,4800,0,4.837622471876334e-33
1787293522979,1471,0,0,10,0.5203871726989746,58.786251068115234,425.80828857421875,1.711964552472243e-32,1.2034841878690391e-30,5.605193857299268e-45,-8.953996140234668e-33,0,0,0.037867482751607895,0.0038595611695200205,5.605193857299268e-45,1.1210387714598537e-44,14.393763542175293,14.3853759765625,14.401191711425781,0.015821466222405434,0.01723324880003929,0.028534721583127975,0,4800,0,5.88141976209127e-34
1787293522999,1472,0,0,10,-0.21533480286598206,-40.59242248535156,391.8709411621094,2.0813492156781508e-33,1.504782762131693e-31,5.605193857299268e-45,-1.0885968492927115e-33,0,0,0.03673497587442398,0.0031082252971827984,5.605193857299268e-45,1.1210387714598537e-44,14.395729064941406,14.389015197753906,14.403953552246094,0.015182633884251118,0.016135623678565025,0.030739640817046165,0,4800,0,7.150432264949903e-35
1787293523019,1473,0,0,10,-0.1985127180814743,-23.180540084838867,253.64447021484375,2.530434113193588e-34,1.8800730281408953e-32,5.605193857299268e-45,-1.3234795616580871e-34,0,0,0.03608418628573418,0.0034068147651851177,5.605193857299268e-45,1.1210387714598537e-44,14.396172523498535,14.387523651123047,14.403478622436523,0.014521216973662376,0.015315967611968517,0.026328494772315025,0,4800,0,8.693256403502322e-36
1787293523039,1474,0,0,10,-0.29292231798171997,-37.69638442993164,393.1735534667969,3.07641622686763e-35,2.3472583437906374e-33,5.605193857299268e-45,-1.609041836071213e-35,0,0,0.0341930165886879,0.0030104860197752714,5.605193857299268e-45,1.1210387714598537e-44,14.393686294555664,14.387418746948242,14.398459434509277,0.014063163660466671,0.014819974079728127,0.026328494772315025,0,4800,0,1.0568968790133964e-36
1787293523059,1475,0,0,10,0.16455405950546265,23.903188705444336,334.57122802734375,3.740203264844072e-36,2.9285223923505078e-34,5.605193857299268e-45,-1.9562192927469717e-36,0,0,0.031041009351611137,0.00259058247320354,5.605193857299268e-45,1.1210387714598537e-44,14.395051956176758,14.385627746582031,14.406034469604492,0.013456001877784729,0.014630929566919804,0.021916044875979424,0,4800,0,1.284939796625633e-37
1787293523079,1476,0,0,10,-0.1413325071334839,9.617842674255371,276.9425048828125,4.54721396514954e-37,3.6513431670151184e-35,5.605193857299268e-45,-2.3783052775964916e-37,0,0,0.028589049354195595,0.0038209049962460995,5.605193857299268e-45,1.1210387714598537e-44,14.395658493041992,14.387210845947266,14.403249740600586,0.013382328674197197,0.014479738660156727,0.019711123779416084,0,4800,0,1.5621868659481138e-38
1787293523100,1477,0,0,10,-0.21530655026435852,-28.52161979675293,186.5014190673828,5.52835001263201e-38,4.5497464365758186e-36,5.605193857299268e-45,-2.8914639141407997e-38,0,0,0.026291629299521446,0.003135731676593423,5.605193857299268e-45,1.1210387714598537e-44,14.396130561828613,14.386263847351074,14.402374267578125,0.013518917374312878,0.014231478795409203,0.019711123779416084,0,4800,0,1.8992526762195695e-39
1787293523119,1478,0,0,10,-0.15086090564727783,-13.934420585632324,126.16725158691406,6.721180947795231e-39,5.665852368391944e-37,5.605193857299268e-45,-3.515344971753023e-39,0,0,0.024799829348921776,0.003495731856673956,5.605193857299268e-45,1.1210387714598537e-44,14.398004531860352,14.3911771774292,14.405471801757812,0.01362818107008934,0.014068370684981346,0.017504898831248283,0,4800,0,2.3090455965297903e-40
1787293523140,1479,0,0,10,-0.17427121102809906,-39.413814544677734,229.6291961669922,8.171405748001949e-40,7.051780606432906e-38,5.605193857299268e-45,-4.273834199328903e-40,0,0,0.022446002811193466,0.003125543240457773,5.605193857299268e-45,1.1210387714598537e-44,14.401232719421387,14.390856742858887,14.409907341003418,0.013735554181039333,0.014912452548742294,0.015299978666007519,0,4800,0,2.807221213581906e-41
1787293523160,1480,0,0,10,0.1435042768716812,15.951963424682617,201.85662841796875,9.93450546283079e-41,8.772010677602352e-39,5.605193857299268e-45,-5.195874575869989e-41,0,0,0.022901512682437897,0.0034111959394067526,5.605193857299268e-45,1.1210387714598537e-44,14.400620460510254,14.393190383911133,14.40731430053711,0.013575885444879532,0.01459771953523159,0.015299978666007519,0,4800,0,3.4121617606309296e-42
1787293523180,1481,0,0,10,0.05614664405584335,-9.6362886428833,235.4811553955078,1.2076390165551274e-41,1.0906249895901478e-39,5.605193857299268e-45,-6.317053477176275e-42,0,0,0.02185484953224659,0.0022200089879333973,5.605193857299268e-45,1.1210387714598537e-44,14.400012969970703,14.391229629516602,14.407569885253906,0.01370671670883894,0.014201633632183075,0.017504898831248283,0,4800,0,4.13383046975821e-43
1787293523200,1482,0,0,10,0.18692578375339508,10.643183708190918,243.66664123535156,1.4685607906124083e-42,1.3553078487256766e-40,5.605193857299268e-45,-7.66510259985675e-43,0,0,0.021203862503170967,0.0016459283651784062,5.605193857299268e-45,1.1210387714598537e-44,14.402902603149414,14.392926216125488,14.410815238952637,0.013768207281827927,0.0146839814260602,0.019711123779416084,0,4800,0,5.044674471569341e-44
1787293523220,1483,0,0,10,0.013966009952127934,-1.4240258932113647,239.44107055664062,1.7796490496925177e-43,1.6832397153469703e-41,5.605193857299268e-45,-9.388699710976274e-44,0,0,0.02115994319319725,0.0019301478751003742,5.605193857299268e-45,1.1210387714598537e-44,14.401817321777344,14.390646934509277,14.4081449508667,0.013640891760587692,0.014843148179352283,0.017504898831248283,0,4800,0,5.605193857299268e-45
1787293523240,1484,0,0,10,-0.24474316835403442,-39.44668197631836,284.6072998046875,2.1019476964872256e-44,2.090737308772627e-42,5.605193857299268e-45,-1.1210387714598537e-44,0,0,0.019156621769070625,0.0020244610495865345,5.605193857299268e-45,1.1210387714598537e-44,14.401488304138184,14.394611358642578,14.406709671020508,0.013711351901292801,0.014536743983626366,0.013095058500766754,0,4800,0,5.605193857299268e-45
1787293523261,1485,0,0,10,-0.08988578617572784,-19.503215789794922,308.0033874511719,5.605193857299268e-45,2.6064151436441598e-43,5.605193857299268e-45,-5.605193857299268e-45,0,0,0.018719803541898727,0.0024296820629388094,5.605193857299268e-45,1.1210387714598537e-44,14.402148246765137,14.395685195922852,14.412402153015137,0.013477538712322712,0.014271469786763191,0.013093752786517143,0,4800,0,5.605193857299268e-45
1787293523281,1486,0,0,10,-0.2033991515636444,-26.9337100982666,225.24160766601562,5.605193857299268e-45,3.6433760072445244e-44,5.605193857299268e-45,-5.605193857299268e-45,0,0,0.01602463610470295,0.0025386775378137827,5.605193857299268e-45,1.1210387714598537e-44,14.400716781616211,14.389969825744629,14.407142639160156,0.01380578801035881,0.014609090983867645,0.010888832621276379,0,4800,0,5.605193857299268e-45
1787293523301,1487,0,0,10,-0.5157831311225891,-50.823524475097656,248.997802734375,5.605193857299268e-45,1.1210387714598537e-44,5.605193857299268e-45,-5.605193857299268e-45,0,0,0.017195383086800575,0.0028715997468680143,5.605193857299268e-45,1.1210387714598537e-44,14.401185989379883,14.3922119140625,14.408353805541992,0.013619576580822468,0.014242083765566349,0.010888832621276379,0,4800,0,5.605193857299268e-45
1787293523321,1488,0,0,10,-0.7063798308372498,-99.29328155517578,421.0029602050781,5.605193857299268e-45,1.1210387714598537e-44,5.605193857299268e-45,-5.605193857299268e-45,0,0,0.018075454980134964,0.0018635726300999522,5.605193857299268e-45,1.1210387714598537e-44,14.401741981506348,14.394444465637207,14.409716606140137,0.013476589694619179,0.01444294210523367,0.010888832621276379,0,4800,0,5.605193857299268e-45
1787293523341,1489,0,0,10,-0.40110209584236145,-21.38779640197754,252.5164337158203,5.605193857299268e-45,1.1210387714598537e-44,5.605193857299268e-45,-5.605193857299268e-45,0,0,0.01626846008002758,0.002219021786004305,5.605193857299268e-45,1.1210387714598537e-44,14.404118537902832,14.392858505249023,14.416521072387695,0.013483893126249313,0.014717082493007183,0.013093752786517143,0,4800,0,5.605193857299268e-45
1787293523361,1490,0,0,10,0.04410957545042038,14.584467887878418,229.7083282470703,5.605193857299268e-45,1.1210387714598537e-44,5.605193857299268e-45,-5.605193857299268e-45,0,0,0.015195375308394432,0.0021446882747113705,5.605193857299268e-45,1.1210387714598537e-44,14.402591705322266,14.394524574279785,14.409451484680176,0.013552619144320488,0.014749428257346153,0.010888832621276379,0,4800,0,5.605193857299268e-45
1787293523381,1491,0,0,10,-0.19953013956546783,-15.601027488708496,202.68157958984375,5.605193857299268e-45,1.1210387714598537e-44,5.605193857299268e-45,-5.605193857299268e-45,0,0,0.01568899303674698,0.002971457550302148,5.605193857299268e-45,1.1210387714598537e-44,14.404444694519043,14.395873069763184,14.412596702575684,0.01373331993818283,0.014608006924390793,0.008682606741786003,0,4800,0,5.605193857299268e-45
1787293523401,1492,0,0,10,-0.18483932316303253,-24.33050537109375,156.57666015625,5.605193857299268e-45,1.1210387714598537e-44,5.605193857299268e-45,-5.605193857299268e-45,0,0,0.016193445771932602,0.0025315070524811745,5.605193857299268e-45,1.1210387714598537e-44,14.393604278564453,14.382186889648438,14.41242504119873,0.013768866658210754,0.014544684439897537,0.006477687042206526,0,4800,0,5.605193857299268e-45
1787293523421,1493,0,0,10,0.06324239075183868,-1.4875770807266235,249.03147888183594,5.605193857299268e-45,1.1210387714598537e-44,5.605193857299268e-45,-5.605193857299268e-45,0,0,0.014392916113138199,0.0025740040000528097,5.605193857299268e-45,1.1210387714598537e-44,14.383496284484863,14.37685775756836,14.392156600952148,0.013771304860711098,0.014850885607302189,0.008682606741786003,0,4800,0,5.605193857299268e-45
1787293523441,1494,0,0,10,0.11158085614442825,-0.3691728115081787,237.0413055419922,5.605193857299268e-45,1.1210387714598537e-44,5.605193857299268e-45,-5.605193857299268e-45,0,0,0.01273319497704506,0.0016547252889722586,5.605193857299268e-45,1.1210387714598537e-44,14.377543449401855,14.37097454071045,14.382346153259277,0.013619484379887581,0.014755377545952797,0.010888832621276379,0,4800,0,5.605193857299268e-45
1787293523461,1495,0,0,10,-0.09181331843137741,-6.628915309906006,253.87689208984375,5.605193857299268e-45,1.1210387714598537e-44,5.605193857299268e-45,-5.605193857299268e-45,0,0,0.01260315254330635,0.0022956328466534615,5.605193857299268e-45,1.1210387714598537e-44,14.375068664550781,14.370569229125977,14.379846572875977,0.013797246851027012,0.015474023297429085,0.004272766876965761,0,4800,0,5.605193857299268e-45
1787293523481,1496,0,0,10,0.2897651195526123,33.14322280883789,322.0580139160156,5.605193857299268e-45,1.1210387714598537e-44,5.605193857299268e-45,-5.605193857299268e-45,0,0,0.01166075561195612,0.0017180315917357802,5.605193857299268e-45,1.1210387714598537e-44,14.373984336853027,14.370160102844238,14.37692928314209,0.013409748673439026,0.01436721719801426,0.008683912456035614,0,4800,0,5.605193857299268e-45
1787293523502,1497,0,0,10,-0.20275622606277466,-36.50690460205078,282.864501953125,5.605193857299268e-45,1.1210387714598537e-44,5.605193857299268e-45,-5.605193857299268e-45,0,0,0.012903936207294464,0.0026797796599566936,5.605193857299268e-45,1.1210387714598537e-44,14.373826026916504,14.366060256958008,14.378037452697754,0.013636738061904907,0.015119938179850578,0.008682606741786003,0,4800,0,5.605193857299268e-45
1787293523522,1498,0,0,10,-0.5461574792861938,-47.99800109863281,190.1059112548828,5.605193857299268e-45,1.1210387714598537e-44,5.605193857299268e-45,-5.605193857299268e-45,0,0,0.014175995253026485,0.001977513311430812,5.605193857299268e-45,1.1210387714598537e-44,14.374367713928223,14.370312690734863,14.379919052124023,0.013766040094196796,0.014631892554461956,0.010888832621276379,0,4800,0,5.605193857299268e-45
1787293523542,1499,0,0,10,-0.2529388964176178,-8.173261642456055,193.35086059570312,5.605193857299268e-45,1.1210387714598537e-44,5.605193857299268e-45,-5.605193857299268e-45,0,0,0.012575921602547169,0.0026291722897440195,5.605193857299268e-45,1.1210387714598537e-44,14.372298240661621,14.365715026855469,14.375321388244629,0.013608056120574474,0.014444053173065186,0.008682606741786003,0,4800,0,5.605193857299268e-45
1787293523562,1500,0,0,10,-0.032688360661268234,-16.386545181274414,263.99359130859375,5.605193857299268e-45,1.1210387714598537e-44,5.605193857299268e-45,-5.605193857299268e-45,0,0,0.012820654548704624,0.0015577549347653985,5.605193857299268e-45,1.1210387714598537e-44,14.3721342086792,14.36860179901123,14.376734733581543,0.01378321647644043,0.014788099564611912,0.008682606741786003,0,4800,0,5.605193857299268e-45
1787293523582,1501,0,0,10,0.32884907722473145,33.60923767089844,217.3538818359375,5.605193857299268e-45,1.1210387714598537e-44,5.605193857299268e-45,-5.605193857299268e-45,0,0,0.011292695999145508,0.002033928642049432,5.605193857299268e-45,1.1210387714598537e-44,14.373649597167969,14.36820125579834,14.376263618469238,0.013642363250255585,0.015113644301891327,0.008683912456035614,0,4800,0,5.605193857299268e-45
1787293523602,1502,0,0,10,0.15131722390651703,-9.522444725036621,284.8164978027344,5.605193857299268e-45,1.1210387714598537e-44,5.605193857299268e-45,-5.605193857299268e-45,0,0,0.010602820664644241,0.0027016301173716784,5.605193857299268e-45,1.1210387714598537e-44,14.373651504516602,14.36885929107666,14.376749992370605,0.013685692101716995,0.015455957502126694,0.004271461628377438,0,4800,0,5.605193857299268e-45
1787293523622,1503,0,0,10,0.0958092212677002,-15.62622356414795,253.47506713867188,5.605193857299268e-45,1.1210387714598537e-44,5.605193857299268e-45,-5.605193857299268e-45,0,0,0.009125174023211002,0.0018219922203570604,5.605193857299268e-45,1.1210387714598537e-44,14.372662544250488,14.36861801147461,14.375893592834473,0.013733020052313805,0.014397984370589256,0.004271461628377438,0,4800,0,5.605193857299268e-45
1787293523642,1504,0,0,10,-0.15333695709705353,-31.57182502746582,258.6335754394531,5.605193857299268e-45,1.1210387714598537e-44,5.605193857299268e-45,-5.605193857299268e-45,0,0,0.009731183759868145,0.0013117438647896051,5.605193857299268e-45,1.1210387714598537e-44,14.373639106750488,14.370454788208008,14.378046989440918,0.013641775585711002,0.0143686318770051,0.006477687042206526,0,4800,0,5.605193857299268e-45
1787293523663,1505,0,0,10,0.2810724079608917,25.32251739501953,288.16552734375,5.605193857299268e-45,1.1210387714598537e-44,5.605193857299268e-45,-5.605193857299268e-45,0,0,0.009324673563241959,0.0015012732474133372,5.605193857299268e-45,1.1210387714598537e-44,14.373578071594238,14.368096351623535,14.379450798034668,0.013465791940689087,0.015141324140131474,0.006477687042206526,0,4800,0,5.605193857299268e-45
1787293523682,1506,0,0,10,0.04925406351685524,-1.4254614114761353,250.31434631347656,5.605193857299268e-45,1.1210387714598537e-44,5.605193857299268e-45,-5.605193857299268e-45,0,0,0.009992513805627823,0.0019002557964995503,5.605193857299268e-45,1.1210387714598537e-44,14.374067306518555,14.370071411132812,14.378244400024414,0.013715325854718685,0.015206759795546532,0.002066541463136673,0,4800,0,5.605193857299268e-45
1787293523703,1507,0,0,10,-0.08706723153591156,-21.039520263671875,281.2906494140625,5.605193857299268e-45,1.1210387714598537e-44,5.605193857299268e-45,-5.605193857299268e-45,0,0,0.009646620601415634,0.0025784955359995365,5.605193857299268e-45,1.1210387714598537e-44,14.374565124511719,14.370898246765137,14.378262519836426,0.013526921160519123,0.01487552747130394,0,0,4800,0,5.605193857299268e-45
1787293523723,1508,0,0,10,-0.2585872709751129,-47.97828674316406,266.3522644042969,5.605193857299268e-45,1.1210387714598537e-44,5.605193857299268e-45,-5.605193857299268e-45,0,0,0.008384918794035912,0.0028602147940546274,5.605193857299268e-45,1.1210387714598537e-44,14.37452507019043,14.370312690734863,14.376619338989258,0.013618998229503632,0.01469187717884779,0.002066541463136673,0,4800,0,5.605193857299268e-45
1787293523743,1509,0,0,10,-0.4811803996562958,-36.04900360107422,233.06668090820312,5.605193857299268e-45,1.1210387714598537e-44,5.605193857299268e-45,-5.605193857299268e-45,0,0,0.00968212727457285,0.0020994781516492367,5.605193857299268e-45,1.1210387714598537e-44,14.376521110534668,14.371578216552734,14.38259506225586,0.013270825147628784,0.014224725775420666,0.004271461628377438,0,4800,0,5.605193857299268e-45
1787293523763,1510,0,0,10,-0.15949459373950958,-12.787610054016113,269.0224304199219,5.605193857299268e-45,1.1210387714598537e-44,5.605193857299268e-45,-5.605193857299268e-45,0,0,0.009781158529222012,0.002381130587309599,5.605193857299268e-45,1.1210387714598537e-44,14.374871253967285,14.369937896728516,14.378483772277832,0.013777430169284344,0.014734731055796146,0.004271461628377438,0,4800,0,5.605193857299268e-45
1787293523783,1511,0,0,10,-0.22211159765720367,-31.93258285522461,299.715087890625,5.605193857299268e-45,1.1210387714598537e-44,5.605193857299268e-45,-5.605193857299268e-45,0,0,0.009622124955058098,0.002219277201220393,5.605193857299268e-45,1.1210387714598537e-44,14.374855995178223,14.370382308959961,14.381150245666504,0.013646233826875687,0.014341943897306919,0,0,4800,0,5.605193857299268e-45
1787293523803,1512,0,0,10,0.37822309136390686,28.54450798034668,261.35260009765625,5.605193857299268e-45,1.1210387714598537e-44,5.605193857299268e-45,-5.605193857299268e-45,0,0,0.00903590302914381,0.0024126600474119186,5.605193857299268e-45,1.1210387714598537e-44,14.375004768371582,14.371691703796387,14.379379272460938,0.013602170161902905,0.015046391636133194,0.004271461628377438,0,4800,0,5.605193857299268e-45
1787293523823,1513,0,0,10,0.014743337407708168,4.762939453125,161.15931701660156,5.605193857299268e-45,1.1210387714598537e-44,5.605193857299268e-45,-5.605193857299268e-45,0,0,0.007609352003782988,0.002337471814826131,5.605193857299268e-45,1.1210387714598537e-44,14.37649154663086,14.373503684997559,14.382606506347656,0.013675383292138577,0.015196125023066998,0.002066541463136673,0,4800,0,5.605193857299268e-45
1787293523843,1514,0,0,10,0.12478061020374298,0.3020663857460022,274.7619934082031,5.605193857299268e-45,1.1210387714598537e-44,5.605193857299268e-45,-5.605193857299268e-45,0,0,0.008819571696221828,0.0025889291428029537,5.605193857299268e-45,1.1210387714598537e-44,14.375740051269531,14.370299339294434,14.37999439239502,0.01387286651879549,0.01449608150869608,0.002066541463136673,0,4800,0,5.605193857299268e-45
1787293523863,1515,0,0,10,-0.27913060784339905,-30.825956344604492,243.24710083007812,5.605193857299268e-45,1.1210387714598537e-44,5.605193857299268e-45,-5.605193857299268e-45,0,0,0.008502112701535225,0.001989758340641856,5.605193857299268e-45,1.1210387714598537e-44,14.376195907592773,14.371829986572266,14.381258964538574,0.013555571436882019,0.014275576919317245,0.002066541463136673,0,4800,0,5.605193857299268e-45
1787293523883,1516,0,0,10,-0.09213121235370636,-8.603594779968262,267.0395812988281,5.605193857299268e-45,1.1210387714598537e-44,5.605193857299268e-45,-5.605193857299268e-45,0,0,0.008020948618650436,0.0024193371646106243,5.605193857299268e-45,1.1210387714598537e-44,14.374874114990234,14.369453430175781,14.378661155700684,0.013710387982428074,0.014931063167750835,0.004271461628377438,0,4800,0,5.605193857299268e-45
1787293523903,1517,0,0,10,0.1857266128063202,0.6044091582298279,250.97618103027344,5.605193857299268e-45,1.1210387714598537e-44,5.605193857299268e-45,-5.605193857299268e-45,0,0,0.0076693263836205006,0.002407562918961048,5.605193857299268e-45,1.1210387714598537e-44,14.377459526062012,14.373709678649902,14.3821439743042,0.013851604424417019,0.014478142373263836,0.004271461628377438,0,4800,0,5.605193857299268e-45
1787293523924,1518,0,0,10,-0.48064905405044556,-56.01075744628906,273.6470031738281,5.605193857299268e-45,1.1210387714598537e-44,5.605193857299268e-45,-5.605193857299268e-45,0,0,0.008780892007052898,0.0023875199258327484,5.605193857299268e-45,1.1210387714598537e-44,14.378042221069336,14.374739646911621,14.381567001342773,0.013733961619436741,0.01434613298624754,0.002066541463136673,0,4800,0,5.605193857299268e-45
1787293523944,1519,0,0,10,-0.02644336223602295,2.824821710586548,231.2516632080078,5.605193857299268e-45,1.1210387714598537e-44,5.605193857299268e-45,-5.605193857299268e-45,0,0,0.008643471635878086,0.0021497595589607954,5.605193857299268e-45,1.1210387714598537e-44,14.378365516662598,14.374064445495605,14.383692741394043,0.013629961758852005,0.014994695782661438,0.004271461628377438,0,4800,0,5.605193857299268e-45
1787293523964,1520,0,0,10,0.30908337235450745,33.37432861328125,275.33758544921875,5.605193857299268e-45,1.1210387714598537e-44,5.605193857299268e-45,-5.605193857299268e-45,0,0,0.008550692349672318,0.0014447743305936456,5.605193857299268e-45,1.1210387714598537e-44,14.37710189819336,14.371599197387695,14.383025169372559,0.013871381990611553,0.014969526790082455,0.0020652359817177057,0,4800,0,5.605193857299268e-45
1787293523984,1521,0,0,10,-0.5158352851867676,-40.39639663696289,272.1378479003906,5.605193857299268e-45,1.1210387714598537e-44,5.605193857299268e-45,-5.605193857299268e-45,0,0,0.007252850104123354,0.0019003754714503884,5.605193857299268e-45,1.1210387714598537e-44,14.376677513122559,14.371725082397461,14.382060050964355,0.013700831681489944,0.01544196531176567,0.002066541463136673,0,4800,0,5.605193857299268e-45
1787293524004,1522,0,0,10,0.8489222526550293,85.9598388671875,232.65771484375,5.605193857299268e-45,1.1210387714598537e-44,5.605193857299268e-45,-5.605193857299268e-45,0,0,0.008651371113955975,0.0022166192065924406,5.605193857299268e-45,1.1210387714598537e-44,14.37667465209961,14.373614311218262,14.38119888305664,0.013723745010793209,0.01526312530040741,0.004271461628377438,0,4800,0,5.605193857299268e-45
1787293524024,1523,0,0,10,-0.055050112307071686,-4.226723670959473,259.34930419921875,5.605193857299268e-45,1.1210387714598537e-44,5.605193857299268e-45,-5.605193857299268e-45,0,0,0.00791801605373621,0.0019938473124057055,5.605193857299268e-45,1.1210387714598537e-44,14.377496719360352,14.37289810180664,14.385265350341797,0.013892103917896748,0.014771981164813042,0.004271461628377438,0,4800,0,5.605193857299268e-45
1787293524044,1524,0,0,10,0.252180814743042,22.638608932495117,191.8974151611328,5.605193857299268e-45,1.1210387714598537e-44,5.605193857299268e-45,-5.605193857299268e-45,0,0,0.006106710061430931,0.0023151354398578405,5.605193857299268e-45,1.1210387714598537e-44,14.37777328491211,14.37375545501709,14.382184028625488,0.014022103510797024,0.014701253734529018,0.002066541463136673,0,4800,0,5.605193857299268e-45
1787293524064,1525,0,0,10,0.32724979519844055,23.9989013671875,209.49453735351562,5.605193857299268e-45,1.1210387714598537e-44,5.605193857299268e-45,-5.605193857299268e-45,0,0,0.006952452007681131,0.002628401620313525,5.605193857299268e-45,1.1210387714598537e-44,14.377535820007324,14.372367858886719,14.379977226257324,0.013621524907648563,0.014481130056083202,0.002066541463136673,0,4800,0,5.605193857299268e-45
1787293524084,1526,0,0,10,-0.06191157177090645,-8.31466293334961,216.95045471191406,5.605193857299268e-45,1.1210387714598537e-44,5.605193857299268e-45,-5.605193857299268e-45,0,0,0.007574404124170542,0.0022509030532091856,5.605193857299268e-45,1.1210387714598537e-44,14.37794303894043,14.374839782714844,14.383622169494629,0.013726632110774517,0.014742929488420486,0.002066541463136673,0,4800,0,5.605193857299268e-45
1787293524104,1527,0,0,10,-0.4831435978412628,-61.64240264892578,253.92445373535156,5.605193857299268e-45,1.1210387714598537e-44,5.605193857299268e-45,-5.605193857299268e-45,0,0,0.007989741861820221,0.001864817924797535,5.605193857299268e-45,1.1210387714598537e-44,14.376899719238281,14.371994018554688,14.381964683532715,0.013445566408336163,0.01464593131095171,0.004271461628377438,0,4800,0,5.605193857299268e-45
1787293524125,1528,0,0,10,-0.16112120449543,-12.457118034362793,200.32521057128906,5.605193857299268e-45,1.1210387714598537e-44,5.605193857299268e-45,-5.605193857299268e-45,0,0,0.005660059861838818,0.0026168732438236475,5.605193857299268e-45,1.1210387714598537e-44,14.377177238464355,14.369839668273926,14.383831024169922,0.013683374971151352,0.014699671417474747,0.002066541463136673,0,4800,0,5.605193857299268e-45
1787293524145,1529,0,0,10,0.00019784402684308589,6.8822784423828125,155.32061767578125,5.605193857299268e-45,1.1210387714598537e-44,5.605193857299268e-45,-5.605193857299268e-45,0,0,0.0057567423209548,0.00202060560695827,5.605193857299268e-45,1.1210387714598537e-44,14.37733268737793,14.36673355102539,14.382412910461426,0.013614947907626629,0.014415866695344448,0.002066541463136673,0,4800,0,5.605193857299268e-45
1787293524165,1530,0,0,10,0.14290101826190948,-1.6007413864135742,198.72586059570312,5.605193857299268e-45,1.1210387714598537e-44,5.605193857299268e-45,-5.605193857299268e-45,0,0,0.006159631069749594,0.002000551437959075,5.605193857299268e-45,1.1210387714598537e-44,14.378336906433105,14.373987197875977,14.38182258605957,0.013790028169751167,0.014661443419754505,0.002066541463136673,0,4800,0,5.605193857299268e-45
1787293524185,1531,0,0,10,0.10176629573106766,-3.936802625656128,153.70655822753906,5.605193857299268e-45,1.1210387714598537e-44,5.605193857299268e-45,-5.605193857299268e-45,0,0,0.007685735356062651,0.0022997313644737005,5.605193857299268e-45,1.1210387714598537e-44,14.380319595336914,14.375391960144043,14.38692855834961,0.013704703189432621,0.01436628494411707,0.002066541463136673,0,4800,0,5.605193857299268e-45
1787293524205,1532,0,0,10,-0.3289951980113983,-61.63077163696289,330.6970520019531,5.605193857299268e-45,1.1210387714598537e-44,5.605193857299268e-45,-5.605193857299268e-45,0,0,0.008380846120417118,0.00233267480507493,5.605193857299268e-45,1.1210387714598537e-44,14.38028621673584,14.374476432800293,14.383734703063965,0.013548183254897594,0.01415440533310175,0.004271461628377438,0,4800,0,5.605193857299268e-45
1787293524225,1533,0,0,10,0.5625051856040955,44.520172119140625,297.01104736328125,5.605193857299268e-45,1.1210387714598537e-44,5.605193857299268e-45,-5.605193857299268e-45,0,0,0.006968822330236435,0.0024639407638460398,5.605193857299268e-45,1.1210387714598537e-44,14.381050109863281,14.3735990524292,14.388579368591309,0.013469656929373741,0.014466345310211182,0.002066541463136673,0,4800,0,5.605193857299268e-45
1787293524245,1534,0,0,10,-0.45933929085731506,-50.81961441040039,258.4706726074219,5.605193857299268e-45,1.1210387714598537e-44,5.605193857299268e-45,-5.605193857299268e-45,0,0,0.00829919520765543,0.0018588928505778313,5.605193857299268e-45,1.1210387714598537e-44,14.378571510314941,14.373922348022461,14.38724422454834,0.013402039185166359,0.014654409140348434,0.006477687042206526,0,4800,0,5.605193857299268e-45
1787293524265,1535,0,0,10,0.25920912623405457,29.64243507385254,212.46983337402344,5.605193857299268e-45,1.1210387714598537e-44,5.605193857299268e-45,-5.605193857299268e-45,0,0,0.0076246103271842,0.0017006996786221862,5.605193857299268e-45,1.1210387714598537e-44,14.380468368530273,14.374353408813477,14.386231422424316,0.013719238340854645,0.01504981517791748,0.002066541463136673,0,4800,0,5.605193857299268e-45
1787293524285,1536,0,0,10,-0.07509664446115494,-16.837949752807617,210.41688537597656,5.605193857299268e-45,1.1210387714598537e-44,5.605193857299268e-45,-5.605193857299268e-45,0,0,0.007484944071620703,0.00227038050070405,5.605193857299268e-45,1.1210387714598537e-44,14.37964153289795,14.371173858642578,14.384678840637207,0.013777267187833786,0.014582416974008083,0.002066541463136673,0,4800,0,5.605193857299268e-45
1787293524306,1537,0,0,10,0.12938690185546875,8.086627960205078,214.34744262695312,5.605193857299268e-45,1.1210387714598537e-44,5.605193857299268e-45,-5.605193857299268e-45,0,0,0.005457603372633457,0.0019869673997163773,5.605193857299268e-45,1.1210387714598537e-44,14.380927085876465,14.37775993347168,14.38574504852295,0.013570335693657398,0.015009417198598385,0.002066541463136673,0,4800,0,5.605193857299268e-45
1787293524326,1538,0,0,10,0.12079445272684097,9.195058822631836,148.64495849609375,5.605193857299268e-45,1.1210387714598537e-44,5.605193857299268e-45,-5.605193857299268e-45,0,0,0.00607101758942008,0.001927943085320294,5.605193857299268e-45,1.1210387714598537e-44,14.380463600158691,14.376577377319336,14.386924743652344,0.01365907583385706,0.014690125361084938,0.002066541463136673,0,4800,0,5.605193857299268e-45
1787293524346,1539,0,0,10,-0.10911332070827484,-19.33186149597168,160.33578491210938,5.605193857299268e-45,1.1210387714598537e-44,5.605193857299268e-45,-5.605193857299268e-45,0,0,0.006143007427453995,0.00232677417807281,5.605193857299268e-45,1.1210387714598537e-44,14.37964153289795,14.375155448913574,14.387192726135254,0.013460990972816944,0.014611420221626759,0,0,4800,0,5.605193857299268e-45
1787293524366,1540,0,0,10,0.09585360437631607,1.32562255859375,160.3227996826172,5.605193857299268e-45,1.1210387714598537e-44,5.605193857299268e-45,-5.605193857299268e-45,0,0,0.00779721001163125,0.002318860497325659,5.605193857299268e-45,1.1210387714598537e-44,14.379127502441406,14.369979858398438,14.388742446899414,0.013534577563405037,0.014876382425427437,0.002066541463136673,0,4800,0,5.605193857299268e-45
1787293524386,1541,0,0,10,-0.013108271174132824,-18.081058502197266,242.8284912109375,5.605193857299268e-45,1.1210387714598537e-44,5.605193857299268e-45,-5.605193857299268e-45,0,0,0.006544269155710936,0.0027010878548026085,5.605193857299268e-45,1.1210387714598537e-44,14.382061958312988,14.376874923706055,14.387322425842285,0.013512615114450455,0.014820343814790249,0,0,4800,0,5.605193857299268e-45
1787293524406,1542,0,0,10,-0.14389485120773315,-8.417695999145508,180.57815551757812,5.605193857299268e-45,1.1210387714598537e-44,5.605193857299268e-45,-5.605193857299268e-45,0,0,0.007875480689108372,0.0029122622217983007,5.605193857299268e-45,1.1210387714598537e-44,14.381854057312012,14.376808166503906,14.390764236450195,0.013693624176084995,0.01467310730367899,0.002066541463136673,0,4800,0,5.605193857299268e-45
1787293524426,1543,0,0,10,0.15186254680156708,12.658186912536621,192.34658813476562,5.605193857299268e-45,1.1210387714598537e-44,5.605193857299268e-45,-5.605193857299268e-45,0,0,0.005092371720820665,0.0023004745598882437,5.605193857299268e-45,1.1210387714598537e-44,14.381326675415039,14.375191688537598,14.38635540008545,0.013421830721199512,0.014557030983269215,0.002066541463136673,0,4800,0,5.605193857299268e-45
1787293524446,1544,0,0,10,-0.01768108271062374,-12.658550262451172,209.55499267578125,5.605193857299268e-45,1.1210387714598537e-44,5.605193857299268e-45,-5.605193857299268e-45,0,0,0.005127094220370054,0.0019760241266340017,5.605193857299268e-45,1.1210387714598537e-44,14.381135940551758,14.374704360961914,14.393570899963379,0.01373573113232851,0.01486002653837204,0.002066541463136673,0,4800,0,5.605193857299268e-45
1787293524466,1545,0,0,10,0.017982643097639084,-8.24833869934082,185.38905334472656,5.605193857299268e-45,1.1210387714598537e-44,5.605193857299268e-45,-5.605193857299268e-45,0,0,0.005883016623556614,0.0023184954188764095,5.605193857299268e-45,1.1210387714598537e-44,14.380165100097656,14.375436782836914,14.383618354797363,0.013720686547458172,0.014533670619130135,0,0,4800,0,5.605193857299268e-45
1787293524486,1546,0,0,10,-0.13967375457286835,-16.26486587524414,139.2771759033203,5.605193857299268e-45,1.1210387714598537e-44,5.605193857299268e-45,-5.605193857299268e-45,0,0,0.005473985802382231,0.0019183865515515208,5.605193857299268e-45,1.1210387714598537e-44,14.381976127624512,14.378731727600098,14.386517524719238,0.01373983733355999,0.015092228539288044,0.002066541463136673,0,4800,0,5.605193857299268e-45
1787293524507,1547,0,0,10,0.05902903527021408,-3.2284951210021973,167.776611328125,5.605193857299268e-45,1.1210387714598537e-44,5.605193857299268e-45,-5.605193857299268e-45,0,0,0.007742880377918482,0.0025873088743537664,5.605193857299268e-45,1.1210387714598537e-44,14.38228988647461,14.377801895141602,14.388778686523438,0.013619528152048588,0.014489075168967247,0.002066541463136673,0,4800,0,5.605193857299268e-45
1787293524527,1548,0,0,10,-0.29992347955703735,-34.82722473144531,290.7976379394531,5.605193857299268e-45,1.1210387714598537e-44,5.605193857299268e-45,-5.605193857299268e-45,0,0,0.007343277335166931,0.0029332940466701984,5.605193857299268e-45,1.1210387714598537e-44,14.385045051574707,14.378883361816406,14.39107608795166,0.01371490303426981,0.01476418785750866,0.002066541463136673,0,4800,0,5.605193857299268e-45
1787293524547,1549,0,0,10,-0.13357515633106232,-8.550537109375,169.9770050048828,5.605193857299268e-45,1.1210387714598537e-44,5.605193857299268e-45,-5.605193857299268e-45,0,0,0.004243111703544855,0.0025387806817889214,5.605193857299268e-45,1.1210387714598537e-44,14.384488105773926,14.377429962158203,14.389819145202637,0.013626966625452042,0.014368959702551365,0,0,4800,0,5.605193857299268e-45
1787293524567,1550,0,0,10,0.4442836046218872,39.28782653808594,168.10635375976562,5.605193857299268e-45,1.1210387714598537e-44,5.605193857299268e-45,-5.605193857299268e-45,0,0,0.007131779566407204,0.002096637152135372,5.605193857299268e-45,1.1210387714598537e-44,14.382635116577148,14.378090858459473,14.385557174682617,0.013723141513764858,0.014497390016913414,0.002066541463136673,0,4800,0,5.605193857299268e-45
1787293524587,1551,0,0,10,-0.1839197874069214,-29.177734375,204.2222442626953,5.605193857299268e-45,1.1210387714598537e-44,5.605193857299268e-45,-5.605193857299268e-45,0,0,0.007210074458271265,0.0026555501390248537,5.605193857299268e-45,1.1210387714598537e-44,14.38471508026123,14.379220962524414,14.392326354980469,0.013622380793094635,0.014957304112613201,0,0,4800,0,5.605193857299268e-45
1787293524607,1552,0,0,10,-0.1910383254289627,-26.707691192626953,184.71868896484375,5.605193857299268e-45,1.1210387714598537e-44,5.605193857299268e-45,-5.605193857299268e-45,0,0,0.006082585081458092,0.002568131312727928,5.605193857299268e-45,1.1210387714598537e-44,14.383779525756836,14.378460884094238,14.388483047485352,0.0137857710942626,0.01512516662478447,0.002066541463136673,0,4800,0,5.605193857299268e-45
1787293524627,1553,0,0,10,0.05742752179503441,-9.979940414428711,268.09979248046875,5.605193857299268e-45,1.1210387714598537e-44,5.605193857299268e-45,-5.605193857299268e-45,0,0,0.007024138234555721,0.003053758991882205,5.605193857299268e-45,1.1210387714598537e-44,14.384425163269043,14.377578735351562,14.389108657836914,0.013567022047936916,0.014730202034115791,0,0,4800,0,5.605193857299268e-45
1787293524647,1554,0,0,10,0.001549030072055757,-11.597429275512695,191.73036193847656,5.605193857299268e-45,1.1210387714598537e-44,5.605193857299268e-45,-5.605193857299268e-45,0,0,0.0069226715713739395,0.002833036007359624,5.605193857299268e-45,1.1210387714598537e-44,14.383406639099121,14.377365112304688,14.394401550292969,0.013783791102468967,0.014471646398305893,0.002066541463136673,0,4800,0,5.605193857299268e-45
1787293524667,1555,0,0,10,-0.1540961116552353,-17.049089431762695,165.60333251953125,5.605193857299268e-45,1.1210387714598537e-44,5.605193857299268e-45,-5.605193857299268e-45,0,0,0.006088695954531431,0.0027240978088229895,5.605193857299268e-45,1.1210387714598537e-44,14.383602142333984,14.372990608215332,14.396219253540039,0.01365739107131958,0.01448176708072424,0.002066541463136673,0,4800,0,5.605193857299268e-45
1787293524687,1556,0,0,10,-0.1130492091178894,-12.865930557250977,238.86154174804688,5.605193857299268e-45,1.1210387714598537e-44,5.605193857299268e-45,-5.605193857299268e-45,0,0,0.006901233457028866,0.0032058937940746546,5.605193857299268e-45,1.1210387714598537e-44,14.382906913757324,14.377287864685059,14.391261100769043,0.013798930682241917,0.014819186180830002,0,0,4800,0,5.605193857299268e-45
1787293524708,1557,0,0,10,0.305787056684494,15.598794937133789,282.57415771484375,5.605193857299268e-45,1.1210387714598537e-44,5.605193857299268e-45,-5.605193857299268e-45,0,0,0.006681477185338736,0.003239203942939639,5.605193857299268e-45,1.1210387714598537e-44,14.38801383972168,14.380743980407715,14.395212173461914,0.013653437606990337,0.014340716414153576,0.002066541463136673,0,4800,0,5.605193857299268e-45
1787293524728,1558,0,0,10,0.011238577775657177,-11.139196395874023,233.6226348876953,5.605193857299268e-45,1.1210387714598537e-44,5.605193857299268e-45,-5.605193857299268e-45,0,0,0.0057581826113164425,0.002519862959161401,5.605193857299268e-45,1.1210387714598537e-44,14.384873390197754,14.379573822021484,14.392292976379395,0.01393164787441492,0.015390370972454548,0.002066541463136673,0,4800,0,5.605193857299268e-45
1787293524748,1559,0,0,10,0.056967973709106445,-1.3367054462432861,210.3423614501953,5.605193857299268e-45,1.1210387714598537e-44,5.605193857299268e-45,-5.605193857299268e-45,0,0,0.005005336832255125,0.002290403936058283,5.605193857299268e-45,1.1210387714598537e-44,14.386632919311523,14.380749702453613,14.39413833618164,0.013937314972281456,0.015087897889316082,0.0020652359817177057,0,4800,0,5.605193857299268e-45
1787293524768,1560,0,0,10,0.24287524819374084,14.849785804748535,163.9942626953125,5.605193857299268e-45,1.1210387714598537e-44,5.605193857299268e-45,-5.605193857299268e-45,0,0,0.005868644919246435,0.002609209157526493,5.605193857299268e-45,1.1210387714598537e-44,14.386860847473145,14.382862091064453,14.391377449035645,0.013571676798164845,0.01451199408620596,0.002066541463136673,0,4800,0,5.605193857299268e-45
1787293524788,1561,0,0,10,0.6637564897537231,58.43183898925781,184.3204345703125,5.605193857299268e-45,1.1210387714598537e-44,5.605193857299268e-45,-5.605193857299268e-45,0,0,0.006170523818582296,0.0026129577308893204,5.605193857299268e-45,1.1210387714598537e-44,14.387996673583984,14.379586219787598,14.395275115966797,0.01392966229468584,0.015213262289762497,0.002066541463136673,0,4800,0,5.605193857299268e-45
1787293524808,1562,0,0,10,0.05973169207572937,-6.057276248931885,119.53646087646484,5.605193857299268e-45,1.1210387714598537e-44,5.605193857299268e-45,-5.605193857299268e-45,0,0,0.005447913892567158,0.00262849242426455,5.605193857299268e-45,1.1210387714598537e-44,14.385269165039062,14.375994682312012,14.390233993530273,0.01390882022678852,0.01508946344256401,0,0,4800,0,5.605193857299268e-45
1787293524828,1563,0,0,10,-0.03130412474274635,-12.326364517211914,160.60174560546875,5.605193857299268e-45,1.1210387714598537e-44,5.605193857299268e-45,-5.605193857299268e-45,0,0,0.005835187155753374,0.0020288992673158646,5.605193857299268e-45,1.1210387714598537e-44,14.38782024383545,14.38416576385498,14.392818450927734,0.01370865385979414,0.014506579376757145,0.002066541463136673,0,4800,0,5.605193857299268e-45
1787293524848,1564,0,0,10,-0.4236772656440735,-38.09567642211914,180.81910705566406,5.605193857299268e-45,1.1210387714598537e-44,5.605193857299268e-45,-5.605193857299268e-45,0,0,0.006348648574203253,0.0030083132442086935,5.605193857299268e-45,1.1210387714598537e-44,14.388490676879883,14.383846282958984,14.394311904907227,0.013409650884568691,0.014696582220494747,0.002066541463136673,0,4800,0,5.605193857299268e-45
1787293524868,1565,0,0,10,0.477867066860199,40.77970504760742,267.8290710449219,5.605193857299268e-45,1.1210387714598537e-44,5.605193857299268e-45,-5.605193857299268e-45,0,0,0.006566327530890703,0.0019157680217176676,5.605193857299268e-45,1.1210387714598537e-44,14.387028694152832,14.375566482543945,14.394176483154297,0.013630064204335213,0.014317501336336136,0.002066541463136673,0,4800,0,5.605193857299268e-45
1787293524888,1566,0,0,10,0.20537994801998138,23.03328514099121,141.2096405029297,5.605193857299268e-45,1.1210387714598537e-44,5.605193857299268e-45,-5.605193857299268e-45,0,0,0.003995900973677635,0.0021223195362836123,5.605193857299268e-45,1.1210387714598537e-44,14.389993667602539,14.375984191894531,14.402539253234863,0.013743807561695576,0.014962855726480484,0,0,4800,0,5.605193857299268e-45
1787293524909,1567,0,0,10,0.06328164786100388,3.5518507957458496,117.12297821044922,5.605193857299268e-45,1.1210387714598537e-44,5.605193857299268e-45,-5.605193857299268e-45,0,0,0.004526383243501186,0.002405715873464942,5.605193857299268e-45,1.1210387714598537e-44,14.39021110534668,14.384119033813477,14.40083122253418,0.013479938730597496,0.014418517239391804,0,0,4800,0,5.605193857299268e-45
1787293524929,1568,0,0,10,0.07398352026939392,9.43922233581543,128.2079620361328,5.605193857299268e-45,1.1210387714598537e-44,5.605193857299268e-45,-5.605193857299268e-45,0,0,0.004315399564802647,0.0021545488853007555,5.605193857299268e-45,1.1210387714598537e-44,14.388585090637207,14.380234718322754,14.397305488586426,0.013755579479038715,0.014690801501274109,0,0,4800,0,5.605193857299268e-45
1787293524949,1569,0,0,10,-0.01639937236905098,1.4518334865570068,144.8784637451172,5.605193857299268e-45,1.1210387714598537e-44,5.605193857299268e-45,-5.605193857299268e-45,0,0,0.0051796999759972095,0.001978717977181077,5.605193857299268e-45,1.1210387714598537e-44,14.391786575317383,14.383845329284668,14.397491455078125,0.013606795109808445,0.01504046842455864,0.002066541463136673,0,4800,0,5.605193857299268e-45
1787293524969,1570,0,0,10,-0.06082044169306755,-9.251842498779297,152.9215850830078,5.605193857299268e-45,1.1210387714598537e-44,5.605193857299268e-45,-5.605193857299268e-45,0,0,0.004449837375432253,0.0018458057893440127,5.605193857299268e-45,1.1210387714598537e-44,14.394089698791504,14.382160186767578,14.401782035827637,0.013750547543168068,0.015337171033024788,0,0,4800,0,5.605193857299268e-45
1787293524989,1571,0,0,10,0.07080467790365219,3.6096627712249756,189.8084259033203,5.605193857299268e-45,1.1210387714598537e-44,5.605193857299268e-45,-5.605193857299268e-45,0,0,0.005833607167005539,0.0022177542559802532,5.605193857299268e-45,1.1210387714598537e-44,14.391571044921875,14.383342742919922,14.398106575012207,0.013571294024586678,0.014590428210794926,0.002066541463136673,0,4800,0,5.605193857299268e-45
1787293525009,1572,0,0,10,-0.3841371536254883,-24.27865982055664,348.8077087402344,5.605193857299268e-45,1.1210387714598537e-44,5.605193857299268e-45,-5.605193857299268e-45,0,0,0.008389590308070183,0.0020520580001175404,5.605193857299268e-45,1.1210387714598537e-44,14.392970085144043,14.387224197387695,14.399412155151367,0.013832824304699898,0.01481117494404316,0.004271461628377438,0,4800,0,5.605193857299268e-45
1787293525029,1573,0,0,10,0.2755259871482849,24.075693130493164,184.53367614746094,5.605193857299268e-45,1.1210387714598537e-44,5.605193857299268e-45,-5.605193857299268e-45,0,0,0.0061156367883086205,0.002269314369186759,5.605193857299268e-45,1.1210387714598537e-44,14.393588066101074,14.385781288146973,14.401504516601562,0.013713790103793144,0.01443497370928526,0,0,4800,0,5.605193857299268e-45
1787293525049,1574,0,0,10,0.15585313737392426,12.919539451599121,239.62376403808594,5.605193857299268e-45,1.1210387714598537e-44,5.605193857299268e-45,-5.605193857299268e-45,0,0,0.005721381865441799,0.002123689278960228,5.605193857299268e-45,1.1210387714598537e-44,14.391263008117676,14.38330364227295,14.395368576049805,0.013550309464335442,0.014765802770853043,0.002066541463136673,0,4800,0,5.605193857299268e-45
1787293525069,1575,0,0,10,-0.15416789054870605,-9.492527961730957,268.41082763671875,5.605193857299268e-45,1.1210387714598537e-44,5.605193857299268e-45,-5.605193857299268e-45,0,0,0.004942961502820253,0.001672267564572394,5.605193857299268e-45,1.1210387714598537e-44,14.392248153686523,14.385151863098145,14.401738166809082,0.013364484533667564,0.014544540084898472,0,0,4800,0,5.605193857299268e-45
1787293525089,1576,0,0,10,-0.20962873101234436,-16.894079208374023,230.71847534179688,5.605193857299268e-45,1.1210387714598537e-44,5.605193857299268e-45,-5.605193857299268e-45,0,0,0.006040882784873247,0.0024769094306975603,5.605193857299268e-45,1.1210387714598537e-44,14.395048141479492,14.38615894317627,14.400732040405273,0.013607815839350224,0.01469780970364809,0,0,4800,0,5.605193857299268e-45
1787293525110,1577,0,0,10,0.28884485363960266,17.019886016845703,266.7938537597656,5.605193857299268e-45,1.1210387714598537e-44,5.605193857299268e-45,-5.605193857299268e-45,0,0,0.006883406080305576,0.0021572140976786613,5.605193857299268e-45,1.1210387714598537e-44,14.394377708435059,14.387853622436523,14.404705047607422,0.013405402190983295,0.014472766779363155,0.002066541463136673,0,4800,0,5.605193857299268e-45
1787293525130,1578,0,0,10,0.038055215030908585,2.1271474361419678,125.52900695800781,5.605193857299268e-45,1.1210387714598537e-44,5.605193857299268e-45,-5.605193857299268e-45,0,0,0.006802616640925407,0.002227968070656061,5.605193857299268e-45,1.1210387714598537e-44,14.394970893859863,14.384000778198242,14.402990341186523,0.013581126928329468,0.01428272482007742,0.002066541463136673,0,4800,0,5.605193857299268e-45
1787293525150,1579,0,0,10,0.6024459600448608,46.11229705810547,214.47750854492188,5.605193857299268e-45,1.1210387714598537e-44,5.605193857299268e-45,-5.605193857299268e-45,0,0,0.006921126041561365,0.0018822761485353112,5.605193857299268e-45,1.1210387714598537e-44,14.395421981811523,14.388834953308105,14.401177406311035,0.013809372670948505,0.01544878352433443,0.002066541463136673,0,4800,0,5.605193857299268e-45
1787293525170,1580,0,0,10,0.299947053194046,10.32580280303955,241.87489318847656,5.605193857299268e-45,1.1210387714598537e-44,5.605193857299268e-45,-5.605193857299268e-45,0,0,0.008686023764312267,0.002427200321108103,5.605193857299268e-45,1.1210387714598537e-44,14.39699649810791,14.389508247375488,14.406881332397461,0.013679693453013897,0.01459305826574564,0.004271461628377438,0,4800,0,5.605193857299268e-45
1787293525190,1581,0,0,10,-0.03569246828556061,-13.017898559570312,215.6209259033203,5.605193857299268e-45,1.1210387714598537e-44,5.605193857299268e-45,-5.605193857299268e-45,0,0,0.00544417230412364,0.0028633761685341597,5.605193857299268e-45,1.1210387714598537e-44,14.392987251281738,14.38628101348877,14.4003267288208,0.013694665394723415,0.014797690324485302,0,0,4800,0,5.605193857299268e-45
1787293525210,1582,0,0,10,-0.24037733674049377,-30.017118453979492,222.98007202148438,5.605193857299268e-45,1.1210387714598537e-44,5.605193857299268e-45,-5.605193857299268e-45,0,0,0.007090703584253788,0.00227220356464386,5.605193857299268e-45,1.1210387714598537e-44,14.397231101989746,14.389504432678223,14.406621932983398,0.013647341169416904,0.014728894457221031,0.002066541463136673,0,4800,0,5.605193857299268e-45
1787293525230,1583,0,0,10,-0.20969043672084808,-25.43741798400879,218.2952117919922,5.605193857299268e-45,1.1210387714598537e-44,5.605193857299268e-45,-5.605193857299268e-45,0,0,0.006296953186392784,0.002582041546702385,5.605193857299268e-45,1.1210387714598537e-44,14.3969144821167,14.388035774230957,14.403088569641113,0.013473416678607464,0.014225694350898266,0,0,4800,0,5.605193857299268e-45
1787293525250,1584,0,0,10,-0.39758187532424927,-30.751060485839844,211.91387939453125,5.605193857299268e-45,1.1210387714598537e-44,5.605193857299268e-45,-5.605193857299268e-45,0,0,0.005821991711854935,0.0025261410046368837,5.605193857299268e-45,1.1210387714598537e-44,14.397564888000488,14.388724327087402,14.406588554382324,0.013492288999259472,0.014279181137681007,0.002066541463136673,0,4800,0,5.605193857299268e-45
1787293525270,1585,0,0,10,0.025630854070186615,5.551579475402832,154.6022491455078,5.605193857299268e-45,1.1210387714598537e-44,5.605193857299268e-45,-5.605193857299268e-45,0,0,0.00665581738576293,0.002238424262031913,5.605193857299268e-45,1.1210387714598537e-44,14.397753715515137,14.390151023864746,14.404412269592285,0.01355698425322771,0.014380001462996006,0.0020652359817177057,0,4800,0,5.605193857299268e-45
1787293525290,1586,0,0,10,-0.00805795006453991,-0.3439731001853943,155.6782684326172,5.605193857299268e-45,1.1210387714598537e-44,5.605193857299268e-45,-5.605193857299268e-45,0,0,0.0060173822566866875,0.0027614841237664223,5.605193857299268e-45,1.1210387714598537e-44,14.398712158203125,14.391009330749512,14.40979290008545,0.013567252084612846,0.014661536552011967,0,0,4800,0,5.605193857299268e-45
1787293525311,1587,0,0,10,-0.15765388309955597,-20.624034881591797,228.40151977539062,5.605193857299268e-45,1.1210387714598537e-44,5.605193857299268e-45,-5.605193857299268e-45,0,0,0.006592487450689077,0.0025943084619939327,5.605193857299268e-45,1.1210387714598537e-44,14.39937973022461,14.387117385864258,14.411286354064941,0.013413914479315281,0.014437670819461346,0.002066541463136673,0,4800,0,5.605193857299268e-45
1787293525331,1588,0,0,10,-0.1803116500377655,-25.12997817993164,237.64894104003906,5.605193857299268e-45,1.1210387714598537e-44,5.605193857299268e-45,-5.605193857299268e-45,0,0,0.006198690738528967,0.002824376104399562,5.605193857299268e-45,1.1210387714598537e-44,14.40132999420166,14.39365291595459,14.408236503601074,0.013653825037181377,0.01465481799095869,0.002066541463136673,0,4800,0,5.605193857299268e-45
1787293525351,1589,0,0,10,-0.21534603834152222,-26.095300674438477,179.60960388183594,5.605193857299268e-45,1.1210387714598537e-44,5.605193857299268e-45,-5.605193857299268e-45,0,0,0.004882669076323509,0.0020740386098623276,5.605193857299268e-45,1.1210387714598537e-44,14.402896881103516,14.39454460144043,14.411330223083496,0.013522966764867306,0.014561883173882961,0.002066541463136673,0,4800,0,5.605193857299268e-45
1787293525371,1590,0,0,10,0.3487071990966797,30.915454864501953,181.857666015625,5.605193857299268e-45,1.1210387714598537e-44,5.605193857299268e-45,-5.605193857299268e-45,0,0,0.006382153835147619,0.0018057170091196895,5.605193857299268e-45,1.1210387714598537e-44,14.398398399353027,14.385557174682617,14.406373023986816,0.013485117815434933,0.014529199339449406,0.002066541463136673,0,4800,0,5.605193857299268e-45
1787293525391,1591,0,0,10,-0.050779182463884354,-8.025754928588867,144.9274139404297,5.605193857299268e-45,1.1210387714598537e-44,5.605193857299268e-45,-5.605193857299268e-45,0,0,0.005828123074024916,0.0022290099877864122,5.605193857299268e-45,1.1210387714598537e-44,14.40029525756836,14.39424991607666,14.41105842590332,0.01362775731831789,0.014295624569058418,0.002066541463136673,0,4800,0,5.605193857299268e-45
1787293525411,1592,0,0,10,-0.13133837282657623,-15.744972229003906,147.60179138183594,5.605193857299268e-45,1.1210387714598537e-44,5.605193857299268e-45,-5.605193857299268e-45,0,0,0.005665029864758253,0.002794526284560561,5.605193857299268e-45,1.1210387714598537e-44,14.400765419006348,14.3952054977417,14.407373428344727,0.013407866470515728,0.01491155568510294,0.002066541463136673,0,4800,0,5.605193857299268e-45
1787293525431,1593,0,0,10,0.07540101557970047,0.2838550806045532,214.85580444335938,5.605193857299268e-45,1.1210387714598537e-44,5.605193857299268e-45,-5.605193857299268e-45,0,0,0.005556576885282993,0.0019606684800237417,5.605193857299268e-45,1.1210387714598537e-44,14.399563789367676,14.392192840576172,14.407697677612305,0.013477899134159088,0.015316866338253021,0.002066541463136673,0,4800,0,5.605193857299268e-45
1787293525451,1594,0,0,10,0.22007928788661957,15.654988288879395,131.48098754882812,5.605193857299268e-45,1.1210387714598537e-44,5.605193857299268e-45,-5.605193857299268e-45,0,0,0.005449684802442789,0.002480190247297287,5.605193857299268e-45,1.1210387714598537e-44,14.400838851928711,14.39449405670166,14.410615921020508,0.013551621697843075,0.014717822894454002,0,0,4800,0,5.605193857299268e-45
1787293525471,1595,0,0,10,0.05107229948043823,7.045508861541748,208.55258178710938,5.605193857299268e-45,1.1210387714598537e-44,5.605193857299268e-45,-5.605193857299268e-45,0,0,0.004454141017049551,0.0018744346452876925,5.605193857299268e-45,1.1210387714598537e-44,14.39759635925293,14.386509895324707,14.406993865966797,0.013335042633116245,0.01413075439631939,0,0,4800,0,5.605193857299268e-45
1787293525491,1596,0,0,10,0.2649397850036621,17.87162971496582,138.99639892578125,5.605193857299268e-45,1.1210387714598537e-44,5.605193857299268e-45,-5.605193857299268e-45,0,0,0.0047295368276536465,0.0019214239437133074,5.605193857299268e-45,1.1210387714598537e-44,14.399728775024414,14.396673202514648,14.407709121704102,0.013548161834478378,0.01456602755934,0.002066541463136673,0,4800,0,5.605193857299268e-45
1787293525511,1597,0,0,10,0.1688881665468216,-2.076585531234741,103.06373596191406,5.605193857299268e-45,1.1210387714598537e-44,5.605193857299268e-45,-5.605193857299268e-45,0,0,0.0065070283599197865,0.0022312700748443604,5.605193857299268e-45,1.1210387714598537e-44,14.400810241699219,14.393709182739258,14.413290023803711,0.013505050912499428,0.014125102199614048,0,0,4800,0,5.605193857299268e-45
1787293525532,1598,0,0,10,0.0065920595079660416,-6.8238067626953125,122.73202514648438,5.605193857299268e-45,1.1210387714598537e-44,5.605193857299268e-45,-5.605193857299268e-45,0,0,0.003970354329794645,0.0024815674405544996,5.605193857299268e-45,1.1210387714598537e-44,14.398963928222656,14.388537406921387,14.408005714416504,0.013725207187235355,0.014787917956709862,0,0,4800,0,5.605193857299268e-45
1787293525552,1599,0,0,10,0.39856967329978943,38.93819046020508,143.8397979736328,5.605193857299268e-45,1.1210387714598537e-44,5.605193857299268e-45,-5.605193857299268e-45,0,0,0.004820484668016434,0.0022020505275577307,5.605193857299268e-45,1.1210387714598537e-44,14.39942741394043,14.39049243927002,14.414299011230469,0.013296935707330704,0.014553645625710487,0,0,4800,0,5.605193857299268e-45
1787293525572,1600,0,0,10,0.044461507350206375,0.6883837580680847,116.44044494628906,5.605193857299268e-45,1.1210387714598537e-44,5.605193857299268e-45,-5.605193857299268e-45,0,0,0.005399731919169426,0.0019709363114088774,5.605193857299268e-45,1.1210387714598537e-44,14.399369239807129,14.394243240356445,14.412664413452148,0.013711143285036087,0.014610121957957745,0.002066541463136673,0,4800,0,5.605193857299268e-45
1787293525592,1601,0,0,10,-0.08166908472776413,-12.533181190490723,110.58399200439453,5.605193857299268e-45,1.1210387714598537e-44,5.605193857299268e-45,-5.605193857299268e-45,0,0,0.0034718613605946302,0.001801569014787674,5.605193857299268e-45,1.1210387714598537e-44,14.40002727508545,14.39141845703125,14.413253784179688,0.013415691442787647,0.014857392758131027,0,0,4800,0,5.605193857299268e-45
1787293525612,1602,0,0,10,0.4530199468135834,27.57733154296875,219.11961364746094,5.605193857299268e-45,1.1210387714598537e-44,5.605193857299268e-45,-5.605193857299268e-45,0,0,0.004570894408971071,0.0027793021872639656,5.605193857299268e-45,1.1210387714598537e-44,14.398996353149414,14.385955810546875,14.40549373626709,0.013650624081492424,0.01507748942822218,0,0,4800,0,5.605193857299268e-45
1787293525632,1603,0,0,10,0.028049523010849953,-2.7383389472961426,200.83702087402344,5.605193857299268e-45,1.1210387714598537e-44,5.605193857299268e-45,-5.605193857299268e-45,0,0,0.005685418378561735,0.002094594296067953,5.605193857299268e-45,1.1210387714598537e-44,14.403397560119629,14.394952774047852,14.409538269042969,0.013532322831451893,0.014418560080230236,0.002066541463136673,0,4800,0,5.605193857299268e-45
1787293525652,1604,0,0,10,0.046799104660749435,12.918478012084961,216.28004455566406,5.605193857299268e-45,1.1210387714598537e-44,5.605193857299268e-45,-5.605193857299268e-45,0,0,0.004549930803477764,0.002113583730533719,5.605193857299268e-45,1.1210387714598537e-44,14.404108047485352,14.3939847946167,14.410406112670898,0.013443018309772015,0.014633172191679478,0,0,4800,0,5.605193857299268e-45
1787293525672,1605,0,0,10,0.011249248869717121,-5.90284538269043,248.643798828125,5.605193857299268e-45,1.1210387714598537e-44,5.605193857299268e-45,-5.605193857299268e-45,0,0,0.004983301740139723,0.002047124318778515,5.605193857299268e-45,1.1210387714598537e-44,14.401407241821289,14.3866605758667,14.412385940551758,0.013539227657020092,0.014698351733386517,0.002066541463136673,0,4800,0,5.605193857299268e-45
1787293525693,1606,0,0,10,0.008334326557815075,-4.9037299156188965,134.7424774169922,5.605193857299268e-45,1.1210387714598537e-44,5.605193857299268e-45,-5.605193857299268e-45,0,0,0.004857221152633429,0.0019483676878735423,5.605193857299268e-45,1.1210387714598537e-44,14.401471138000488,14.39611530303955,14.411065101623535,0.014055924490094185,0.014870082028210163,0.002066541463136673,0,4800,0,5.605193857299268e-45
1787293525713,1607,0,0,10,0.17491120100021362,10.374884605407715,137.65597534179688,5.605193857299268e-45,1.1210387714598537e-44,5.605193857299268e-45,-5.605193857299268e-45,0,0,0.005990291479974985,0.0028929735999554396,5.605193857299268e-45,1.1210387714598537e-44,14.401815414428711,14.39688777923584,14.409065246582031,0.01389565970748663,0.014789032749831676,0,0,4800,0,5.605193857299268e-45
1787293525733,1608,0,0,10,0.18915103375911713,13.841596603393555,90.81849670410156,5.605193857299268e-45,1.1210387714598537e-44,5.605193857299268e-45,-5.605193857299268e-45,0,0,0.0048529221676290035,0.0020064725540578365,5.605193857299268e-45,1.1210387714598537e-44,14.40257740020752,14.392287254333496,14.407809257507324,0.01364333089441061,0.014497533440589905,0.0020652359817177057,0,4800,0,5.605193857299268e-45
1787293525753,1609,0,0,10,0.31296807527542114,25.76010513305664,173.1954803466797,5.605193857299268e-45,1.1210387714598537e-44,5.605193857299268e-45,-5.605193857299268e-45,0,0,0.005755981896072626,0.002312942873686552,5.605193857299268e-45,1.1210387714598537e-44,14.405807495117188,14.396015167236328,14.41815185546875,0.013585001230239868,0.015194847248494625,0.002066541463136673,0,4800,0,5.605193857299268e-45
1787293525773,1610,0,0,10,0.16363507509231567,8.572576522827148,129.8329315185547,5.605193857299268e-45,1.1210387714598537e-44,5.605193857299268e-45,-5.605193857299268e-45,0,0,0.00471025425940752,0.001944337273016572,5.605193857299268e-45,1.1210387714598537e-44,14.405111312866211,14.40066146850586,14.412104606628418,0.013709687627851963,0.014631240628659725,0,0,4800,0,5.605193857299268e-45
1787293525793,1611,0,0,10,0.14864031970500946,0.24801604449748993,99.0612564086914,5.605193857299268e-45,1.1210387714598537e-44,5.605193857299268e-45,-5.605193857299268e-45,0,0,0.005293688271194696,0.0015715303597971797,5.605193857299268e-45,1.1210387714598537e-44,14.405863761901855,14.397055625915527,14.410077095031738,0.013580885715782642,0.014479201287031174,0,0,4800,0,5.605193857299268e-45
1787293525813,1612,0,0,10,-0.23869101703166962,-23.9832763671875,128.81837463378906,5.605193857299268e-45,1.1210387714598537e-44,5.605193857299268e-45,-5.605193857299268e-45,0,0,0.005517621524631977,0.0021648986730724573,5.605193857299268e-45,1.1210387714598537e-44,14.404449462890625,14.397004127502441,14.41403865814209,0.013720979914069176,0.0156104676425457,0.002066541463136673,0,4800,0,5.605193857299268e-45
1787293525833,1613,0,0,10,0.09623648971319199,11.005767822265625,140.3658905029297,5.605193857299268e-45,1.1210387714598537e-44,5.605193857299268e-45,-5.605193857299268e-45,0,0,0.0057013449259102345,0.0019692769274115562,5.605193857299268e-45,1.1210387714598537e-44,14.405990600585938,14.400464057922363,14.411428451538086,0.013847273774445057,0.014503194950520992,0.002066541463136673,0,4800,0,5.605193857299268e-45
1787293525853,1614,0,0,10,0.033272773027420044,1.767123818397522,105.13060760498047,5.605193857299268e-45,1.1210387714598537e-44,5.605193857299268e-45,-5.605193857299268e-45,0,0,0.004052537027746439,0.0014560592826455832,5.605193857299268e-45,1.1210387714598537e-44,14.405033111572266,14.395008087158203,14.411965370178223,0.013788467273116112,0.015098825097084045,0.002066541463136673,0,4800,0,5.605193857299268e-45
1787293525873,1615,0,0,10,-0.18161699175834656,-36.288002014160156,205.8590850830078,5.605193857299268e-45,1.1210387714598537e-44,5.605193857299268e-45,-5.605193857299268e-45,0,0,0.0069710188545286655,0.0029620162677019835,5.605193857299268e-45,1.1210387714598537e-44,14.406920433044434,14.401400566101074,14.41625690460205,0.013335002586245537,0.014508082531392574,0,0,4800,0,5.605193857299268e-45
1787293525893,1616,0,0,10,0.30248743295669556,22.48291778564453,134.9336395263672,5.605193857299268e-45,1.1210387714598537e-44,5.605193857299268e-45,-5.605193857299268e-45,0,0,0.005881043616682291,0.0024496575351804495,5.605193857299268e-45,1.1210387714598537e-44,14.40684986114502,14.395740509033203,14.414177894592285,0.013551917858421803,0.015176101587712765,0,0,4800,0,5.605193857299268e-45
1787293525914,1617,0,0,10,-0.14676295220851898,-17.929542541503906,165.48269653320312,5.605193857299268e-45,1.1210387714598537e-44,5.605193857299268e-45,-5.605193857299268e-45,0,0,0.004890349227935076,0.0021400167606770992,5.605193857299268e-45,1.1210387714598537e-44,14.410451889038086,14.397716522216797,14.419008255004883,0.013423406518995762,0.014591447077691555,0,0,4800,0,5.605193857299268e-45
1787293525934,1618,0,0,10,0.042335640639066696,4.51963472366333,131.5155792236328,5.605193857299268e-45,1.1210387714598537e-44,5.605193857299268e-45,-5.605193857299268e-45,0,0,0.005946754477918148,0.0022427744697779417,5.605193857299268e-45,1.1210387714598537e-44,14.405356407165527,14.398601531982422,14.412434577941895,0.01349146943539381,0.01506058219820261,0.002066541463136673,0,4800,0,5.605193857299268e-45
1787293525954,1619,0,0,10,0.02291148528456688,7.576102256774902,155.4946746826172,5.605193857299268e-45,1.1210387714598537e-44,5.605193857299268e-45,-5.605193857299268e-45,0,0,0.006662996020168066,0.0024909283965826035,5.605193857299268e-45,1.1210387714598537e-44,14.40875244140625,14.402694702148438,14.41382122039795,0.013574168086051941,0.014207488857209682,0.0020652359817177057,0,4800,0,5.605193857299268e-45
1787293525974,1620,0,0,10,-0.06635799258947372,-12.962251663208008,175.18821716308594,5.605193857299268e-45,1.1210387714598537e-44,5.605193857299268e-45,-5.605193857299268e-45,0,0,0.0060364855453372,0.001973673701286316,5.605193857299268e-45,1.1210387714598537e-44,14.409406661987305,14.4033784866333,14.416833877563477,0.013528886251151562,0.014700655825436115,0.002066541463136673,0,4800,0,5.605193857299268e-45
1787293525994,1621,0,0,10,-0.05293044447898865,-9.893170356750488,209.53399658203125,5.605193857299268e-45,1.1210387714598537e-44,5.605193857299268e-45,-5.605193857299268e-45,0,0,0.004973257891833782,0.0021616618614643812,5.605193857299268e-45,1.1210387714598537e-44,14.412263870239258,14.403242111206055,14.41743278503418,0.013370521366596222,0.014334702864289284,0,0,4800,0,5.605193857299268e-45
1787293526014,1622,0,0,10,0.0772344246506691,1.0487921237945557,125.3471908569336,5.605193857299268e-45,1.1210387714598537e-44,5.605193857299268e-45,-5.605193857299268e-45,0,0,0.0043577393516898155,0.0014673277037218213,5.605193857299268e-45,1.1210387714598537e-44,14.40792465209961,14.400520324707031,14.414273262023926,0.013588430359959602,0.014437520876526833,0,0,4800,0,5.605193857299268e-45
1787293526034,1623,0,0,10,0.15242555737495422,4.4131364822387695,110.82266998291016,5.605193857299268e-45,1.1210387714598537e-44,5.605193857299268e-45,-5.605193857299268e-45,0,0,0.005243110470473766,0.0015726611018180847,5.605193857299268e-45,1.1210387714598537e-44,14.41109848022461,14.403505325317383,14.419301986694336,0.013879083096981049,0.01507881935685873,0.0020652359817177057,0,4800,0,5.605193857299268e-45
1787293526054,1624,0,0,10,0.08824590593576431,5.56742525100708,222.9176483154297,5.605193857299268e-45,1.1210387714598537e-44,5.605193857299268e-45,-5.605193857299268e-45,0,0,0.008065273985266685,0.0027024471201002598,5.605193857299268e-45,1.1210387714598537e-44,14.41142749786377,14.404974937438965,14.417604446411133,0.013712704181671143,0.015232118777930737,0.002066541463136673,0,4800,0,5.605193857299268e-45
1787293526074,1625,0,0,10,0.23459920287132263,18.796812057495117,226.4049072265625,5.605193857299268e-45,1.1210387714598537e-44,5.605193857299268e-45,-5.605193857299268e-45,0,0,0.007250986527651548,0.002155646216124296,5.605193857299268e-45,1.1210387714598537e-44,14.412932395935059,14.405728340148926,14.422906875610352,0.013513932004570961,0.014707513153553009,0.004271461628377438,0,4800,0,5.605193857299268e-45
1787293526094,1626,0,0,10,0.14122657477855682,13.318359375,156.6559295654297,5.605193857299268e-45,1.1210387714598537e-44,5.605193857299268e-45,-5.605193857299268e-45,0,0,0.006387871224433184,0.0019141791854053736,5.605193857299268e-45,1.1210387714598537e-44,14.411458015441895,14.406952857971191,14.41943073272705,0.013776260428130627,0.014967599883675575,0.0020652359817177057,0,4800,0,5.605193857299268e-45
1787293526115,1627,0,0,10,-0.2324291616678238,-29.450786590576172,231.5982666015625,5.605193857299268e-45,1.1210387714598537e-44,5.605193857299268e-45,-5.605193857299268e-45,0,0,0.006416861899197102,0.002767278579995036,5.605193857299268e-45,1.1210387714598537e-44,14.409891128540039,14.402710914611816,14.416515350341797,0.013485392555594444,0.01475701853632927,0.002066541463136673,0,4800,0,5.605193857299268e-45
1787293526135,1628,0,0,10,-0.16782237589359283,-26.58448028564453,194.7024383544922,5.605193857299268e-45,1.1210387714598537e-44,5.605193857299268e-45,-5.605193857299268e-45,0,0,0.007384002208709717,0.0023189764469861984,5.605193857299268e-45,1.1210387714598537e-44,14.41023063659668,14.406379699707031,14.418355941772461,0.013660123571753502,0.014722478576004505,0,0,4800,0,5.605193857299268e-45
1787293526155,1629,0,0,10,-0.04581056535243988,0.9108856320381165,219.9741973876953,5.605193857299268e-45,1.1210387714598537e-44,5.605193857299268e-45,-5.605193857299268e-45,0,0,0.006951569579541683,0.00199551391415298,5.605193857299268e-45,1.1210387714598537e-44,14.412628173828125,14.399967193603516,14.423033714294434,0.013696009293198586,0.014824126847088337,0.002066541463136673,0,4800,0,5.605193857299268e-45
1787293526175,1630,0,0,10,0.1910737156867981,17.615581512451172,172.25233459472656,5.605193857299268e-45,1.1210387714598537e-44,5.605193857299268e-45,-5.605193857299268e-45,0,0,0.005702465306967497,0.0019748888444155455,5.605193857299268e-45,1.1210387714598537e-44,14.409699440002441,14.39648151397705,14.420543670654297,0.01392422616481781,0.015032538212835789,0,0,4800,0,5.605193857299268e-45
1787293526195,1631,0,0,10,0.2840164005756378,22.534000396728516,205.24270629882812,5.605193857299268e-45,1.1210387714598537e-44,5.605193857299268e-45,-5.605193857299268e-45,0,0,0.005467533599585295,0.001825222629122436,5.605193857299268e-45,1.1210387714598537e-44,14.411885261535645,14.399676322937012,14.417980194091797,0.013349867425858974,0.014121158048510551,0.002066541463136673,0,4800,0,5.605193857299268e-45
1787293526215,1632,0,0,10,-0.0878811925649643,-5.285827159881592,136.70994567871094,5.605193857299268e-45,1.1210387714598537e-44,5.605193857299268e-45,-5.605193857299268e-45,0,0,0.005980203859508038,0.0024020858108997345,5.605193857299268e-45,1.1210387714598537e-44,14.411044120788574,14.403971672058105,14.422431945800781,0.013702264055609703,0.014594453386962414,0.002066541463136673,0,4800,0,5.605193857299268e-45
1787293526235,1633,0,0,10,-0.10634362697601318,-19.791776657104492,193.0730743408203,5.605193857299268e-45,1.1210387714598537e-44,5.605193857299268e-45,-5.605193857299268e-45,0,0,0.0058494191616773605,0.002250834135338664,5.605193857299268e-45,1.1210387714598537e-44,14.411930084228516,14.406118392944336,14.415937423706055,0.01349001843482256,0.01441712211817503,0,0,4800,0,5.605193857299268e-45
1787293526255,1634,0,0,10,-0.34426870942115784,-42.83176040649414,226.50753784179688,5.605193857299268e-45,1.1210387714598537e-44,5.605193857299268e-45,-5.605193857299268e-45,0,0,0.005398832727223635,0.001798938144929707,5.605193857299268e-45,1.1210387714598537e-44,14.414633750915527,14.408724784851074,14.419774055480957,0.01353857759386301,0.015047830529510975,0.002066541463136673,0,4800,0,5.605193857299268e-45
1787293526275,1635,0,0,10,0.1112191304564476,7.1072306632995605,148.7921142578125,5.605193857299268e-45,1.1210387714598537e-44,5.605193857299268e-45,-5.605193857299268e-45,0,0,0.004159717820584774,0.0013534516328945756,5.605193857299268e-45,1.1210387714598537e-44,14.413745880126953,14.401958465576172,14.421499252319336,0.013555673882365227,0.014402982778847218,0.0020652359817177057,0,4800,0,5.605193857299268e-45
1787293526295,1636,0,0,10,0.07790029793977737,7.770999908447266,90.81539916992188,5.605193857299268e-45,1.1210387714598537e-44,5.605193857299268e-45,-5.605193857299268e-45,0,0,0.0034035281278192997,0.0015391574706882238,5.605193857299268e-45,1.1210387714598537e-44,14.411986351013184,14.408529281616211,14.417267799377441,0.01381173450499773,0.014674416743218899,0,0,4800,0,5.605193857299268e-45
1787293526316,1637,0,0,10,-0.11599909514188766,-12.184810638427734,168.7662353515625,5.605193857299268e-45,1.1210387714598537e-44,5.605193857299268e-45,-5.605193857299268e-45,0,0,0.004510639235377312,0.002028333256021142,5.605193857299268e-45,1.1210387714598537e-44,14.415160179138184,14.405716896057129,14.422455787658691,0.013292644172906876,0.014179207384586334,0.002066541463136673,0,4800,0,5.605193857299268e-45
1787293526336,1638,0,0,10,0.08918862789869308,11.337122917175293,150.03277587890625,5.605193857299268e-45,1.1210387714598537e-44,5.605193857299268e-45,-5.605193857299268e-45,0,0,0.003901141695678234,0.0015048410277813673,5.605193857299268e-45,1.1210387714598537e-44,14.414868354797363,14.409749031066895,14.423796653747559,0.013538707047700882,0.014363362453877926,0,0,4800,0,5.605193857299268e-45
1787293526356,1639,0,0,10,-0.08678209781646729,-7.915495872497559,120.57746887207031,5.605193857299268e-45,1.1210387714598537e-44,5.605193857299268e-45,-5.605193857299268e-45,0,0,0.004105327185243368,0.0016809941735118628,5.605193857299268e-45,1.1210387714598537e-44,14.413496971130371,14.403007507324219,14.419319152832031,0.013316805474460125,0.0139439282938838,0.002066541463136673,0,4800,0,5.605193857299268e-45
1787293526376,1640,0,0,10,0.03645844757556915,-2.4883205890655518,169.765380859375,5.605193857299268e-45,1.1210387714598537e-44,5.605193857299268e-45,-5.605193857299268e-45,0,0,0.004766189027577639,0.002077036537230015,5.605193857299268e-45,1.1210387714598537e-44,14.409990310668945,14.402392387390137,14.41584587097168,0.013347248546779156,0.014471784234046936,0.002066541463136673,0,4800,0,5.605193857299268e-45
1787293526396,1641,0,0,10,0.27068018913269043,21.233436584472656,89.6700210571289,5.605193857299268e-45,1.1210387714598537e-44,5.605193857299268e-45,-5.605193857299268e-45,0,0,0.004706640262156725,0.0020636438857764006,5.605193857299268e-45,1.1210387714598537e-44,14.415010452270508,14.407917976379395,14.423373222351074,0.013558026403188705,0.01442056056112051,0.002066541463136673,0,4800,0,5.605193857299268e-45
1787293526416,1642,0,0,10,0.12904681265354156,1.7179245948791504,242.29527282714844,5.605193857299268e-45,1.1210387714598537e-44,5.605193857299268e-45,-5.605193857299268e-45,0,0,0.005937006790190935,0.0024635239969938993,5.605193857299268e-45,1.1210387714598537e-44,14.413179397583008,14.393829345703125,14.420677185058594,0.01378401555120945,0.014467436820268631,0.0020652359817177057,0,4800,0,5.605193857299268e-45
1787293526436,1643,0,0,10,0.3058949112892151,19.632328033447266,240.8511962890625,5.605193857299268e-45,1.1210387714598537e-44,5.605193857299268e-45,-5.605193857299268e-45,0,0,0.005895231384783983,0.0019709886983036995,5.605193857299268e-45,1.1210387714598537e-44,14.414508819580078,14.409310340881348,14.423876762390137,0.013562679290771484,0.014898782595992088,0.002066541463136673,0,4800,0,5.605193857299268e-45
1787293526457,1644,0,0,10,0.4957442283630371,35.24980163574219,192.75929260253906,5.605193857299268e-45,1.1210387714598537e-44,5.605193857299268e-45,-5.605193857299268e-45,0,0,0.0060724238865077496,0.0018620486371219158,5.605193857299268e-45,1.1210387714598537e-44,14.413735389709473,14.405691146850586,14.422247886657715,0.013742714188992977,0.014563157223165035,0.002066541463136673,0,4800,0,5.605193857299268e-45
1787293526476,1645,0,0,10,0.18822062015533447,7.990721702575684,198.757080078125,5.605193857299268e-45,1.1210387714598537e-44,5.605193857299268e-45,-5.605193857299268e-45,0,0,0.0041208951734006405,0.002257397398352623,5.605193857299268e-45,1.1210387714598537e-44,14.416407585144043,14.410272598266602,14.423480987548828,0.01368008740246296,0.015208285301923752,0,0,4800,0,5.605193857299268e-45
1787293526497,1646,0,0,10,0.5112654566764832,50.66499328613281,196.40382385253906,5.605193857299268e-45,1.1210387714598537e-44,5.605193857299268e-45,-5.605193857299268e-45,0,0,0.00602643471211195,0.0023363337386399508,5.605193857299268e-45,1.1210387714598537e-44,14.413257598876953,14.406498908996582,14.4197998046875,0.013526099734008312,0.014543839730322361,0.002066541463136673,0,4800,0,5.605193857299268e-45
1787293526516,1647,0,0,10,0.6256408095359802,68.86731719970703,215.4783935546875,5.605193857299268e-45,1.1210387714598537e-44,5.605193857299268e-45,-5.605193857299268e-45,0,0,0.00650731660425663,0.0022502057254314423,5.605193857299268e-45,1.1210387714598537e-44,14.41551685333252,14.402081489562988,14.421393394470215,0.013495409861207008,0.01445306371897459,0.002066541463136673,0,4800,0,5.605193857299268e-45
1787293526537,1648,0,0,10,-0.07778432965278625,-12.10134506225586,253.39144897460938,5.605193857299268e-45,1.1210387714598537e-44,5.605193857299268e-45,-5.605193857299268e-45,0,0,0.0048584467731416225,0.0026968256570398808,5.605193857299268e-45,1.1210387714598537e-44,14.417024612426758,14.409354209899902,14.423575401306152,0.013644199818372726,0.014861496165394783,0.002066541463136673,0,4800,0,5.605193857299268e-45
1787293526557,1649,0,0,10,0.09091944992542267,3.6880898475646973,145.6265869140625,5.605193857299268e-45,1.1210387714598537e-44,5.605193857299268e-45,-5.605193857299268e-45,0,0,0.004362297710031271,0.0022323261946439743,5.605193857299268e-45,1.1210387714598537e-44,14.41632080078125,14.412158966064453,14.424827575683594,0.013732939027249813,0.014706064015626907,0,0,4800,0,5.605193857299268e-45
1787293526577,1650,0,0,10,-0.25533872842788696,-34.430057525634766,170.2117919921875,5.605193857299268e-45,1.1210387714598537e-44,5.605193857299268e-45,-5.605193857299268e-45,0,0,0.00388133991509676,0.002194395987316966,5.605193857299268e-45,1.1210387714598537e-44,14.418351173400879,14.404502868652344,14.421746253967285,0.0136256730183959,0.014461547136306763,0,0,4800,0,5.605193857299268e-45
1787293526597,1651,0,0,10,0.3814539611339569,25.233444213867188,126.43443298339844,5.605193857299268e-45,1.1210387714598537e-44,5.605193857299268e-45,-5.605193857299268e-45,0,0,0.004959283396601677,0.0020426304545253515,5.605193857299268e-45,1.1210387714598537e-44,14.416484832763672,14.410784721374512,14.42249870300293,0.0135209821164608,0.014742566272616386,0,0,4800,0,5.605193857299268e-45
1787293526617,1652,0,0,10,0.08162461221218109,-4.785674571990967,149.2738494873047,5.605193857299268e-45,1.1210387714598537e-44,5.605193857299268e-45,-5.605193857299268e-45,0,0,0.004496756941080093,0.0012962301261723042,5.605193857299268e-45,1.1210387714598537e-44,14.417001724243164,14.408248901367188,14.425057411193848,0.01343257911503315,0.014813924208283424,0,0,4800,0,5.605193857299268e-45
1787293526637,1653,0,0,10,0.0403938889503479,4.560390949249268,112.60337829589844,5.605193857299268e-45,1.1210387714598537e-44,5.605193857299268e-45,-5.605193857299268e-45,0,0,0.003598270006477833,0.0022327012848109007,5.605193857299268e-45,1.1210387714598537e-44,14.417098999023438,14.409235000610352,14.42408275604248,0.013485831208527088,0.01513343770056963,0,0,4800,0,5.605193857299268e-45
1787293526657,1654,0,0,10,-0.06905817985534668,-14.764809608459473,150.3483428955078,5.605193857299268e-45,1.1210387714598537e-44,5.605193857299268e-45,-5.605193857299268e-45,0,0,0.0042388467118144035,0.0018420065753161907,5.605193857299268e-45,1.1210387714598537e-44,14.418503761291504,14.410882949829102,14.42426586151123,0.013670585118234158,0.014676823280751705,0,0,4800,0,5.605193857299268e-45
1787293526677,1655,0,0,10,-0.0689055472612381,-13.001543045043945,151.1643829345703,5.605193857299268e-45,1.1210387714598537e-44,5.605193857299268e-45,-5.605193857299268e-45,0,0,0.003761222353205085,0.002276116982102394,5.605193857299268e-45,1.1210387714598537e-44,14.418438911437988,14.411017417907715,14.422927856445312,0.013671470806002617,0.015112384222447872,0,0,4800,0,5.605193857299268e-45
1787293526697,1656,0,0,10,-0.1966570019721985,-20.826650619506836,172.9767608642578,5.605193857299268e-45,1.1210387714598537e-44,5.605193857299268e-45,-5.605193857299268e-45,0,0,0.005210548639297485,0.0025100887287408113,5.605193857299268e-45,1.1210387714598537e-44,14.418819427490234,14.410744667053223,14.424203872680664,0.013936702162027359,0.01499524898827076,0,0,4800,0,5.605193857299268e-45
1787293526718,1657,0,0,10,-0.16820575296878815,-18.551162719726562,190.0806121826172,5.605193857299268e-45,1.1210387714598537e-44,5.605193857299268e-45,-5.605193857299268e-45,0,0,0.005165147595107555,0.0022276490926742554,5.605193857299268e-45,1.1210387714598537e-44,14.417933464050293,14.406373023986816,14.426361083984375,0.013654297217726707,0.014526216313242912,0.002066541463136673,0,4800,0,5.605193857299268e-45
1787293526738,1658,0,0,10,0.15637187659740448,0.98860102891922,187.45396423339844,5.605193857299268e-45,1.1210387714598537e-44,5.605193857299268e-45,-5.605193857299268e-45,0,0,0.007520024664700031,0.0030100205913186073,5.605193857299268e-45,1.1210387714598537e-44,14.418212890625,14.412212371826172,14.425464630126953,0.013479478657245636,0.01438582967966795,0.002066541463136673,0,4800,0,5.605193857299268e-45
1787293526758,1659,0,0,10,0.020038405433297157,-6.5488600730896,208.5060577392578,5.605193857299268e-45,1.1210387714598537e-44,5.605193857299268e-45,-5.605193857299268e-45,0,0,0.00550195062533021,0.0023786325473338366,5.605193857299268e-45,1.1210387714598537e-44,14.417964935302734,14.412531852722168,14.426162719726562,0.013704014010727406,0.014791243709623814,0,0,4800,0,5.605193857299268e-45
1787293526778,1660,0,0,10,0.05098188295960426,-2.8061585426330566,186.25375366210938,5.605193857299268e-45,1.1210387714598537e-44,5.605193857299268e-45,-5.605193857299268e-45,0,0,0.005266990978270769,0.0024742840323597193,5.605193857299268e-45,1.1210387714598537e-44,14.419746398925781,14.412424087524414,14.423652648925781,0.013764563016593456,0.014820558950304985,0.002066541463136673,0,4800,0,5.605193857299268e-45
1787293526798,1661,0,0,10,-0.08429979532957077,-21.88079071044922,135.7762451171875,5.605193857299268e-45,1.1210387714598537e-44,5.605193857299268e-45,-5.605193857299268e-45,0,0,0.005555558484047651,0.0027266545221209526,5.605193857299268e-45,1.1210387714598537e-44,14.419727325439453,14.413963317871094,14.423971176147461,0.01372529286891222,0.014864492230117321,0,0,4800,0,5.605193857299268e-45
1787293526818,1662,0,0,10,0.19552351534366608,10.876713752746582,181.90777587890625,5.605193857299268e-45,1.1210387714598537e-44,5.605193857299268e-45,-5.605193857299268e-45,0,0,0.005828606430441141,0.0024741720408201218,5.605193857299268e-45,1.1210387714598537e-44,14.420126914978027,14.413427352905273,14.42441463470459,0.013774191960692406,0.0143849216401577,0.002066541463136673,0,4800,0,5.605193857299268e-45
1787293526838,1663,0,0,10,-0.2700944244861603,-32.160316467285156,203.0535430908203,5.605193857299268e-45,1.1210387714598537e-44,5.605193857299268e-45,-5.605193857299268e-45,0,0,0.005209334194660187,0.0022358791902661324,5.605193857299268e-45,1.1210387714598537e-44,14.418848037719727,14.409571647644043,14.424331665039062,0.013552357442677021,0.01534208096563816,0,0,4800,0,5.605193857299268e-45
1787293526859,1664,0,0,10,0.33436286449432373,25.988515853881836,192.3519744873047,5.605193857299268e-45,1.1210387714598537e-44,5.605193857299268e-45,-5.605193857299268e-45,0,0,0.005266954656690359,0.0025095881428569555,5.605193857299268e-45,1.1210387714598537e-44,14.417797088623047,14.40528392791748,14.428059577941895,0.013583035208284855,0.014580189250409603,0,0,4800,0,5.605193857299268e-45
1787293526878,1665,0,0,10,-0.2200237214565277,-24.573949813842773,156.7924346923828,5.605193857299268e-45,1.1210387714598537e-44,5.605193857299268e-45,-5.605193857299268e-45,0,0,0.005383714102208614,0.00235258461907506,5.605193857299268e-45,1.1210387714598537e-44,14.418545722961426,14.411266326904297,14.423831939697266,0.01355766598135233,0.015003355219960213,0,0,4800,0,5.605193857299268e-45
1787293526898,1666,0,0,10,-0.18523572385311127,-25.228914260864258,182.85357666015625,5.605193857299268e-45,1.1210387714598537e-44,5.605193857299268e-45,-5.605193857299268e-45,0,0,0.005299270153045654,0.0020633882377296686,5.605193857299268e-45,1.1210387714598537e-44,14.420858383178711,14.41557502746582,14.426612854003906,0.013793065212666988,0.01455775648355484,0,0,4800,0,5.605193857299268e-45
1787293526918,1667,0,0,10,-0.054185669869184494,-16.92011260986328,180.405029296875,5.605193857299268e-45,1.1210387714598537e-44,5.605193857299268e-45,-5.605193857299268e-45,0,0,0.005626190919429064,0.001900219707749784,5.605193857299268e-45,1.1210387714598537e-44,14.420829772949219,14.416142463684082,14.425421714782715,0.013798617757856846,0.015045569278299809,0.002066541463136673,0,4800,0,5.605193857299268e-45
1787293526939,1668,0,0,10,0.3883059322834015,36.820037841796875,209.7748565673828,5.605193857299268e-45,1.1210387714598537e-44,5.605193857299268e-45,-5.605193857299268e-45,0,0,0.006236960645765066,0.001738434424623847,5.605193857299268e-45,1.1210387714598537e-44,14.420432090759277,14.406688690185547,14.427531242370605,0.013984792865812778,0.014702930115163326,0.002066541463136673,0,4800,0,5.605193857299268e-45
1787293526959,1669,0,0,10,-0.0024139562156051397,2.2890572547912598,96.89031219482422,5.605193857299268e-45,1.1210387714598537e-44,5.605193857299268e-45,-5.605193857299268e-45,0,0,0.003914705943316221,0.0017076927470043302,5.605193857299268e-45,1.1210387714598537e-44,14.420695304870605,14.414925575256348,14.427286148071289,0.01352675911039114,0.014471792615950108,0,0,4800,0,5.605193857299268e-45
1787293526979,1670,0,0,10,0.007330820895731449,-3.421766996383667,157.56898498535156,5.605193857299268e-45,1.1210387714598537e-44,5.605193857299268e-45,-5.605193857299268e-45,0,0,0.005071043968200684,0.0021695715840905905,5.605193857299268e-45,1.1210387714598537e-44,14.42003345489502,14.41137409210205,14.426436424255371,0.013499048538506031,0.01422492042183876,0.002066541463136673,0,4800,0,5.605193857299268e-45
1787293526999,1671,0,0,10,-0.10211491584777832,-15.747164726257324,130.1220245361328,5.605193857299268e-45,1.1210387714598537e-44,5.605193857299268e-45,-5.605193857299268e-45,0,0,0.004501297604292631,0.0017915618373081088,5.605193857299268e-45,1.1210387714598537e-44,14.420021057128906,14.411365509033203,14.424894332885742,0.013301515020430088,0.014480127021670341,0,0,4800,0,5.605193857299268e-45
1787293527019,1672,0,0,10,-0.07694265991449356,-15.330108642578125,138.35281372070312,5.605193857299268e-45,1.1210387714598537e-44,5.605193857299268e-45,-5.605193857299268e-45,0,0,0.0051107811741530895,0.0016071253921836615,5.605193857299268e-45,1.1210387714598537e-44,14.420938491821289,14.413108825683594,14.427754402160645,0.013402124866843224,0.01411998551338911,0.002066541463136673,0,4800,0,5.605193857299268e-45
1787293527040,1673,0,0,10,0.30790168046951294,17.226503372192383,198.1970977783203,5.605193857299268e-45,1.1210387714598537e-44,5.605193857299268e-45,-5.605193857299268e-45,0,0,0.006040731444954872,0.0024207376409322023,5.605193857299268e-45,1.1210387714598537e-44,14.422332763671875,14.415400505065918,14.428108215332031,0.013818737119436264,0.01541053131222725,0.0020652359817177057,0,4800,0,5.605193857299268e-45
1787293527059,1674,0,0,10,0.14946186542510986,10.40265941619873,112.64585876464844,5.605193857299268e-45,1.1210387714598537e-44,5.605193857299268e-45,-5.605193857299268e-45,0,0,0.004486156161874533,0.0016137930797412992,5.605193857299268e-45,1.1210387714598537e-44,14.420937538146973,14.413034439086914,14.425710678100586,0.013845549896359444,0.015049348585307598,0.002066541463136673,0,4800,0,5.605193857299268e-45
1787293527079,1675,0,0,10,0.23721125721931458,12.487141609191895,154.99302673339844,5.605193857299268e-45,1.1210387714598537e-44,5.605193857299268e-45,-5.605193857299268e-45,0,0,0.004877169616520405,0.0021779367234557867,5.605193857299268e-45,1.1210387714598537e-44,14.423295021057129,14.416627883911133,14.427313804626465,0.013673713430762291,0.014849487692117691,0,0,4800,0,5.605193857299268e-45
1787293527100,1676,0,0,10,0.05422639101743698,1.506216287612915,154.8165283203125,5.605193857299268e-45,1.1210387714598537e-44,5.605193857299268e-45,-5.605193857299268e-45,0,0,0.004889534320682287,0.0018222080543637276,5.605193857299268e-45,1.1210387714598537e-44,14.42259693145752,14.414712905883789,14.428319931030273,0.013653472997248173,0.014642251655459404,0,0,4800,0,5.605193857299268e-45
1787293527120,1677,0,0,10,0.26432397961616516,19.67287826538086,167.94155883789062,5.605193857299268e-45,1.1210387714598537e-44,5.605193857299268e-45,-5.605193857299268e-45,0,0,0.008434106595814228,0.002379678888246417,5.605193857299268e-45,1.1210387714598537e-44,14.422797203063965,14.418277740478516,14.42720890045166,0.013545497320592403,0.014474214985966682,0,0,4800,0,5.605193857299268e-45
1787293527140,1678,0,0,10,0.03633724898099899,-5.881539821624756,223.13893127441406,5.605193857299268e-45,1.1210387714598537e-44,5.605193857299268e-45,-5.605193857299268e-45,0,0,0.007317428011447191,0.002497555688023567,5.605193857299268e-45,1.1210387714598537e-44,14.42357063293457,14.418047904968262,14.428346633911133,0.013623231090605259,0.014846443198621273,0.002066541463136673,0,4800,0,5.605193857299268e-45
1787293527160,1679,0,0,10,-0.15126122534275055,-26.781095504760742,250.42977905273438,5.605193857299268e-45,1.1210387714598537e-44,5.605193857299268e-45,-5.605193857299268e-45,0,0,0.006549850106239319,0.002372290473431349,5.605193857299268e-45,1.1210387714598537e-44,14.423511505126953,14.417479515075684,14.42815113067627,0.013581056147813797,0.014338784851133823,0.002066541463136673,0,4800,0,5.605193857299268e-45
1787293527180,1680,0,0,10,-0.010586386546492577,-8.27653980255127,187.79656982421875,5.605193857299268e-45,1.1210387714598537e-44,5.605193857299268e-45,-5.605193857299268e-45,0,0,0.00751065369695425,0.0013482582289725542,5.605193857299268e-45,1.1210387714598537e-44,14.42221450805664,14.418667793273926,14.426401138305664,0.01372829731553793,0.01486282330006361,0.004271461628377438,0,4800,0,5.605193857299268e-45
1787293527200,1681,0,0,10,-0.030710093677043915,-6.968592643737793,140.48304748535156,5.605193857299268e-45,1.1210387714598537e-44,5.605193857299268e-45,-5.605193857299268e-45,0,0,0.005573439411818981,0.0027049335185438395,5.605193857299268e-45,1.1210387714598537e-44,14.423227310180664,14.412595748901367,14.428243637084961,0.013624886982142925,0.014818991534411907,0.002066541463136673,0,4800,0,5.605193857299268e-45
1787293527220,1682,0,0,10,0.1676279604434967,21.974842071533203,155.07745361328125,5.605193857299268e-45,1.1210387714598537e-44,5.605193857299268e-45,-5.605193857299268e-45,0,0,0.006531450431793928,0.0024314909242093563,5.605193857299268e-45,1.1210387714598537e-44,14.423104286193848,14.41730785369873,14.426185607910156,0.01378027442842722,0.01441883947700262,0,0,4800,0,5.605193857299268e-45
1787293527240,1683,0,0,10,0.5348531603813171,43.52132797241211,356.33837890625,5.605193857299268e-45,1.1210387714598537e-44,5.605193857299268e-45,-5.605193857299268e-45,0,0,0.008615033701062202,0.002885187743231654,5.605193857299268e-45,1.1210387714598537e-44,14.42333984375,14.417402267456055,14.427733421325684,0.013635756447911263,0.014826389029622078,0.002066541463136673,0,4800,0,5.605193857299268e-45
1787293527261,1684,0,0,10,0.38922441005706787,40.55879211425781,191.31578063964844,5.605193857299268e-45,1.1210387714598537e-44,5.605193857299268e-45,-5.605193857299268e-45,0,0,0.007278864271938801,0.002138119889423251,5.605193857299268e-45,1.1210387714598537e-44,14.422600746154785,14.414448738098145,14.428433418273926,0.013739345595240593,0.014586958102881908,0.002066541463136673,0,4800,0,5.605193857299268e-45
1787293527281,1685,0,0,10,-0.15612748265266418,-16.25362777709961,220.9055633544922,5.605193857299268e-45,1.1210387714598537e-44,5.605193857299268e-45,-5.605193857299268e-45,0,0,0.00571442162618041,0.0029596101958304644,5.605193857299268e-45,1.1210387714598537e-44,14.42223834991455,14.418217658996582,14.425779342651367,0.013608290813863277,0.014322448521852493,0,0,4800,0,5.605193857299268e-45
1787293527301,1686,0,0,10,0.01731170155107975,6.5963311195373535,153.89048767089844,5.605193857299268e-45,1.1210387714598537e-44,5.605193857299268e-45,-5.605193857299268e-45,0,0,0.005250296555459499,0.002905852161347866,5.605193857299268e-45,1.1210387714598537e-44,14.4219970703125,14.416980743408203,14.426640510559082,0.013522619381546974,0.014542468823492527,0,0,4800,0,5.605193857299268e-45
1787293527321,1687,0,0,10,0.011752140708267689,1.2203569412231445,97.39208984375,5.605193857299268e-45,1.1210387714598537e-44,5.605193857299268e-45,-5.605193857299268e-45,0,0,0.005286779720336199,0.0028276927769184113,5.605193857299268e-45,1.1210387714598537e-44,14.423130989074707,14.417621612548828,14.427778244018555,0.013434656895697117,0.014354918152093887,0,0,4800,0,5.605193857299268e-45
1787293527341,1688,0,0,10,-0.08838450163602829,-19.22022247314453,236.2837677001953,5.605193857299268e-45,1.1210387714598537e-44,5.605193857299268e-45,-5.605193857299268e-45,0,0,0.005160083528608084,0.0021531193051487207,5.605193857299268e-45,1.1210387714598537e-44,14.423575401306152,14.418313980102539,14.42789363861084,0.01359117403626442,0.014359859749674797,0.002066541463136673,0,4800,0,5.605193857299268e-45
1787293527361,1689,0,0,10,0.10048583149909973,3.9748294353485107,156.9098663330078,5.605193857299268e-45,1.1210387714598537e-44,5.605193857299268e-45,-5.605193857299268e-45,0,0,0.0041620791889727116,0.001715640421025455,5.605193857299268e-45,1.1210387714598537e-44,14.422443389892578,14.414566993713379,14.429130554199219,0.013587096706032753,0.014205856248736382,0,0,4800,0,5.605193857299268e-45
1787293527381,1690,0,0,10,0.1423058807849884,1.0799227952957153,129.10975646972656,5.605193857299268e-45,1.1210387714598537e-44,5.605193857299268e-45,-5.605193857299268e-45,0,0,0.005095839966088533,0.0018670669523999095,5.605193857299268e-45,1.1210387714598537e-44,14.423909187316895,14.418806076049805,14.428640365600586,0.013523857109248638,0.013972507789731026,0,0,4800,0,5.605193857299268e-45
1787293527401,1691,0,0,10,0.0944627970457077,1.9485225677490234,134.67462158203125,5.605193857299268e-45,1.1210387714598537e-44,5.605193857299268e-45,-5.605193857299268e-45,0,0,0.004393619019538164,0.0020170854404568672,5.605193857299268e-45,1.1210387714598537e-44,14.425705909729004,14.42177963256836,14.42971420288086,0.013515754602849483,0.01500303391367197,0.002066541463136673,0,4800,0,5.605193857299268e-45
1787293527421,1692,0,0,10,0.15644203126430511,7.342804431915283,123.77095031738281,5.605193857299268e-45,1.1210387714598537e-44,5.605193857299268e-45,-5.605193857299268e-45,0,0,0.006554385647177696,0.0020864252001047134,5.605193857299268e-45,1.1210387714598537e-44,14.423531532287598,14.419422149658203,14.426000595092773,0.01366481278091669,0.014501080848276615,0,0,4800,0,5.605193857299268e-45
1787293527441,1693,0,0,10,0.016190677881240845,0.1530403047800064,143.3187713623047,5.605193857299268e-45,1.1210387714598537e-44,5.605193857299268e-45,-5.605193857299268e-45,0,0,0.0052624596282839775,0.002385462401434779,5.605193857299268e-45,1.1210387714598537e-44,14.423482894897461,14.416960716247559,14.428794860839844,0.013646219857037067,0.014699088409543037,0,0,4800,0,5.605193857299268e-45
1787293527462,1694,0,0,10,0.1735769808292389,9.666170120239258,175.98431396484375,5.605193857299268e-45,1.1210387714598537e-44,5.605193857299268e-45,-5.605193857299268e-45,0,0,0.005451604258269072,0.002025988418608904,5.605193857299268e-45,1.1210387714598537e-44,14.423120498657227,14.41645622253418,14.428726196289062,0.013539235107600689,0.014341402798891068,0,0,4800,0,5.605193857299268e-45
1787293527481,1695,0,0,10,0.19283242523670197,12.09455394744873,172.13072204589844,5.605193857299268e-45,1.1210387714598537e-44,5.605193857299268e-45,-5.605193857299268e-45,0,0,0.004777138587087393,0.001893658540211618,5.605193857299268e-45,1.1210387714598537e-44,14.42459774017334,14.416884422302246,14.428428649902344,0.013376772403717041,0.014591945335268974,0,0,4800,0,5.605193857299268e-45
1787293527501,1696,0,0,10,-0.10331767052412033,-21.33173942565918,189.3574676513672,5.605193857299268e-45,1.1210387714598537e-44,5.605193857299268e-45,-5.605193857299268e-45,0,0,0.004882774781435728,0.0024432092905044556,5.605193857299268e-45,1.1210387714598537e-44,14.42432975769043,14.420967102050781,14.429043769836426,0.013602621853351593,0.014907018281519413,0,0,4800,0,5.605193857299268e-45
1787293527521,1697,0,0,10,0.019318362697958946,3.317279815673828,143.6527557373047,5.605193857299268e-45,1.1210387714598537e-44,5.605193857299268e-45,-5.605193857299268e-45,0,0,0.0050557381473481655,0.0023825878743082285,5.605193857299268e-45,1.1210387714598537e-44,14.424906730651855,14.421982765197754,14.42815113067627,0.01344521064311266,0.014478452503681183,0.002066541463136673,0,4800,0,5.605193857299268e-45
1787293527542,1698,0,0,10,0.11361002177000046,2.029935598373413,116.69855499267578,5.605193857299268e-45,1.1210387714598537e-44,5.605193857299268e-45,-5.605193857299268e-45,0,0,0.005011904053390026,0.0019667635206133127,5.605193857299268e-45,1.1210387714598537e-44,14.42467212677002,14.420373916625977,14.429130554199219,0.01361908670514822,0.014267641119658947,0,0,4800,0,5.605193857299268e-45
1787293527562,1699,0,0,10,-0.21268442273139954,-20.454248428344727,217.71435546875,5.605193857299268e-45,1.1210387714598537e-44,5.605193857299268e-45,-5.605193857299268e-45,0,0,0.004763137083500624,0.002401153789833188,5.605193857299268e-45,1.1210387714598537e-44,14.42336368560791,14.414647102355957,14.42763900756836,0.013613348826766014,0.014684733934700489,0,0,4800,0,5.605193857299268e-45
1787293527582,1700,0,0,10,-0.05348094925284386,-14.352580070495605,203.07171630859375,5.605193857299268e-45,1.1210387714598537e-44,5.605193857299268e-45,-5.605193857299268e-45,0,0,0.005095109809190035,0.0027922780718654394,5.605193857299268e-45,1.1210387714598537e-44,14.42397689819336,14.419386863708496,14.429165840148926,0.01361361239105463,0.014337531290948391,0,0,4800,0,5.605193857299268e-45
1787293527602,1701,0,0,10,-0.09923257678747177,-17.90239715576172,126.34851837158203,5.605193857299268e-45,1.1210387714598537e-44,5.605193857299268e-45,-5.605193857299268e-45,0,0,0.003934087231755257,0.002129958476871252,5.605193857299268e-45,1.1210387714598537e-44,14.425536155700684,14.420251846313477,14.430744171142578,0.013598872348666191,0.014510465785861015,0,0,4800,0,5.605193857299268e-45
1787293527622,1702,0,0,10,-0.08279647678136826,-14.511357307434082,148.36961364746094,5.605193857299268e-45,1.1210387714598537e-44,5.605193857299268e-45,-5.605193857299268e-45,0,0,0.004691953305155039,0.002340367529541254,5.605193857299268e-45,1.1210387714598537e-44,14.42276382446289,14.41775131225586,14.428577423095703,0.013600566424429417,0.014711417257785797,0,0,4800,0,5.605193857299268e-45
1787293527642,1703,0,0,10,-0.21143049001693726,-25.750774383544922,192.99502563476562,5.605193857299268e-45,1.1210387714598537e-44,5.605193857299268e-45,-5.605193857299268e-45,0,0,0.00456585269421339,0.0017032608157023787,5.605193857299268e-45,1.1210387714598537e-44,14.424307823181152,14.415973663330078,14.429325103759766,0.01326245442032814,0.013936592265963554,0.0020652359817177057,0,4800,0,5.605193857299268e-45
1787293527662,1704,0,0,10,0.19738082587718964,12.897708892822266,152.7843017578125,5.605193857299268e-45,1.1210387714598537e-44,5.605193857299268e-45,-5.605193857299268e-45,0,0,0.0043197209015488625,0.0020002140663564205,5.605193857299268e-45,1.1210387714598537e-44,14.42547607421875,14.418838500976562,14.428247451782227,0.013341582380235195,0.01415092684328556,0,0,4800,0,5.605193857299268e-45
1787293527682,1705,0,0,10,-0.09669109433889389,-6.597414970397949,108.9118423461914,5.605193857299268e-45,1.1210387714598537e-44,5.605193857299268e-45,-5.605193857299268e-45,0,0,0.003690132638439536,0.0017989753978326917,5.605193857299268e-45,1.1210387714598537e-44,14.425026893615723,14.418774604797363,14.429043769836426,0.013506236486136913,0.01471311692148447,0,0,4800,0,5.605193857299268e-45
1787293527702,1706,0,0,10,0.08549994975328445,5.547755241394043,96.48834228515625,5.605193857299268e-45,1.1210387714598537e-44,5.605193857299268e-45,-5.605193857299268e-45,0,0,0.006292135454714298,0.0025154510512948036,5.605193857299268e-45,1.1210387714598537e-44,14.424530029296875,14.418375015258789,14.428842544555664,0.013658351264894009,0.014361604116857052,0.002066541463136673,0,4800,0,5.605193857299268e-45
1787293527723,1707,0,0,10,0.15634045004844666,15.403121948242188,156.12940979003906,5.605193857299268e-45,1.1210387714598537e-44,5.605193857299268e-45,-5.605193857299268e-45,0,0,0.0053455703891813755,0.0027304065879434347,5.605193857299268e-45,1.1210387714598537e-44,14.426347732543945,14.420133590698242,14.4297513961792,0.013638808391988277,0.014812660403549671,0,0,4800,0,5.605193857299268e-45
1787293527743,1708,0,0,10,-0.22295226156711578,-27.990642547607422,198.94631958007812,5.605193857299268e-45,1.1210387714598537e-44,5.605193857299268e-45,-5.605193857299268e-45,0,0,0.004957370460033417,0.001802548998966813,5.605193857299268e-45,1.1210387714598537e-44,14.425947189331055,14.418708801269531,14.42916488647461,0.013768513686954975,0.014768482185900211,0.002066541463136673,0,4800,0,5.605193857299268e-45
1787293527763,1709,0,0,10,0.24247245490550995,17.923242568969727,162.58326721191406,5.605193857299268e-45,1.1210387714598537e-44,5.605193857299268e-45,-5.605193857299268e-45,0,0,0.00424425071105361,0.002370471367612481,5.605193857299268e-45,1.1210387714598537e-44,14.42409896850586,14.419085502624512,14.42734146118164,0.013386483304202557,0.014566471800208092,0,0,4800,0,5.605193857299268e-45
1787293527783,1710,0,0,10,0.0009365096921101213,-8.722214698791504,112.13615417480469,5.605193857299268e-45,1.1210387714598537e-44,5.605193857299268e-45,-5.605193857299268e-45,0,0,0.004063209984451532,0.002238960238173604,5.605193857299268e-45,1.1210387714598537e-44,14.425223350524902,14.41920280456543,14.428995132446289,0.01370826456695795,0.01483552623540163,0.002066541463136673,0,4800,0,5.605193857299268e-45
1787293527803,1711,0,0,10,-0.13131962716579437,-19.494911193847656,176.3696746826172,5.605193857299268e-45,1.1210387714598537e-44,5.605193857299268e-45,-5.605193857299268e-45,0,0,0.002754218876361847,0.002048233523964882,5.605193857299268e-45,1.1210387714598537e-44,14.42576789855957,14.419676780700684,14.42924690246582,0.013522984459996223,0.014608854427933693,0,0,4800,0,5.605193857299268e-45
1787293527823,1712,0,0,10,0.03965691477060318,-0.9854745268821716,111.38147735595703,5.605193857299268e-45,1.1210387714598537e-44,5.605193857299268e-45,-5.605193857299268e-45,0,0,0.003201537299901247,0.0015354249626398087,5.605193857299268e-45,1.1210387714598537e-44,14.425111770629883,14.421089172363281,14.429215431213379,0.01370270550251007,0.014410708099603653,0,0,4800,0,5.605193857299268e-45
1787293527843,1713,0,0,10,0.032906536012887955,4.428098678588867,119.30784606933594,5.605193857299268e-45,1.1210387714598537e-44,5.605193857299268e-45,-5.605193857299268e-45,0,0,0.004021600820124149,0.0026388592086732388,5.605193857299268e-45,1.1210387714598537e-44,14.425004005432129,14.419981956481934,14.429186820983887,0.013495881110429764,0.014349586330354214,0,0,4800,0,5.605193857299268e-45
1787293527864,1714,0,0,10,-0.18659572303295135,-15.249279975891113,158.04608154296875,5.605193857299268e-45,1.1210387714598537e-44,5.605193857299268e-45,-5.605193857299268e-45,0,0,0.004967403132468462,0.002276328392326832,5.605193857299268e-45,1.1210387714598537e-44,14.42479419708252,14.416455268859863,14.428752899169922,0.013772635720670223,0.014809136278927326,0.0020652359817177057,0,4800,0,5.605193857299268e-45
1787293527883,1715,0,0,10,-0.06318946927785873,-6.053232669830322,164.2102508544922,5.605193857299268e-45,1.1210387714598537e-44,5.605193857299268e-45,-5.605193857299268e-45,0,0,0.004341600462794304,0.0016102110967040062,5.605193857299268e-45,1.1210387714598537e-44,14.42573070526123,14.4165678024292,14.429487228393555,0.013528783805668354,0.014423232525587082,0,0,4800,0,5.605193857299268e-45
1787293527904,1716,0,0,10,0.20492736995220184,13.196410179138184,114.50971221923828,5.605193857299268e-45,1.1210387714598537e-44,5.605193857299268e-45,-5.605193857299268e-45,0,0,0.0044652619399130344,0.001918582827784121,5.605193857299268e-45,1.1210387714598537e-44,14.425949096679688,14.421988487243652,14.429049491882324,0.013572342693805695,0.014707505702972412,0,0,4800,0,5.605193857299268e-45
1787293527924,1717,0,0,10,0.2208179235458374,13.551953315734863,98.42180633544922,5.605193857299268e-45,1.1210387714598537e-44,5.605193857299268e-45,-5.605193857299268e-45,0,0,0.0042058858089149,0.0020815932657569647,5.605193857299268e-45,1.1210387714598537e-44,14.4266357421875,14.422752380371094,14.430654525756836,0.013471153564751148,0.014812844805419445,0,0,4800,0,5.605193857299268e-45
1787293527944,1718,0,0,10,-0.06974412500858307,-18.972883224487305,134.2101593017578,5.605193857299268e-45,1.1210387714598537e-44,5.605193857299268e-45,-5.605193857299268e-45,0,0,0.005596788600087166,0.0019081459613516927,5.605193857299268e-45,1.1210387714598537e-44,14.425679206848145,14.417828559875488,14.429095268249512,0.013480612076818943,0.014410440810024738,0.002066541463136673,0,4800,0,5.605193857299268e-45
1787293527964,1719,0,0,10,-0.09645671397447586,-22.199464797973633,169.61557006835938,5.605193857299268e-45,1.1210387714598537e-44,5.605193857299268e-45,-5.605193857299268e-45,0,0,0.006022099405527115,0.002439309610053897,5.605193857299268e-45,1.1210387714598537e-44,14.425935745239258,14.418638229370117,14.428655624389648,0.013807007111608982,0.01471155509352684,0,0,4800,0,5.605193857299268e-45
1787293527984,1720,0,0,10,0.09962886571884155,16.502466201782227,135.39016723632812,5.605193857299268e-45,1.1210387714598537e-44,5.605193857299268e-45,-5.605193857299268e-45,0,0,0.00470013590529561,0.0025459553580731153,5.605193857299268e-45,1.1210387714598537e-44,14.424625396728516,14.41739273071289,14.429007530212402,0.01341334544122219,0.015114638954401016,0,0,4800,0,5.605193857299268e-45
1787293528004,1721,0,0,10,0.07872401177883148,-2.057361125946045,139.9525909423828,5.605193857299268e-45,1.1210387714598537e-44,5.605193857299268e-45,-5.605193857299268e-45,0,0,0.004492625594139099,0.0023690182715654373,5.605193857299268e-45,1.1210387714598537e-44,14.424954414367676,14.420622825622559,14.429232597351074,0.013440515846014023,0.014286483637988567,0,0,4800,0,5.605193857299268e-45
1787293528024,1722,0,0,10,0.04872028902173042,6.2378716468811035,111.68473815917969,5.605193857299268e-45,1.1210387714598537e-44,5.605193857299268e-45,-5.605193857299268e-45,0,0,0.0033646186348050833,0.001698339357972145,5.605193857299268e-45,1.1210387714598537e-44,14.426514625549316,14.419211387634277,14.4292573928833,0.013666576705873013,0.014737148769199848,0.002066541463136673,0,4800,0,5.605193857299268e-45
1787293528044,1723,0,0,10,-0.03528408333659172,-8.13290786743164,127.26646423339844,5.605193857299268e-45,1.1210387714598537e-44,5.605193857299268e-45,-5.605193857299268e-45,0,0,0.0039523327723145485,0.002078971127048135,5.605193857299268e-45,1.1210387714598537e-44,14.425639152526855,14.41617202758789,14.429981231689453,0.013549418188631535,0.014752994291484356,0,0,4800,0,5.605193857299268e-45
1787293528064,1724,0,0,10,0.007720158901065588,-7.239635467529297,127.01021575927734,5.605193857299268e-45,1.1210387714598537e-44,5.605193857299268e-45,-5.605193857299268e-45,0,0,0.0038111512549221516,0.0016856857109814882,5.605193857299268e-45,1.1210387714598537e-44,14.425294876098633,14.419894218444824,14.429327964782715,0.013733885250985622,0.014575733803212643,0,0,4800,0,5.605193857299268e-45
1787293528084,1725,0,0,10,0.45612242817878723,40.492469787597656,161.5677490234375,5.605193857299268e-45,1.1210387714598537e-44,5.605193857299268e-45,-5.605193857299268e-45,0,0,0.0034796511754393578,0.0017777960747480392,5.605193857299268e-45,1.1210387714598537e-44,14.42611312866211,14.416205406188965,14.428818702697754,0.013559108600020409,0.014555953443050385,0,0,4800,0,5.605193857299268e-45
1787293528104,1726,0,0,10,-0.0892486572265625,-12.80880355834961,155.2698974609375,5.605193857299268e-45,1.1210387714598537e-44,5.605193857299268e-45,-5.605193857299268e-45,0,0,0.0043593477457761765,0.002178640104830265,5.605193857299268e-45,1.1210387714598537e-44,14.42625617980957,14.41977596282959,14.429668426513672,0.013607638888061047,0.014665422029793262,0,0,4800,0,5.605193857299268e-45
1787293528125,1727,0,0,10,0.06395523995161057,3.9693448543548584,160.8224639892578,5.605193857299268e-45,1.1210387714598537e-44,5.605193857299268e-45,-5.605193857299268e-45,0,0,0.006145716644823551,0.003208635374903679,5.605193857299268e-45,1.1210387714598537e-44,14.426488876342773,14.42120361328125,14.42887020111084,0.013554231263697147,0.0145500423386693,0,0,4800,0,5.605193857299268e-45
1787293528145,1728,0,0,10,-0.13046999275684357,-14.314237594604492,181.97250366210938,5.605193857299268e-45,1.1210387714598537e-44,5.605193857299268e-45,-5.605193857299268e-45,0,0,0.004721683915704489,0.0022377900313585997,5.605193857299268e-45,1.1210387714598537e-44,14.426833152770996,14.422391891479492,14.429399490356445,0.013623828068375587,0.014856740832328796,0,0,4800,0,5.605193857299268e-45
1787293528165,1729,0,0,10,-0.20160126686096191,-26.471614837646484,192.8779754638672,5.605193857299268e-45,1.1210387714598537e-44,5.605193857299268e-45,-5.605193857299268e-45,0,0,0.005973209626972675,0.002281609922647476,5.605193857299268e-45,1.1210387714598537e-44,14.427541732788086,14.423474311828613,14.431766510009766,0.013644909486174583,0.015288842841982841,0.002066541463136673,0,4800,0,5.605193857299268e-45
1787293528185,1730,0,0,10,-0.2022712081670761,-9.126946449279785,195.52627563476562,5.605193857299268e-45,1.1210387714598537e-44,5.605193857299268e-45,-5.605193857299268e-45,0,0,0.007080985698848963,0.0019436590373516083,5.605193857299268e-45,1.1210387714598537e-44,14.427140235900879,14.419173240661621,14.430914878845215,0.01377771981060505,0.014449937269091606,0.002066541463136673,0,4800,0,5.605193857299268e-45
1787293528205,1731,0,0,10,0.036002036184072495,3.328423023223877,202.69949340820312,5.605193857299268e-45,1.1210387714598537e-44,5.605193857299268e-45,-5.605193857299268e-45,0,0,0.006113276816904545,0.0020918743684887886,5.605193857299268e-45,1.1210387714598537e-44,14.426899909973145,14.420269012451172,14.430523872375488,0.013372997753322124,0.014582994394004345,0.0020652359817177057,0,4800,0,5.605193857299268e-45
1787293528225,1732,0,0,10,-0.13077495992183685,-20.19560432434082,171.64212036132812,5.605193857299268e-45,1.1210387714598537e-44,5.605193857299268e-45,-5.605193857299268e-45,0,0,0.007036083377897739,0.001793472794815898,5.605193857299268e-45,1.1210387714598537e-44,14.426000595092773,14.414616584777832,14.430093765258789,0.013600032776594162,0.014529462903738022,0.002066541463136673,0,4800,0,5.605193857299268e-45
1787293528245,1733,0,0,10,-0.10081319510936737,-21.05824089050293,171.57965087890625,5.605193857299268e-45,1.1210387714598537e-44,5.605193857299268e-45,-5.605193857299268e-45,0,0,0.006273461040109396,0.001770670060068369,5.605193857299268e-45,1.1210387714598537e-44,14.427773475646973,14.424821853637695,14.433122634887695,0.013484496623277664,0.014333400875329971,0,0,4800,0,5.605193857299268e-45
1787293528265,1734,0,0,10,0.016078870743513107,1.1127259731292725,140.71597290039062,5.605193857299268e-45,1.1210387714598537e-44,5.605193857299268e-45,-5.605193857299268e-45,0,0,0.004583767615258694,0.0019484562799334526,5.605193857299268e-45,1.1210387714598537e-44,14.426599502563477,14.423072814941406,14.429232597351074,0.013762181624770164,0.014766795560717583,0,0,4800,0,5.605193857299268e-45
1787293528286,1735,0,0,10,-0.14911015331745148,-17.117271423339844,153.0937042236328,5.605193857299268e-45,1.1210387714598537e-44,5.605193857299268e-45,-5.605193857299268e-45,0,0,0.0038278140127658844,0.0014132446376606822,5.605193857299268e-45,1.1210387714598537e-44,14.42617130279541,14.415529251098633,14.43002986907959,0.013443236239254475,0.01432060543447733,0,0,4800,0,5.605193857299268e-45
1787293528306,1736,0,0,10,0.014012274332344532,0.7287290692329407,129.53662109375,5.605193857299268e-45,1.1210387714598537e-44,5.605193857299268e-45,-5.605193857299268e-45,0,0,0.0046796854585409164,0.0016646638978272676,5.605193857299268e-45,1.1210387714598537e-44,14.427037239074707,14.422917366027832,14.43004035949707,0.013612898997962475,0.014546864666044712,0,0,4800,0,5.605193857299268e-45
1787293528326,1737,0,0,10,0.005437646061182022,-4.221560001373291,142.91397094726562,5.605193857299268e-45,1.1210387714598537e-44,5.605193857299268e-45,-5.605193857299268e-45,0,0,0.004432352259755135,0.0019833433907479048,5.605193857299268e-45,1.1210387714598537e-44,14.42654800415039,14.417652130126953,14.429298400878906,0.01348600909113884,0.014260525815188885,0,0,4800,0,5.605193857299268e-45
1787293528346,1738,0,0,10,0.12046794593334198,1.9012879133224487,186.19677734375,5.605193857299268e-45,1.1210387714598537e-44,5.605193857299268e-45,-5.605193857299268e-45,0,0,0.0063216593116521835,0.002308822004124522,5.605193857299268e-45,1.1210387714598537e-44,14.427371978759766,14.418306350708008,14.429462432861328,0.013799096457660198,0.01475074514746666,0.002066541463136673,0,4800,0,5.605193857299268e-45
1787293528366,1739,0,0,10,-0.12380612641572952,-15.412971496582031,157.62403869628906,5.605193857299268e-45,1.1210387714598537e-44,5.605193857299268e-45,-5.605193857299268e-45,0,0,0.007863118313252926,0.0025410172529518604,5.605193857299268e-45,1.1210387714598537e-44,14.426300048828125,14.416474342346191,14.430063247680664,0.013664972968399525,0.014544117264449596,0,0,4800,0,5.605193857299268e-45
1787293528386,1740,0,0,10,-0.007855054922401905,-0.7877240180969238,145.61666870117188,5.605193857299268e-45,1.1210387714598537e-44,5.605193857299268e-45,-5.605193857299268e-45,0,0,0.005055889021605253,0.002439177595078945,5.605193857299268e-45,1.1210387714598537e-44,14.428114891052246,14.423938751220703,14.430106163024902,0.013540147803723812,0.01434664148837328,0,0,4800,0,5.605193857299268e-45
1787293528406,1741,0,0,10,-0.1031222864985466,-18.208051681518555,296.84027099609375,5.605193857299268e-45,1.1210387714598537e-44,5.605193857299268e-45,-5.605193857299268e-45,0,0,0.007270174566656351,0.002084300620481372,5.605193857299268e-45,1.1210387714598537e-44,14.427490234375,14.420369148254395,14.430619239807129,0.013893526047468185,0.014947541989386082,0.002066541463136673,0,4800,0,5.605193857299268e-45
1787293528426,1742,0,0,10,0.04007668420672417,17.203632354736328,221.22769165039062,5.605193857299268e-45,1.1210387714598537e-44,5.605193857299268e-45,-5.605193857299268e-45,0,0,0.007166619878262281,0.0025540317874401808,5.605193857299268e-45,1.1210387714598537e-44,14.427804946899414,14.424001693725586,14.43055534362793,0.013615312986075878,0.014607246033847332,0.002066541463136673,0,4800,0,5.605193857299268e-45
1787293528446,1743,0,0,10,-0.19650781154632568,-38.2418327331543,249.4432373046875,5.605193857299268e-45,1.1210387714598537e-44,5.605193857299268e-45,-5.605193857299268e-45,0,0,0.006688660942018032,0.0021339606028050184,5.605193857299268e-45,1.1210387714598537e-44,14.426329612731934,14.421738624572754,14.430801391601562,0.01344801764935255,0.014481776393949986,0.002066541463136673,0,4800,0,5.605193857299268e-45
1787293528467,1744,0,0,10,0.037383366376161575,-8.042370796203613,148.17970275878906,5.605193857299268e-45,1.1210387714598537e-44,5.605193857299268e-45,-5.605193857299268e-45,0,0,0.0065669710747897625,0.0025184338446706533,5.605193857299268e-45,1.1210387714598537e-44,14.426697731018066,14.423299789428711,14.429285049438477,0.013527721166610718,0.01471854466944933,0.002066541463136673,0,4800,0,5.605193857299268e-45
1787293528487,1745,0,0,10,-0.1578303426504135,-28.284456253051758,208.57980346679688,5.605193857299268e-45,1.1210387714598537e-44,5.605193857299268e-45,-5.605193857299268e-45,0,0,0.007130332291126251,0.0024418446701020002,5.605193857299268e-45,1.1210387714598537e-44,14.428088188171387,14.417939186096191,14.432260513305664,0.013452981598675251,0.014215284027159214,0,0,4800,0,5.605193857299268e-45
1787293528506,1746,0,0,10,-0.008370582945644855,-5.970024585723877,191.47525024414062,5.605193857299268e-45,1.1210387714598537e-44,5.605193857299268e-45,-5.605193857299268e-45,0,0,0.005528977606445551,0.0022022135090082884,5.605193857299268e-45,1.1210387714598537e-44,14.427284240722656,14.423747062683105,14.429336547851562,0.013629465363919735,0.014593756757676601,0,0,4800,0,5.605193857299268e-45
1787293528527,1747,0,0,10,0.017121540382504463,-5.950550079345703,236.65858459472656,5.605193857299268e-45,1.1210387714598537e-44,5.605193857299268e-45,-5.605193857299268e-45,0,0,0.0061765979044139385,0.0023054552730172873,5.605193857299268e-45,1.1210387714598537e-44,14.427764892578125,14.423819541931152,14.43171215057373,0.01370349433273077,0.014793497510254383,0.002066541463136673,0,4800,0,5.605193857299268e-45
1787293528547,1748,0,0,10,0.14122219383716583,3.451674699783325,232.71873474121094,5.605193857299268e-45,1.1210387714598537e-44,5.605193857299268e-45,-5.605193857299268e-45,0,0,0.0065157050266861916,0.002141212113201618,5.605193857299268e-45,1.1210387714598537e-44,14.427474975585938,14.420486450195312,14.432147026062012,0.013559508137404919,0.014504683203995228,0.002066541463136673,0,4800,0,5.605193857299268e-45
1787293528567,1749,0,0,10,-0.06322254240512848,-10.569869041442871,155.4305419921875,5.605193857299268e-45,1.1210387714598537e-44,5.605193857299268e-45,-5.605193857299268e-45,0,0,0.004933698568493128,0.001656616572290659,5.605193857299268e-45,1.1210387714598537e-44,14.426566123962402,14.418126106262207,14.429197311401367,0.013484970666468143,0.014068634249269962,0,0,4800,0,5.605193857299268e-45
1787293528587,1750,0,0,10,0.20629113912582397,18.689756393432617,100.92145538330078,5.605193857299268e-45,1.1210387714598537e-44,5.605193857299268e-45,-5.605193857299268e-45,0,0,0.005643915385007858,0.0019972501322627068,5.605193857299268e-45,1.1210387714598537e-44,14.427420616149902,14.420482635498047,14.430303573608398,0.013333392329514027,0.014711794443428516,0.002066541463136673,0,4800,0,5.605193857299268e-45
1787293528607,1751,0,0,10,-0.5271595120429993,-46.0483512878418,201.78701782226562,5.605193857299268e-45,1.1210387714598537e-44,5.605193857299268e-45,-5.605193857299268e-45,0,0,0.006863852497190237,0.002290720585733652,5.605193857299268e-45,1.1210387714598537e-44,14.426993370056152,14.422310829162598,14.431805610656738,0.01368643157184124,0.014698070473968983,0,0,4800,0,5.605193857299268e-45
1787293528627,1752,0,0,10,-0.0875333920121193,-8.274877548217773,189.21627807617188,5.605193857299268e-45,1.1210387714598537e-44,5.605193857299268e-45,-5.605193857299268e-45,0,0,0.007243138272315264,0.001954213948920369,5.605193857299268e-45,1.1210387714598537e-44,14.427912712097168,14.425925254821777,14.429242134094238,0.013439293019473553,0.014886791817843914,0.004271461628377438,0,4800,0,5.605193857299268e-45
1787293528647,1753,0,0,10,0.31447985768318176,20.41033363342285,254.22560119628906,5.605193857299268e-45,1.1210387714598537e-44,5.605193857299268e-45,-5.605193857299268e-45,0,0,0.0066239917650818825,0.0021771970205008984,5.605193857299268e-45,1.1210387714598537e-44,14.427435874938965,14.421557426452637,14.430669784545898,0.013709857128560543,0.015033410862088203,0,0,4800,0,5.605193857299268e-45
1787293528667,1754,0,0,10,-0.20821963250637054,-13.040252685546875,216.50335693359375,5.605193857299268e-45,1.1210387714598537e-44,5.605193857299268e-45,-5.605193857299268e-45,0,0,0.008613098412752151,0.001999981701374054,5.605193857299268e-45,1.1210387714598537e-44,14.427971839904785,14.422758102416992,14.42947769165039,0.013497297652065754,0.014721755869686604,0.004271461628377438,0,4800,0,5.605193857299268e-45
1787293528687,1755,0,0,10,0.1041766032576561,-4.334227085113525,161.3478546142578,5.605193857299268e-45,1.1210387714598537e-44,5.605193857299268e-45,-5.605193857299268e-45,0,0,0.005537079181522131,0.002713393419981003,5.605193857299268e-45,1.1210387714598537e-44,14.427665710449219,14.424646377563477,14.430527687072754,0.013460342772305012,0.014372055418789387,0.0020652359817177057,0,4800,0,5.605193857299268e-45
1787293528707,1756,0,0,10,0.39077162742614746,31.681488037109375,161.1580810546875,5.605193857299268e-45,1.1210387714598537e-44,5.605193857299268e-45,-5.605193857299268e-45,0,0,0.005514734424650669,0.0024211974814534187,5.605193857299268e-45,1.1210387714598537e-44,14.427770614624023,14.425004005432129,14.43034839630127,0.013767392374575138,0.014694208279252052,0.002066541463136673,0,4800,0,5.605193857299268e-45
1787293528728,1757,0,0,10,-0.0667482390999794,-24.475650787353516,238.8944854736328,5.605193857299268e-45,1.1210387714598537e-44,5.605193857299268e-45,-5.605193857299268e-45,0,0,0.006438057869672775,0.0025443548802286386,5.605193857299268e-45,1.1210387714598537e-44,14.428488731384277,14.424257278442383,14.432292938232422,0.01359939482063055,0.014220055192708969,0.002066541463136673,0,4800,0,5.605193857299268e-45
1787293528748,1758,0,0,10,0.2484021931886673,29.677011489868164,248.7217559814453,5.605193857299268e-45,1.1210387714598537e-44,5.605193857299268e-45,-5.605193857299268e-45,0,0,0.006709354463964701,0.002600047504529357,5.605193857299268e-45,1.1210387714598537e-44,14.427963256835938,14.424341201782227,14.42996883392334,0.013739991001784801,0.015008513815701008,0.002066541463136673,0,4800,0,5.605193857299268e-45
1787293528768,1759,0,0,10,0.21526764333248138,16.470611572265625,227.59832763671875,5.605193857299268e-45,1.1210387714598537e-44,5.605193857299268e-45,-5.605193857299268e-45,0,0,0.0069499872624874115,0.0019458881579339504,5.605193857299268e-45,1.1210387714598537e-44,14.427666664123535,14.418456077575684,14.43143367767334,0.01355728879570961,0.014325984753668308,0.004271461628377438,0,4800,0,5.605193857299268e-45
1787293528788,1760,0,0,10,-0.01245648693293333,-3.4090254306793213,213.80294799804688,5.605193857299268e-45,1.1210387714598537e-44,5.605193857299268e-45,-5.605193857299268e-45,0,0,0.006905462127178907,0.002223080722615123,5.605193857299268e-45,1.1210387714598537e-44,14.42835807800293,14.424174308776855,14.429718971252441,0.013726423494517803,0.014768758788704872,0,0,4800,0,5.605193857299268e-45
1787293528808,1761,0,0,10,-0.14208219945430756,-12.818388938903809,191.81082153320312,5.605193857299268e-45,1.1210387714598537e-44,5.605193857299268e-45,-5.605193857299268e-45,0,0,0.005752801429480314,0.002043346408754587,5.605193857299268e-45,1.1210387714598537e-44,14.427923202514648,14.419208526611328,14.429778099060059,0.01357644610106945,0.01474812626838684,0.002066541463136673,0,4800,0,5.605193857299268e-45
1787293528828,1762,0,0,10,-0.1291733831167221,-15.510547637939453,194.25930786132812,5.605193857299268e-45,1.1210387714598537e-44,5.605193857299268e-45,-5.605193857299268e-45,0,0,0.005752318073064089,0.0024437548127025366,5.605193857299268e-45,1.1210387714598537e-44,14.428153991699219,14.425690650939941,14.43017578125,0.013776775449514389,0.014641284942626953,0.002066541463136673,0,4800,0,5.605193857299268e-45
1787293528848,1763,0,0,10,-0.1436055451631546,-17.35866355895996,208.67816162109375,5.605193857299268e-45,1.1210387714598537e-44,5.605193857299268e-45,-5.605193857299268e-45,0,0,0.006222516298294067,0.002157459734007716,5.605193857299268e-45,1.1210387714598537e-44,14.428816795349121,14.425384521484375,14.431873321533203,0.013776291161775589,0.01444967556744814,0,0,4800,0,5.605193857299268e-45
1787293528868,1764,0,0,10,0.2346232384443283,23.083396911621094,225.01333618164062,5.605193857299268e-45,1.1210387714598537e-44,5.605193857299268e-45,-5.605193857299268e-45,0,0,0.006960539147257805,0.0023312850389629602,5.605193857299268e-45,1.1210387714598537e-44,14.427895545959473,14.425487518310547,14.429442405700684,0.013665453530848026,0.014757261611521244,0.002066541463136673,0,4800,0,5.605193857299268e-45
1787293528888,1765,0,0,10,0.11793061345815659,14.044529914855957,116.36389923095703,5.605193857299268e-45,1.1210387714598537e-44,5.605193857299268e-45,-5.605193857299268e-45,0,0,0.0036344986874610186,0.002051927614957094,5.605193857299268e-45,1.1210387714598537e-44,14.427355766296387,14.423903465270996,14.429954528808594,0.013338492251932621,0.014909321442246437,0.0020652359817177057,0,4800,0,5.605193857299268e-45
1787293528908,1766,0,0,10,0.019741736352443695,-8.224119186401367,216.25245666503906,5.605193857299268e-45,1.1210387714598537e-44,5.605193857299268e-45,-5.605193857299268e-45,0,0,0.00392416026443243,0.0016101987566798925,5.605193857299268e-45,1.1210387714598537e-44,14.427671432495117,14.422492980957031,14.430635452270508,0.013655382208526134,0.014455792494118214,0,0,4800,0,5.605193857299268e-45
1787293528929,1767,0,0,10,-0.017720943316817284,-9.293593406677246,189.57305908203125,5.605193857299268e-45,1.1210387714598537e-44,5.605193857299268e-45,-5.605193857299268e-45,0,0,0.003707751166075468,0.001664377050474286,5.605193857299268e-45,1.1210387714598537e-44,14.426390647888184,14.41964054107666,14.430356979370117,0.013658830896019936,0.014683368615806103,0,0,4800,0,5.605193857299268e-45
1787293528949,1768,0,0,10,-0.25728803873062134,-24.946523666381836,167.36244201660156,5.605193857299268e-45,1.1210387714598537e-44,5.605193857299268e-45,-5.605193857299268e-45,0,0,0.00392961734905839,0.0019079649355262518,5.605193857299268e-45,1.1210387714598537e-44,14.427078247070312,14.423689842224121,14.429312705993652,0.013763200491666794,0.014618996530771255,0,0,4800,0,5.605193857299268e-45
1787293528969,1769,0,0,10,-0.0821128860116005,-4.569685935974121,92.7272720336914,5.605193857299268e-45,1.1210387714598537e-44,5.605193857299268e-45,-5.605193857299268e-45,0,0,0.004232459701597691,0.0015529878437519073,5.605193857299268e-45,1.1210387714598537e-44,14.427033424377441,14.421957969665527,14.43407917022705,0.013555067591369152,0.014522847719490528,0.002066541463136673,0,4800,0,5.605193857299268e-45
1787293528989,1770,0,0,10,0.2668379545211792,16.357431411743164,205.61605834960938,5.605193857299268e-45,1.1210387714598537e-44,5.605193857299268e-45,-5.605193857299268e-45,0,0,0.008080114610493183,0.0021075147669762373,5.605193857299268e-45,1.1210387714598537e-44,14.428288459777832,14.422638893127441,14.430513381958008,0.01360259484499693,0.01478622481226921,0.002066541463136673,0,4800,0,5.605193857299268e-45
1787293529009,1771,0,0,10,0.05231700837612152,-0.16126900911331177,167.26239013671875,5.605193857299268e-45,1.1210387714598537e-44,5.605193857299268e-45,-5.605193857299268e-45,0,0,0.004841229412704706,0.002427027327939868,5.605193857299268e-45,1.1210387714598537e-44,14.428647994995117,14.424304962158203,14.43071174621582,0.013573992066085339,0.014752281829714775,0,0,4800,0,5.605193857299268e-45
1787293529029,1772,0,0,10,0.640552818775177,55.3888053894043,264.11163330078125,5.605193857299268e-45,1.1210387714598537e-44,5.605193857299268e-45,-5.605193857299268e-45,0,0,0.006482426077127457,0.002535879844799638,5.605193857299268e-45,1.1210387714598537e-44,14.428454399108887,14.424955368041992,14.429981231689453,0.013873451389372349,0.01497065182775259,0,0,4800,0,5.605193857299268e-45
1787293529049,1773,0,0,10,0.1230475977063179,7.581570625305176,204.91400146484375,5.605193857299268e-45,1.1210387714598537e-44,5.605193857299268e-45,-5.605193857299268e-45,0,0,0.0066326758824288845,0.001721586100757122,5.605193857299268e-45,1.1210387714598537e-44,14.428465843200684,14.423979759216309,14.43288516998291,0.013459446839988232,0.014633177779614925,0.002066541463136673,0,4800,0,5.605193857299268e-45
1787293529069,1774,0,0,10,-0.06007695570588112,-13.927628517150879,186.45252990722656,5.605193857299268e-45,1.1210387714598537e-44,5.605193857299268e-45,-5.605193857299268e-45,0,0,0.006689371075481176,0.0026149803306907415,5.605193857299268e-45,1.1210387714598537e-44,14.428322792053223,14.424368858337402,14.430743217468262,0.01385301910340786,0.014905787073075771,0,0,4800,0,5.605193857299268e-45
1787293529090,1775,0,0,10,0.31391042470932007,30.40361976623535,171.24063110351562,5.605193857299268e-45,1.1210387714598537e-44,5.605193857299268e-45,-5.605193857299268e-45,0,0,0.007152153644710779,0.002404634840786457,5.605193857299268e-45,1.1210387714598537e-44,14.427816390991211,14.421943664550781,14.429729461669922,0.013455342501401901,0.014367649331688881,0,0,4800,0,5.605193857299268e-45
1787293529109,1776,0,0,10,0.1340789943933487,2.235163450241089,142.21363830566406,5.605193857299268e-45,1.1210387714598537e-44,5.605193857299268e-45,-5.605193857299268e-45,0,0,0.004566185642033815,0.001918263267725706,5.605193857299268e-45,1.1210387714598537e-44,14.42890739440918,14.425970077514648,14.430716514587402,0.013878968544304371,0.014700531028211117,0,0,4800,0,5.605193857299268e-45
1787293529130,1777,0,0,10,0.06860257685184479,3.8128974437713623,129.74964904785156,5.605193857299268e-45,1.1210387714598537e-44,5.605193857299268e-45,-5.605193857299268e-45,0,0,0.00578684825450182,0.0017855294281616807,5.605193857299268e-45,1.1210387714598537e-44,14.429173469543457,14.426024436950684,14.43049144744873,0.013578576035797596,0.014307345263659954,0,0,4800,0,5.605193857299268e-45
1787293529150,1778,0,0,10,-0.0692947581410408,-11.008710861206055,137.8876953125,5.605193857299268e-45,1.1210387714598537e-44,5.605193857299268e-45,-5.605193857299268e-45,0,0,0.005305432248860598,0.002058464800938964,5.605193857299268e-45,1.1210387714598537e-44,14.428483009338379,14.422147750854492,14.430145263671875,0.013693590648472309,0.01465299166738987,0.002066541463136673,0,4800,0,5.605193857299268e-45
1787293529170,1779,0,0,10,0.011794633232057095,-4.314694404602051,93.55541229248047,5.605193857299268e-45,1.1210387714598537e-44,5.605193857299268e-45,-5.605193857299268e-45,0,0,0.00675619300454855,0.0023123258724808693,5.605193857299268e-45,1.1210387714598537e-44,14.429177284240723,14.427119255065918,14.430294036865234,0.013451248407363892,0.014588434249162674,0.002066541463136673,0,4800,0,5.605193857299268e-45
1787293529190,1780,0,0,10,-0.04863651841878891,-8.835601806640625,156.2399139404297,5.605193857299268e-45,1.1210387714598537e-44,5.605193857299268e-45,-5.605193857299268e-45,0,0,0.005297504831105471,0.00218702363781631,5.605193857299268e-45,1.1210387714598537e-44,14.42830753326416,14.425457954406738,14.43009090423584,0.013814905658364296,0.01474130991846323,0.002066541463136673,0,4800,0,5.605193857299268e-45
1787293529211,1781,0,0,10,0.16138054430484772,9.140055656433105,126.68218994140625,5.605193857299268e-45,1.1210387714598537e-44,5.605193857299268e-45,-5.605193857299268e-45,0,0,0.0065094646997749805,0.002311790594831109,5.605193857299268e-45,1.1210387714598537e-44,14.428133010864258,14.426137924194336,14.432686805725098,0.013835596852004528,0.014557963237166405,0,0,4800,0,5.605193857299268e-45
1787293529230,1782,0,0,10,-0.06228328496217728,-12.240435600280762,112.32549285888672,5.605193857299268e-45,1.1210387714598537e-44,5.605193857299268e-45,-5.605193857299268e-45,0,0,0.0060736313462257385,0.0015754937194287777,5.605193857299268e-45,1.1210387714598537e-44,14.42905044555664,14.427154541015625,14.431146621704102,0.013734179548919201,0.01493077538907528,0.0020652359817177057,0,4800,0,5.605193857299268e-45
1787293529250,1783,0,0,10,0.026523616164922714,-16.081592559814453,188.2607879638672,5.605193857299268e-45,1.1210387714598537e-44,5.605193857299268e-45,-5.605193857299268e-45,0,0,0.00740842567756772,0.0019321368308737874,5.605193857299268e-45,1.1210387714598537e-44,14.427753448486328,14.4212007522583,14.430173873901367,0.013529995456337929,0.014603272080421448,0.002066541463136673,0,4800,0,5.605193857299268e-45
1787293529270,1784,0,0,10,0.36169466376304626,26.4719295501709,243.56349182128906,5.605193857299268e-45,1.1210387714598537e-44,5.605193857299268e-45,-5.605193857299268e-45,0,0,0.008011257275938988,0.0031030112877488136,5.605193857299268e-45,1.1210387714598537e-44,14.42908763885498,14.426460266113281,14.430926322937012,0.01358101051300764,0.014911198057234287,0.002066541463136673,0,4800,0,5.605193857299268e-45
1787293529291,1785,0,0,10,0.15331923961639404,9.535916328430176,197.73348999023438,5.605193857299268e-45,1.1210387714598537e-44,5.605193857299268e-45,-5.605193857299268e-45,0,0,0.008584809489548206,0.002891011070460081,5.605193857299268e-45,1.1210387714598537e-44,14.428743362426758,14.423606872558594,14.43162727355957,0.013653353787958622,0.014229901134967804,0.004271461628377438,0,4800,0,5.605193857299268e-45
1787293529311,1786,0,0,10,0.03641557693481445,-7.821059226989746,126.57112121582031,5.605193857299268e-45,1.1210387714598537e-44,5.605193857299268e-45,-5.605193857299268e-45,0,0,0.008479717187583447,0.0026256036944687366,5.605193857299268e-45,1.1210387714598537e-44,14.42869758605957,14.425420761108398,14.43032169342041,0.013577557168900967,0.014379758387804031,0.002066541463136673,0,4800,0,5.605193857299268e-45
1787293529331,1787,0,0,10,-0.1668916642665863,-22.94948959350586,268.6769104003906,5.605193857299268e-45,1.1210387714598537e-44,5.605193857299268e-45,-5.605193857299268e-45,0,0,0.006126506719738245,0.0018105058697983623,5.605193857299268e-45,1.1210387714598537e-44,14.428705215454102,14.423383712768555,14.429903030395508,0.013625482097268105,0.014888891950249672,0.002066541463136673,0,4800,0,5.605193857299268e-45
1787293529351,1788,0,0,10,-0.11079372465610504,-20.75739860534668,210.1510772705078,5.605193857299268e-45,1.1210387714598537e-44,5.605193857299268e-45,-5.605193857299268e-45,0,0,0.007661054842174053,0.0021237446926534176,5.605193857299268e-45,1.1210387714598537e-44,14.429265975952148,14.427041053771973,14.431944847106934,0.013658077456057072,0.014505968429148197,0.002066541463136673,0,4800,0,5.605193857299268e-45
1787293529371,1789,0,0,10,-0.007283826824277639,1.257563829421997,213.0474090576172,5.605193857299268e-45,1.1210387714598537e-44,5.605193857299268e-45,-5.605193857299268e-45,0,0,0.006804110947996378,0.0021758070215582848,5.605193857299268e-45,1.1210387714598537e-44,14.42781925201416,14.42391586303711,14.430500984191895,0.013747075572609901,0.015038310550153255,0.0020652359817177057,0,4800,0,5.605193857299268e-45
1787293529391,1790,0,0,10,0.62480628490448,64.9952392578125,204.35720825195312,5.605193857299268e-45,1.1210387714598537e-44,5.605193857299268e-45,-5.605193857299268e-45,0,0,0.006513499654829502,0.0021965960040688515,5.605193857299268e-45,1.1210387714598537e-44,14.428511619567871,14.421549797058105,14.43069839477539,0.013740452006459236,0.014927806332707405,0.002066541463136673,0,4800,0,5.605193857299268e-45
1787293529411,1791,0,0,10,0.0594453439116478,-5.298640251159668,236.60891723632812,5.605193857299268e-45,1.1210387714598537e-44,5.605193857299268e-45,-5.605193857299268e-45,0,0,0.005554355215281248,0.0028208261355757713,5.605193857299268e-45,1.1210387714598537e-44,14.428629875183105,14.425009727478027,14.429488182067871,0.01343399565666914,0.014612452127039433,0,0,4800,0,5.605193857299268e-45
1787293529431,1792,0,0,10,-0.016854770481586456,-4.969131946563721,170.10537719726562,5.605193857299268e-45,1.1210387714598537e-44,5.605193857299268e-45,-5.605193857299268e-45,0,0,0.005490680690854788,0.002288292860612273,5.605193857299268e-45,1.1210387714598537e-44,14.428712844848633,14.426740646362305,14.43084716796875,0.013593442738056183,0.014876202680170536,0.002066541463136673,0,4800,0,5.605193857299268e-45
1787293529451,1793,0,0,10,0.4988791346549988,32.899497985839844,169.3869171142578,5.605193857299268e-45,1.1210387714598537e-44,5.605193857299268e-45,-5.605193857299268e-45,0,0,0.005426579155027866,0.0027280969079583883,5.605193857299268e-45,1.1210387714598537e-44,14.428217887878418,14.423332214355469,14.43001651763916,0.013612059876322746,0.014524105936288834,0.002066541463136673,0,4800,0,5.605193857299268e-45
1787293529471,1794,0,0,10,0.060510993003845215,8.298922538757324,125.76303100585938,5.605193857299268e-45,1.1210387714598537e-44,5.605193857299268e-45,-5.605193857299268e-45,0,0,0.004586759023368359,0.002002483466640115,5.605193857299268e-45,1.1210387714598537e-44,14.428946495056152,14.425588607788086,14.431949615478516,0.01359620038419962,0.014673145487904549,0,0,4800,0,5.605193857299268e-45
1787293529492,1795,0,0,10,-0.2015630453824997,-12.125203132629395,184.10385131835938,5.605193857299268e-45,1.1210387714598537e-44,5.605193857299268e-45,-5.605193857299268e-45,0,0,0.006560425274074078,0.002680673962458968,5.605193857299268e-45,1.1210387714598537e-44,14.428912162780762,14.418966293334961,14.433045387268066,0.013521544635295868,0.014647061936557293,0.002066541463136673,0,4800,0,5.605193857299268e-45
1787293529512,1796,0,0,10,-0.08364033699035645,0.18950901925563812,164.26014709472656,5.605193857299268e-45,1.1210387714598537e-44,5.605193857299268e-45,-5.605193857299268e-45,0,0,0.005304195452481508,0.0027041484136134386,5.605193857299268e-45,1.1210387714598537e-44,14.428316116333008,14.424989700317383,14.430044174194336,0.013498673215508461,0.01437833346426487,0.002066541463136673,0,4800,0,5.605193857299268e-45
1787293529532,1797,0,0,10,0.00575927272439003,-7.280769348144531,192.52874755859375,5.605193857299268e-45,1.1210387714598537e-44,5.605193857299268e-45,-5.605193857299268e-45,0,0,0.005827839020639658,0.002511483384296298,5.605193857299268e-45,1.1210387714598537e-44,14.42916202545166,14.42656135559082,14.432601928710938,0.01366520207375288,0.014524376951158047,0.002066541463136673,0,4800,0,5.605193857299268e-45
1787293529552,1798,0,0,10,-0.05950396507978439,-7.927374362945557,154.0546417236328,5.605193857299268e-45,1.1210387714598537e-44,5.605193857299268e-45,-5.605193857299268e-45,0,0,0.00592117989435792,0.0022365713957697153,5.605193857299268e-45,1.1210387714598537e-44,14.428979873657227,14.418702125549316,14.430795669555664,0.013888766057789326,0.015104408375918865,0,0,4800,0,5.605193857299268e-45
1787293529572,1799,0,0,10,-0.030528953298926353,-11.34729290008545,153.8608856201172,5.605193857299268e-45,1.1210387714598537e-44,5.605193857299268e-45,-5.605193857299268e-45,0,0,0.006105335429310799,0.0027023744769394398,5.605193857299268e-45,1.1210387714598537e-44,14.427694320678711,14.419981956481934,14.430875778198242,0.013710272498428822,0.01439465768635273,0.002066541463136673,0,4800,0,5.605193857299268e-45
1787293529592,1800,0,0,10,0.01517900824546814,-9.871793746948242,155.7028045654297,5.605193857299268e-45,1.1210387714598537e-44,5.605193857299268e-45,-5.605193857299268e-45,0,0,0.006903729867190123,0.002554772188887,5.605193857299268e-45,1.1210387714598537e-44,14.42871379852295,14.423264503479004,14.431987762451172,0.01355296652764082,0.014338616281747818,0.002066541463136673,0,4800,0,5.605193857299268e-45
1787293529612,1801,0,0,10,0.20657500624656677,23.54471206665039,148.6157684326172,5.605193857299268e-45,1.1210387714598537e-44,5.605193857299268e-45,-5.605193857299268e-45,0,0,0.005922846961766481,0.002216361230239272,5.605193857299268e-45,1.1210387714598537e-44,14.42977523803711,14.428112983703613,14.434749603271484,0.013813402503728867,0.01497697178274393,0.002066541463136673,0,4800,0,5.605193857299268e-45
1787293529632,1802,0,0,10,-0.1900513917207718,-25.121936798095703,179.6999969482422,5.605193857299268e-45,1.1210387714598537e-44,5.605193857299268e-45,-5.605193857299268e-45,0,0,0.007119792513549328,0.0027306743431836367,5.605193857299268e-45,1.1210387714598537e-44,14.42912483215332,14.425272941589355,14.430734634399414,0.013546044006943703,0.014653034508228302,0.002066541463136673,0,4800,0,5.605193857299268e-45
1787293529652,1803,0,0,10,-0.39681050181388855,-40.65067672729492,204.60833740234375,5.605193857299268e-45,1.1210387714598537e-44,5.605193857299268e-45,-5.605193857299268e-45,0,0,0.007246111519634724,0.0019827696960419416,5.605193857299268e-45,1.1210387714598537e-44,14.429387092590332,14.427267074584961,14.43187141418457,0.013537876307964325,0.014352776110172272,0.002066541463136673,0,4800,0,5.605193857299268e-45
1787293529672,1804,0,0,10,-0.06931128352880478,-8.79662036895752,234.25149536132812,5.605193857299268e-45,1.1210387714598537e-44,5.605193857299268e-45,-5.605193857299268e-45,0,0,0.006540818605571985,0.0017046219436451793,5.605193857299268e-45,1.1210387714598537e-44,14.428874969482422,14.427095413208008,14.430802345275879,0.01386174000799656,0.014789147302508354,0,0,4800,0,5.605193857299268e-45
1787293529693,1805,0,0,10,0.1483524888753891,30.179630279541016,225.80569458007812,5.605193857299268e-45,1.1210387714598537e-44,5.605193857299268e-45,-5.605193857299268e-45,0,0,0.008890477009117603,0.002026334637776017,5.605193857299268e-45,1.1210387714598537e-44,14.429015159606934,14.42559814453125,14.432856559753418,0.013492659665644169,0.014341775327920914,0.002066541463136673,0,4800,0,5.605193857299268e-45
1787293529713,1806,0,0,10,-0.250628799200058,-13.681421279907227,159.4541473388672,5.605193857299268e-45,1.1210387714598537e-44,5.605193857299268e-45,-5.605193857299268e-45,0,0,0.005517131648957729,0.002329169074073434,5.605193857299268e-45,1.1210387714598537e-44,14.429458618164062,14.425978660583496,14.430777549743652,0.01371841412037611,0.014796537347137928,0,0,4800,0,5.605193857299268e-45
1787293529733,1807,0,0,10,-0.36559709906578064,-31.8949031829834,270.939453125,5.605193857299268e-45,1.1210387714598537e-44,5.605193857299268e-45,-5.605193857299268e-45,0,0,0.007254825904965401,0.0023406483232975006,5.605193857299268e-45,1.1210387714598537e-44,14.427289009094238,14.418051719665527,14.43104362487793,0.013580115512013435,0.01460297405719757,0,0,4800,0,5.605193857299268e-45
1787293529753,1808,0,0,10,0.12384884804487228,1.979962706565857,209.57138061523438,5.605193857299268e-45,1.1210387714598537e-44,5.605193857299268e-45,-5.605193857299268e-45,0,0,0.00644912151619792,0.0019004876958206296,5.605193857299268e-45,1.1210387714598537e-44,14.428814888000488,14.426846504211426,14.430980682373047,0.013809856958687305,0.014828121289610863,0.002066541463136673,0,4800,0,5.605193857299268e-45
1787293529773,1809,0,0,10,-0.13136449456214905,-14.28454875946045,201.8793487548828,5.605193857299268e-45,1.1210387714598537e-44,5.605193857299268e-45,-5.605193857299268e-45,0,0,0.004927115514874458,0.002694907831028104,5.605193857299268e-45,1.1210387714598537e-44,14.42900562286377,14.42673397064209,14.430765151977539,0.013591480441391468,0.014280308969318867,0,0,4800,0,5.605193857299268e-45
1787293529793,1810,0,0,10,0.20859301090240479,21.457294464111328,235.75503540039062,5.605193857299268e-45,1.1210387714598537e-44,5.605193857299268e-45,-5.605193857299268e-45,0,0,0.007582026068121195,0.002849942771717906,5.605193857299268e-45,1.1210387714598537e-44,14.429478645324707,14.427689552307129,14.430631637573242,0.01369141973555088,0.014483993873000145,0.002066541463136673,0,4800,0,5.605193857299268e-45
1787293529813,1811,0,0,10,-0.2694542706012726,-24.669401168823242,239.22410583496094,5.605193857299268e-45,1.1210387714598537e-44,5.605193857299268e-45,-5.605193857299268e-45,0,0,0.007857426069676876,0.0024309339933097363,5.605193857299268e-45,1.1210387714598537e-44,14.429121971130371,14.427189826965332,14.43032169342041,0.013562614098191261,0.014190130867064,0.002066541463136673,0,4800,0,5.605193857299268e-45
1787293529833,1812,0,0,10,-0.03431171923875809,14.681082725524902,162.32846069335938,5.605193857299268e-45,1.1210387714598537e-44,5.605193857299268e-45,-5.605193857299268e-45,0,0,0.006845047231763601,0.0018405948067083955,5.605193857299268e-45,1.1210387714598537e-44,14.429262161254883,14.426674842834473,14.432168960571289,0.013794130645692348,0.015350393950939178,0,0,4800,0,5.605193857299268e-45
1787293529853,1813,0,0,10,-0.2407560497522354,-28.653417587280273,198.2987518310547,5.605193857299268e-45,1.1210387714598537e-44,5.605193857299268e-45,-5.605193857299268e-45,0,0,0.007448157761245966,0.00218639662489295,5.605193857299268e-45,1.1210387714598537e-44,14.42911434173584,14.42019271850586,14.43321704864502,0.01366408634930849,0.014316029846668243,0.004271461628377438,0,4800,0,5.605193857299268e-45
1787293529873,1814,0,0,10,0.16756300628185272,12.902105331420898,101.26964569091797,5.605193857299268e-45,1.1210387714598537e-44,5.605193857299268e-45,-5.605193857299268e-45,0,0,0.006674604956060648,0.0024158190935850143,5.605193857299268e-45,1.1210387714598537e-44,14.42869758605957,14.425070762634277,14.430987358093262,0.01367346290498972,0.014276335947215557,0,0,4800,0,5.605193857299268e-45
1787293529893,1815,0,0,10,0.36067995429039,24.675621032714844,159.24832153320312,5.605193857299268e-45,1.1210387714598537e-44,5.605193857299268e-45,-5.605193857299268e-45,0,0,0.004121708683669567,0.002169185085222125,5.605193857299268e-45,1.1210387714598537e-44,14.429230690002441,14.425411224365234,14.432110786437988,0.013595089316368103,0.015163912437856197,0,0,4800,0,5.605193857299268e-45
1787293529914,1816,0,0,10,0.3008372187614441,23.89797592163086,172.18783569335938,5.605193857299268e-45,1.1210387714598537e-44,5.605193857299268e-45,-5.605193857299268e-45,0,0,0.005555185955017805,0.0021838743705302477,5.605193857299268e-45,1.1210387714598537e-44,14.429292678833008,14.427095413208008,14.43147087097168,0.013518941588699818,0.014552592299878597,0,0,4800,0,5.605193857299268e-45
1787293529934,1817,0,0,10,-0.15596406161785126,-12.437241554260254,189.47120666503906,5.605193857299268e-45,1.1210387714598537e-44,5.605193857299268e-45,-5.605193857299268e-45,0,0,0.005711796227842569,0.0015305079286918044,5.605193857299268e-45,1.1210387714598537e-44,14.429636001586914,14.424043655395508,14.430994987487793,0.013382014818489552,0.014463672414422035,0.002066541463136673,0,4800,0,5.605193857299268e-45
1787293529954,1818,0,0,10,0.21438990533351898,21.416494369506836,220.15701293945312,5.605193857299268e-45,1.1210387714598537e-44,5.605193857299268e-45,-5.605193857299268e-45,0,0,0.005485618952661753,0.0023255262058228254,5.605193857299268e-45,1.1210387714598537e-44,14.42940902709961,14.423006057739258,14.43341064453125,0.01356581225991249,0.014688458293676376,0.002066541463136673,0,4800,0,5.605193857299268e-45
1787293529974,1819,0,0,10,0.05675686150789261,5.003480434417725,134.2383270263672,5.605193857299268e-45,1.1210387714598537e-44,5.605193857299268e-45,-5.605193857299268e-45,0,0,0.0042996155098080635,0.0019651581533253193,5.605193857299268e-45,1.1210387714598537e-44,14.429220199584961,14.419013023376465,14.433086395263672,0.013369541615247726,0.014485440216958523,0,0,4800,0,5.605193857299268e-45
1787293529994,1820,0,0,10,-0.1449667066335678,-26.709945678710938,187.2487335205078,5.605193857299268e-45,1.1210387714598537e-44,5.605193857299268e-45,-5.605193857299268e-45,0,0,0.005276815500110388,0.002625094261020422,5.605193857299268e-45,1.1210387714598537e-44,14.43000602722168,14.4281587600708,14.432175636291504,0.013754555024206638,0.014545497484505177,0,0,4800,0,5.605193857299268e-45
1787293530014,1821,0,0,10,0.23892104625701904,14.483057022094727,165.09210205078125,5.605193857299268e-45,1.1210387714598537e-44,5.605193857299268e-45,-5.605193857299268e-45,0,0,0.004760760813951492,0.0021930073853582144,5.605193857299268e-45,1.1210387714598537e-44,14.428966522216797,14.424148559570312,14.429965019226074,0.013287190347909927,0.01462647132575512,0,0,4800,0,5.605193857299268e-45
1787293530034,1822,0,0,10,0.08238865435123444,-0.5146628022193909,222.29364013671875,5.605193857299268e-45,1.1210387714598537e-44,5.605193857299268e-45,-5.605193857299268e-45,0,0,0.00555445346981287,0.002383045619353652,5.605193857299268e-45,1.1210387714598537e-44,14.42923355102539,14.427218437194824,14.431583404541016,0.013659952208399773,0.014958685263991356,0.002066541463136673,0,4800,0,5.605193857299268e-45
1787293530054,1823,0,0,10,-0.007850661873817444,-8.39461612701416,195.96072387695312,5.605193857299268e-45,1.1210387714598537e-44,5.605193857299268e-45,-5.605193857299268e-45,0,0,0.005617933347821236,0.002426752122119069,5.605193857299268e-45,1.1210387714598537e-44,14.428431510925293,14.421988487243652,14.4312105178833,0.013634243980050087,0.014655683189630508,0.002066541463136673,0,4800,0,5.605193857299268e-45
1787293530074,1824,0,0,10,-0.15924464166164398,-22.470176696777344,164.70932006835938,5.605193857299268e-45,1.1210387714598537e-44,5.605193857299268e-45,-5.605193857299268e-45,0,0,0.004956662189215422,0.0025383662432432175,5.605193857299268e-45,1.1210387714598537e-44,14.428682327270508,14.426008224487305,14.43008804321289,0.013657577335834503,0.014613977633416653,0,0,4800,0,5.605193857299268e-45
1787293530095,1825,0,0,10,0.06851241737604141,1.1784964799880981,123.97704315185547,5.605193857299268e-45,1.1210387714598537e-44,5.605193857299268e-45,-5.605193857299268e-45,0,0,0.005576781462877989,0.0027496074326336384,5.605193857299268e-45,1.1210387714598537e-44,14.429101943969727,14.426196098327637,14.430027961730957,0.013674202375113964,0.014577187597751617,0.002066541463136673,0,4800,0,5.605193857299268e-45
1787293530114,1826,0,0,10,0.02672540955245495,-7.353666305541992,124.03642272949219,5.605193857299268e-45,1.1210387714598537e-44,5.605193857299268e-45,-5.605193857299268e-45,0,0,0.004818707704544067,0.002704082289710641,5.605193857299268e-45,1.1210387714598537e-44,14.429458618164062,14.427122116088867,14.430802345275879,0.013624167069792747,0.014284619130194187,0.002066541463136673,0,4800,0,5.605193857299268e-45
1787293530135,1827,0,0,10,0.016541490331292152,-1.1718968152999878,135.24008178710938,5.605193857299268e-45,1.1210387714598537e-44,5.605193857299268e-45,-5.605193857299268e-45,0,0,0.0064167785458266735,0.003194919554516673,5.605193857299268e-45,1.1210387714598537e-44,14.429120063781738,14.424140930175781,14.431811332702637,0.013513807207345963,0.014339414425194263,0.002066541463136673,0,4800,0,5.605193857299268e-45
1787293530155,1828,0,0,10,0.14514458179473877,9.56541919708252,174.86199951171875,5.605193857299268e-45,1.1210387714598537e-44,5.605193857299268e-45,-5.605193857299268e-45,0,0,0.004634100012481213,0.00227437075227499,5.605193857299268e-45,1.1210387714598537e-44,14.42935848236084,14.427000999450684,14.43045711517334,0.013513724319636822,0.014336595311760902,0,0,4800,0,5.605193857299268e-45
1787293530175,1829,0,0,10,0.1278117299079895,14.56569766998291,281.8311462402344,5.605193857299268e-45,1.1210387714598537e-44,5.605193857299268e-45,-5.605193857299268e-45,0,0,0.00657604681327939,0.0021824787836521864,5.605193857299268e-45,1.1210387714598537e-44,14.429166793823242,14.426498413085938,14.431785583496094,0.013513406738638878,0.014604024589061737,0.002066541463136673,0,4800,0,5.605193857299268e-45
1787293530195,1830,0,0,10,-0.14865045249462128,-14.716216087341309,207.62586975097656,5.605193857299268e-45,1.1210387714598537e-44,5.605193857299268e-45,-5.605193857299268e-45,0,0,0.0049247536808252335,0.0023414287716150284,5.605193857299268e-45,1.1210387714598537e-44,14.428959846496582,14.426979064941406,14.430098533630371,0.01340715866535902,0.014461715705692768,0,0,4800,0,5.605193857299268e-45
1787293530215,1831,0,0,10,0.33726775646209717,30.28777313232422,163.99363708496094,5.605193857299268e-45,1.1210387714598537e-44,5.605193857299268e-45,-5.605193857299268e-45,0,0,0.0065497225150465965,0.0026262435130774975,5.605193857299268e-45,1.1210387714598537e-44,14.428645133972168,14.421549797058105,14.430298805236816,0.013756505213677883,0.015365623869001865,0,0,4800,0,5.605193857299268e-45
1787293530235,1832,0,0,10,-0.13538356125354767,-8.715652465820312,199.53054809570312,5.605193857299268e-45,1.1210387714598537e-44,5.605193857299268e-45,-5.605193857299268e-45,0,0,0.005385944619774818,0.002040125895291567,5.605193857299268e-45,1.1210387714598537e-44,14.429168701171875,14.421771049499512,14.430205345153809,0.013305901549756527,0.014386331662535667,0,0,4800,0,5.605193857299268e-45
1787293530255,1833,0,0,10,0.003697974607348442,-15.897929191589355,210.9332275390625,5.605193857299268e-45,1.1210387714598537e-44,5.605193857299268e-45,-5.605193857299268e-45,0,0,0.0045194970443844795,0.0018636829918250442,5.605193857299268e-45,1.1210387714598537e-44,14.429088592529297,14.424832344055176,14.431727409362793,0.0135436300188303,0.01438074465841055,0,0,4800,0,5.605193857299268e-45
1787293530276,1834,0,0,10,0.009250923991203308,-7.6661481857299805,156.54501342773438,5.605193857299268e-45,1.1210387714598537e-44,5.605193857299268e-45,-5.605193857299268e-45,0,0,0.0043692500330507755,0.001823150203563273,5.605193857299268e-45,1.1210387714598537e-44,14.429455757141113,14.427133560180664,14.43142032623291,0.013524358160793781,0.014380982145667076,0.002066541463136673,0,4800,0,5.605193857299268e-45
1787293530296,1835,0,0,10,0.11685013025999069,2.3311028480529785,137.1356201171875,5.605193857299268e-45,1.1210387714598537e-44,5.605193857299268e-45,-5.605193857299268e-45,0,0,0.006061425898224115,0.0018447163747623563,5.605193857299268e-45,1.1210387714598537e-44,14.429301261901855,14.424332618713379,14.432649612426758,0.013551134616136551,0.014136180281639099,0,0,4800,0,5.605193857299268e-45
1787293530315,1836,0,0,10,0.027146417647600174,-2.501427412033081,159.43536376953125,5.605193857299268e-45,1.1210387714598537e-44,5.605193857299268e-45,-5.605193857299268e-45,0,0,0.006170589476823807,0.002551054349169135,5.605193857299268e-45,1.1210387714598537e-44,14.428633689880371,14.427000045776367,14.430717468261719,0.01368703506886959,0.014935494400560856,0,0,4800,0,5.605193857299268e-45
1787293530336,1837,0,0,10,-0.26166030764579773,-28.687129974365234,220.70071411132812,5.605193857299268e-45,1.1210387714598537e-44,5.605193857299268e-45,-5.605193857299268e-45,0,0,0.005178311839699745,0.002292756922543049,5.605193857299268e-45,1.1210387714598537e-44,14.429486274719238,14.427215576171875,14.431472778320312,0.01365318801254034,0.014545519836246967,0,0,4800,0,5.605193857299268e-45
1787293530356,1838,0,0,10,0.10710946470499039,14.395156860351562,218.91749572753906,5.605193857299268e-45,1.1210387714598537e-44,5.605193857299268e-45,-5.605193857299268e-45,0,0,0.006175769492983818,0.001842617173679173,5.605193857299268e-45,1.1210387714598537e-44,14.428689002990723,14.424264907836914,14.430773735046387,0.01366371102631092,0.014515201561152935,0.0020652359817177057,0,4800,0,5.605193857299268e-45
1787293530376,1839,0,0,10,0.5243561863899231,43.82579040527344,261.4296569824219,5.605193857299268e-45,1.1210387714598537e-44,5.605193857299268e-45,-5.605193857299268e-45,0,0,0.005795657634735107,0.002354807686060667,5.605193857299268e-45,1.1210387714598537e-44,14.429680824279785,14.425030708312988,14.431276321411133,0.013494462706148624,0.014558534137904644,0,0,4800,0,5.605193857299268e-45
1787293530396,1840,0,0,10,-0.11313515156507492,-13.24147891998291,230.69288635253906,5.605193857299268e-45,1.1210387714598537e-44,5.605193857299268e-45,-5.605193857299268e-45,0,0,0.006018895655870438,0.00159679155331105,5.605193857299268e-45,1.1210387714598537e-44,14.429319381713867,14.425786018371582,14.43165111541748,0.01379444170743227,0.014708315022289753,0,0,4800,0,5.605193857299268e-45
1787293530416,1841,0,0,10,-0.04300634562969208,-3.9298181533813477,103.05474090576172,5.605193857299268e-45,1.1210387714598537e-44,5.605193857299268e-45,-5.605193857299268e-45,0,0,0.006098872981965542,0.003267179476097226,5.605193857299268e-45,1.1210387714598537e-44,14.42954158782959,14.423630714416504,14.43198013305664,0.013610552996397018,0.01421385444700718,0.0020652359817177057,0,4800,0,5.605193857299268e-45
1787293530436,1842,0,0,10,-0.032290082424879074,-6.668793201446533,100.07868957519531,5.605193857299268e-45,1.1210387714598537e-44,5.605193857299268e-45,-5.605193857299268e-45,0,0,0.005396823864430189,0.00217132898978889,5.605193857299268e-45,1.1210387714598537e-44,14.429152488708496,14.426419258117676,14.429498672485352,0.013681408017873764,0.014203703962266445,0.0020652359817177057,0,4800,0,5.605193857299268e-45
1787293530456,1843,0,0,10,0.3926948308944702,30.185274124145508,206.19427490234375,5.605193857299268e-45,1.1210387714598537e-44,5.605193857299268e-45,-5.605193857299268e-45,0,0,0.0051437728106975555,0.002000645035877824,5.605193857299268e-45,1.1210387714598537e-44,14.42986011505127,14.427870750427246,14.432746887207031,0.01328575611114502,0.01403582189232111,0,0,4800,0,5.605193857299268e-45
1787293530476,1844,0,0,10,0.00498984707519412,-10.099848747253418,147.22926330566406,5.605193857299268e-45,1.1210387714598537e-44,5.605193857299268e-45,-5.605193857299268e-45,0,0,0.005679539870470762,0.002114906208589673,5.605193857299268e-45,1.1210387714598537e-44,14.428352355957031,14.421473503112793,14.431303977966309,0.013649332337081432,0.014639110304415226,0.002066541463136673,0,4800,0,5.605193857299268e-45
1787293530497,1845,0,0,10,-0.08306537568569183,-17.247236251831055,146.20591735839844,5.605193857299268e-45,1.1210387714598537e-44,5.605193857299268e-45,-5.605193857299268e-45,0,0,0.006180803291499615,0.00188349187374115,5.605193857299268e-45,1.1210387714598537e-44,14.429441452026367,14.426823616027832,14.431061744689941,0.013582386076450348,0.014587648212909698,0.002066541463136673,0,4800,0,5.605193857299268e-45
1787293530516,1846,0,0,10,0.09210766851902008,0.7024227976799011,152.5272216796875,5.605193857299268e-45,1.1210387714598537e-44,5.605193857299268e-45,-5.605193857299268e-45,0,0,0.006453216075897217,0.0016142901731655002,5.605193857299268e-45,1.1210387714598537e-44,14.429497718811035,14.426926612854004,14.43199348449707,0.013548579066991806,0.014490523375570774,0.002066541463136673,0,4800,0,5.605193857299268e-45
1787293530537,1847,0,0,10,-0.11905333399772644,-23.08561897277832,172.91546630859375,5.605193857299268e-45,1.1210387714598537e-44,5.605193857299268e-45,-5.605193857299268e-45,0,0,0.005429071374237537,0.00178961968049407,5.605193857299268e-45,1.1210387714598537e-44,14.42902946472168,14.423687934875488,14.431756973266602,0.013451323844492435,0.014106268994510174,0.002066541463136673,0,4800,0,5.605193857299268e-45
1787293530557,1848,0,0,10,0.32017257809638977,21.420560836791992,255.52963256835938,5.605193857299268e-45,1.1210387714598537e-44,5.605193857299268e-45,-5.605193857299268e-45,0,0,0.007136330474168062,0.0017422992968931794,5.605193857299268e-45,1.1210387714598537e-44,14.429368019104004,14.426773071289062,14.432324409484863,0.013365611433982849,0.014910510741174221,0.002066541463136673,0,4800,0,5.605193857299268e-45
1787293530577,1849,0,0,10,0.4747450649738312,44.851078033447266,219.01100158691406,5.605193857299268e-45,1.1210387714598537e-44,5.605193857299268e-45,-5.605193857299268e-45,0,0,0.006526089273393154,0.001978714019060135,5.605193857299268e-45,1.1210387714598537e-44,14.429478645324707,14.426382064819336,14.43205451965332,0.013618787750601768,0.014588105492293835,0,0,4800,0,5.605193857299268e-45
1787293530597,1850,0,0,10,0.04054583981633186,5.149403095245361,196.3880615234375,5.605193857299268e-45,1.1210387714598537e-44,5.605193857299268e-45,-5.605193857299268e-45,0,0,0.0068161096423864365,0.0025093783624470234,5.605193857299268e-45,1.1210387714598537e-44,14.429422378540039,14.427078247070312,14.430108070373535,0.013728116638958454,0.014559783972799778,0.002066541463136673,0,4800,0,5.605193857299268e-45
1787293530617,1851,0,0,10,0.020412402227520943,-2.465332269668579,172.075439453125,5.605193857299268e-45,1.1210387714598537e-44,5.605193857299268e-45,-5.605193857299268e-45,0,0,0.007307689171284437,0.002545113442465663,5.605193857299268e-45,1.1210387714598537e-44,14.428572654724121,14.420873641967773,14.43206787109375,0.013715000823140144,0.014509199187159538,0.002066541463136673,0,4800,0,5.605193857299268e-45
1787293530637,1852,0,0,10,-0.20686675608158112,-26.357709884643555,214.94068908691406,5.605193857299268e-45,1.1210387714598537e-44,5.605193857299268e-45,-5.605193857299268e-45,0,0,0.008064698427915573,0.0021231260616332293,5.605193857299268e-45,1.1210387714598537e-44,14.42914867401123,14.42508316040039,14.430421829223633,0.013843921944499016,0.014697819016873837,0.004271461628377438,0,4800,0,5.605193857299268e-45
1787293530657,1853,0,0,10,-0.11154314130544662,-20.290939331054688,199.15863037109375,5.605193857299268e-45,1.1210387714598537e-44,5.605193857299268e-45,-5.605193857299268e-45,0,0,0.006920428480952978,0.00181251869071275,5.605193857299268e-45,1.1210387714598537e-44,14.429473876953125,14.427557945251465,14.430974960327148,0.013784254901111126,0.01520281657576561,0.002066541463136673,0,4800,0,5.605193857299268e-45
1787293530677,1854,0,0,10,0.27369996905326843,22.501800537109375,160.3035888671875,5.605193857299268e-45,1.1210387714598537e-44,5.605193857299268e-45,-5.605193857299268e-45,0,0,0.006391781847923994,0.0015475499676540494,5.605193857299268e-45,1.1210387714598537e-44,14.430068016052246,14.427266120910645,14.433172225952148,0.013501004315912724,0.014693142846226692,0.002066541463136673,0,4800,0,5.605193857299268e-45
1787293530697,1855,0,0,10,-0.1313648670911789,-12.867478370666504,141.3343963623047,5.605193857299268e-45,1.1210387714598537e-44,5.605193857299268e-45,-5.605193857299268e-45,0,0,0.005575056653469801,0.001918036607094109,5.605193857299268e-45,1.1210387714598537e-44,14.429567337036133,14.426253318786621,14.432209968566895,0.01349120307713747,0.014222867786884308,0,0,4800,0,5.605193857299268e-45
1787293530717,1856,0,0,10,0.09088144451379776,-3.5925989151000977,206.89028930664062,5.605193857299268e-45,1.1210387714598537e-44,5.605193857299268e-45,-5.605193857299268e-45,0,0,0.006624983623623848,0.002146349987015128,5.605193857299268e-45,1.1210387714598537e-44,14.42935848236084,14.42642879486084,14.430562973022461,0.013661887496709824,0.015007697977125645,0.002066541463136673,0,4800,0,5.605193857299268e-45
1787293530738,1857,0,0,10,-0.03868234530091286,-15.861957550048828,216.41470336914062,5.605193857299268e-45,1.1210387714598537e-44,5.605193857299268e-45,-5.605193857299268e-45,0,0,0.0063545070588588715,0.002410862362012267,5.605193857299268e-45,1.1210387714598537e-44,14.428977012634277,14.420069694519043,14.434914588928223,0.013460438698530197,0.014998314902186394,0.002066541463136673,0,4800,0,5.605193857299268e-45
1787293530758,1858,0,0,10,-0.5297468304634094,-60.75386428833008,258.45184326171875,5.605193857299268e-45,1.1210387714598537e-44,5.605193857299268e-45,-5.605193857299268e-45,0,0,0.006489072926342487,0.0024044406600296497,5.605193857299268e-45,1.1210387714598537e-44,14.429071426391602,14.424456596374512,14.432223320007324,0.013550644740462303,0.014651370234787464,0.002066541463136673,0,4800,0,5.605193857299268e-45
1787293530778,1859,0,0,10,0.3092898428440094,34.71384048461914,235.7743682861328,5.605193857299268e-45,1.1210387714598537e-44,5.605193857299268e-45,-5.605193857299268e-45,0,0,0.005401937291026115,0.002332802163437009,5.605193857299268e-45,1.1210387714598537e-44,14.428898811340332,14.419711112976074,14.432453155517578,0.013461325317621231,0.015225166454911232,0,0,4800,0,5.605193857299268e-45
1787293530798,1860,0,0,10,0.11741039156913757,0.1493857353925705,211.1862030029297,5.605193857299268e-45,1.1210387714598537e-44,5.605193857299268e-45,-5.605193857299268e-45,0,0,0.005273829214274883,0.0018618825124576688,5.605193857299268e-45,1.1210387714598537e-44,14.429322242736816,14.426253318786621,14.431962013244629,0.013657053001224995,0.014518083073198795,0,0,4800,0,5.605193857299268e-45
1787293530818,1861,0,0,10,0.08530937880277634,5.875614166259766,175.27731323242188,5.605193857299268e-45,1.1210387714598537e-44,5.605193857299268e-45,-5.605193857299268e-45,0,0,0.005818449426442385,0.0025352584198117256,5.605193857299268e-45,1.1210387714598537e-44,14.429795265197754,14.425642967224121,14.433059692382812,0.013538961298763752,0.014411777257919312,0,0,4800,0,5.605193857299268e-45
1787293530838,1862,0,0,10,0.3407434821128845,25.19939613342285,214.0278778076172,5.605193857299268e-45,1.1210387714598537e-44,5.605193857299268e-45,-5.605193857299268e-45,0,0,0.006404468789696693,0.0027340571396052837,5.605193857299268e-45,1.1210387714598537e-44,14.429242134094238,14.426850318908691,14.431036949157715,0.013784226961433887,0.014729729853570461,0.002066541463136673,0,4800,0,5.605193857299268e-45
1787293530859,1863,0,0,10,-0.1277676820755005,-25.32819175720215,227.07785034179688,5.605193857299268e-45,1.1210387714598537e-44,5.605193857299268e-45,-5.605193857299268e-45,0,0,0.005094938445836306,0.0024666639510542154,5.605193857299268e-45,1.1210387714598537e-44,14.429402351379395,14.423190116882324,14.433428764343262,0.013495253399014473,0.014093950390815735,0,0,4800,0,5.605193857299268e-45
1787293530878,1864,0,0,10,-0.033173009753227234,-6.631053924560547,121.55307006835938,5.605193857299268e-45,1.1210387714598537e-44,5.605193857299268e-45,-5.605193857299268e-45,0,0,0.004243902396410704,0.0019002663902938366,5.605193857299268e-45,1.1210387714598537e-44,14.429702758789062,14.427517890930176,14.433334350585938,0.013582720421254635,0.01423322968184948,0.002066541463136673,0,4800,0,5.605193857299268e-45
1787293530898,1865,0,0,10,-0.0792381763458252,-23.071073532104492,197.384521484375,5.605193857299268e-45,1.1210387714598537e-44,5.605193857299268e-45,-5.605193857299268e-45,0,0,0.004700203891843557,0.0018062202725559473,5.605193857299268e-45,1.1210387714598537e-44,14.429423332214355,14.420144081115723,14.43159294128418,0.013657758012413979,0.014466855674982071,0,0,4800,0,5.605193857299268e-45
1787293530918,1866,0,0,10,0.49022436141967773,55.500030517578125,208.93898010253906,5.605193857299268e-45,1.1210387714598537e-44,5.605193857299268e-45,-5.605193857299268e-45,0,0,0.005170665681362152,0.0026144098956137896,5.605193857299268e-45,1.1210387714598537e-44,14.429661750793457,14.423846244812012,14.43191909790039,0.013545558787882328,0.014784866943955421,0,0,4800,0,5.605193857299268e-45
1787293530939,1867,0,0,10,-0.033354803919792175,-22.256193161010742,203.6135711669922,5.605193857299268e-45,1.1210387714598537e-44,5.605193857299268e-45,-5.605193857299268e-45,0,0,0.0053531634621322155,0.0027193683199584484,5.605193857299268e-45,1.1210387714598537e-44,14.429831504821777,14.425275802612305,14.432276725769043,0.013482335954904556,0.014497518539428711,0,0,4800,0,5.605193857299268e-45
1787293530959,1868,0,0,10,0.17595452070236206,9.973621368408203,172.24307250976562,5.605193857299268e-45,1.1210387714598537e-44,5.605193857299268e-45,-5.605193857299268e-45,0,0,0.0055527896620333195,0.002078825142234564,5.605193857299268e-45,1.1210387714598537e-44,14.429195404052734,14.426809310913086,14.431848526000977,0.013677316717803478,0.014440018683671951,0.002066541463136673,0,4800,0,5.605193857299268e-45
1787293530979,1869,0,0,10,0.18319115042686462,11.178616523742676,149.7738800048828,5.605193857299268e-45,1.1210387714598537e-44,5.605193857299268e-45,-5.605193857299268e-45,0,0,0.004583732225000858,0.0019397182622924447,5.605193857299268e-45,1.1210387714598537e-44,14.429770469665527,14.426746368408203,14.432348251342773,0.01352930348366499,0.014886854216456413,0.002066541463136673,0,4800,0,5.605193857299268e-45
1787293530999,1870,0,0,10,0.14465607702732086,0.6787294745445251,129.75291442871094,5.605193857299268e-45,1.1210387714598537e-44,5.605193857299268e-45,-5.605193857299268e-45,0,0,0.005196784157305956,0.0019009896786883473,5.605193857299268e-45,1.1210387714598537e-44,14.429424285888672,14.426724433898926,14.430370330810547,0.013561634346842766,0.014773072674870491,0.002066541463136673,0,4800,0,5.605193857299268e-45
1787293531019,1871,0,0,10,0.09919141978025436,4.069930076599121,143.756591796875,5.605193857299268e-45,1.1210387714598537e-44,5.605193857299268e-45,-5.605193857299268e-45,0,0,0.005753280129283667,0.001954196486622095,5.605193857299268e-45,1.1210387714598537e-44,14.429498672485352,14.42656135559082,14.431099891662598,0.013865018263459206,0.015191126614809036,0.002066541463136673,0,4800,0,5.605193857299268e-45
1787293531039,1872,0,0,10,-0.1548900455236435,-23.50533676147461,130.6770782470703,5.605193857299268e-45,1.1210387714598537e-44,5.605193857299268e-45,-5.605193857299268e-45,0,0,0.005585117265582085,0.0025416468270123005,5.605193857299268e-45,1.1210387714598537e-44,14.429620742797852,14.427845001220703,14.433320999145508,0.013563835993409157,0.014824461191892624,0,0,4800,0,5.605193857299268e-45
1787293531059,1873,0,0,10,0.252861350774765,16.093517303466797,121.9347915649414,5.605193857299268e-45,1.1210387714598537e-44,5.605193857299268e-45,-5.605193857299268e-45,0,0,0.004572557285428047,0.001506023807451129,5.605193857299268e-45,1.1210387714598537e-44,14.429387092590332,14.422606468200684,14.432851791381836,0.013496768660843372,0.014355127699673176,0,0,4800,0,5.605193857299268e-45
1787293531079,1874,0,0,10,0.14039316773414612,8.49538516998291,108.03519439697266,5.605193857299268e-45,1.1210387714598537e-44,5.605193857299268e-45,-5.605193857299268e-45,0,0,0.0032613251823931932,0.0019137925701215863,5.605193857299268e-45,1.1210387714598537e-44,14.429143905639648,14.4270601272583,14.431438446044922,0.013452352024614811,0.014830544590950012,0,0,4800,0,5.605193857299268e-45
1787293531100,1875,0,0,10,0.028005501255393028,-11.555590629577637,136.7689208984375,5.605193857299268e-45,1.1210387714598537e-44,5.605193857299268e-45,-5.605193857299268e-45,0,0,0.0032336427830159664,0.0023912012111395597,5.605193857299268e-45,1.1210387714598537e-44,14.42988395690918,14.428160667419434,14.433924674987793,0.01334892213344574,0.014244242571294308,0,0,4800,0,5.605193857299268e-45
1787293531119,1876,0,0,10,0.20577555894851685,5.696061134338379,139.64796447753906,5.605193857299268e-45,1.1210387714598537e-44,5.605193857299268e-45,-5.605193857299268e-45,0,0,0.004649354610592127,0.001998934894800186,5.605193857299268e-45,1.1210387714598537e-44,14.42972183227539,14.427678108215332,14.433171272277832,0.013653337024152279,0.014472034759819508,0,0,4800,0,5.605193857299268e-45
1787293531140,1877,0,0,10,0.18057440221309662,10.093642234802246,159.7315673828125,5.605193857299268e-45,1.1210387714598537e-44,5.605193857299268e-45,-5.605193857299268e-45,0,0,0.0048900688998401165,0.002159824362024665,5.605193857299268e-45,1.1210387714598537e-44,14.4293212890625,14.422743797302246,14.433732986450195,0.013367932289838791,0.014510984532535076,0,0,4800,0,5.605193857299268e-45
1787293531160,1878,0,0,10,0.11610475927591324,0.9450724720954895,237.68324279785156,5.605193857299268e-45,1.1210387714598537e-44,5.605193857299268e-45,-5.605193857299268e-45,0,0,0.005880896933376789,0.0026063488330692053,5.605193857299268e-45,1.1210387714598537e-44,14.429811477661133,14.425142288208008,14.432686805725098,0.01371010672301054,0.01534801721572876,0,0,4800,0,5.605193857299268e-45
1787293531180,1879,0,0,10,-0.06420134007930756,-7.661764144897461,130.79782104492188,5.605193857299268e-45,1.1210387714598537e-44,5.605193857299268e-45,-5.605193857299268e-45,0,0,0.003990120720118284,0.001909746672026813,5.605193857299268e-45,1.1210387714598537e-44,14.429214477539062,14.424212455749512,14.432047843933105,0.013531156815588474,0.014410112984478474,0,0,4800,0,5.605193857299268e-45
1787293531200,1880,0,0,10,-0.02322719618678093,-9.47388744354248,190.7252960205078,5.605193857299268e-45,1.1210387714598537e-44,5.605193857299268e-45,-5.605193857299268e-45,0,0,0.006233873311430216,0.002073762472718954,5.605193857299268e-45,1.1210387714598537e-44,14.429831504821777,14.428585052490234,14.43177318572998,0.013690834864974022,0.0148687232285738,0.002066541463136673,0,4800,0,5.605193857299268e-45
1787293531220,1881,0,0,10,-0.108371302485466,-15.892524719238281,201.46641540527344,5.605193857299268e-45,1.1210387714598537e-44,5.605193857299268e-45,-5.605193857299268e-45,0,0,0.0056175910867750645,0.0020077640656381845,5.605193857299268e-45,1.1210387714598537e-44,14.430285453796387,14.427772521972656,14.434065818786621,0.013560829684138298,0.014731384813785553,0,0,4800,0,5.605193857299268e-45
1787293531240,1882,0,0,10,-0.1924278438091278,-22.86095428466797,130.9814453125,5.605193857299268e-45,1.1210387714598537e-44,5.605193857299268e-45,-5.605193857299268e-45,0,0,0.004512597806751728,0.0026073697954416275,5.605193857299268e-45,1.1210387714598537e-44,14.430028915405273,14.427197456359863,14.432623863220215,0.013537849299609661,0.014820190146565437,0,0,4800,0,5.605193857299268e-45
1787293531260,1883,0,0,10,-0.036790672689676285,-12.425980567932129,202.64564514160156,5.605193857299268e-45,1.1210387714598537e-44,5.605193857299268e-45,-5.605193857299268e-45,0,0,0.006082187406718731,0.0017002123640850186,5.605193857299268e-45,1.1210387714598537e-44,14.429844856262207,14.42685604095459,14.432863235473633,0.013602560386061668,0.015261456370353699,0.002066541463136673,0,4800,0,5.605193857299268e-45
1787293531280,1884,0,0,10,-0.23925447463989258,-19.742271423339844,161.0468292236328,5.605193857299268e-45,1.1210387714598537e-44,5.605193857299268e-45,-5.605193857299268e-45,0,0,0.00670270249247551,0.002266703872010112,5.605193857299268e-45,1.1210387714598537e-44,14.4300537109375,14.426667213439941,14.432830810546875,0.01363358274102211,0.014506133273243904,0.002066541463136673,0,4800,0,5.605193857299268e-45
1787293531300,1885,0,0,10,-0.03287380933761597,-7.806795597076416,225.90933227539062,5.605193857299268e-45,1.1210387714598537e-44,5.605193857299268e-45,-5.605193857299268e-45,0,0,0.005951137747615576,0.0026723642367869616,5.605193857299268e-45,1.1210387714598537e-44,14.4302978515625,14.428442001342773,14.433027267456055,0.013626039028167725,0.01465291902422905,0.002066541463136673,0,4800,0,5.605193857299268e-45
1787293531320,1886,0,0,10,0.12722480297088623,7.110304355621338,160.89450073242188,5.605193857299268e-45,1.1210387714598537e-44,5.605193857299268e-45,-5.605193857299268e-45,0,0,0.006109647452831268,0.002466764533892274,5.605193857299268e-45,1.1210387714598537e-44,14.429201126098633,14.42490005493164,14.43078327178955,0.013482288457453251,0.01510116457939148,0.002066541463136673,0,4800,0,5.605193857299268e-45
1787293531341,1887,0,0,10,-0.01405258011072874,-13.07470703125,157.22048950195312,5.605193857299268e-45,1.1210387714598537e-44,5.605193857299268e-45,-5.605193857299268e-45,0,0,0.0044915140606462955,0.0018900114810094237,5.605193857299268e-45,1.1210387714598537e-44,14.430541038513184,14.429537773132324,14.434959411621094,0.013486051931977272,0.01426982693374157,0,0,4800,0,5.605193857299268e-45
1787293531361,1888,0,0,10,0.42411187291145325,30.607040405273438,109.09232330322266,5.605193857299268e-45,1.1210387714598537e-44,5.605193857299268e-45,-5.605193857299268e-45,0,0,0.004976156633347273,0.001850474625825882,5.605193857299268e-45,1.1210387714598537e-44,14.430048942565918,14.427735328674316,14.433542251586914,0.01359378919005394,0.014528647065162659,0.002066541463136673,0,4800,0,5.605193857299268e-45
1787293531381,1889,0,0,10,-0.02952142059803009,-8.384462356567383,220.8455047607422,5.605193857299268e-45,1.1210387714598537e-44,5.605193857299268e-45,-5.605193857299268e-45,0,0,0.004012668505311012,0.0017003691755235195,5.605193857299268e-45,1.1210387714598537e-44,14.428879737854004,14.424851417541504,14.43123722076416,0.01347394473850727,0.014290361665189266,0,0,4800,0,5.605193857299268e-45
1787293531401,1890,0,0,10,-0.04662014916539192,-24.073965072631836,259.173095703125,5.605193857299268e-45,1.1210387714598537e-44,5.605193857299268e-45,-5.605193857299268e-45,0,0,0.00734945060685277,0.002450519474223256,5.605193857299268e-45,1.1210387714598537e-44,14.429553031921387,14.42725658416748,14.431147575378418,0.013473980128765106,0.014448782429099083,0,0,4800,0,5.605193857299268e-45
1787293531421,1891,0,0,10,-0.21653439104557037,-42.24093246459961,302.4061279296875,5.605193857299268e-45,1.1210387714598537e-44,5.605193857299268e-45,-5.605193857299268e-45,0,0,0.005507052876055241,0.003136337036266923,5.605193857299268e-45,1.1210387714598537e-44,14.430254936218262,14.422039985656738,14.433855056762695,0.013640987686812878,0.014833866618573666,0,0,4800,0,5.605193857299268e-45
1787293531441,1892,0,0,10,-0.09262437373399734,-12.485394477844238,190.52163696289062,5.605193857299268e-45,1.1210387714598537e-44,5.605193857299268e-45,-5.605193857299268e-45,0,0,0.00548440869897604,0.00227538775652647,5.605193857299268e-45,1.1210387714598537e-44,14.430285453796387,14.429474830627441,14.432586669921875,0.013667489401996136,0.01440380048006773,0,0,4800,0,5.605193857299268e-45
1787293531461,1893,0,0,10,-0.07283641397953033,-14.166470527648926,157.01885986328125,5.605193857299268e-45,1.1210387714598537e-44,5.605193857299268e-45,-5.605193857299268e-45,0,0,0.0056718336418271065,0.0024716570042073727,5.605193857299268e-45,1.1210387714598537e-44,14.430091857910156,14.427700996398926,14.43254566192627,0.013467801734805107,0.014566113241016865,0.002066541463136673,0,4800,0,5.605193857299268e-45
1787293531481,1894,0,0,10,-0.19997893273830414,-29.92569351196289,291.0382995605469,5.605193857299268e-45,1.1210387714598537e-44,5.605193857299268e-45,-5.605193857299268e-45,0,0,0.007151338737457991,0.0029228986240923405,5.605193857299268e-45,1.1210387714598537e-44,14.430140495300293,14.42703628540039,14.431251525878906,0.013559737242758274,0.014581582508981228,0.002066541463136673,0,4800,0,5.605193857299268e-45
1787293531502,1895,0,0,10,-0.13638626039028168,-12.58497142791748,142.2226104736328,5.605193857299268e-45,1.1210387714598537e-44,5.605193857299268e-45,-5.605193857299268e-45,0,0,0.006069203373044729,0.0023849261924624443,5.605193857299268e-45,1.1210387714598537e-44,14.429417610168457,14.42420482635498,14.432334899902344,0.01355429831892252,0.014399617910385132,0.002066541463136673,0,4800,0,5.605193857299268e-45
1787293531521,1896,0,0,10,-0.1260600984096527,-21.98990249633789,148.8315887451172,5.605193857299268e-45,1.1210387714598537e-44,5.605193857299268e-45,-5.605193857299268e-45,0,0,0.00696341460570693,0.002387191168963909,5.605193857299268e-45,1.1210387714598537e-44,14.4299898147583,14.428324699401855,14.433575630187988,0.013507086783647537,0.014238364063203335,0.004271461628377438,0,4800,0,5.605193857299268e-45
1787293531542,1897,0,0,10,0.7214584946632385,60.0176887512207,207.5870361328125,5.605193857299268e-45,1.1210387714598537e-44,5.605193857299268e-45,-5.605193857299268e-45,0,0,0.007514272350817919,0.001972758211195469,5.605193857299268e-45,1.1210387714598537e-44,14.43029499053955,14.429024696350098,14.434021949768066,0.013430868275463581,0.014514787122607231,0.0020652359817177057,0,4800,0,5.605193857299268e-45
1787293531562,1898,0,0,10,-0.1916484534740448,-16.902305603027344,234.35794067382812,5.605193857299268e-45,1.1210387714598537e-44,5.605193857299268e-45,-5.605193857299268e-45,0,0,0.005296803079545498,0.002269479213282466,5.605193857299268e-45,1.1210387714598537e-44,14.429673194885254,14.421775817871094,14.431248664855957,0.013402589596807957,0.014393606223165989,0.002066541463136673,0,4800,0,5.605193857299268e-45
1787293531582,1899,0,0,10,0.3887282609939575,22.87171745300293,240.10191345214844,5.605193857299268e-45,1.1210387714598537e-44,5.605193857299268e-45,-5.605193857299268e-45,0,0,0.006409426685422659,0.0019657285884022713,5.605193857299268e-45,1.1210387714598537e-44,14.429347038269043,14.42325496673584,14.433061599731445,0.013470709323883057,0.014609726145863533,0.002066541463136673,0,4800,0,5.605193857299268e-45
1787293531602,1900,0,0,10,0.039109617471694946,-1.4772684574127197,100.99028778076172,5.605193857299268e-45,1.1210387714598537e-44,5.605193857299268e-45,-5.605193857299268e-45,0,0,0.005491429474204779,0.0026220574509352446,5.605193857299268e-45,1.1210387714598537e-44,14.430237770080566,14.428459167480469,14.43315601348877,0.013549610041081905,0.014800536446273327,0,0,4800,0,5.605193857299268e-45
1787293531622,1901,0,0,10,-0.5680401921272278,-60.42625045776367,235.937255859375,5.605193857299268e-45,1.1210387714598537e-44,5.605193857299268e-45,-5.605193857299268e-45,0,0,0.00578185124322772,0.0022017646115273237,5.605193857299268e-45,1.1210387714598537e-44,14.430723190307617,14.426803588867188,14.436186790466309,0.013461287133395672,0.01426494587212801,0.002066541463136673,0,4800,0,5.605193857299268e-45
1787293531642,1902,0,0,10,-0.05538177117705345,-10.12769889831543,255.4388885498047,5.605193857299268e-45,1.1210387714598537e-44,5.605193857299268e-45,-5.605193857299268e-45,0,0,0.0067595066502690315,0.002891841111704707,5.605193857299268e-45,1.1210387714598537e-44,14.428628921508789,14.423018455505371,14.43113899230957,0.013575008139014244,0.014662749134004116,0.002066541463136673,0,4800,0,5.605193857299268e-45
1787293531662,1903,0,0,10,0.14665739238262177,6.705710411071777,181.66543579101562,5.605193857299268e-45,1.1210387714598537e-44,5.605193857299268e-45,-5.605193857299268e-45,0,0,0.0063165402971208096,0.0022703863214701414,5.605193857299268e-45,1.1210387714598537e-44,14.428025245666504,14.42098617553711,14.434487342834473,0.013413907028734684,0.014247697778046131,0,0,4800,0,5.605193857299268e-45
1787293531682,1904,0,0,10,-0.20542044937610626,-23.036252975463867,137.24481201171875,5.605193857299268e-45,1.1210387714598537e-44,5.605193857299268e-45,-5.605193857299268e-45,0,0,0.006546869874000549,0.002390678972005844,5.605193857299268e-45,1.1210387714598537e-44,14.429938316345215,14.42835807800293,14.432821273803711,0.013663958758115768,0.014680540189146996,0.002066541463136673,0,4800,0,5.605193857299268e-45
1787293531702,1905,0,0,10,0.12763093411922455,12.081695556640625,144.8569793701172,5.605193857299268e-45,1.1210387714598537e-44,5.605193857299268e-45,-5.605193857299268e-45,0,0,0.0058784582652151585,0.0019746876787394285,5.605193857299268e-45,1.1210387714598537e-44,14.429649353027344,14.422706604003906,14.435128211975098,0.013395561836659908,0.014317319728434086,0.002066541463136673,0,4800,0,5.605193857299268e-45
1787293531722,1906,0,0,10,-0.1347765177488327,-20.65229606628418,156.31201171875,5.605193857299268e-45,1.1210387714598537e-44,5.605193857299268e-45,-5.605193857299268e-45,0,0,0.006151475943624973,0.002406655577942729,5.605193857299268e-45,1.1210387714598537e-44,14.429864883422852,14.428866386413574,14.431953430175781,0.013846606016159058,0.014688948169350624,0.002066541463136673,0,4800,0,5.605193857299268e-45
1787293531743,1907,0,0,10,0.09298598021268845,-0.2203087955713272,138.1166534423828,5.605193857299268e-45,1.1210387714598537e-44,5.605193857299268e-45,-5.605193857299268e-45,0,0,0.005211290437728167,0.0019208166049793363,5.605193857299268e-45,1.1210387714598537e-44,14.430094718933105,14.428314208984375,14.432232856750488,0.013527498580515385,0.01476290076971054,0.002066541463136673,0,4800,0,5.605193857299268e-45
1787293531763,1908,0,0,10,-0.23820440471172333,-21.21444320678711,209.3577117919922,5.605193857299268e-45,1.1210387714598537e-44,5.605193857299268e-45,-5.605193857299268e-45,0,0,0.006376073230057955,0.0020898415241390467,5.605193857299268e-45,1.1210387714598537e-44,14.430269241333008,14.429375648498535,14.43207836151123,0.01379263773560524,0.014899269677698612,0.002066541463136673,0,4800,0,5.605193857299268e-45
1787293531783,1909,0,0,10,-0.031042711809277534,-11.40058422088623,204.95040893554688,5.605193857299268e-45,1.1210387714598537e-44,5.605193857299268e-45,-5.605193857299268e-45,0,0,0.0065927766263484955,0.001805056817829609,5.605193857299268e-45,1.1210387714598537e-44,14.429618835449219,14.426005363464355,14.433247566223145,0.013729137368500233,0.014781099744141102,0.002066541463136673,0,4800,0,5.605193857299268e-45
1787293531803,1910,0,0,10,0.1563997119665146,18.543289184570312,142.7473602294922,5.605193857299268e-45,1.1210387714598537e-44,5.605193857299268e-45,-5.605193857299268e-45,0,0,0.0039268601685762405,0.0019116245675832033,5.605193857299268e-45,1.1210387714598537e-44,14.430146217346191,14.428770065307617,14.43203067779541,0.013840680941939354,0.014389767311513424,0,0,4800,0,5.605193857299268e-45
1787293531823,1911,0,0,10,0.025404460728168488,9.277756690979004,85.47811126708984,5.605193857299268e-45,1.1210387714598537e-44,5.605193857299268e-45,-5.605193857299268e-45,0,0,0.004158752039074898,0.001681088819168508,5.605193857299268e-45,1.1210387714598537e-44,14.429617881774902,14.420882225036621,14.432646751403809,0.013479504734277725,0.014271421357989311,0,0,4800,0,5.605193857299268e-45
1787293531843,1912,0,0,10,0.27445194125175476,7.88669490814209,206.51023864746094,5.605193857299268e-45,1.1210387714598537e-44,5.605193857299268e-45,-5.605193857299268e-45,0,0,0.0056808409281075,0.002304789377376437,5.605193857299268e-45,1.1210387714598537e-44,14.430694580078125,14.427836418151855,14.434947967529297,0.013656293973326683,0.01491217315196991,0.002066541463136673,0,4800,0,5.605193857299268e-45
1787293531863,1913,0,0,10,0.09377360343933105,2.498385190963745,127.04561614990234,5.605193857299268e-45,1.1210387714598537e-44,5.605193857299268e-45,-5.605193857299268e-45,0,0,0.003985047806054354,0.00206150789745152,5.605193857299268e-45,1.1210387714598537e-44,14.430314064025879,14.427889823913574,14.432823181152344,0.01359966117888689,0.014599146321415901,0,0,4800,0,5.605193857299268e-45
1787293531884,1914,0,0,10,-0.0150582455098629,-8.947190284729004,106.7437515258789,5.605193857299268e-45,1.1210387714598537e-44,5.605193857299268e-45,-5.605193857299268e-45,0,0,0.0047009605914354324,0.0025479146279394627,5.605193857299268e-45,1.1210387714598537e-44,14.430126190185547,14.428260803222656,14.432653427124023,0.013563329353928566,0.01470896415412426,0.002066541463136673,0,4800,0,5.605193857299268e-45
1787293531903,1915,0,0,10,-0.009737215004861355,-9.634998321533203,271.4249267578125,5.605193857299268e-45,1.1210387714598537e-44,5.605193857299268e-45,-5.605193857299268e-45,0,0,0.0059585184790194035,0.002528147306293249,5.605193857299268e-45,1.1210387714598537e-44,14.43076229095459,14.427433967590332,14.435259819030762,0.013624978251755238,0.014913584105670452,0,0,4800,0,5.605193857299268e-45
1787293531924,1916,0,0,10,-0.08313919603824615,-21.587364196777344,233.4260711669922,5.605193857299268e-45,1.1210387714598537e-44,5.605193857299268e-45,-5.605193857299268e-45,0,0,0.006365559995174408,0.0024317221250385046,5.605193857299268e-45,1.1210387714598537e-44,14.430224418640137,14.427014350891113,14.432485580444336,0.013624151237308979,0.014558026567101479,0.002066541463136673,0,4800,0,5.605193857299268e-45
1787293531944,1917,0,0,10,0.03752705082297325,2.9931955337524414,151.65975952148438,5.605193857299268e-45,1.1210387714598537e-44,5.605193857299268e-45,-5.605193857299268e-45,0,0,0.004353639669716358,0.0017778909532353282,5.605193857299268e-45,1.1210387714598537e-44,14.430574417114258,14.420585632324219,14.432365417480469,0.013597676530480385,0.014129030518233776,0.002066541463136673,0,4800,0,5.605193857299268e-45
1787293531964,1918,0,0,10,0.02045232430100441,-4.1763081550598145,154.4727325439453,5.605193857299268e-45,1.1210387714598537e-44,5.605193857299268e-45,-5.605193857299268e-45,0,0,0.004621733445674181,0.0017087277956306934,5.605193857299268e-45,1.1210387714598537e-44,14.43018913269043,14.428473472595215,14.433343887329102,0.013483029790222645,0.014670406468212605,0.0020652359817177057,0,4800,0,5.605193857299268e-45
1787293531984,1919,0,0,10,0.2781529724597931,19.36385154724121,146.30120849609375,5.605193857299268e-45,1.1210387714598537e-44,5.605193857299268e-45,-5.605193857299268e-45,0,0,0.005067564081400633,0.003104581730440259,5.605193857299268e-45,1.1210387714598537e-44,14.43043041229248,14.425271034240723,14.433838844299316,0.013548308983445168,0.01498270034790039,0,0,4800,0,5.605193857299268e-45
1787293532004,1920,0,0,10,0.10310173779726028,9.067829132080078,161.66748046875,5.605193857299268e-45,1.1210387714598537e-44,5.605193857299268e-45,-5.605193857299268e-45,0,0,0.005292024463415146,0.001804078696295619,5.605193857299268e-45,1.1210387714598537e-44,14.430455207824707,14.428923606872559,14.432663917541504,0.013833255507051945,0.014743819832801819,0,0,4800,0,5.605193857299268e-45
1787293532024,1921,0,0,10,0.18023139238357544,18.262123107910156,139.1530303955078,5.605193857299268e-45,1.1210387714598537e-44,5.605193857299268e-45,-5.605193857299268e-45,0,0,0.004740452393889427,0.0018003274453803897,5.605193857299268e-45,1.1210387714598537e-44,14.429414749145508,14.426854133605957,14.432640075683594,0.013511990197002888,0.01432914100587368,0.002066541463136673,0,4800,0,5.605193857299268e-45
1787293532044,1922,0,0,10,-0.02489113062620163,-15.226057052612305,191.92214965820312,5.605193857299268e-45,1.1210387714598537e-44,5.605193857299268e-45,-5.605193857299268e-45,0,0,0.005854099988937378,0.002566687297075987,5.605193857299268e-45,1.1210387714598537e-44,14.429393768310547,14.424346923828125,14.432259559631348,0.013553974218666553,0.014915327541530132,0.002066541463136673,0,4800,0,5.605193857299268e-45
1787293532064,1923,0,0,10,-0.2025921642780304,-20.064220428466797,160.05503845214844,5.605193857299268e-45,1.1210387714598537e-44,5.605193857299268e-45,-5.605193857299268e-45,0,0,0.005592785310000181,0.001851685345172882,5.605193857299268e-45,1.1210387714598537e-44,14.42963981628418,14.424031257629395,14.43404769897461,0.013483615592122078,0.014599518850445747,0,0,4800,0,5.605193857299268e-45
1787293532084,1924,0,0,10,0.04779314622282982,-2.1522140502929688,147.18873596191406,5.605193857299268e-45,1.1210387714598537e-44,5.605193857299268e-45,-5.605193857299268e-45,0,0,0.004481313284486532,0.0022269077599048615,5.605193857299268e-45,1.1210387714598537e-44,14.43014144897461,14.427695274353027,14.433526039123535,0.013491434045135975,0.014711274765431881,0,0,4800,0,5.605193857299268e-45
1787293532104,1925,0,0,10,-0.07325774431228638,-15.880428314208984,139.8091278076172,5.605193857299268e-45,1.1210387714598537e-44,5.605193857299268e-45,-5.605193857299268e-45,0,0,0.004610900767147541,0.0024358590599149466,5.605193857299268e-45,1.1210387714598537e-44,14.430079460144043,14.425734519958496,14.434550285339355,0.013772369362413883,0.014769399538636208,0,0,4800,0,5.605193857299268e-45
1787293532124,1926,0,0,10,-0.017572864890098572,-2.673417806625366,136.22976684570312,5.605193857299268e-45,1.1210387714598537e-44,5.605193857299268e-45,-5.605193857299268e-45,0,0,0.0036288402043282986,0.0024399382527917624,5.605193857299268e-45,1.1210387714598537e-44,14.429909706115723,14.427359580993652,14.432265281677246,0.013783236034214497,0.014530816115438938,0,0,4800,0,5.605193857299268e-45
1787293532145,1927,0,0,10,0.12756270170211792,9.04699993133545,105.5435791015625,5.605193857299268e-45,1.1210387714598537e-44,5.605193857299268e-45,-5.605193857299268e-45,0,0,0.003684049006551504,0.002003943081945181,5.605193857299268e-45,1.1210387714598537e-44,14.429170608520508,14.424599647521973,14.431447982788086,0.013388161547482014,0.014404287561774254,0,0,4800,0,5.605193857299268e-45
1787293532165,1928,0,0,10,-0.06397417932748795,-11.006577491760254,154.96531677246094,5.605193857299268e-45,1.1210387714598537e-44,5.605193857299268e-45,-5.605193857299268e-45,0,0,0.0031670317985117435,0.0018805003492161632,5.605193857299268e-45,1.1210387714598537e-44,14.430085182189941,14.424378395080566,14.432621002197266,0.013537191785871983,0.014407945796847343,0,0,4800,0,5.605193857299268e-45
1787293532185,1929,0,0,10,0.41641804575920105,32.66999435424805,171.0010223388672,5.605193857299268e-45,1.1210387714598537e-44,5.605193857299268e-45,-5.605193857299268e-45,0,0,0.004469840321689844,0.0025005468633025885,5.605193857299268e-45,1.1210387714598537e-44,14.430224418640137,14.424849510192871,14.433526039123535,0.013515511527657509,0.014785492792725563,0,0,4800,0,5.605193857299268e-45
1787293532205,1930,0,0,10,-0.08113183081150055,-26.162614822387695,186.0933074951172,5.605193857299268e-45,1.1210387714598537e-44,5.605193857299268e-45,-5.605193857299268e-45,0,0,0.004394331481307745,0.0021113050170242786,5.605193857299268e-45,1.1210387714598537e-44,14.430097579956055,14.426984786987305,14.432650566101074,0.013764265924692154,0.01462480891495943,0,0,4800,0,5.605193857299268e-45
1787293532225,1931,0,0,10,0.2562996745109558,14.438457489013672,236.63572692871094,5.605193857299268e-45,1.1210387714598537e-44,5.605193857299268e-45,-5.605193857299268e-45,0,0,0.005465641617774963,0.0024632017593830824,5.605193857299268e-45,1.1210387714598537e-44,14.43014907836914,14.427099227905273,14.432997703552246,0.013581307604908943,0.0141325443983078,0,0,4800,0,5.605193857299268e-45
1787293532245,1932,0,0,10,0.005550879053771496,-10.894943237304688,168.66854858398438,5.605193857299268e-45,1.1210387714598537e-44,5.605193857299268e-45,-5.605193857299268e-45,0,0,0.0057383631356060505,0.0029787628445774317,5.605193857299268e-45,1.1210387714598537e-44,14.430391311645508,14.426179885864258,14.434514999389648,0.013501673936843872,0.014364504255354404,0,0,4800,0,5.605193857299268e-45
1787293532266,1933,0,0,10,0.09167582541704178,-2.7023327350616455,224.85121154785156,5.605193857299268e-45,1.1210387714598537e-44,5.605193857299268e-45,-5.605193857299268e-45,0,0,0.003906420432031155,0.002522737020626664,5.605193857299268e-45,1.1210387714598537e-44,14.431490898132324,14.428949356079102,14.43433666229248,0.013511785306036472,0.0143110491335392,0,0,4800,0,5.605193857299268e-45
1787293532285,1934,0,0,10,0.04348858818411827,-0.7574741244316101,142.05873107910156,5.605193857299268e-45,1.1210387714598537e-44,5.605193857299268e-45,-5.605193857299268e-45,0,0,0.005308131221681833,0.0021509244106709957,5.605193857299268e-45,1.1210387714598537e-44,14.429681777954102,14.42123794555664,14.433069229125977,0.013704739511013031,0.014789333567023277,0.002066541463136673,0,4800,0,5.605193857299268e-45
1787293532306,1935,0,0,10,-0.15271733701229095,-16.760183334350586,140.77462768554688,5.605193857299268e-45,1.1210387714598537e-44,5.605193857299268e-45,-5.605193857299268e-45,0,0,0.003828501794487238,0.001971157267689705,5.605193857299268e-45,1.1210387714598537e-44,14.430631637573242,14.427708625793457,14.43309211730957,0.013493127189576626,0.01500184740871191,0,0,4800,0,5.605193857299268e-45
1787293532325,1936,0,0,10,0.015131449326872826,-12.66836929321289,160.2078094482422,5.605193857299268e-45,1.1210387714598537e-44,5.605193857299268e-45,-5.605193857299268e-45,0,0,0.004966578911989927,0.002240786561742425,5.605193857299268e-45,1.1210387714598537e-44,14.430621147155762,14.428297996520996,14.43327808380127,0.013734966516494751,0.014633907936513424,0.0020652359817177057,0,4800,0,5.605193857299268e-45
1787293532346,1937,0,0,10,0.23208241164684296,19.118614196777344,209.12814331054688,5.605193857299268e-45,1.1210387714598537e-44,5.605193857299268e-45,-5.605193857299268e-45,0,0,0.005736475344747305,0.002052511088550091,5.605193857299268e-45,1.1210387714598537e-44,14.430500984191895,14.427900314331055,14.434576988220215,0.013651030138134956,0.014451071619987488,0.002066541463136673,0,4800,0,5.605193857299268e-45
1787293532366,1938,0,0,10,0.14471665024757385,4.3423686027526855,225.01541137695312,5.605193857299268e-45,1.1210387714598537e-44,5.605193857299268e-45,-5.605193857299268e-45,0,0,0.004760443232953548,0.001995519967749715,5.605193857299268e-45,1.1210387714598537e-44,14.429656028747559,14.425821304321289,14.432159423828125,0.01346699520945549,0.014508177526295185,0,0,4800,0,5.605193857299268e-45
1787293532386,1939,0,0,10,0.6528193354606628,61.7495231628418,158.6742706298828,5.605193857299268e-45,1.1210387714598537e-44,5.605193857299268e-45,-5.605193857299268e-45,0,0,0.006697087548673153,0.0027803510893136263,5.605193857299268e-45,1.1210387714598537e-44,14.431479454040527,14.427992820739746,14.436073303222656,0.013374528847634792,0.01468911673873663,0,0,4800,0,5.605193857299268e-45
1787293532406,1940,0,0,10,0.512353241443634,43.07664108276367,186.47869873046875,5.605193857299268e-45,1.1210387714598537e-44,5.605193857299268e-45,-5.605193857299268e-45,0,0,0.007249688263982534,0.0024993629194796085,5.605193857299268e-45,1.1210387714598537e-44,14.43101692199707,14.427628517150879,14.43571949005127,0.013464521616697311,0.014524928294122219,0.002066541463136673,0,4800,0,5.605193857299268e-45
1787293532426,1941,0,0,10,-0.160305455327034,-10.106492042541504,157.85601806640625,5.605193857299268e-45,1.1210387714598537e-44,5.605193857299268e-45,-5.605193857299268e-45,0,0,0.007512684445828199,0.0016215693904086947,5.605193857299268e-45,1.1210387714598537e-44,14.43070125579834,14.427929878234863,14.43269157409668,0.013206623494625092,0.01456450391560793,0.004271461628377438,0,4800,0,5.605193857299268e-45
1787293532446,1942,0,0,10,-0.034125830978155136,-12.048833847045898,208.70181274414062,5.605193857299268e-45,1.1210387714598537e-44,5.605193857299268e-45,-5.605193857299268e-45,0,0,0.006829262711107731,0.0021757157519459724,5.605193857299268e-45,1.1210387714598537e-44,14.430042266845703,14.42540454864502,14.4331636428833,0.01371168065816164,0.014757359400391579,0.002066541463136673,0,4800,0,5.605193857299268e-45
1787293532466,1943,0,0,10,0.010662351734936237,-6.983362197875977,222.7258758544922,5.605193857299268e-45,1.1210387714598537e-44,5.605193857299268e-45,-5.605193857299268e-45,0,0,0.006355126854032278,0.0022418724838644266,5.605193857299268e-45,1.1210387714598537e-44,14.430194854736328,14.427404403686523,14.434168815612793,0.013388808816671371,0.014126082882285118,0.0020652359817177057,0,4800,0,5.605193857299268e-45
1787293532487,1944,0,0,10,-0.23776577413082123,-32.89905548095703,200.39813232421875,5.605193857299268e-45,1.1210387714598537e-44,5.605193857299268e-45,-5.605193857299268e-45,0,0,0.009031987749040127,0.0025255284272134304,5.605193857299268e-45,1.1210387714598537e-44,14.430764198303223,14.42776870727539,14.43509292602539,0.01373368315398693,0.014497680589556694,0.0020652359817177057,0,4800,0,5.605193857299268e-45
1787293532507,1945,0,0,10,-0.11110977828502655,-4.290356159210205,141.13589477539062,5.605193857299268e-45,1.1210387714598537e-44,5.605193857299268e-45,-5.605193857299268e-45,0,0,0.00865649338811636,0.0019404172198846936,5.605193857299268e-45,1.1210387714598537e-44,14.430238723754883,14.426491737365723,14.434920310974121,0.013531733304262161,0.014418764971196651,0.002066541463136673,0,4800,0,5.605193857299268e-45
1787293532526,1946,0,0,10,-0.11552497744560242,-22.16307258605957,193.9442901611328,5.605193857299268e-45,1.1210387714598537e-44,5.605193857299268e-45,-5.605193857299268e-45,0,0,0.007497796788811684,0.0025442226324230433,5.605193857299268e-45,1.1210387714598537e-44,14.430118560791016,14.427083015441895,14.433392524719238,0.013697574846446514,0.014925309456884861,0.002066541463136673,0,4800,0,5.605193857299268e-45
1787293532547,1947,0,0,10,-0.2826681435108185,-34.923362731933594,285.8016357421875,5.605193857299268e-45,1.1210387714598537e-44,5.605193857299268e-45,-5.605193857299268e-45,0,0,0.007191837765276432,0.0018444090383127332,5.605193857299268e-45,1.1210387714598537e-44,14.430381774902344,14.428949356079102,14.432576179504395,0.01349334791302681,0.014568386599421501,0.002066541463136673,0,4800,0,5.605193857299268e-45
1787293532567,1948,0,0,10,-0.17495857179164886,-23.820579528808594,218.40359497070312,5.605193857299268e-45,1.1210387714598537e-44,5.605193857299268e-45,-5.605193857299268e-45,0,0,0.004698561504483223,0.0024862908758223057,5.605193857299268e-45,1.1210387714598537e-44,14.430082321166992,14.4295072555542,14.432168960571289,0.013421935960650444,0.014803539030253887,0,0,4800,0,5.605193857299268e-45
1787293532587,1949,0,0,10,0.023412713780999184,-1.3364982604980469,296.98101806640625,5.605193857299268e-45,1.1210387714598537e-44,5.605193857299268e-45,-5.605193857299268e-45,0,0,0.0069324844516813755,0.0024539704900234938,5.605193857299268e-45,1.1210387714598537e-44,14.43021297454834,14.424732208251953,14.43315601348877,0.013349028304219246,0.01502982247620821,0.002066541463136673,0,4800,0,5.605193857299268e-45
1787293532607,1950,0,0,10,0.23311321437358856,4.660680770874023,248.2533416748047,5.605193857299268e-45,1.1210387714598537e-44,5.605193857299268e-45,-5.605193857299268e-45,0,0,0.006492078769952059,0.001588952960446477,5.605193857299268e-45,1.1210387714598537e-44,14.429447174072266,14.423057556152344,14.43251895904541,0.013568911701440811,0.014357996173202991,0.002066541463136673,0,4800,0,5.605193857299268e-45
1787293532627,1951,0,0,10,-0.11758442223072052,-13.685965538024902,178.59971618652344,5.605193857299268e-45,1.1210387714598537e-44,5.605193857299268e-45,-5.605193857299268e-45,0,0,0.005717138759791851,0.002217331202700734,5.605193857299268e-45,1.1210387714598537e-44,14.430651664733887,14.427997589111328,14.433165550231934,0.013493264093995094,0.014436702243983746,0,0,4800,0,5.605193857299268e-45
1787293532647,1952,0,0,10,-0.1601400077342987,-11.105902671813965,190.32252502441406,5.605193857299268e-45,1.1210387714598537e-44,5.605193857299268e-45,-5.605193857299268e-45,0,0,0.004300046246498823,0.002057468518614769,5.605193857299268e-45,1.1210387714598537e-44,14.429795265197754,14.424201965332031,14.432178497314453,0.013764883391559124,0.015132755972445011,0,0,4800,0,5.605193857299268e-45
1787293532667,1953,0,0,10,-0.04497558996081352,-10.633319854736328,331.2593688964844,5.605193857299268e-45,1.1210387714598537e-44,5.605193857299268e-45,-5.605193857299268e-45,0,0,0.005190908443182707,0.002186085097491741,5.605193857299268e-45,1.1210387714598537e-44,14.430583953857422,14.427857398986816,14.435894012451172,0.013551623560488224,0.014285124838352203,0.0020652359817177057,0,4800,0,5.605193857299268e-45
1787293532687,1954,0,0,10,0.06420562416315079,2.6412248611450195,282.25421142578125,5.605193857299268e-45,1.1210387714598537e-44,5.605193857299268e-45,-5.605193857299268e-45,0,0,0.005128177814185619,0.002570956712588668,5.605193857299268e-45,1.1210387714598537e-44,14.429899215698242,14.427877426147461,14.432552337646484,0.013703741133213043,0.015055688098073006,0.002066541463136673,0,4800,0,5.605193857299268e-45
1787293532708,1955,0,0,10,-0.3292480409145355,-35.21449279785156,290.2776794433594,5.605193857299268e-45,1.1210387714598537e-44,5.605193857299268e-45,-5.605193857299268e-45,0,0,0.006417704746127129,0.0026570730842649937,5.605193857299268e-45,1.1210387714598537e-44,14.430498123168945,14.427816390991211,14.43307876586914,0.013259107246994972,0.014274605549871922,0.002066541463136673,0,4800,0,5.605193857299268e-45
1787293532728,1956,0,0,10,0.037478893995285034,6.983088493347168,197.83827209472656,5.605193857299268e-45,1.1210387714598537e-44,5.605193857299268e-45,-5.605193857299268e-45,0,0,0.00545598566532135,0.002626574831083417,5.605193857299268e-45,1.1210387714598537e-44,14.430089950561523,14.428211212158203,14.432205200195312,0.013664258643984795,0.014580542221665382,0,0,4800,0,5.605193857299268e-45
1787293532748,1957,0,0,10,-0.1608554571866989,-21.827943801879883,147.3627471923828,5.605193857299268e-45,1.1210387714598537e-44,5.605193857299268e-45,-5.605193857299268e-45,0,0,0.005859227851033211,0.0036139378789812326,5.605193857299268e-45,1.1210387714598537e-44,14.429883003234863,14.423803329467773,14.436086654663086,0.013613040558993816,0.01427626796066761,0,0,4800,0,5.605193857299268e-45
1787293532768,1958,0,0,10,0.07462766021490097,7.006277084350586,165.61012268066406,5.605193857299268e-45,1.1210387714598537e-44,5.605193857299268e-45,-5.605193857299268e-45,0,0,0.005984146147966385,0.0023407547269016504,5.605193857299268e-45,1.1210387714598537e-44,14.430039405822754,14.427693367004395,14.432830810546875,0.013544423505663872,0.01463131420314312,0.002066541463136673,0,4800,0,5.605193857299268e-45
1787293532788,1959,0,0,10,-0.03807787597179413,-4.980338096618652,153.6875,5.605193857299268e-45,1.1210387714598537e-44,5.605193857299268e-45,-5.605193857299268e-45,0,0,0.004885649308562279,0.002387444255873561,5.605193857299268e-45,1.1210387714598537e-44,14.430755615234375,14.425475120544434,14.434267044067383,0.01377438846975565,0.01510647963732481,0.002066541463136673,0,4800,0,5.605193857299268e-45
1787293532808,1960,0,0,10,-0.12172946333885193,-12.643823623657227,107.89400482177734,5.605193857299268e-45,1.1210387714598537e-44,5.605193857299268e-45,-5.605193857299268e-45,0,0,0.004529990721493959,0.002163267694413662,5.605193857299268e-45,1.1210387714598537e-44,14.430557250976562,14.428821563720703,14.433394432067871,0.013671533204615116,0.014504228718578815,0,0,4800,0,5.605193857299268e-45
1787293532828,1961,0,0,10,0.35198503732681274,45.12362289428711,131.09405517578125,5.605193857299268e-45,1.1210387714598537e-44,5.605193857299268e-45,-5.605193857299268e-45,0,0,0.004972523078322411,0.002041211351752281,5.605193857299268e-45,1.1210387714598537e-44,14.42963981628418,14.424681663513184,14.432443618774414,0.01332522090524435,0.01437362190335989,0,0,4800,0,5.605193857299268e-45
1787293532848,1962,0,0,10,0.009599120356142521,-5.361083984375,150.58285522460938,5.605193857299268e-45,1.1210387714598537e-44,5.605193857299268e-45,-5.605193857299268e-45,0,0,0.004503129981458187,0.0017421949887648225,5.605193857299268e-45,1.1210387714598537e-44,14.430460929870605,14.427763938903809,14.432836532592773,0.01367659866809845,0.014778310433030128,0,0,4800,0,5.605193857299268e-45
1787293532868,1963,0,0,10,0.009332740679383278,-11.05052661895752,149.727294921875,5.605193857299268e-45,1.1210387714598537e-44,5.605193857299268e-45,-5.605193857299268e-45,0,0,0.004091534297913313,0.002366968896239996,5.605193857299268e-45,1.1210387714598537e-44,14.430238723754883,14.426745414733887,14.433032989501953,0.013535907492041588,0.01418905146420002,0,0,4800,0,5.605193857299268e-45
1787293532888,1964,0,0,10,0.16171197593212128,4.353728771209717,202.58131408691406,5.605193857299268e-45,1.1210387714598537e-44,5.605193857299268e-45,-5.605193857299268e-45,0,0,0.00513890665024519,0.002181609394028783,5.605193857299268e-45,1.1210387714598537e-44,14.430928230285645,14.429539680480957,14.433833122253418,0.013644061982631683,0.014756855554878712,0.002066541463136673,0,4800,0,5.605193857299268e-45
1787293532909,1965,0,0,10,0.19846311211585999,20.673656463623047,135.9007110595703,5.605193857299268e-45,1.1210387714598537e-44,5.605193857299268e-45,-5.605193857299268e-45,0,0,0.00408138008788228,0.0019725870806723833,5.605193857299268e-45,1.1210387714598537e-44,14.430163383483887,14.419870376586914,14.433028221130371,0.013469967059791088,0.014321557246148586,0,0,4800,0,5.605193857299268e-45
1787293532928,1966,0,0,10,-0.261078417301178,-33.61606979370117,231.71697998046875,5.605193857299268e-45,1.1210387714598537e-44,5.605193857299268e-45,-5.605193857299268e-45,0,0,0.00507929315790534,0.0017707335064187646,5.605193857299268e-45,1.1210387714598537e-44,14.430987358093262,14.423667907714844,14.434412956237793,0.013453674502670765,0.01419813558459282,0.002066541463136673,0,4800,0,5.605193857299268e-45
1787293532949,1967,0,0,10,-0.11516460031270981,-13.55198860168457,205.20272827148438,5.605193857299268e-45,1.1210387714598537e-44,5.605193857299268e-45,-5.605193857299268e-45,0,0,0.004646723624318838,0.0027538121212273836,5.605193857299268e-45,1.1210387714598537e-44,14.431137084960938,14.429360389709473,14.434649467468262,0.013445044867694378,0.014571716077625751,0,0,4800,0,5.605193857299268e-45
1787293532969,1968,0,0,10,0.2193392962217331,16.414188385009766,170.52047729492188,5.605193857299268e-45,1.1210387714598537e-44,5.605193857299268e-45,-5.605193857299268e-45,0,0,0.005308927036821842,0.002223330084234476,5.605193857299268e-45,1.1210387714598537e-44,14.430367469787598,14.4295072555542,14.432056427001953,0.013646101579070091,0.014513285830616951,0,0,4800,0,5.605193857299268e-45
1787293532989,1969,0,0,10,-0.015331214293837547,-7.519941329956055,119.14039611816406,5.605193857299268e-45,1.1210387714598537e-44,5.605193857299268e-45,-5.605193857299268e-45,0,0,0.004684303887188435,0.002202945062890649,5.605193857299268e-45,1.1210387714598537e-44,14.430498123168945,14.426916122436523,14.434025764465332,0.013188394717872143,0.014471900649368763,0,0,4800,0,5.605193857299268e-45
1787293533009,1970,0,0,10,0.09613633900880814,-3.675661087036133,164.0546875,5.605193857299268e-45,1.1210387714598537e-44,5.605193857299268e-45,-5.605193857299268e-45,0,0,0.004993245471268892,0.002259379718452692,5.605193857299268e-45,1.1210387714598537e-44,14.43065357208252,14.427833557128906,14.434432983398438,0.013612804934382439,0.015277973376214504,0,0,4800,0,5.605193857299268e-45
1787293533029,1971,0,0,10,0.6594645977020264,55.124122619628906,176.08599853515625,5.605193857299268e-45,1.1210387714598537e-44,5.605193857299268e-45,-5.605193857299268e-45,0,0,0.004943460691720247,0.0020425021648406982,5.605193857299268e-45,1.1210387714598537e-44,14.431488990783691,14.42846393585205,14.434531211853027,0.013564455322921276,0.014487933367490768,0,0,4800,0,5.605193857299268e-45
1787293533049,1972,0,0,10,0.10609987378120422,14.094082832336426,191.9813232421875,5.605193857299268e-45,1.1210387714598537e-44,5.605193857299268e-45,-5.605193857299268e-45,0,0,0.005750903859734535,0.0021078737918287516,5.605193857299268e-45,1.1210387714598537e-44,14.43071460723877,14.428085327148438,14.432854652404785,0.013729742728173733,0.01505468413233757,0,0,4800,0,5.605193857299268e-45
1787293533069,1973,0,0,10,0.048570167273283005,10.32597827911377,131.42422485351562,5.605193857299268e-45,1.1210387714598537e-44,5.605193857299268e-45,-5.605193857299268e-45,0,0,0.0034659388475120068,0.002102610655128956,5.605193857299268e-45,1.1210387714598537e-44,14.431071281433105,14.42465591430664,14.437541961669922,0.013702149502933025,0.014531267806887627,0,0,4800,0,5.605193857299268e-45
1787293533089,1974,0,0,10,0.24879257380962372,19.250030517578125,131.0789794921875,5.605193857299268e-45,1.1210387714598537e-44,5.605193857299268e-45,-5.605193857299268e-45,0,0,0.003739322070032358,0.001669732271693647,5.605193857299268e-45,1.1210387714598537e-44,14.429827690124512,14.427702903747559,14.432092666625977,0.013775751926004887,0.014457306824624538,0.0020652359817177057,0,4800,0,5.605193857299268e-45
1787293533109,1975,0,0,10,-0.3925102651119232,-48.94392013549805,275.1153564453125,5.605193857299268e-45,1.1210387714598537e-44,5.605193857299268e-45,-5.605193857299268e-45,0,0,0.0050573693588376045,0.0025640283711254597,5.605193857299268e-45,1.1210387714598537e-44,14.42946720123291,14.424126625061035,14.432509422302246,0.013519040308892727,0.014593478292226791,0,0,4800,0,5.605193857299268e-45
1787293533130,1976,0,0,10,0.5218470096588135,46.6727180480957,197.28294372558594,5.605193857299268e-45,1.1210387714598537e-44,5.605193857299268e-45,-5.605193857299268e-45,0,0,0.0064009190537035465,0.002391260350123048,5.605193857299268e-45,1.1210387714598537e-44,14.429814338684082,14.427900314331055,14.431682586669922,0.013475095853209496,0.014300181530416012,0.002066541463136673,0,4800,0,5.605193857299268e-45
1787293533150,1977,0,0,10,0.056341055780649185,3.952108860015869,155.6261444091797,5.605193857299268e-45,1.1210387714598537e-44,5.605193857299268e-45,-5.605193857299268e-45,0,0,0.005444822367280722,0.0027881639543920755,5.605193857299268e-45,1.1210387714598537e-44,14.430275917053223,14.42404842376709,14.433578491210938,0.01349790208041668,0.0144968805834651,0,0,4800,0,5.605193857299268e-45
1787293533170,1978,0,0,10,-0.05932809039950371,-12.225469589233398,145.38914489746094,5.605193857299268e-45,1.1210387714598537e-44,5.605193857299268e-45,-5.605193857299268e-45,0,0,0.005404932890087366,0.001894789282232523,5.605193857299268e-45,1.1210387714598537e-44,14.43203353881836,14.429539680480957,14.436249732971191,0.01367295254021883,0.015106501057744026,0,0,4800,0,5.605193857299268e-45
1787293533190,1979,0,0,10,-0.11189781129360199,-16.275955200195312,219.13815307617188,5.605193857299268e-45,1.1210387714598537e-44,5.605193857299268e-45,-5.605193857299268e-45,0,0,0.004697600845247507,0.0020567427854985,5.605193857299268e-45,1.1210387714598537e-44,14.431453704833984,14.425084114074707,14.436589241027832,0.013694004155695438,0.014833611436188221,0,0,4800,0,5.605193857299268e-45
1787293533210,1980,0,0,10,-0.0009470888180658221,-10.320812225341797,167.94139099121094,5.605193857299268e-45,1.1210387714598537e-44,5.605193857299268e-45,-5.605193857299268e-45,0,0,0.004831661004573107,0.0022452636621892452,5.605193857299268e-45,1.1210387714598537e-44,14.431203842163086,14.428731918334961,14.433862686157227,0.013700885698199272,0.014717333018779755,0.0020652359817177057,0,4800,0,5.605193857299268e-45
1787293533230,1981,0,0,10,-0.06143344193696976,-12.267358779907227,109.23469543457031,5.605193857299268e-45,1.1210387714598537e-44,5.605193857299268e-45,-5.605193857299268e-45,0,0,0.00407918356359005,0.0019692531786859035,5.605193857299268e-45,1.1210387714598537e-44,14.431007385253906,14.426764488220215,14.437345504760742,0.013675829395651817,0.014476243406534195,0,0,4800,0,5.605193857299268e-45
1787293533250,1982,0,0,10,0.01539621688425541,-27.45271110534668,293.03057861328125,5.605193857299268e-45,1.1210387714598537e-44,5.605193857299268e-45,-5.605193857299268e-45,0,0,0.006292617414146662,0.0026150865014642477,5.605193857299268e-45,1.1210387714598537e-44,14.430577278137207,14.427559852600098,14.434877395629883,0.013695793226361275,0.014571670442819595,0,0,4800,0,5.605193857299268e-45
1787293533270,1983,0,0,10,-0.09461689740419388,-11.191183090209961,256.39111328125,5.605193857299268e-45,1.1210387714598537e-44,5.605193857299268e-45,-5.605193857299268e-45,0,0,0.004715478513389826,0.0022582835517823696,5.605193857299268e-45,1.1210387714598537e-44,14.431111335754395,14.428723335266113,14.433979034423828,0.013714284636080265,0.014837260358035564,0,0,4800,0,5.605193857299268e-45
1787293533290,1984,0,0,10,-0.1688501536846161,-19.24039649963379,182.9723663330078,5.605193857299268e-45,1.1210387714598537e-44,5.605193857299268e-45,-5.605193857299268e-45,0,0,0.004818136803805828,0.0025347680784761906,5.605193857299268e-45,1.1210387714598537e-44,14.43106460571289,14.429129600524902,14.43364429473877,0.013651849702000618,0.014908685348927975,0.002066541463136673,0,4800,0,5.605193857299268e-45
1787293533311,1985,0,0,10,0.060808390378952026,-4.688538551330566,160.05836486816406,5.605193857299268e-45,1.1210387714598537e-44,5.605193857299268e-45,-5.605193857299268e-45,0,0,0.005167976021766663,0.0022226793225854635,5.605193857299268e-45,1.1210387714598537e-44,14.430336952209473,14.423550605773926,14.434357643127441,0.013470735400915146,0.014060119166970253,0.002066541463136673,0,4800,0,5.605193857299268e-45
1787293533331,1986,0,0,10,0.37501102685928345,31.227333068847656,164.10093688964844,5.605193857299268e-45,1.1210387714598537e-44,5.605193857299268e-45,-5.605193857299268e-45,0,0,0.007103912997990847,0.0028288287576287985,5.605193857299268e-45,1.1210387714598537e-44,14.430519104003906,14.427328109741211,14.434678077697754,0.013539869338274002,0.014480876736342907,0.002066541463136673,0,4800,0,5.605193857299268e-45
1787293533351,1987,0,0,10,0.3431028127670288,32.71876907348633,175.5529327392578,5.605193857299268e-45,1.1210387714598537e-44,5.605193857299268e-45,-5.605193857299268e-45,0,0,0.005937626585364342,0.002347573172301054,5.605193857299268e-45,1.1210387714598537e-44,14.431523323059082,14.429550170898438,14.435348510742188,0.01366518810391426,0.01479293406009674,0,0,4800,0,5.605193857299268e-45
1787293533371,1988,0,0,10,-0.19671151041984558,-20.0153865814209,155.67127990722656,5.605193857299268e-45,1.1210387714598537e-44,5.605193857299268e-45,-5.605193857299268e-45,0,0,0.006777910515666008,0.001975464401766658,5.605193857299268e-45,1.1210387714598537e-44,14.432292938232422,14.428760528564453,14.43871784210205,0.013547059148550034,0.01421563234180212,0.002066541463136673,0,4800,0,5.605193857299268e-45
1787293533391,1989,0,0,10,0.01621060073375702,-14.599663734436035,388.46014404296875,5.605193857299268e-45,1.1210387714598537e-44,5.605193857299268e-45,-5.605193857299268e-45,0,0,0.006252974271774292,0.0024602788034826517,5.605193857299268e-45,1.1210387714598537e-44,14.430429458618164,14.421836853027344,14.433683395385742,0.013645107857882977,0.014778445474803448,0,0,4800,0,5.605193857299268e-45
1787293533411,1990,0,0,10,-0.13113290071487427,-5.484375953674316,201.1985626220703,5.605193857299268e-45,1.1210387714598537e-44,5.605193857299268e-45,-5.605193857299268e-45,0,0,0.004893777426332235,0.0023877129424363375,5.605193857299268e-45,1.1210387714598537e-44,14.4306058883667,14.429201126098633,14.435009956359863,0.013657713308930397,0.014612093567848206,0,0,4800,0,5.605193857299268e-45
1787293533431,1991,0,0,10,0.007795524783432484,3.026655912399292,170.98934936523438,5.605193857299268e-45,1.1210387714598537e-44,5.605193857299268e-45,-5.605193857299268e-45,0,0,0.0052957781590521336,0.002233151812106371,5.605193857299268e-45,1.1210387714598537e-44,14.432699203491211,14.42912769317627,14.437108993530273,0.013314252719283104,0.014905836433172226,0.002066541463136673,0,4800,0,5.605193857299268e-45
1787293533451,1992,0,0,10,-0.17782500386238098,-20.868255615234375,270.8681945800781,5.605193857299268e-45,1.1210387714598537e-44,5.605193857299268e-45,-5.605193857299268e-45,0,0,0.005647812969982624,0.001725094160065055,5.605193857299268e-45,1.1210387714598537e-44,14.431510925292969,14.42648983001709,14.436202049255371,0.01375147420912981,0.014896422624588013,0.002066541463136673,0,4800,0,5.605193857299268e-45
1787293533471,1993,0,0,10,0.3716602623462677,23.321239471435547,224.22088623046875,5.605193857299268e-45,1.1210387714598537e-44,5.605193857299268e-45,-5.605193857299268e-45,0,0,0.005497953854501247,0.0026021746452897787,5.605193857299268e-45,1.1210387714598537e-44,14.430695533752441,14.421887397766113,14.43763542175293,0.013549731113016605,0.014538262039422989,0,0,4800,0,5.605193857299268e-45
1787293533491,1994,0,0,10,-0.3166709244251251,-30.598529815673828,210.04067993164062,5.605193857299268e-45,1.1210387714598537e-44,5.605193857299268e-45,-5.605193857299268e-45,0,0,0.0073845828883349895,0.002689807675778866,5.605193857299268e-45,1.1210387714598537e-44,14.431442260742188,14.429427146911621,14.435015678405762,0.013493063859641552,0.014330041594803333,0.002066541463136673,0,4800,0,5.605193857299268e-45
1787293533511,1995,0,0,10,-0.120907723903656,-13.808905601501465,203.80015563964844,5.605193857299268e-45,1.1210387714598537e-44,5.605193857299268e-45,-5.605193857299268e-45,0,0,0.006592120975255966,0.002992842113599181,5.605193857299268e-45,1.1210387714598537e-44,14.431646347045898,14.428129196166992,14.436261177062988,0.013331390917301178,0.014073179103434086,0.002066541463136673,0,4800,0,5.605193857299268e-45
1787293533532,1996,0,0,10,0.018438415601849556,0.45779892802238464,170.77569580078125,5.605193857299268e-45,1.1210387714598537e-44,5.605193857299268e-45,-5.605193857299268e-45,0,0,0.005289212800562382,0.002526835072785616,5.605193857299268e-45,1.1210387714598537e-44,14.430803298950195,14.42585563659668,14.433140754699707,0.013325517997145653,0.014516681432723999,0,0,4800,0,5.605193857299268e-45
1787293533552,1997,0,0,10,0.0180127564817667,-12.537036895751953,262.7061462402344,5.605193857299268e-45,1.1210387714598537e-44,5.605193857299268e-45,-5.605193857299268e-45,0,0,0.008057263679802418,0.002134689362719655,5.605193857299268e-45,1.1210387714598537e-44,14.432286262512207,14.429322242736816,14.435104370117188,0.013501383364200592,0.014247001148760319,0.004271461628377438,0,4800,0,5.605193857299268e-45
1787293533572,1998,0,0,10,0.06970659643411636,11.267476081848145,198.5546875,5.605193857299268e-45,1.1210387714598537e-44,5.605193857299268e-45,-5.605193857299268e-45,0,0,0.005874760448932648,0.0019044858636334538,5.605193857299268e-45,1.1210387714598537e-44,14.431145668029785,14.428818702697754,14.434708595275879,0.01390755269676447,0.01501511037349701,0.002066541463136673,0,4800,0,5.605193857299268e-45
1787293533592,1999,0,0,10,-0.12545503675937653,-28.008726119995117,157.2813720703125,5.605193857299268e-45,1.1210387714598537e-44,5.605193857299268e-45,-5.605193857299268e-45,0,0,0.007575365714728832,0.0016505485400557518,5.605193857299268e-45,1.1210387714598537e-44,14.430868148803711,14.426872253417969,14.433516502380371,0.013686557300388813,0.014455650933086872,0.004271461628377438,0,4800,0,5.605193857299268e-45
1787293533612,2000,0,0,10,0.06061657518148422,-1.3122532367706299,190.6114959716797,5.605193857299268e-45,1.1210387714598537e-44,5.605193857299268e-45,-5.605193857299268e-45,0,0,0.006645668763667345,0.0022228604648262262,5.605193857299268e-45,1.1210387714598537e-44,14.431466102600098,14.425094604492188,14.434224128723145,0.013443000614643097,0.014380617067217827,0.002066541463136673,0,4800,0,5.605193857299268e-45
1787293533632,2001,0,0,10,-0.06807252019643784,-15.156636238098145,170.26901245117188,5.605193857299268e-45,1.1210387714598537e-44,5.605193857299268e-45,-5.605193857299268e-45,0,0,0.006369257345795631,0.002255768980830908,5.605193857299268e-45,1.1210387714598537e-44,14.430925369262695,14.4264554977417,14.437561988830566,0.01391990389674902,0.014697615057229996,0,0,4800,0,5.605193857299268e-45
1787293533652,2002,0,0,10,-0.196335569024086,-29.38100242614746,230.31192016601562,5.605193857299268e-45,1.1210387714598537e-44,5.605193857299268e-45,-5.605193857299268e-45,0,0,0.006709668319672346,0.0031473934650421143,5.605193857299268e-45,1.1210387714598537e-44,14.430974960327148,14.426887512207031,14.43657112121582,0.013186496682465076,0.01426641084253788,0,0,4800,0,5.605193857299268e-45
1787293533672,2003,0,0,10,-0.09111013263463974,-11.153122901916504,144.018798828125,5.605193857299268e-45,1.1210387714598537e-44,5.605193857299268e-45,-5.605193857299268e-45,0,0,0.005753109697252512,0.0022663837298750877,5.605193857299268e-45,1.1210387714598537e-44,14.43199348449707,14.427057266235352,14.437108993530273,0.013283368200063705,0.014408133924007416,0.002066541463136673,0,4800,0,5.605193857299268e-45
1787293533693,2004,0,0,10,-0.1034822165966034,-13.542457580566406,168.5285186767578,5.605193857299268e-45,1.1210387714598537e-44,5.605193857299268e-45,-5.605193857299268e-45,0,0,0.0043675838969647884,0.002559250220656395,5.605193857299268e-45,1.1210387714598537e-44,14.431889533996582,14.428318977355957,14.434536933898926,0.013565967790782452,0.014511051587760448,0,0,4800,0,5.605193857299268e-45
1787293533713,2005,0,0,10,0.01791328191757202,-3.3744266033172607,150.85757446289062,5.605193857299268e-45,1.1210387714598537e-44,5.605193857299268e-45,-5.605193857299268e-45,0,0,0.00447219330817461,0.0020129650365561247,5.605193857299268e-45,1.1210387714598537e-44,14.431270599365234,14.424458503723145,14.437119483947754,0.013554371893405914,0.015216360799968243,0,0,4800,0,5.605193857299268e-45
1787293533733,2006,0,0,10,0.13451644778251648,-0.4210476577281952,183.9267578125,5.605193857299268e-45,1.1210387714598537e-44,5.605193857299268e-45,-5.605193857299268e-45,0,0,0.007519743405282497,0.0020569630432873964,5.605193857299268e-45,1.1210387714598537e-44,14.430343627929688,14.427659034729004,14.43464183807373,0.013463078998029232,0.014193514361977577,0.002066541463136673,0,4800,0,5.605193857299268e-45
1787293533753,2007,0,0,10,0.35876375436782837,41.77956771850586,146.9073944091797,5.605193857299268e-45,1.1210387714598537e-44,5.605193857299268e-45,-5.605193857299268e-45,0,0,0.005265538580715656,0.0020920527167618275,5.605193857299268e-45,1.1210387714598537e-44,14.431644439697266,14.428921699523926,14.437195777893066,0.013356371782720089,0.014279389753937721,0.002066541463136673,0,4800,0,5.605193857299268e-45
1787293533773,2008,0,0,10,-0.009709029458463192,-2.9962775707244873,196.92332458496094,5.605193857299268e-45,1.1210387714598537e-44,5.605193857299268e-45,-5.605193857299268e-45,0,0,0.005160775035619736,0.0018773045158013701,5.605193857299268e-45,1.1210387714598537e-44,14.431931495666504,14.429672241210938,14.439669609069824,0.01354035921394825,0.014267515391111374,0.002066541463136673,0,4800,0,5.605193857299268e-45
1787293533793,2009,0,0,10,0.06500508636236191,1.5075238943099976,137.0742950439453,5.605193857299268e-45,1.1210387714598537e-44,5.605193857299268e-45,-5.605193857299268e-45,0,0,0.0045942505821585655,0.002139250049367547,5.605193857299268e-45,1.1210387714598537e-44,14.430885314941406,14.4218168258667,14.436262130737305,0.013659142889082432,0.014629673212766647,0.002066541463136673,0,4800,0,5.605193857299268e-45
1787293533813,2010,0,0,10,-0.1858469396829605,-21.210922241210938,149.10012817382812,5.605193857299268e-45,1.1210387714598537e-44,5.605193857299268e-45,-5.605193857299268e-45,0,0,0.004504323936998844,0.002364523708820343,5.605193857299268e-45,1.1210387714598537e-44,14.431966781616211,14.424796104431152,14.436442375183105,0.01376227755099535,0.014378419145941734,0,0,4800,0,5.605193857299268e-45
1787293533833,2011,0,0,10,-0.1299976408481598,-18.39101791381836,186.12493896484375,5.605193857299268e-45,1.1210387714598537e-44,5.605193857299268e-45,-5.605193857299268e-45,0,0,0.006086511537432671,0.0022078529000282288,5.605193857299268e-45,1.1210387714598537e-44,14.430266380310059,14.423416137695312,14.434880256652832,0.013769482262432575,0.014815694652497768,0,0,4800,0,5.605193857299268e-45
1787293533853,2012,0,0,10,0.05896388739347458,-7.079117774963379,209.2498779296875,5.605193857299268e-45,1.1210387714598537e-44,5.605193857299268e-45,-5.605193857299268e-45,0,0,0.006408113054931164,0.0021422794088721275,5.605193857299268e-45,1.1210387714598537e-44,14.43123722076416,14.427040100097656,14.435081481933594,0.01357225701212883,0.01454667653888464,0,0,4800,0,5.605193857299268e-45
1787293533873,2013,0,0,10,-0.12879037857055664,-18.56496238708496,117.06959533691406,5.605193857299268e-45,1.1210387714598537e-44,5.605193857299268e-45,-5.605193857299268e-45,0,0,0.005917422007769346,0.0026377204339951277,5.605193857299268e-45,1.1210387714598537e-44,14.431865692138672,14.429403305053711,14.434221267700195,0.013412333093583584,0.01429121382534504,0,0,4800,0,5.605193857299268e-45
1787293533894,2014,0,0,10,0.11861526221036911,11.076033592224121,202.8749542236328,5.605193857299268e-45,1.1210387714598537e-44,5.605193857299268e-45,-5.605193857299268e-45,0,0,0.0052186776883900166,0.0023804036900401115,5.605193857299268e-45,1.1210387714598537e-44,14.430215835571289,14.424532890319824,14.433545112609863,0.013607087545096874,0.01447228156030178,0,0,4800,0,5.605193857299268e-45
1787293533914,2015,0,0,10,-0.1342812031507492,-17.415454864501953,113.73749542236328,5.605193857299268e-45,1.1210387714598537e-44,5.605193857299268e-45,-5.605193857299268e-45,0,0,0.0047110337764024734,0.0022823838517069817,5.605193857299268e-45,1.1210387714598537e-44,14.431245803833008,14.429081916809082,14.434576988220215,0.013544164597988129,0.014527932740747929,0,0,4800,0,5.605193857299268e-45
1787293533934,2016,0,0,10,0.02358042635023594,-5.791741371154785,153.6684112548828,5.605193857299268e-45,1.1210387714598537e-44,5.605193857299268e-45,-5.605193857299268e-45,0,0,0.0051710219122469425,0.0020902594551444054,5.605193857299268e-45,1.1210387714598537e-44,14.4315185546875,14.42840576171875,14.434218406677246,0.013610687106847763,0.014134164899587631,0,0,4800,0,5.605193857299268e-45
1787293533953,2017,0,0,10,0.0871758908033371,6.903355121612549,124.0691909790039,5.605193857299268e-45,1.1210387714598537e-44,5.605193857299268e-45,-5.605193857299268e-45,0,0,0.0052645765244960785,0.0022106387186795473,5.605193857299268e-45,1.1210387714598537e-44,14.430536270141602,14.423521995544434,14.434226989746094,0.013656361028552055,0.014778977259993553,0.0020652359817177057,0,4800,0,5.605193857299268e-45
1787293533974,2018,0,0,10,-0.03753662109375,-2.75249981880188,146.77972412109375,5.605193857299268e-45,1.1210387714598537e-44,5.605193857299268e-45,-5.605193857299268e-45,0,0,0.00474611995741725,0.0024358241353183985,5.605193857299268e-45,1.1210387714598537e-44,14.431065559387207,14.428054809570312,14.433889389038086,0.01374610885977745,0.014463757164776325,0.002066541463136673,0,4800,0,5.605193857299268e-45
1787293533994,2019,0,0,10,0.016636846587061882,-2.5040698051452637,79.10066223144531,5.605193857299268e-45,1.1210387714598537e-44,5.605193857299268e-45,-5.605193857299268e-45,0,0,0.005392459221184254,0.001856485614553094,5.605193857299268e-45,1.1210387714598537e-44,14.43297290802002,14.430425643920898,14.435835838317871,0.01373794674873352,0.014698784798383713,0.002066541463136673,0,4800,0,5.605193857299268e-45
1787293534014,2020,0,0,10,0.5887656807899475,60.33564376831055,217.0470733642578,5.605193857299268e-45,1.1210387714598537e-44,5.605193857299268e-45,-5.605193857299268e-45,0,0,0.005768164061009884,0.0021606674417853355,5.605193857299268e-45,1.1210387714598537e-44,14.432065963745117,14.429603576660156,14.43504524230957,0.013557578437030315,0.01438269205391407,0.002066541463136673,0,4800,0,5.605193857299268e-45
1787293534034,2021,0,0,10,-0.13906528055667877,-9.582562446594238,194.14549255371094,5.605193857299268e-45,1.1210387714598537e-44,5.605193857299268e-45,-5.605193857299268e-45,0,0,0.0038864989764988422,0.002199274953454733,5.605193857299268e-45,1.1210387714598537e-44,14.431584358215332,14.428738594055176,14.436335563659668,0.013456814922392368,0.014773196540772915,0,0,4800,0,5.605193857299268e-45
1787293534054,2022,0,0,10,0.2771768569946289,31.428571701049805,187.400146484375,5.605193857299268e-45,1.1210387714598537e-44,5.605193857299268e-45,-5.605193857299268e-45,0,0,0.0054399436339735985,0.0020897944923490286,5.605193857299268e-45,1.1210387714598537e-44,14.430912971496582,14.429732322692871,14.433693885803223,0.013711915351450443,0.014558962546288967,0.002066541463136673,0,4800,0,5.605193857299268e-45
1787293534074,2023,0,0,10,-0.10722322762012482,-13.042305946350098,188.3914337158203,5.605193857299268e-45,1.1210387714598537e-44,5.605193857299268e-45,-5.605193857299268e-45,0,0,0.00544377975165844,0.0016656001098453999,5.605193857299268e-45,1.1210387714598537e-44,14.432601928710938,14.430325508117676,14.43624210357666,0.013505242764949799,0.014483960345387459,0,0,4800,0,5.605193857299268e-45
1787293534094,2024,0,0,10,-0.21477921307086945,-34.62899398803711,211.56814575195312,5.605193857299268e-45,1.1210387714598537e-44,5.605193857299268e-45,-5.605193857299268e-45,0,0,0.007577938959002495,0.0025686719454824924,5.605193857299268e-45,1.1210387714598537e-44,14.431797981262207,14.429561614990234,14.435401916503906,0.013689174316823483,0.014750427566468716,0.002066541463136673,0,4800,0,5.605193857299268e-45
1787293534114,2025,0,0,10,-0.260520875453949,-25.389999389648438,208.34251403808594,5.605193857299268e-45,1.1210387714598537e-44,5.605193857299268e-45,-5.605193857299268e-45,0,0,0.005972602404654026,0.0017604290042072535,5.605193857299268e-45,1.1210387714598537e-44,14.432044982910156,14.428096771240234,14.434956550598145,0.013539891690015793,0.014870315790176392,0,0,4800,0,5.605193857299268e-45
1787293534135,2026,0,0,10,-0.06243164464831352,-17.565202713012695,174.3270263671875,5.605193857299268e-45,1.1210387714598537e-44,5.605193857299268e-45,-5.605193857299268e-45,0,0,0.007316933013498783,0.002183597767725587,5.605193857299268e-45,1.1210387714598537e-44,14.431635856628418,14.427935600280762,14.434242248535156,0.013625064864754677,0.014766608364880085,0.002066541463136673,0,4800,0,5.605193857299268e-45
1787293534155,2027,0,0,10,-0.2357572764158249,-24.81972312927246,222.2274627685547,5.605193857299268e-45,1.1210387714598537e-44,5.605193857299268e-45,-5.605193857299268e-45,0,0,0.006711597088724375,0.0020935863722115755,5.605193857299268e-45,1.1210387714598537e-44,14.431072235107422,14.427711486816406,14.434652328491211,0.013345266692340374,0.014219759032130241,0.002066541463136673,0,4800,0,5.605193857299268e-45
1787293534175,2028,0,0,10,0.013575785793364048,5.588771820068359,188.96774291992188,5.605193857299268e-45,1.1210387714598537e-44,5.605193857299268e-45,-5.605193857299268e-45,0,0,0.006542014889419079,0.0017880355007946491,5.605193857299268e-45,1.1210387714598537e-44,14.432737350463867,14.429996490478516,14.439114570617676,0.013600742444396019,0.014428451657295227,0.002066541463136673,0,4800,0,5.605193857299268e-45
1787293534195,2029,0,0,10,-0.08424116671085358,-7.6751813888549805,136.2932586669922,5.605193857299268e-45,1.1210387714598537e-44,5.605193857299268e-45,-5.605193857299268e-45,0,0,0.006042184308171272,0.0024044306483119726,5.605193857299268e-45,1.1210387714598537e-44,14.431052207946777,14.42817211151123,14.433956146240234,0.013432360254228115,0.014301816932857037,0.002066541463136673,0,4800,0,5.605193857299268e-45
1787293534215,2030,0,0,10,-0.00974863488227129,-8.702747344970703,264.1764221191406,5.605193857299268e-45,1.1210387714598537e-44,5.605193857299268e-45,-5.605193857299268e-45,0,0,0.005994810722768307,0.0024731075391173363,5.605193857299268e-45,1.1210387714598537e-44,14.430699348449707,14.424118041992188,14.435455322265625,0.013774055987596512,0.014928150922060013,0,0,4800,0,5.605193857299268e-45
1787293534235,2031,0,0,10,0.0990934818983078,3.529224395751953,245.73489379882812,5.605193857299268e-45,1.1210387714598537e-44,5.605193857299268e-45,-5.605193857299268e-45,0,0,0.006109812296926975,0.0018266423139721155,5.605193857299268e-45,1.1210387714598537e-44,14.432327270507812,14.423426628112793,14.43584156036377,0.013570109382271767,0.014369048178195953,0.0020652359817177057,0,4800,0,5.605193857299268e-45
1787293534255,2032,0,0,10,0.04102742299437523,-4.6852264404296875,196.42666625976562,5.605193857299268e-45,1.1210387714598537e-44,5.605193857299268e-45,-5.605193857299268e-45,0,0,0.006260231137275696,0.0022960719652473927,5.605193857299268e-45,1.1210387714598537e-44,14.432449340820312,14.430196762084961,14.435748100280762,0.013568578287959099,0.014849602244794369,0,0,4800,0,5.605193857299268e-45
1787293534275,2033,0,0,10,0.037654049694538116,-1.1722533702850342,123.91127014160156,5.605193857299268e-45,1.1210387714598537e-44,5.605193857299268e-45,-5.605193857299268e-45,0,0,0.007326931226998568,0.002808126388117671,5.605193857299268e-45,1.1210387714598537e-44,14.430957794189453,14.424444198608398,14.43487548828125,0.013559085316956043,0.014498076401650906,0.0020652359817177057,0,4800,0,5.605193857299268e-45
1787293534295,2034,0,0,10,0.039639003574848175,2.5632846355438232,132.40650939941406,5.605193857299268e-45,1.1210387714598537e-44,5.605193857299268e-45,-5.605193857299268e-45,0,0,0.006680624093860388,0.0022610179148614407,5.605193857299268e-45,1.1210387714598537e-44,14.431346893310547,14.427533149719238,14.434496879577637,0.013364126905798912,0.014321781694889069,0.002066541463136673,0,4800,0,5.605193857299268e-45
1787293534315,2035,0,0,10,0.24789465963840485,14.810556411743164,259.45928955078125,5.605193857299268e-45,1.1210387714598537e-44,5.605193857299268e-45,-5.605193857299268e-45,0,0,0.006108097266405821,0.0017967328894883394,5.605193857299268e-45,1.1210387714598537e-44,14.432830810546875,14.425389289855957,14.435893058776855,0.013412632048130035,0.014602157287299633,0.002066541463136673,0,4800,0,5.605193857299268e-45
1787293534335,2036,0,0,10,0.19994795322418213,2.346362352371216,226.99111938476562,5.605193857299268e-45,1.1210387714598537e-44,5.605193857299268e-45,-5.605193857299268e-45,0,0,0.007724967785179615,0.001995817292481661,5.605193857299268e-45,1.1210387714598537e-44,14.430877685546875,14.425252914428711,14.435175895690918,0.013638793490827084,0.015027675777673721,0.002066541463136673,0,4800,0,5.605193857299268e-45
1787293534356,2037,0,0,10,0.13331547379493713,-7.079431056976318,239.48617553710938,5.605193857299268e-45,1.1210387714598537e-44,5.605193857299268e-45,-5.605193857299268e-45,0,0,0.006108731031417847,0.002352222567424178,5.605193857299268e-45,1.1210387714598537e-44,14.431498527526855,14.428743362426758,14.434948921203613,0.01367957890033722,0.014499347656965256,0.002066541463136673,0,4800,0,5.605193857299268e-45
1787293534376,2038,0,0,10,-0.388945609331131,-49.71192169189453,241.44955444335938,5.605193857299268e-45,1.1210387714598537e-44,5.605193857299268e-45,-5.605193857299268e-45,0,0,0.0061653475277125835,0.0019298384431749582,5.605193857299268e-45,1.1210387714598537e-44,14.432461738586426,14.427739143371582,14.435664176940918,0.013707337900996208,0.015013461001217365,0.002066541463136673,0,4800,0,5.605193857299268e-45
1787293534396,2039,0,0,10,0.05804618448019028,6.558029651641846,174.67494201660156,5.605193857299268e-45,1.1210387714598537e-44,5.605193857299268e-45,-5.605193857299268e-45,0,0,0.007071516942232847,0.0023212251253426075,5.605193857299268e-45,1.1210387714598537e-44,14.43211841583252,14.426769256591797,14.435542106628418,0.01362744253128767,0.014611555263400078,0.002066541463136673,0,4800,0,5.605193857299268e-45
1787293534416,2040,0,0,10,0.17002780735492706,5.997089385986328,166.66004943847656,5.605193857299268e-45,1.1210387714598537e-44,5.605193857299268e-45,-5.605193857299268e-45,0,0,0.006145565304905176,0.0014988062903285027,5.605193857299268e-45,1.1210387714598537e-44,14.43189811706543,14.428833961486816,14.438429832458496,0.013691580854356289,0.014446270652115345,0.002066541463136673,0,4800,0,5.605193857299268e-45
1787293534436,2041,0,0,10,-0.06023606285452843,-12.683989524841309,157.8443145751953,5.605193857299268e-45,1.1210387714598537e-44,5.605193857299268e-45,-5.605193857299268e-45,0,0,0.005720341578125954,0.002392561174929142,5.605193857299268e-45,1.1210387714598537e-44,14.431971549987793,14.425944328308105,14.437146186828613,0.013547185808420181,0.014100523665547371,0.002066541463136673,0,4800,0,5.605193857299268e-45
1787293534456,2042,0,0,10,-0.3785252273082733,-39.1624870300293,178.6072998046875,5.605193857299268e-45,1.1210387714598537e-44,5.605193857299268e-45,-5.605193857299268e-45,0,0,0.0055895536206662655,0.0026431861333549023,5.605193857299268e-45,1.1210387714598537e-44,14.432201385498047,14.426717758178711,14.435800552368164,0.013709153980016708,0.014524193480610847,0,0,4800,0,5.605193857299268e-45
1787293534476,2043,0,0,10,0.13386915624141693,12.688173294067383,159.30084228515625,5.605193857299268e-45,1.1210387714598537e-44,5.605193857299268e-45,-5.605193857299268e-45,0,0,0.006534970365464687,0.0027934866957366467,5.605193857299268e-45,1.1210387714598537e-44,14.432397842407227,14.429644584655762,14.43958854675293,0.013350938446819782,0.014690829440951347,0,0,4800,0,5.605193857299268e-45
1787293534496,2044,0,0,10,0.24140609800815582,29.662921905517578,203.07472229003906,5.605193857299268e-45,1.1210387714598537e-44,5.605193857299268e-45,-5.605193857299268e-45,0,0,0.006501359399408102,0.0022270078770816326,5.605193857299268e-45,1.1210387714598537e-44,14.433396339416504,14.429121971130371,14.436511039733887,0.014027760364115238,0.015403354540467262,0.002066541463136673,0,4800,0,5.605193857299268e-45
1787293534516,2045,0,0,10,0.15389235317707062,11.960165977478027,234.1976776123047,5.605193857299268e-45,1.1210387714598537e-44,5.605193857299268e-45,-5.605193857299268e-45,0,0,0.006510782986879349,0.0025336858816444874,5.605193857299268e-45,1.1210387714598537e-44,14.433473587036133,14.427918434143066,14.437007904052734,0.01340497937053442,0.01428705733269453,0,0,4800,0,5.605193857299268e-45
1787293534537,2046,0,0,10,-0.07260661572217941,-2.7595629692077637,161.33763122558594,5.605193857299268e-45,1.1210387714598537e-44,5.605193857299268e-45,-5.605193857299268e-45,0,0,0.007692582905292511,0.002668999833986163,5.605193857299268e-45,1.1210387714598537e-44,14.431730270385742,14.42815113067627,14.43661117553711,0.013628886081278324,0.01448542345315218,0.002066541463136673,0,4800,0,5.605193857299268e-45
1787293534557,2047,0,0,10,0.3175279200077057,25.238611221313477,164.8245391845703,5.605193857299268e-45,1.1210387714598537e-44,5.605193857299268e-45,-5.605193857299268e-45,0,0,0.008403445594012737,0.0022141048684716225,5.605193857299268e-45,1.1210387714598537e-44,14.433119773864746,14.422995567321777,14.439343452453613,0.013619865290820599,0.014528457075357437,0.004271461628377438,0,4800,0,5.605193857299268e-45
1787293534577,2048,0,0,10,0.2470492124557495,-3.2324769496917725,212.77932739257812,5.605193857299268e-45,1.1210387714598537e-44,5.605193857299268e-45,-5.605193857299268e-45,0,0,0.00922293309122324,0.001965208910405636,5.605193857299268e-45,1.1210387714598537e-44,14.4324369430542,14.429937362670898,14.43703556060791,0.013586767017841339,0.014349034987390041,0.004271461628377438,0,4800,0,5.605193857299268e-45
1787293534597,2049,0,0,10,0.28828421235084534,32.788272857666016,202.11224365234375,5.605193857299268e-45,1.1210387714598537e-44,5.605193857299268e-45,-5.605193857299268e-45,0,0,0.007417881861329079,0.0020018196664750576,5.605193857299268e-45,1.1210387714598537e-44,14.431140899658203,14.42715835571289,14.435335159301758,0.013467960990965366,0.014614341780543327,0.002066541463136673,0,4800,0,5.605193857299268e-45
1787293534617,2050,0,0,10,-0.16818594932556152,-22.38639259338379,235.73692321777344,5.605193857299268e-45,1.1210387714598537e-44,5.605193857299268e-45,-5.605193857299268e-45,0,0,0.00931428000330925,0.002013765973970294,5.605193857299268e-45,1.1210387714598537e-44,14.431930541992188,14.430142402648926,14.437010765075684,0.013695497997105122,0.014994435012340546,0.004271461628377438,0,4800,0,5.605193857299268e-45
1787293534637,2051,0,0,10,0.05194270238280296,1.9940265417099,183.29757690429688,5.605193857299268e-45,1.1210387714598537e-44,5.605193857299268e-45,-5.605193857299268e-45,0,0,0.00784934964030981,0.0022917399182915688,5.605193857299268e-45,1.1210387714598537e-44,14.43264389038086,14.423527717590332,14.436723709106445,0.013307789340615273,0.014262961223721504,0.002066541463136673,0,4800,0,5.605193857299268e-45
1787293534657,2052,0,0,10,-0.08148670941591263,-10.46101188659668,179.7841796875,5.605193857299268e-45,1.1210387714598537e-44,5.605193857299268e-45,-5.605193857299268e-45,0,0,0.007633050438016653,0.0021219314076006413,5.605193857299268e-45,1.1210387714598537e-44,14.43266487121582,14.43008041381836,14.436437606811523,0.01356913335621357,0.015290029346942902,0.002066541463136673,0,4800,0,5.605193857299268e-45
1787293534677,2053,0,0,10,-0.1385621577501297,-17.778995513916016,184.947021484375,5.605193857299268e-45,1.1210387714598537e-44,5.605193857299268e-45,-5.605193857299268e-45,0,0,0.005377520341426134,0.0019045764347538352,5.605193857299268e-45,1.1210387714598537e-44,14.431532859802246,14.427361488342285,14.436013221740723,0.013406756334006786,0.014861197210848331,0,0,4800,0,5.605193857299268e-45
1787293534697,2054,0,0,10,0.13443847000598907,11.675414085388184,200.4720916748047,5.605193857299268e-45,1.1210387714598537e-44,5.605193857299268e-45,-5.605193857299268e-45,0,0,0.005631553009152412,0.002472523832693696,5.605193857299268e-45,1.1210387714598537e-44,14.433147430419922,14.4259614944458,14.443339347839355,0.013491280376911163,0.014599296264350414,0,0,4800,0,5.605193857299268e-45
1787293534717,2055,0,0,10,-0.09103281050920486,-17.567798614501953,167.7498321533203,5.605193857299268e-45,1.1210387714598537e-44,5.605193857299268e-45,-5.605193857299268e-45,0,0,0.0056928666308522224,0.0020107629243284464,5.605193857299268e-45,1.1210387714598537e-44,14.43136978149414,14.425145149230957,14.433869361877441,0.01341310515999794,0.014564006589353085,0,0,4800,0,5.605193857299268e-45
1787293534738,2056,0,0,10,-0.004650598857551813,-8.466947555541992,153.59523010253906,5.605193857299268e-45,1.1210387714598537e-44,5.605193857299268e-45,-5.605193857299268e-45,0,0,0.008300082758069038,0.0022036272566765547,5.605193857299268e-45,1.1210387714598537e-44,14.431462287902832,14.429515838623047,14.4363431930542,0.013630389235913754,0.015095026232302189,0.004271461628377438,0,4800,0,5.605193857299268e-45
1787293534758,2057,0,0,10,0.40777137875556946,31.10098648071289,171.15316772460938,5.605193857299268e-45,1.1210387714598537e-44,5.605193857299268e-45,-5.605193857299268e-45,0,0,0.006439599674195051,0.0028259402606636286,5.605193857299268e-45,1.1210387714598537e-44,14.431984901428223,14.42829704284668,14.43756103515625,0.013432314619421959,0.014697309583425522,0,0,4800,0,5.605193857299268e-45
1787293534778,2058,0,0,10,-0.2061833143234253,-29.335317611694336,171.86749267578125,5.605193857299268e-45,1.1210387714598537e-44,5.605193857299268e-45,-5.605193857299268e-45,0,0,0.006829957012087107,0.0018734390614554286,5.605193857299268e-45,1.1210387714598537e-44,14.431854248046875,14.428202629089355,14.435276985168457,0.01361575536429882,0.014572585932910442,0.002066541463136673,0,4800,0,5.605193857299268e-45
1787293534798,2059,0,0,10,0.04798236861824989,-6.261415958404541,207.1238250732422,5.605193857299268e-45,1.1210387714598537e-44,5.605193857299268e-45,-5.605193857299268e-45,0,0,0.005369958002120256,0.002059070859104395,5.605193857299268e-45,1.1210387714598537e-44,14.432649612426758,14.42631721496582,14.438209533691406,0.013468176126480103,0.014240220189094543,0.002066541463136673,0,4800,0,5.605193857299268e-45
1787293534818,2060,0,0,10,-0.16305866837501526,-21.074195861816406,226.686279296875,5.605193857299268e-45,1.1210387714598537e-44,5.605193857299268e-45,-5.605193857299268e-45,0,0,0.007137077394872904,0.002340504666790366,5.605193857299268e-45,1.1210387714598537e-44,14.432378768920898,14.429962158203125,14.436321258544922,0.0134976701810956,0.014180774800479412,0,0,4800,0,5.605193857299268e-45
1787293534838,2061,0,0,10,-0.46675100922584534,-44.3182487487793,295.2777404785156,5.605193857299268e-45,1.1210387714598537e-44,5.605193857299268e-45,-5.605193857299268e-45,0,0,0.00921662151813507,0.0038635830860584974,5.605193857299268e-45,1.1210387714598537e-44,14.432732582092285,14.429768562316895,14.436168670654297,0.013627604581415653,0.014753296971321106,0.0020652359817177057,0,4800,0,5.605193857299268e-45
1787293534858,2062,0,0,10,-0.042346514761447906,-1.8158413171768188,274.1604919433594,5.605193857299268e-45,1.1210387714598537e-44,5.605193857299268e-45,-5.605193857299268e-45,0,0,0.007068599108606577,0.0028296085074543953,5.605193857299268e-45,1.1210387714598537e-44,14.431715965270996,14.42978286743164,14.435442924499512,0.013579931110143661,0.014738030731678009,0,0,4800,0,5.605193857299268e-45
1787293534878,2063,0,0,10,-0.22521278262138367,-22.912460327148438,161.88015747070312,5.605193857299268e-45,1.1210387714598537e-44,5.605193857299268e-45,-5.605193857299268e-45,0,0,0.005944602657109499,0.0029862122610211372,5.605193857299268e-45,1.1210387714598537e-44,14.430910110473633,14.424962043762207,14.435949325561523,0.013469518162310123,0.014370615594089031,0,0,4800,0,5.605193857299268e-45
1787293534898,2064,0,0,10,0.4040104150772095,38.360958099365234,193.44337463378906,5.605193857299268e-45,1.1210387714598537e-44,5.605193857299268e-45,-5.605193857299268e-45,0,0,0.006115464027971029,0.0020535821095108986,5.605193857299268e-45,1.1210387714598537e-44,14.432840347290039,14.428356170654297,14.439208984375,0.013459290377795696,0.014414158649742603,0,0,4800,0,5.605193857299268e-45
1787293534919,2065,0,0,10,0.011974619701504707,-4.103235721588135,158.77110290527344,5.605193857299268e-45,1.1210387714598537e-44,5.605193857299268e-45,-5.605193857299268e-45,0,0,0.005855916067957878,0.001895023277029395,5.605193857299268e-45,1.1210387714598537e-44,14.432045936584473,14.42835807800293,14.437933921813965,0.013684695586562157,0.014794750139117241,0.002066541463136673,0,4800,0,5.605193857299268e-45
1787293534939,2066,0,0,10,-0.08262597024440765,-9.876935958862305,208.08485412597656,5.605193857299268e-45,1.1210387714598537e-44,5.605193857299268e-45,-5.605193857299268e-45,0,0,0.006342969834804535,0.002093213377520442,5.605193857299268e-45,1.1210387714598537e-44,14.432275772094727,14.428750038146973,14.435853958129883,0.013728059828281403,0.01466428767889738,0.002066541463136673,0,4800,0,5.605193857299268e-45
1787293534959,2067,0,0,10,-0.1886906623840332,-10.5217866897583,267.4961853027344,5.605193857299268e-45,1.1210387714598537e-44,5.605193857299268e-45,-5.605193857299268e-45,0,0,0.005788701586425304,0.002667495980858803,5.605193857299268e-45,1.1210387714598537e-44,14.432767868041992,14.429134368896484,14.437068939208984,0.013646256178617477,0.014501545578241348,0,0,4800,0,5.605193857299268e-45
1787293534979,2068,0,0,10,0.03609968721866608,11.604656219482422,146.9619140625,5.605193857299268e-45,1.1210387714598537e-44,5.605193857299268e-45,-5.605193857299268e-45,0,0,0.00613434799015522,0.0024909432977437973,5.605193857299268e-45,1.1210387714598537e-44,14.431892395019531,14.429156303405762,14.435527801513672,0.013729427009820938,0.015051624737679958,0,0,4800,0,5.605193857299268e-45
1787293534999,2069,0,0,10,0.3567512631416321,35.23898696899414,165.38731384277344,5.605193857299268e-45,1.1210387714598537e-44,5.605193857299268e-45,-5.605193857299268e-45,0,0,0.006411538925021887,0.0021271256264299154,5.605193857299268e-45,1.1210387714598537e-44,14.432245254516602,14.429381370544434,14.437127113342285,0.013498510234057903,0.014192569069564342,0.002066541463136673,0,4800,0,5.605193857299268e-45
