timestamp,packet_id,super_state,mc_state,ctrl_mode,rpm,accel_avg,accel_mad,iq_avg,iq_mad,iq_target,id_avg,id_min,id_max,if_avg,if_mad,field_pwm_avg,field_pwm_mad,vbus_avg,vbus_min,vbus_max,duty_avg,duty_max,if_min,stator_fw_id,speed_target,speed_i_term,i_bus
1787297062571,1437,0,0,2,0.02257942222058773,0.1264238953590393,104.3896713256836,5.605193857299268e-45,1.1210387714598537e-44,5.605193857299268e-45,-5.605193857299268e-45,0,0,0.002862508175894618,0.0019260343397036195,5.605193857299268e-45,1.1210387714598537e-44,13.586234092712402,13.582660675048828,13.590715408325195,0.014825433492660522,0.01561775803565979,0,0,4800,0,5.605193857299268e-45
1787297062591,1438,0,0,2,-0.1224457249045372,-12.150867462158203,100.64414978027344,5.605193857299268e-45,1.1210387714598537e-44,5.605193857299268e-45,-5.605193857299268e-45,0,0,0.002486805198714137,0.0024284077808260918,5.605193857299268e-45,1.1210387714598537e-44,13.58730697631836,13.579728126525879,13.59526538848877,0.014473785646259785,0.015407576225697994,0,0,4800,0,5.605193857299268e-45
1787297062611,1439,0,0,2,-0.04828088358044624,-5.114709854125977,69.11624145507812,5.605193857299268e-45,1.1210387714598537e-44,5.605193857299268e-45,-5.605193857299268e-45,0,0,0.0005852911272086203,0.0011170210782438517,5.605193857299268e-45,1.1210387714598537e-44,13.587845802307129,13.584606170654297,13.592697143554688,0.014555258676409721,0.015798253938555717,0,0,4800,0,5.605193857299268e-45
1787297062631,1440,0,0,2,0.018833499401807785,-6.08089542388916,109.87016296386719,5.605193857299268e-45,1.1210387714598537e-44,5.605193857299268e-45,-5.605193857299268e-45,0,0,0.002118560252711177,0.0014355798484757543,5.605193857299268e-45,1.1210387714598537e-44,13.588510513305664,13.58373737335205,13.593897819519043,0.01441802829504013,0.01558688748627901,0,0,4800,0,5.605193857299268e-45
1787297062651,1441,0,0,2,-0.0495612733066082,-2.2874538898468018,81.3268814086914,5.605193857299268e-45,1.1210387714598537e-44,5.605193857299268e-45,-5.605193857299268e-45,0,0,0.0022755444515496492,0.0015857885591685772,5.605193857299268e-45,1.1210387714598537e-44,13.588326454162598,13.58410358428955,13.595354080200195,0.014476370066404343,0.016075830906629562,0,0,4800,0,5.605193857299268e-45
1787297062671,1442,0,0,2,-0.02199411764740944,-1.4361011981964111,45.04862976074219,5.605193857299268e-45,1.1210387714598537e-44,5.605193857299268e-45,-5.605193857299268e-45,0,0,0.001433997880667448,0.0017103716963902116,5.605193857299268e-45,1.1210387714598537e-44,13.588112831115723,13.584095001220703,13.593846321105957,0.014560221694409847,0.01559571735560894,0,0,4800,0,5.605193857299268e-45
1787297062691,1443,0,0,2,0.07967401295900345,-9.175758361816406,95.08467102050781,5.605193857299268e-45,1.1210387714598537e-44,5.605193857299268e-45,-5.605193857299268e-45,0,0,0.0036208597011864185,0.0018441571155562997,5.605193857299268e-45,1.1210387714598537e-44,13.586380958557129,13.582770347595215,13.59290885925293,0.01464886125177145,0.015485838986933231,0,0,4800,0,5.605193857299268e-45
1787297062711,1444,0,0,2,-0.15374968945980072,-22.387712478637695,123.59685516357422,5.605193857299268e-45,1.1210387714598537e-44,5.605193857299268e-45,-5.605193857299268e-45,0,0,0.0029895214829593897,0.0018742169486358762,5.605193857299268e-45,1.1210387714598537e-44,13.58724594116211,13.580086708068848,13.591300010681152,0.014536131173372269,0.015622621402144432,0,0,4800,0,5.605193857299268e-45
1787297062731,1445,0,0,2,0.04444635286927223,-1.2159538269042969,144.0048065185547,5.605193857299268e-45,1.1210387714598537e-44,5.605193857299268e-45,-5.605193857299268e-45,0,0,0.0032262972090393305,0.001752326963469386,5.605193857299268e-45,1.1210387714598537e-44,13.585747718811035,13.58116340637207,13.593671798706055,0.014685163274407387,0.016327599063515663,0,0,4800,0,5.605193857299268e-45
1787297062752,1446,0,0,2,-0.04001323878765106,-5.262432098388672,140.90858459472656,5.605193857299268e-45,1.1210387714598537e-44,5.605193857299268e-45,-5.605193857299268e-45,0,0,0.00462444918230176,0.0024421385023742914,5.605193857299268e-45,1.1210387714598537e-44,13.584702491760254,13.57512092590332,13.594059944152832,0.014572888612747192,0.015475423075258732,0,0,4800,0,5.605193857299268e-45
1787297062771,1447,0,0,2,-0.0009250369039364159,1.0135338306427002,147.49774169921875,5.605193857299268e-45,1.1210387714598537e-44,5.605193857299268e-45,-5.605193857299268e-45,0,0,0.0022646342404186726,0.00204352755099535,5.605193857299268e-45,1.1210387714598537e-44,13.585247993469238,13.576859474182129,13.592765808105469,0.01441921666264534,0.015896743163466454,0,0,4800,0,5.605193857299268e-45
1787297062791,1448,0,0,2,0.0972384512424469,14.048827171325684,110.208740234375,5.605193857299268e-45,1.1210387714598537e-44,5.605193857299268e-45,-5.605193857299268e-45,0,0,0.0025077105965465307,0.0019421689212322235,5.605193857299268e-45,1.1210387714598537e-44,13.58704948425293,13.582738876342773,13.59321403503418,0.014359801076352596,0.01585007831454277,0,0,4800,0,5.605193857299268e-45
1787297062812,1449,0,0,2,0.09450188279151917,11.499054908752441,58.70955276489258,5.605193857299268e-45,1.1210387714598537e-44,5.605193857299268e-45,-5.605193857299268e-45,0,0,0.0016123896930366755,0.0018078753491863608,5.605193857299268e-45,1.1210387714598537e-44,13.585638999938965,13.578338623046875,13.597786903381348,0.01441873237490654,0.015332086943089962,0,0,4800,0,5.605193857299268e-45
1787297062832,1450,0,0,2,0.041610199958086014,-5.043101787567139,227.81556701660156,5.605193857299268e-45,1.1210387714598537e-44,5.605193857299268e-45,-5.605193857299268e-45,0,0,0.0038256822153925896,0.002547731390222907,5.605193857299268e-45,1.1210387714598537e-44,13.586169242858887,13.576664924621582,13.59166431427002,0.014529612846672535,0.01550984289497137,0,0,4800,0,5.605193857299268e-45
1787297062852,1451,0,0,2,0.08422374725341797,10.658799171447754,121.45674133300781,5.605193857299268e-45,1.1210387714598537e-44,5.605193857299268e-45,-5.605193857299268e-45,0,0,0.002387707820162177,0.0025050281547009945,5.605193857299268e-45,1.1210387714598537e-44,13.58526611328125,13.581923484802246,13.590569496154785,0.014416640624403954,0.015312623232603073,0,0,4800,0,5.605193857299268e-45
1787297062872,1452,0,0,2,-0.08298026770353317,-5.999538898468018,78.1510009765625,5.605193857299268e-45,1.1210387714598537e-44,5.605193857299268e-45,-5.605193857299268e-45,0,0,0.0012384862639009953,0.0016227883752435446,5.605193857299268e-45,1.1210387714598537e-44,13.585870742797852,13.576903343200684,13.595050811767578,0.014402072876691818,0.015498757362365723,0,0,4800,0,5.605193857299268e-45
1787297062892,1453,0,0,2,-0.10460329800844193,-4.608901500701904,68.6048812866211,5.605193857299268e-45,1.1210387714598537e-44,5.605193857299268e-45,-5.605193857299268e-45,0,0,0.0015204884111881256,0.0018032300285995007,5.605193857299268e-45,1.1210387714598537e-44,13.586572647094727,13.580242156982422,13.593503952026367,0.014206823892891407,0.01517440751194954,0,0,4800,0,5.605193857299268e-45
1787297062912,1454,0,0,2,-0.033640749752521515,-2.354043960571289,84.69955444335938,5.605193857299268e-45,1.1210387714598537e-44,5.605193857299268e-45,-5.605193857299268e-45,0,0,0.0022208713926374912,0.0021453893277794123,5.605193857299268e-45,1.1210387714598537e-44,13.587368965148926,13.581574440002441,13.59131908416748,0.014214000664651394,0.01536000519990921,0,0,4800,0,5.605193857299268e-45
1787297062932,1455,0,0,2,0.2464318722486496,25.046764373779297,87.48127746582031,5.605193857299268e-45,1.1210387714598537e-44,5.605193857299268e-45,-5.605193857299268e-45,0,0,0.0019533063750714064,0.0016569928266108036,5.605193857299268e-45,1.1210387714598537e-44,13.585597038269043,13.580068588256836,13.589768409729004,0.014499852433800697,0.015743715688586235,0,0,4800,0,5.605193857299268e-45
1787297062953,1456,0,0,2,0.01452872809022665,1.9206722974777222,79.1960220336914,5.605193857299268e-45,1.1210387714598537e-44,5.605193857299268e-45,-5.605193857299268e-45,0,0,0.0020083028357475996,0.0021156712900847197,5.605193857299268e-45,1.1210387714598537e-44,13.58665943145752,13.577428817749023,13.595237731933594,0.014321703463792801,0.01574154943227768,0,0,4800,0,5.605193857299268e-45
1787297062973,1457,0,0,2,-0.09858831018209457,-5.922390937805176,47.861141204833984,5.605193857299268e-45,1.1210387714598537e-44,5.605193857299268e-45,-5.605193857299268e-45,0,0,0.0008972269133664668,0.001366971293464303,5.605193857299268e-45,1.1210387714598537e-44,13.586010932922363,13.582801818847656,13.59322452545166,0.014286228455603123,0.015466039068996906,0,0,4800,0,5.605193857299268e-45
1787297062993,1458,0,0,2,0.08949290961027145,8.664165496826172,83.56455993652344,5.605193857299268e-45,1.1210387714598537e-44,5.605193857299268e-45,-5.605193857299268e-45,0,0,0.0018207419198006392,0.0018112180987372994,5.605193857299268e-45,1.1210387714598537e-44,13.586381912231445,13.581342697143555,13.591813087463379,0.014369030483067036,0.01561746746301651,0,0,4800,0,5.605193857299268e-45
1787297063013,1459,0,0,2,-0.060972705483436584,-7.1607184410095215,77.37356567382812,5.605193857299268e-45,1.1210387714598537e-44,5.605193857299268e-45,-5.605193857299268e-45,0,0,0.0010944510577246547,0.0012386820744723082,5.605193857299268e-45,1.1210387714598537e-44,13.586301803588867,13.583105087280273,13.590192794799805,0.014497226104140282,0.015733789652585983,0,0,4800,0,5.605193857299268e-45
1787297063033,1460,0,0,2,0.47388023138046265,45.988861083984375,85.04972839355469,5.605193857299268e-45,1.1210387714598537e-44,5.605193857299268e-45,-5.605193857299268e-45,0,0,0.0017065941356122494,0.0016170627204701304,5.605193857299268e-45,1.1210387714598537e-44,13.58701229095459,13.583065032958984,13.592645645141602,0.014451032504439354,0.015011382289230824,0,0,4800,0,5.605193857299268e-45
1787297063053,1461,0,0,2,-0.04034271091222763,-7.829376697540283,71.12114715576172,5.605193857299268e-45,1.1210387714598537e-44,5.605193857299268e-45,-5.605193857299268e-45,0,0,0.0012830543564632535,0.0016427619848400354,5.605193857299268e-45,1.1210387714598537e-44,13.586034774780273,13.578523635864258,13.589844703674316,0.014624513685703278,0.015437682159245014,0,0,4800,0,5.605193857299268e-45
1787297063073,1462,0,0,2,0.04417789354920387,5.761245250701904,109.05740356445312,5.605193857299268e-45,1.1210387714598537e-44,5.605193857299268e-45,-5.605193857299268e-45,0,0,0.0021315980702638626,0.001575589762069285,5.605193857299268e-45,1.1210387714598537e-44,13.58673095703125,13.58078670501709,13.590365409851074,0.014349686913192272,0.015510051511228085,0,0,4800,0,5.605193857299268e-45
1787297063093,1463,0,0,2,-0.03514932841062546,-7.8632731437683105,113.51172637939453,5.605193857299268e-45,1.1210387714598537e-44,5.605193857299268e-45,-5.605193857299268e-45,0,0,0.002208865713328123,0.0017194848041981459,5.605193857299268e-45,1.1210387714598537e-44,13.587043762207031,13.581902503967285,13.59228801727295,0.014505837112665176,0.015655677765607834,0,0,4800,0,5.605193857299268e-45
1787297063113,1464,0,0,2,-0.05414101853966713,-11.468672752380371,81.1976089477539,5.605193857299268e-45,1.1210387714598537e-44,5.605193857299268e-45,-5.605193857299268e-45,0,0,0.003107344266027212,0.0027150434907525778,5.605193857299268e-45,1.1210387714598537e-44,13.587538719177246,13.583024978637695,13.590719223022461,0.014436560682952404,0.015679411590099335,0,0,4800,0,5.605193857299268e-45
1787297063133,1465,0,0,2,-0.1133914664387703,-14.9304838180542,95.42554473876953,5.605193857299268e-45,1.1210387714598537e-44,5.605193857299268e-45,-5.605193857299268e-45,0,0,0.0019156879279762506,0.0016009460669010878,5.605193857299268e-45,1.1210387714598537e-44,13.585515975952148,13.5813627243042,13.589151382446289,0.014487341977655888,0.016179854050278664,0,0,4800,0,5.605193857299268e-45
1787297063153,1466,0,0,2,-0.08193360269069672,-4.439375400543213,70.49360656738281,5.605193857299268e-45,1.1210387714598537e-44,5.605193857299268e-45,-5.605193857299268e-45,0,0,0.001434387406334281,0.0019062405917793512,5.605193857299268e-45,1.1210387714598537e-44,13.586974143981934,13.580241203308105,13.59009075164795,0.014239094220101833,0.015681466087698936,0,0,4800,0,5.605193857299268e-45
1787297063173,1467,0,0,2,0.16916513442993164,18.59128761291504,65.2028579711914,5.605193857299268e-45,1.1210387714598537e-44,5.605193857299268e-45,-5.605193857299268e-45,0,0,0.0016035098815336823,0.0015781843103468418,5.605193857299268e-45,1.1210387714598537e-44,13.586130142211914,13.58336067199707,13.591645240783691,0.014794240705668926,0.015863679349422455,0,0,4800,0,5.605193857299268e-45
1787297063193,1468,0,0,2,-0.1099889799952507,-9.883515357971191,69.2532730102539,5.605193857299268e-45,1.1210387714598537e-44,5.605193857299268e-45,-5.605193857299268e-45,0,0,0.0013277613325044513,0.0018409162294119596,5.605193857299268e-45,1.1210387714598537e-44,13.585230827331543,13.57762336730957,13.592065811157227,0.014731441624462605,0.015309028327465057,0,0,4800,0,5.605193857299268e-45
1787297063214,1469,0,0,2,0.05867719277739525,3.0443148612976074,92.77082824707031,5.605193857299268e-45,1.1210387714598537e-44,5.605193857299268e-45,-5.605193857299268e-45,0,0,0.0023432965390384197,0.0020200074650347233,5.605193857299268e-45,1.1210387714598537e-44,13.585926055908203,13.58098030090332,13.5894193649292,0.014679910615086555,0.01584424450993538,0,0,4800,0,5.605193857299268e-45
1787297063234,1470,0,0,2,-0.05965122953057289,-5.886115550994873,73.59513092041016,5.605193857299268e-45,1.1210387714598537e-44,5.605193857299268e-45,-5.605193857299268e-45,0,0,0.0013017700985074043,0.0011692892294377089,5.605193857299268e-45,1.1210387714598537e-44,13.587409019470215,13.58060359954834,13.591821670532227,0.014524580910801888,0.015648161992430687,0,0,4800,0,5.605193857299268e-45
1787297063254,1471,0,0,2,-0.044090911746025085,-9.21412467956543,71.69617462158203,5.605193857299268e-45,1.1210387714598537e-44,5.605193857299268e-45,-5.605193857299268e-45,0,0,0.0018506527412682772,0.0016827528597787023,5.605193857299268e-45,1.1210387714598537e-44,13.587060928344727,13.580316543579102,13.59374713897705,0.014625458978116512,0.015629006549715996,0,0,4800,0,5.605193857299268e-45
1787297063274,1472,0,0,2,0.11703066527843475,10.574246406555176,42.82659149169922,5.605193857299268e-45,1.1210387714598537e-44,5.605193857299268e-45,-5.605193857299268e-45,0,0,0.001055429340340197,0.0014119595289230347,5.605193857299268e-45,1.1210387714598537e-44,13.587702751159668,13.583663940429688,13.594270706176758,0.014544246718287468,0.015254556201398373,0,0,4800,0,5.605193857299268e-45
1787297063294,1473,0,0,2,0.04278286173939705,0.16010481119155884,77.04397583007812,5.605193857299268e-45,1.1210387714598537e-44,5.605193857299268e-45,-5.605193857299268e-45,0,0,0.0010173071641474962,0.0011419514194130898,5.605193857299268e-45,1.1210387714598537e-44,13.586980819702148,13.582716941833496,13.590885162353516,0.014672553166747093,0.015486076474189758,0,0,4800,0,5.605193857299268e-45
1787297063315,1474,0,0,2,0.03936202824115753,-1.0988646745681763,97.30756378173828,5.605193857299268e-45,1.1210387714598537e-44,5.605193857299268e-45,-5.605193857299268e-45,0,0,0.0024892783258110285,0.00202290085144341,5.605193857299268e-45,1.1210387714598537e-44,13.588153839111328,13.584776878356934,13.593899726867676,0.014322042465209961,0.015143091790378094,0,0,4800,0,5.605193857299268e-45
1787297063334,1475,0,0,2,-0.02167157642543316,-3.078087091445923,63.77433395385742,5.605193857299268e-45,1.1210387714598537e-44,5.605193857299268e-45,-5.605193857299268e-45,0,0,0.0010319737484678626,0.001276488066650927,5.605193857299268e-45,1.1210387714598537e-44,13.586833953857422,13.579312324523926,13.595943450927734,0.014807838946580887,0.015853574499487877,0,0,4800,0,5.605193857299268e-45
1787297063354,1476,0,0,2,0.013672437518835068,0.025524025782942772,64.2959213256836,5.605193857299268e-45,1.1210387714598537e-44,5.605193857299268e-45,-5.605193857299268e-45,0,0,0.0010704639134928584,0.0013077209005132318,5.605193857299268e-45,1.1210387714598537e-44,13.586017608642578,13.581212997436523,13.594626426696777,0.014577249996364117,0.016234859824180603,0,0,4800,0,5.605193857299268e-45
1787297063375,1477,0,0,2,-0.02296583168208599,0.07440494000911713,30.790847778320312,5.605193857299268e-45,1.1210387714598537e-44,5.605193857299268e-45,-5.605193857299268e-45,0,0,0.0008822220261208713,0.0011471095494925976,5.605193857299268e-45,1.1210387714598537e-44,13.586787223815918,13.581851959228516,13.589913368225098,0.014564585871994495,0.016086138784885406,0,0,4800,0,5.605193857299268e-45
1787297063394,1478,0,0,2,-0.01613941602408886,-2.140810012817383,33.290794372558594,5.605193857299268e-45,1.1210387714598537e-44,5.605193857299268e-45,-5.605193857299268e-45,0,0,0.0008984269807115197,0.0011983191361650825,5.605193857299268e-45,1.1210387714598537e-44,13.586181640625,13.5799560546875,13.590760231018066,0.014312946237623692,0.01531173661351204,0,0,4800,0,5.605193857299268e-45
1787297063415,1479,0,0,2,0.05918264389038086,-5.403791427612305,94.55520629882812,5.605193857299268e-45,1.1210387714598537e-44,5.605193857299268e-45,-5.605193857299268e-45,0,0,0.0019944303203374147,0.0019849545788019896,5.605193857299268e-45,1.1210387714598537e-44,13.587430000305176,13.581860542297363,13.591995239257812,0.014541445299983025,0.015927396714687347,0,0,4800,0,5.605193857299268e-45
1787297063435,1480,0,0,2,0.11245241016149521,5.001287937164307,122.8694076538086,5.605193857299268e-45,1.1210387714598537e-44,5.605193857299268e-45,-5.605193857299268e-45,0,0,0.0028858319856226444,0.0021765141282230616,5.605193857299268e-45,1.1210387714598537e-44,13.586299896240234,13.57875919342041,13.590575218200684,0.014535516500473022,0.015249009244143963,0,0,4800,0,5.605193857299268e-45
1787297063455,1481,0,0,2,-0.05057983845472336,-4.941088676452637,90.38407897949219,5.605193857299268e-45,1.1210387714598537e-44,5.605193857299268e-45,-5.605193857299268e-45,0,0,0.0015604288782924414,0.001706691924482584,5.605193857299268e-45,1.1210387714598537e-44,13.584954261779785,13.580387115478516,13.590590476989746,0.014529094099998474,0.01522684097290039,0,0,4800,0,5.605193857299268e-45
1787297063475,1482,0,0,2,0.04957006499171257,10.22219181060791,125.08114624023438,5.605193857299268e-45,1.1210387714598537e-44,5.605193857299268e-45,-5.605193857299268e-45,0,0,0.002445266814902425,0.001978024374693632,5.605193857299268e-45,1.1210387714598537e-44,13.587569236755371,13.58008861541748,13.592055320739746,0.01444968394935131,0.01530359871685505,0,0,4800,0,5.605193857299268e-45
1787297063495,1483,0,0,2,-0.055225566029548645,-10.739066123962402,98.79142761230469,5.605193857299268e-45,1.1210387714598537e-44,5.605193857299268e-45,-5.605193857299268e-45,0,0,0.0018427168251946568,0.002077002078294754,5.605193857299268e-45,1.1210387714598537e-44,13.586712837219238,13.576227188110352,13.591552734375,0.014606405980885029,0.015324532054364681,0,0,4800,0,5.605193857299268e-45
1787297063515,1484,0,0,2,-0.037846826016902924,-6.396727085113525,94.37137603759766,5.605193857299268e-45,1.1210387714598537e-44,5.605193857299268e-45,-5.605193857299268e-45,0,0,0.0020463643595576286,0.0022517903707921505,5.605193857299268e-45,1.1210387714598537e-44,13.587213516235352,13.582521438598633,13.592536926269531,0.01476294081658125,0.015315331518650055,0,0,4800,0,5.605193857299268e-45
1787297063535,1485,0,0,2,-0.12561748921871185,-11.399136543273926,90.6102523803711,5.605193857299268e-45,1.1210387714598537e-44,5.605193857299268e-45,-5.605193857299268e-45,0,0,0.0015653724549338222,0.001720727188512683,5.605193857299268e-45,1.1210387714598537e-44,13.587772369384766,13.583592414855957,13.593390464782715,0.014576340094208717,0.015700139105319977,0,0,4800,0,5.605193857299268e-45
1787297063555,1486,0,0,2,0.13595981895923615,15.06748104095459,83.44692993164062,5.605193857299268e-45,1.1210387714598537e-44,5.605193857299268e-45,-5.605193857299268e-45,0,0,0.001648842473514378,0.0013579026563093066,5.605193857299268e-45,1.1210387714598537e-44,13.58724594116211,13.582450866699219,13.59195613861084,0.014308983460068703,0.015469929203391075,0,0,4800,0,5.605193857299268e-45
1787297063575,1487,0,0,2,-0.019951799884438515,-9.852193832397461,86.22271728515625,5.605193857299268e-45,1.1210387714598537e-44,5.605193857299268e-45,-5.605193857299268e-45,0,0,0.0018129178788512945,0.001564376405440271,5.605193857299268e-45,1.1210387714598537e-44,13.586342811584473,13.576130867004395,13.590681076049805,0.01442665234208107,0.01575610600411892,0,0,4800,0,5.605193857299268e-45
1787297063596,1488,0,0,2,-0.1179448813199997,-10.652070045471191,78.64643096923828,5.605193857299268e-45,1.1210387714598537e-44,5.605193857299268e-45,-5.605193857299268e-45,0,0,0.0028934103902429342,0.0018974167760461569,5.605193857299268e-45,1.1210387714598537e-44,13.589014053344727,13.582162857055664,13.59443473815918,0.014580341055989265,0.01563837192952633,0,0,4800,0,5.605193857299268e-45
1787297063616,1489,0,0,2,-0.15185217559337616,-9.930739402770996,78.06525421142578,5.605193857299268e-45,1.1210387714598537e-44,5.605193857299268e-45,-5.605193857299268e-45,0,0,0.002143292222172022,0.002371856477111578,5.605193857299268e-45,1.1210387714598537e-44,13.5872802734375,13.581331253051758,13.59122085571289,0.014686540700495243,0.015658104792237282,0,0,4800,0,5.605193857299268e-45
1787297063636,1490,0,0,2,-0.2678448557853699,-21.773765563964844,136.01727294921875,5.605193857299268e-45,1.1210387714598537e-44,5.605193857299268e-45,-5.605193857299268e-45,0,0,0.0015128725208342075,0.0014226920902729034,5.605193857299268e-45,1.1210387714598537e-44,13.587921142578125,13.581928253173828,13.594019889831543,0.014473344199359417,0.015450721606612206,0,0,4800,0,5.605193857299268e-45
1787297063656,1491,0,0,2,-0.11448197066783905,-5.946506023406982,88.9919204711914,5.605193857299268e-45,1.1210387714598537e-44,5.605193857299268e-45,-5.605193857299268e-45,0,0,0.0014597816625609994,0.001628943020477891,5.605193857299268e-45,1.1210387714598537e-44,13.587306022644043,13.583651542663574,13.592742919921875,0.014589915983378887,0.015300950966775417,0,0,4800,0,5.605193857299268e-45
1787297063676,1492,0,0,2,0.04957794025540352,4.520785331726074,88.63334655761719,5.605193857299268e-45,1.1210387714598537e-44,5.605193857299268e-45,-5.605193857299268e-45,0,0,0.001179173239506781,0.0013068531407043338,5.605193857299268e-45,1.1210387714598537e-44,13.58780574798584,13.585227966308594,13.591032028198242,0.014729175716638565,0.015690604224801064,0,0,4800,0,5.605193857299268e-45
1787297063696,1493,0,0,2,0.010306991636753082,-5.5847649574279785,162.96798706054688,5.605193857299268e-45,1.1210387714598537e-44,5.605193857299268e-45,-5.605193857299268e-45,0,0,0.004163500852882862,0.001848422922194004,5.605193857299268e-45,1.1210387714598537e-44,13.586709022521973,13.575369834899902,13.59081745147705,0.014465286396443844,0.015573075972497463,0,0,4800,0,5.605193857299268e-45
1787297063716,1494,0,0,2,-0.05430809408426285,-11.490530014038086,85.02337646484375,5.605193857299268e-45,1.1210387714598537e-44,5.605193857299268e-45,-5.605193857299268e-45,0,0,0.00436483696103096,0.002394038951024413,5.605193857299268e-45,1.1210387714598537e-44,13.58729362487793,13.575892448425293,13.593165397644043,0.014507225714623928,0.015758968889713287,0,0,4800,0,5.605193857299268e-45
1787297063736,1495,0,0,2,0.2390599250793457,19.26517677307129,97.51879119873047,5.605193857299268e-45,1.1210387714598537e-44,5.605193857299268e-45,-5.605193857299268e-45,0,0,0.0023191922809928656,0.00183925312012434,5.605193857299268e-45,1.1210387714598537e-44,13.58726978302002,13.579573631286621,13.591357231140137,0.014422331936657429,0.015154745429754257,0,0,4800,0,5.605193857299268e-45
1787297063756,1496,0,0,2,0.23590920865535736,13.771163940429688,148.7326202392578,5.605193857299268e-45,1.1210387714598537e-44,5.605193857299268e-45,-5.605193857299268e-45,0,0,0.004963907413184643,0.003174908459186554,5.605193857299268e-45,1.1210387714598537e-44,13.5858154296875,13.57992935180664,13.591336250305176,0.014314617030322552,0.015221425332129002,0,0,4800,0,5.605193857299268e-45
1787297063776,1497,0,0,2,0.19367633759975433,3.791149616241455,153.77317810058594,5.605193857299268e-45,1.1210387714598537e-44,5.605193857299268e-45,-5.605193857299268e-45,0,0,0.003005287842825055,0.002460629679262638,5.605193857299268e-45,1.1210387714598537e-44,13.587136268615723,13.582145690917969,13.593500137329102,0.014753579162061214,0.015783509239554405,0,0,4800,0,5.605193857299268e-45
1787297063797,1498,0,0,2,0.16680282354354858,11.072924613952637,116.08798217773438,5.605193857299268e-45,1.1210387714598537e-44,5.605193857299268e-45,-5.605193857299268e-45,0,0,0.003655313514173031,0.00239908741787076,5.605193857299268e-45,1.1210387714598537e-44,13.585947036743164,13.580024719238281,13.591257095336914,0.014474363066256046,0.01604584790766239,0,0,4800,0,5.605193857299268e-45
1787297063817,1499,0,0,2,0.025314155966043472,0.8229137659072876,71.3553695678711,5.605193857299268e-45,1.1210387714598537e-44,5.605193857299268e-45,-5.605193857299268e-45,0,0,0.0027696790639311075,0.0019390486413612962,5.605193857299268e-45,1.1210387714598537e-44,13.588685989379883,13.582736015319824,13.597404479980469,0.01463565044105053,0.015328451991081238,0,0,4800,0,5.605193857299268e-45
1787297063837,1500,0,0,2,-0.023083124309778214,-0.9506008625030518,104.09445190429688,5.605193857299268e-45,1.1210387714598537e-44,5.605193857299268e-45,-5.605193857299268e-45,0,0,0.0028907214291393757,0.0025188643485307693,5.605193857299268e-45,1.1210387714598537e-44,13.587679862976074,13.582265853881836,13.59620475769043,0.014401362277567387,0.016068268567323685,0,0,4800,0,5.605193857299268e-45
1787297063857,1501,0,0,2,-0.324919730424881,-32.57963943481445,122.08433532714844,5.605193857299268e-45,1.1210387714598537e-44,5.605193857299268e-45,-5.605193857299268e-45,0,0,0.0033211184199899435,0.002344604814425111,5.605193857299268e-45,1.1210387714598537e-44,13.587592124938965,13.58416748046875,13.595000267028809,0.014367340132594109,0.015442028641700745,0,0,4800,0,5.605193857299268e-45
1787297063877,1502,0,0,2,0.10659123957157135,14.667830467224121,127.29800415039062,5.605193857299268e-45,1.1210387714598537e-44,5.605193857299268e-45,-5.605193857299268e-45,0,0,0.0038726546335965395,0.0030201950576156378,5.605193857299268e-45,1.1210387714598537e-44,13.585987091064453,13.581942558288574,13.592397689819336,0.014509295113384724,0.015265055000782013,0,0,4800,0,5.605193857299268e-45
1787297063897,1503,0,0,2,-0.05346221104264259,-6.1321611404418945,70.30349731445312,5.605193857299268e-45,1.1210387714598537e-44,5.605193857299268e-45,-5.605193857299268e-45,0,0,0.0018135500140488148,0.0021134342532604933,5.605193857299268e-45,1.1210387714598537e-44,13.586466789245605,13.582515716552734,13.590964317321777,0.014583954587578773,0.015991177409887314,0,0,4800,0,5.605193857299268e-45
1787297063917,1504,0,0,2,0.05450582504272461,5.976052284240723,92.65489196777344,5.605193857299268e-45,1.1210387714598537e-44,5.605193857299268e-45,-5.605193857299268e-45,0,0,0.0015268087154254317,0.002166141290217638,5.605193857299268e-45,1.1210387714598537e-44,13.58739948272705,13.58450984954834,13.592148780822754,0.014552314765751362,0.015557806007564068,0,0,4800,0,5.605193857299268e-45
1787297063937,1505,0,0,2,-0.11437183618545532,-13.869673728942871,141.95150756835938,5.605193857299268e-45,1.1210387714598537e-44,5.605193857299268e-45,-5.605193857299268e-45,0,0,0.001855108537711203,0.0016533293528482318,5.605193857299268e-45,1.1210387714598537e-44,13.586568832397461,13.583827018737793,13.59190559387207,0.014253191649913788,0.015533137135207653,0,0,4800,0,5.605193857299268e-45
1787297063957,1506,0,0,2,-0.015434075146913528,9.338193893432617,47.81499481201172,5.605193857299268e-45,1.1210387714598537e-44,5.605193857299268e-45,-5.605193857299268e-45,0,0,0.0012771561741828918,0.0014521813718602061,5.605193857299268e-45,1.1210387714598537e-44,13.586710929870605,13.582258224487305,13.592545509338379,0.014443169347941875,0.015065740793943405,0,0,4800,0,5.605193857299268e-45
1787297063977,1507,0,0,2,0.12410779297351837,12.552933692932129,38.87538146972656,5.605193857299268e-45,1.1210387714598537e-44,5.605193857299268e-45,-5.605193857299268e-45,0,0,0.001265066908672452,0.0014139441773295403,5.605193857299268e-45,1.1210387714598537e-44,13.586514472961426,13.579630851745605,13.590031623840332,0.01446979958564043,0.015234296210110188,0,0,4800,0,5.605193857299268e-45
1787297063998,1508,0,0,2,-0.03553192690014839,-6.958273887634277,65.6894760131836,5.605193857299268e-45,1.1210387714598537e-44,5.605193857299268e-45,-5.605193857299268e-45,0,0,0.0010482757352292538,0.0013269172050058842,5.605193857299268e-45,1.1210387714598537e-44,13.586383819580078,13.583871841430664,13.591645240783691,0.014419847168028355,0.015514039434492588,0,0,4800,0,5.605193857299268e-45
1787297064018,1509,0,0,2,0.006375857163220644,-1.6634629964828491,71.86709594726562,5.605193857299268e-45,1.1210387714598537e-44,5.605193857299268e-45,-5.605193857299268e-45,0,0,0.0014914805069565773,0.001656104694120586,5.605193857299268e-45,1.1210387714598537e-44,13.58669662475586,13.58333969116211,13.592260360717773,0.014368429780006409,0.015341388992965221,0,0,4800,0,5.605193857299268e-45
1787297064038,1510,0,0,2,-0.09523973613977432,-12.515670776367188,83.4873046875,5.605193857299268e-45,1.1210387714598537e-44,5.605193857299268e-45,-5.605193857299268e-45,0,0,0.0034069609828293324,0.0032006995752453804,5.605193857299268e-45,1.1210387714598537e-44,13.586087226867676,13.583052635192871,13.59000015258789,0.014509798027575016,0.015388653613626957,0,0,4800,0,5.605193857299268e-45
1787297064058,1511,0,0,2,-0.01938631758093834,6.688503265380859,62.88482666015625,5.605193857299268e-45,1.1210387714598537e-44,5.605193857299268e-45,-5.605193857299268e-45,0,0,0.0011171784717589617,0.0014241649769246578,5.605193857299268e-45,1.1210387714598537e-44,13.585367202758789,13.582206726074219,13.5942964553833,0.014474937692284584,0.01573323644697666,0,0,4800,0,5.605193857299268e-45
1787297064078,1512,0,0,2,-0.11335419118404388,-6.6259989738464355,64.47683715820312,5.605193857299268e-45,1.1210387714598537e-44,5.605193857299268e-45,-5.605193857299268e-45,0,0,0.001229915302246809,0.0015414125518873334,5.605193857299268e-45,1.1210387714598537e-44,13.585099220275879,13.57998275756836,13.589200019836426,0.014686262235045433,0.015861080959439278,0,0,4800,0,5.605193857299268e-45
1787297064098,1513,0,0,2,0.0006596469320356846,1.726115107536316,57.4738883972168,5.605193857299268e-45,1.1210387714598537e-44,5.605193857299268e-45,-5.605193857299268e-45,0,0,0.0014638059074059129,0.0014916649088263512,5.605193857299268e-45,1.1210387714598537e-44,13.586402893066406,13.581315994262695,13.592084884643555,0.014447133056819439,0.015395758673548698,0,0,4800,0,5.605193857299268e-45
1787297064118,1514,0,0,2,-0.022167975082993507,-3.0488224029541016,43.61378479003906,5.605193857299268e-45,1.1210387714598537e-44,5.605193857299268e-45,-5.605193857299268e-45,0,0,0.0011590685462579131,0.0013032741844654083,5.605193857299268e-45,1.1210387714598537e-44,13.585867881774902,13.580292701721191,13.589752197265625,0.014471607282757759,0.015276094898581505,0,0,4800,0,5.605193857299268e-45
1787297064138,1515,0,0,2,0.023992039263248444,4.270604610443115,64.3958969116211,5.605193857299268e-45,1.1210387714598537e-44,5.605193857299268e-45,-5.605193857299268e-45,0,0,0.0009696440538391471,0.001205361564643681,5.605193857299268e-45,1.1210387714598537e-44,13.58525562286377,13.579096794128418,13.591836929321289,0.014610574580729008,0.015486979857087135,0,0,4800,0,5.605193857299268e-45
1787297064158,1516,0,0,2,-0.05871472507715225,-5.0627241134643555,72.42034912109375,5.605193857299268e-45,1.1210387714598537e-44,5.605193857299268e-45,-5.605193857299268e-45,0,0,0.0013173710322007537,0.0016664263093844056,5.605193857299268e-45,1.1210387714598537e-44,13.585468292236328,13.579546928405762,13.594082832336426,0.014282655902206898,0.015355602838099003,0,0,4800,0,5.605193857299268e-45
1787297064178,1517,0,0,2,0.02851550467312336,12.168766021728516,53.7497673034668,5.605193857299268e-45,1.1210387714598537e-44,5.605193857299268e-45,-5.605193857299268e-45,0,0,0.0016468068351969123,0.002085859654471278,5.605193857299268e-45,1.1210387714598537e-44,13.585992813110352,13.582130432128906,13.59090518951416,0.014692728407680988,0.016104601323604584,0,0,4800,0,5.605193857299268e-45
1787297064198,1518,0,0,2,0.024599174037575722,-1.7056368589401245,125.30867767333984,5.605193857299268e-45,1.1210387714598537e-44,5.605193857299268e-45,-5.605193857299268e-45,0,0,0.001584065961651504,0.001869239378720522,5.605193857299268e-45,1.1210387714598537e-44,13.585883140563965,13.582616806030273,13.591621398925781,0.014337174594402313,0.015788566321134567,0,0,4800,0,5.605193857299268e-45
1787297064218,1519,0,0,2,0.03172298148274422,4.491993427276611,94.92716217041016,5.605193857299268e-45,1.1210387714598537e-44,5.605193857299268e-45,-5.605193857299268e-45,0,0,0.0015715138288214803,0.0015647386899217963,5.605193857299268e-45,1.1210387714598537e-44,13.587118148803711,13.583333015441895,13.5931978225708,0.014478690922260284,0.015443122014403343,0,0,4800,0,5.605193857299268e-45
1787297064239,1520,0,0,2,-0.11480306833982468,-4.889720916748047,90.50372314453125,5.605193857299268e-45,1.1210387714598537e-44,5.605193857299268e-45,-5.605193857299268e-45,0,0,0.0039017642848193645,0.003805260406807065,5.605193857299268e-45,1.1210387714598537e-44,13.586814880371094,13.584342956542969,13.590835571289062,0.014401804655790329,0.016097716987133026,0,0,4800,0,5.605193857299268e-45
1787297064259,1521,0,0,2,0.06707393378019333,6.588590145111084,85.52651977539062,5.605193857299268e-45,1.1210387714598537e-44,5.605193857299268e-45,-5.605193857299268e-45,0,0,0.0016251318156719208,0.002139789517968893,5.605193857299268e-45,1.1210387714598537e-44,13.586170196533203,13.582876205444336,13.590025901794434,0.014474722556769848,0.015911705791950226,0,0,4800,0,5.605193857299268e-45
1787297064279,1522,0,0,2,-0.03650343045592308,-6.558567523956299,125.3436508178711,5.605193857299268e-45,1.1210387714598537e-44,5.605193857299268e-45,-5.605193857299268e-45,0,0,0.0017466048011556268,0.001759106176905334,5.605193857299268e-45,1.1210387714598537e-44,13.586917877197266,13.582934379577637,13.592706680297852,0.014571629464626312,0.015549696050584316,0,0,4800,0,5.605193857299268e-45
1787297064299,1523,0,0,2,0.27917736768722534,20.93456268310547,129.95799255371094,5.605193857299268e-45,1.1210387714598537e-44,5.605193857299268e-45,-5.605193857299268e-45,0,0,0.0033619140740484,0.00215781107544899,5.605193857299268e-45,1.1210387714598537e-44,13.586503982543945,13.5823392868042,13.591204643249512,0.014721246436238289,0.01591041497886181,0,0,4800,0,5.605193857299268e-45
1787297064319,1524,0,0,2,-0.03132118284702301,2.2427585124969482,97.95166778564453,5.605193857299268e-45,1.1210387714598537e-44,5.605193857299268e-45,-5.605193857299268e-45,0,0,0.002999206306412816,0.0023518498055636883,5.605193857299268e-45,1.1210387714598537e-44,13.588423728942871,13.585225105285645,13.594667434692383,0.014825722202658653,0.016198400408029556,0,0,4800,0,5.605193857299268e-45
1787297064339,1525,0,0,2,0.03749522194266319,8.971583366394043,86.70990753173828,5.605193857299268e-45,1.1210387714598537e-44,5.605193857299268e-45,-5.605193857299268e-45,0,0,0.0018024650635197759,0.0021042877342551947,5.605193857299268e-45,1.1210387714598537e-44,13.585853576660156,13.58064079284668,13.589494705200195,0.01475384272634983,0.015933847054839134,0,0,4800,0,5.605193857299268e-45
1787297064359,1526,0,0,2,-0.06707946211099625,-6.096172332763672,105.12706756591797,5.605193857299268e-45,1.1210387714598537e-44,5.605193857299268e-45,-5.605193857299268e-45,0,0,0.0019445405341684818,0.0019472403218969703,5.605193857299268e-45,1.1210387714598537e-44,13.587214469909668,13.584196090698242,13.591816902160645,0.014394192025065422,0.015318039804697037,0,0,4800,0,5.605193857299268e-45
1787297064379,1527,0,0,2,-0.02725469507277012,-5.1308369636535645,79.79586791992188,5.605193857299268e-45,1.1210387714598537e-44,5.605193857299268e-45,-5.605193857299268e-45,0,0,0.0014490968314930797,0.0017023913096636534,5.605193857299268e-45,1.1210387714598537e-44,13.586055755615234,13.58161449432373,13.592153549194336,0.014600643888115883,0.015719471499323845,0,0,4800,0,5.605193857299268e-45
1787297064399,1528,0,0,2,-0.009293577633798122,-5.782334327697754,50.56692123413086,5.605193857299268e-45,1.1210387714598537e-44,5.605193857299268e-45,-5.605193857299268e-45,0,0,0.0005318875191733241,0.001004925463348627,5.605193857299268e-45,1.1210387714598537e-44,13.585226058959961,13.579087257385254,13.589214324951172,0.014476325362920761,0.015699055045843124,0,0,4800,0,5.605193857299268e-45
1787297064420,1529,0,0,2,0.17522099614143372,14.737669944763184,56.02315139770508,5.605193857299268e-45,1.1210387714598537e-44,5.605193857299268e-45,-5.605193857299268e-45,0,0,0.0009667977574281394,0.0008967986213974655,5.605193857299268e-45,1.1210387714598537e-44,13.586559295654297,13.577990531921387,13.591926574707031,0.014514680951833725,0.015497243963181973,0,0,4800,0,5.605193857299268e-45
1787297064440,1530,0,0,2,-0.08514490723609924,-5.036228179931641,67.57785034179688,5.605193857299268e-45,1.1210387714598537e-44,5.605193857299268e-45,-5.605193857299268e-45,0,0,0.00116759876254946,0.0010228580795228481,5.605193857299268e-45,1.1210387714598537e-44,13.585796356201172,13.582356452941895,13.592944145202637,0.014539765194058418,0.015296095982193947,0,0,4800,0,5.605193857299268e-45
1787297064460,1531,0,0,2,-0.0773061215877533,-7.440361976623535,69.88983917236328,5.605193857299268e-45,1.1210387714598537e-44,5.605193857299268e-45,-5.605193857299268e-45,0,0,0.0015062026213854551,0.001851538778282702,5.605193857299268e-45,1.1210387714598537e-44,13.586203575134277,13.5821533203125,13.593169212341309,0.014682948589324951,0.015521140769124031,0,0,4800,0,5.605193857299268e-45
1787297064480,1532,0,0,2,0.255388081073761,28.030656814575195,68.04512786865234,5.605193857299268e-45,1.1210387714598537e-44,5.605193857299268e-45,-5.605193857299268e-45,0,0,0.0021713641472160816,0.0018710100557655096,5.605193857299268e-45,1.1210387714598537e-44,13.585370063781738,13.582138061523438,13.588760375976562,0.014435815624892712,0.015373890288174152,0,0,4800,0,5.605193857299268e-45
1787297064500,1533,0,0,2,-0.14439232647418976,-5.700323581695557,56.441497802734375,5.605193857299268e-45,1.1210387714598537e-44,5.605193857299268e-45,-5.605193857299268e-45,0,0,0.001112019526772201,0.0015090437373146415,5.605193857299268e-45,1.1210387714598537e-44,13.585027694702148,13.576139450073242,13.59106731414795,0.014574375003576279,0.015703372657299042,0,0,4800,0,5.605193857299268e-45
1787297064520,1534,0,0,2,-0.08068718761205673,-7.850003719329834,91.7966537475586,5.605193857299268e-45,1.1210387714598537e-44,5.605193857299268e-45,-5.605193857299268e-45,0,0,0.0020037794020026922,0.0015536599094048142,5.605193857299268e-45,1.1210387714598537e-44,13.586816787719727,13.576169967651367,13.592730522155762,0.014664065092802048,0.015915511175990105,0,0,4800,0,5.605193857299268e-45
1787297064540,1535,0,0,2,-0.0723676010966301,-7.66428804397583,74.78569030761719,5.605193857299268e-45,1.1210387714598537e-44,5.605193857299268e-45,-5.605193857299268e-45,0,0,0.0017738448223099113,0.0016723208827897906,5.605193857299268e-45,1.1210387714598537e-44,13.585601806640625,13.579035758972168,13.590380668640137,0.014280779287219048,0.015118454582989216,0,0,4800,0,5.605193857299268e-45
1787297064560,1536,0,0,2,-0.052106987684965134,-4.380170822143555,53.051414489746094,5.605193857299268e-45,1.1210387714598537e-44,5.605193857299268e-45,-5.605193857299268e-45,0,0,0.0019254556391388178,0.0016905529191717505,5.605193857299268e-45,1.1210387714598537e-44,13.587241172790527,13.582846641540527,13.59249210357666,0.014461425133049488,0.015680106356739998,0,0,4800,0,5.605193857299268e-45
1787297064580,1537,0,0,2,-0.06867474317550659,-7.058572292327881,72.40583038330078,5.605193857299268e-45,1.1210387714598537e-44,5.605193857299268e-45,-5.605193857299268e-45,0,0,0.0016075222520157695,0.0017987156752496958,5.605193857299268e-45,1.1210387714598537e-44,13.587318420410156,13.58392333984375,13.592305183410645,0.014628578908741474,0.015821829438209534,0,0,4800,0,5.605193857299268e-45
1787297064601,1538,0,0,2,-0.12152401357889175,-14.823954582214355,106.82762908935547,5.605193857299268e-45,1.1210387714598537e-44,5.605193857299268e-45,-5.605193857299268e-45,0,0,0.002093464368954301,0.0020189080387353897,5.605193857299268e-45,1.1210387714598537e-44,13.586915969848633,13.581385612487793,13.592628479003906,0.014558977447450161,0.01526038721203804,0,0,4800,0,5.605193857299268e-45
1787297064621,1539,0,0,2,-0.010731074027717113,-8.857712745666504,101.64322662353516,5.605193857299268e-45,1.1210387714598537e-44,5.605193857299268e-45,-5.605193857299268e-45,0,0,0.0021123995538800955,0.001168316463008523,5.605193857299268e-45,1.1210387714598537e-44,13.58577823638916,13.58228874206543,13.590489387512207,0.014533410780131817,0.01548850629478693,0,0,4800,0,5.605193857299268e-45
1787297064641,1540,0,0,2,0.1420714408159256,18.787078857421875,83.30757904052734,5.605193857299268e-45,1.1210387714598537e-44,5.605193857299268e-45,-5.605193857299268e-45,0,0,0.0012083001201972365,0.0016370725352317095,5.605193857299268e-45,1.1210387714598537e-44,13.586520195007324,13.582464218139648,13.594578742980957,0.014611615799367428,0.0157473087310791,0,0,4800,0,5.605193857299268e-45
1787297064662,1541,0,0,2,0.015665676444768906,-3.663921356201172,140.39242553710938,5.605193857299268e-45,1.1210387714598537e-44,5.605193857299268e-45,-5.605193857299268e-45,0,0,0.0020093005150556564,0.0015636675525456667,5.605193857299268e-45,1.1210387714598537e-44,13.586668968200684,13.58348560333252,13.592057228088379,0.014600987546145916,0.016145644709467888,0,0,4800,0,5.605193857299268e-45
1787297064681,1542,0,0,2,-0.06260015815496445,-11.65214729309082,89.49246215820312,5.605193857299268e-45,1.1210387714598537e-44,5.605193857299268e-45,-5.605193857299268e-45,0,0,0.0031344194430857897,0.0021875021047890186,5.605193857299268e-45,1.1210387714598537e-44,13.587297439575195,13.583857536315918,13.593828201293945,0.01472671702504158,0.015578346326947212,0,0,4800,0,5.605193857299268e-45
1787297064701,1543,0,0,2,0.15454885363578796,13.687318801879883,99.3901596069336,5.605193857299268e-45,1.1210387714598537e-44,5.605193857299268e-45,-5.605193857299268e-45,0,0,0.0028389550279825926,0.002051738789305091,5.605193857299268e-45,1.1210387714598537e-44,13.588071823120117,13.584066390991211,13.591181755065918,0.014711268246173859,0.015679514035582542,0,0,4800,0,5.605193857299268e-45
1787297064721,1544,0,0,2,-0.12442478537559509,-13.645478248596191,63.34334182739258,5.605193857299268e-45,1.1210387714598537e-44,5.605193857299268e-45,-5.605193857299268e-45,0,0,0.002528961980715394,0.0029351150151342154,5.605193857299268e-45,1.1210387714598537e-44,13.587383270263672,13.583431243896484,13.592680931091309,0.014663640409708023,0.015406906604766846,0,0,4800,0,5.605193857299268e-45
1787297064741,1545,0,0,2,-0.09995335340499878,-9.291410446166992,107.13502502441406,5.605193857299268e-45,1.1210387714598537e-44,5.605193857299268e-45,-5.605193857299268e-45,0,0,0.0020297353621572256,0.001957386266440153,5.605193857299268e-45,1.1210387714598537e-44,13.587356567382812,13.582172393798828,13.594393730163574,0.01446413155645132,0.015510316006839275,0,0,4800,0,5.605193857299268e-45
1787297064761,1546,0,0,2,0.36473387479782104,36.04761505126953,86.8884048461914,5.605193857299268e-45,1.1210387714598537e-44,5.605193857299268e-45,-5.605193857299268e-45,0,0,0.0018020214047282934,0.002100300742313266,5.605193857299268e-45,1.1210387714598537e-44,13.588071823120117,13.583507537841797,13.59295654296875,0.014320185407996178,0.015344700776040554,0,0,4800,0,5.605193857299268e-45
1787297064781,1547,0,0,2,-0.10201874375343323,-7.95094633102417,66.65531158447266,5.605193857299268e-45,1.1210387714598537e-44,5.605193857299268e-45,-5.605193857299268e-45,0,0,0.0019174875924363732,0.001992391422390938,5.605193857299268e-45,1.1210387714598537e-44,13.58629322052002,13.581292152404785,13.593642234802246,0.014448289759457111,0.015915829688310623,0,0,4800,0,5.605193857299268e-45
1787297064802,1548,0,0,2,0.05060305446386337,4.729795932769775,68.90499877929688,5.605193857299268e-45,1.1210387714598537e-44,5.605193857299268e-45,-5.605193857299268e-45,0,0,0.0027320932131260633,0.0025236057117581367,5.605193857299268e-45,1.1210387714598537e-44,13.586042404174805,13.58081340789795,13.590325355529785,0.014652139507234097,0.01592036709189415,0,0,4800,0,5.605193857299268e-45
1787297064822,1549,0,0,2,0.05389365926384926,10.323147773742676,89.27070617675781,5.605193857299268e-45,1.1210387714598537e-44,5.605193857299268e-45,-5.605193857299268e-45,0,0,0.0031863863114267588,0.001992477336898446,5.605193857299268e-45,1.1210387714598537e-44,13.585674285888672,13.582837104797363,13.589370727539062,0.01452215388417244,0.016284743323922157,0,0,4800,0,5.605193857299268e-45
1787297064842,1550,0,0,2,-0.15390144288539886,-12.985523223876953,108.3096694946289,5.605193857299268e-45,1.1210387714598537e-44,5.605193857299268e-45,-5.605193857299268e-45,0,0,0.0024682963266968727,0.0020934559870511293,5.605193857299268e-45,1.1210387714598537e-44,13.587068557739258,13.58237075805664,13.593770980834961,0.014484746381640434,0.015230000019073486,0,0,4800,0,5.605193857299268e-45
1787297064862,1551,0,0,2,0.16009561717510223,10.83253002166748,113.59370422363281,5.605193857299268e-45,1.1210387714598537e-44,5.605193857299268e-45,-5.605193857299268e-45,0,0,0.004881317727267742,0.0022529142443090677,5.605193857299268e-45,1.1210387714598537e-44,13.5857515335083,13.582504272460938,13.590554237365723,0.014362297020852566,0.015524344518780708,0,0,4800,0,5.605193857299268e-45
1787297064882,1552,0,0,2,-0.06988688558340073,-8.523319244384766,73.38359832763672,5.605193857299268e-45,1.1210387714598537e-44,5.605193857299268e-45,-5.605193857299268e-45,0,0,0.002960871672257781,0.00221643946133554,5.605193857299268e-45,1.1210387714598537e-44,13.587732315063477,13.58151912689209,13.595276832580566,0.014561763033270836,0.01554509811103344,0,0,4800,0,5.605193857299268e-45
1787297064902,1553,0,0,2,0.08026987314224243,9.266026496887207,95.03778076171875,5.605193857299268e-45,1.1210387714598537e-44,5.605193857299268e-45,-5.605193857299268e-45,0,0,0.003697067964822054,0.0022853638511151075,5.605193857299268e-45,1.1210387714598537e-44,13.58851432800293,13.584948539733887,13.593645095825195,0.014955359511077404,0.01666099950671196,0,0,4800,0,5.605193857299268e-45
1787297064922,1554,0,0,2,-0.08778311312198639,-3.917245864868164,64.44025421142578,5.605193857299268e-45,1.1210387714598537e-44,5.605193857299268e-45,-5.605193857299268e-45,0,0,0.0016789826331660151,0.001881342031992972,5.605193857299268e-45,1.1210387714598537e-44,13.586662292480469,13.582427024841309,13.597260475158691,0.01431016530841589,0.015284279361367226,0,0,4800,0,5.605193857299268e-45
1787297064942,1555,0,0,2,-0.02887464128434658,-7.271115779876709,111.82159423828125,5.605193857299268e-45,1.1210387714598537e-44,5.605193857299268e-45,-5.605193857299268e-45,0,0,0.0026927641592919827,0.002036087214946747,5.605193857299268e-45,1.1210387714598537e-44,13.587789535522461,13.582691192626953,13.591108322143555,0.014476421289145947,0.015731163322925568,0,0,4800,0,5.605193857299268e-45
1787297064962,1556,0,0,2,-0.007085689343512058,-2.4083499908447266,147.81307983398438,5.605193857299268e-45,1.1210387714598537e-44,5.605193857299268e-45,-5.605193857299268e-45,0,0,0.0023808740079402924,0.0022130287252366543,5.605193857299268e-45,1.1210387714598537e-44,13.587474822998047,13.58350944519043,13.591042518615723,0.014313655905425549,0.01575830578804016,0,0,4800,0,5.605193857299268e-45
1787297064982,1557,0,0,2,-0.07566419988870621,-5.128868579864502,88.65218353271484,5.605193857299268e-45,1.1210387714598537e-44,5.605193857299268e-45,-5.605193857299268e-45,0,0,0.001586384722031653,0.00155336270108819,5.605193857299268e-45,1.1210387714598537e-44,13.585793495178223,13.58256721496582,13.589717864990234,0.014407221227884293,0.015762213617563248,0,0,4800,0,5.605193857299268e-45
1787297065003,1558,0,0,2,0.11567670106887817,17.065471649169922,48.53099060058594,5.605193857299268e-45,1.1210387714598537e-44,5.605193857299268e-45,-5.605193857299268e-45,0,0,0.0011732277926057577,0.0010193842463195324,5.605193857299268e-45,1.1210387714598537e-44,13.58531665802002,13.580818176269531,13.591827392578125,0.014406316913664341,0.015611322596669197,0,0,4800,0,5.605193857299268e-45
1787297065023,1559,0,0,2,0.1249532550573349,10.223440170288086,77.40740203857422,5.605193857299268e-45,1.1210387714598537e-44,5.605193857299268e-45,-5.605193857299268e-45,0,0,0.0025105427484959364,0.001702982233837247,5.605193857299268e-45,1.1210387714598537e-44,13.588116645812988,13.5797758102417,13.593843460083008,0.01430410798639059,0.015254122205078602,0,0,4800,0,5.605193857299268e-45
1787297065043,1560,0,0,2,-0.0189155675470829,-2.232595205307007,78.30445098876953,5.605193857299268e-45,1.1210387714598537e-44,5.605193857299268e-45,-5.605193857299268e-45,0,0,0.0018541691824793816,0.0013515861937776208,5.605193857299268e-45,1.1210387714598537e-44,13.588329315185547,13.582876205444336,13.593055725097656,0.014467241242527962,0.015884172171354294,0,0,4800,0,5.605193857299268e-45
1787297065063,1561,0,0,2,0.12741371989250183,5.171816825866699,71.80335235595703,5.605193857299268e-45,1.1210387714598537e-44,5.605193857299268e-45,-5.605193857299268e-45,0,0,0.0030341115780174732,0.0024148141965270042,5.605193857299268e-45,1.1210387714598537e-44,13.586228370666504,13.57862663269043,13.592185974121094,0.014466130174696445,0.015121089294552803,0,0,4800,0,5.605193857299268e-45
1787297065083,1562,0,0,2,-0.047089990228414536,-17.15668296813965,173.94378662109375,5.605193857299268e-45,1.1210387714598537e-44,5.605193857299268e-45,-5.605193857299268e-45,0,0,0.003814521711319685,0.0028232347685843706,5.605193857299268e-45,1.1210387714598537e-44,13.587937355041504,13.583083152770996,13.595349311828613,0.014249391853809357,0.015161759220063686,0,0,4800,0,5.605193857299268e-45
1787297065103,1563,0,0,2,-0.03928879648447037,-0.6547186970710754,56.0839958190918,5.605193857299268e-45,1.1210387714598537e-44,5.605193857299268e-45,-5.605193857299268e-45,0,0,0.00100056326482445,0.0015983240446075797,5.605193857299268e-45,1.1210387714598537e-44,13.5862398147583,13.578682899475098,13.591194152832031,0.014603170566260815,0.015761708840727806,0,0,4800,0,5.605193857299268e-45
1787297065123,1564,0,0,2,-0.0829809382557869,-7.222370624542236,85.78143310546875,5.605193857299268e-45,1.1210387714598537e-44,5.605193857299268e-45,-5.605193857299268e-45,0,0,0.002588433213531971,0.002538523403927684,5.605193857299268e-45,1.1210387714598537e-44,13.586310386657715,13.580350875854492,13.59111213684082,0.01458368357270956,0.01568000204861164,0,0,4800,0,5.605193857299268e-45
1787297065143,1565,0,0,2,0.027027729898691177,6.7769083976745605,59.8201789855957,5.605193857299268e-45,1.1210387714598537e-44,5.605193857299268e-45,-5.605193857299268e-45,0,0,0.0012865911703556776,0.0017381998477503657,5.605193857299268e-45,1.1210387714598537e-44,13.586934089660645,13.581887245178223,13.591119766235352,0.014556544832885265,0.015590531751513481,0,0,4800,0,5.605193857299268e-45
1787297065164,1566,0,0,2,0.04120844975113869,0.10518406331539154,76.35059356689453,5.605193857299268e-45,1.1210387714598537e-44,5.605193857299268e-45,-5.605193857299268e-45,0,0,0.0020082546398043633,0.0020448421128094196,5.605193857299268e-45,1.1210387714598537e-44,13.585918426513672,13.58218765258789,13.59176254272461,0.014468507841229439,0.015262879431247711,0,0,4800,0,5.605193857299268e-45
1787297065183,1567,0,0,2,0.07941455394029617,8.435384750366211,54.50493240356445,5.605193857299268e-45,1.1210387714598537e-44,5.605193857299268e-45,-5.605193857299268e-45,0,0,0.0018962888279929757,0.0018068505451083183,5.605193857299268e-45,1.1210387714598537e-44,13.585457801818848,13.581568717956543,13.592254638671875,0.014124433510005474,0.014969543553888798,0,0,4800,0,5.605193857299268e-45
1787297065204,1568,0,0,2,-0.0902535691857338,-7.839888572692871,58.94972229003906,5.605193857299268e-45,1.1210387714598537e-44,5.605193857299268e-45,-5.605193857299268e-45,0,0,0.0011665887432172894,0.0016544003738090396,5.605193857299268e-45,1.1210387714598537e-44,13.584306716918945,13.577644348144531,13.592815399169922,0.014261288568377495,0.015180622227489948,0,0,4800,0,5.605193857299268e-45
1787297065224,1569,0,0,2,0.13439953327178955,10.361112594604492,56.286197662353516,5.605193857299268e-45,1.1210387714598537e-44,5.605193857299268e-45,-5.605193857299268e-45,0,0,0.001353870378807187,0.001480351435020566,5.605193857299268e-45,1.1210387714598537e-44,13.585060119628906,13.581477165222168,13.591279029846191,0.014465062879025936,0.015327682718634605,0,0,4800,0,5.605193857299268e-45
1787297065244,1570,0,0,2,-0.03580470383167267,-3.23315167427063,87.04076385498047,5.605193857299268e-45,1.1210387714598537e-44,5.605193857299268e-45,-5.605193857299268e-45,0,0,0.0029893391765654087,0.0020902242977172136,5.605193857299268e-45,1.1210387714598537e-44,13.586264610290527,13.579842567443848,13.589790344238281,0.014475650154054165,0.015527288429439068,0,0,4800,0,5.605193857299268e-45
1787297065264,1571,0,0,2,-0.0744955763220787,-2.8238682746887207,79.47345733642578,5.605193857299268e-45,1.1210387714598537e-44,5.605193857299268e-45,-5.605193857299268e-45,0,0,0.0014555130619555712,0.0018127441871911287,5.605193857299268e-45,1.1210387714598537e-44,13.586271286010742,13.58264446258545,13.589818954467773,0.014730486087501049,0.015950627624988556,0,0,4800,0,5.605193857299268e-45
1787297065284,1572,0,0,2,-0.06307893991470337,-6.179571628570557,82.04550170898438,5.605193857299268e-45,1.1210387714598537e-44,5.605193857299268e-45,-5.605193857299268e-45,0,0,0.0016169286100193858,0.001812746049836278,5.605193857299268e-45,1.1210387714598537e-44,13.587797164916992,13.577401161193848,13.592650413513184,0.0144965760409832,0.015340580604970455,0,0,4800,0,5.605193857299268e-45
1787297065304,1573,0,0,2,0.01655251905322075,-0.8335555791854858,95.44963836669922,5.605193857299268e-45,1.1210387714598537e-44,5.605193857299268e-45,-5.605193857299268e-45,0,0,0.0008125612512230873,0.0013693011133000255,5.605193857299268e-45,1.1210387714598537e-44,13.587149620056152,13.58329963684082,13.594608306884766,0.014225108548998833,0.015219190157949924,0,0,4800,0,5.605193857299268e-45
1787297065325,1574,0,0,2,-0.11450573801994324,-15.340680122375488,80.63782501220703,5.605193857299268e-45,1.1210387714598537e-44,5.605193857299268e-45,-5.605193857299268e-45,0,0,0.0026804914232343435,0.002445639343932271,5.605193857299268e-45,1.1210387714598537e-44,13.588449478149414,13.584047317504883,13.595052719116211,0.014310352504253387,0.01529163122177124,0,0,4800,0,5.605193857299268e-45
1787297065344,1575,0,0,2,0.09762999415397644,5.773343563079834,108.50800323486328,5.605193857299268e-45,1.1210387714598537e-44,5.605193857299268e-45,-5.605193857299268e-45,0,0,0.003339081536978483,0.0018483445746824145,5.605193857299268e-45,1.1210387714598537e-44,13.586296081542969,13.583057403564453,13.591561317443848,0.01470977533608675,0.015602804720401764,0,0,4800,0,5.605193857299268e-45
1787297065365,1576,0,0,2,0.03134315088391304,6.124293804168701,67.00403594970703,5.605193857299268e-45,1.1210387714598537e-44,5.605193857299268e-45,-5.605193857299268e-45,0,0,0.0018851831555366516,0.002043363871052861,5.605193857299268e-45,1.1210387714598537e-44,13.587239265441895,13.580610275268555,13.59451961517334,0.014411462470889091,0.015247207134962082,0,0,4800,0,5.605193857299268e-45
1787297065385,1577,0,0,2,-0.035690758377313614,-1.3397035598754883,70.69588470458984,5.605193857299268e-45,1.1210387714598537e-44,5.605193857299268e-45,-5.605193857299268e-45,0,0,0.0014230669476091862,0.0017709257081151009,5.605193857299268e-45,1.1210387714598537e-44,13.585156440734863,13.577122688293457,13.591361999511719,0.014726807363331318,0.015734117478132248,0,0,4800,0,5.605193857299268e-45
1787297065405,1578,0,0,2,-0.03550904989242554,-1.2729905843734741,75.31314086914062,5.605193857299268e-45,1.1210387714598537e-44,5.605193857299268e-45,-5.605193857299268e-45,0,0,0.0023736823350191116,0.002404184313490987,5.605193857299268e-45,1.1210387714598537e-44,13.586507797241211,13.582305908203125,13.592843055725098,0.014490021392703056,0.015500149689614773,0,0,4800,0,5.605193857299268e-45
1787297065425,1579,0,0,2,0.21465377509593964,20.77822494506836,107.24913024902344,5.605193857299268e-45,1.1210387714598537e-44,5.605193857299268e-45,-5.605193857299268e-45,0,0,0.0019864242058247328,0.002160880481824279,5.605193857299268e-45,1.1210387714598537e-44,13.58620834350586,13.582474708557129,13.593356132507324,0.014723666943609715,0.015466539189219475,0,0,4800,0,5.605193857299268e-45
1787297065445,1580,0,0,2,-0.14245440065860748,-7.9192328453063965,91.0295181274414,5.605193857299268e-45,1.1210387714598537e-44,5.605193857299268e-45,-5.605193857299268e-45,0,0,0.0016786821652203798,0.0018825827864930034,5.605193857299268e-45,1.1210387714598537e-44,13.586000442504883,13.581860542297363,13.591070175170898,0.014537027105689049,0.015938347205519676,0,0,4800,0,5.605193857299268e-45
1787297065465,1581,0,0,2,-0.05095134675502777,-3.099851608276367,62.25053405761719,5.605193857299268e-45,1.1210387714598537e-44,5.605193857299268e-45,-5.605193857299268e-45,0,0,0.0012210080167278647,0.0016482204664498568,5.605193857299268e-45,1.1210387714598537e-44,13.586490631103516,13.581950187683105,13.590912818908691,0.014659715816378593,0.015249749645590782,0,0,4800,0,5.605193857299268e-45
1787297065485,1582,0,0,2,-0.03448034077882767,-4.3906354904174805,67.62923431396484,5.605193857299268e-45,1.1210387714598537e-44,5.605193857299268e-45,-5.605193857299268e-45,0,0,0.0008927858434617519,0.0015060118166729808,5.605193857299268e-45,1.1210387714598537e-44,13.587600708007812,13.583735466003418,13.593449592590332,0.01436448935419321,0.015508448705077171,0,0,4800,0,5.605193857299268e-45
1787297065505,1583,0,0,2,-0.08376052230596542,-6.96882963180542,99.18522644042969,5.605193857299268e-45,1.1210387714598537e-44,5.605193857299268e-45,-5.605193857299268e-45,0,0,0.0012201389763504267,0.0012332508340477943,5.605193857299268e-45,1.1210387714598537e-44,13.586827278137207,13.5823392868042,13.589845657348633,0.014716388657689095,0.01611059345304966,0,0,4800,0,5.605193857299268e-45
1787297065525,1584,0,0,2,-0.11526189744472504,-3.497140645980835,70.79483795166016,5.605193857299268e-45,1.1210387714598537e-44,5.605193857299268e-45,-5.605193857299268e-45,0,0,0.0012617415050044656,0.001488549867644906,5.605193857299268e-45,1.1210387714598537e-44,13.586931228637695,13.581100463867188,13.592348098754883,0.014308532699942589,0.01604663021862507,0,0,4800,0,5.605193857299268e-45
1787297065545,1585,0,0,2,0.3182833790779114,38.392784118652344,80.11518859863281,5.605193857299268e-45,1.1210387714598537e-44,5.605193857299268e-45,-5.605193857299268e-45,0,0,0.0016981471562758088,0.0017642003949731588,5.605193857299268e-45,1.1210387714598537e-44,13.585362434387207,13.580050468444824,13.589218139648438,0.014595571905374527,0.015664678066968918,0,0,4800,0,5.605193857299268e-45
1787297065565,1586,0,0,2,-0.0248135793954134,-2.891883611679077,102.47758483886719,5.605193857299268e-45,1.1210387714598537e-44,5.605193857299268e-45,-5.605193857299268e-45,0,0,0.00272678816691041,0.0022165095433592796,5.605193857299268e-45,1.1210387714598537e-44,13.587075233459473,13.582000732421875,13.593242645263672,0.014434090815484524,0.01539042592048645,0,0,4800,0,5.605193857299268e-45
1787297065585,1587,0,0,2,0.02277200110256672,4.019070148468018,62.86095428466797,5.605193857299268e-45,1.1210387714598537e-44,5.605193857299268e-45,-5.605193857299268e-45,0,0,0.0010413066484034061,0.0014222214231267571,5.605193857299268e-45,1.1210387714598537e-44,13.586045265197754,13.582695960998535,13.59218978881836,0.01480993814766407,0.016067426651716232,0,0,4800,0,5.605193857299268e-45
1787297065606,1588,0,0,2,0.041830334812402725,6.978817939758301,68.78765869140625,5.605193857299268e-45,1.1210387714598537e-44,5.605193857299268e-45,-5.605193857299268e-45,0,0,0.002207109471783042,0.00199580704793334,5.605193857299268e-45,1.1210387714598537e-44,13.588216781616211,13.584775924682617,13.593901634216309,0.014763783663511276,0.0158989280462265,0,0,4800,0,5.605193857299268e-45
1787297065626,1589,0,0,2,-0.07347821444272995,2.033236265182495,61.02930450439453,5.605193857299268e-45,1.1210387714598537e-44,5.605193857299268e-45,-5.605193857299268e-45,0,0,0.0012935649137943983,0.001431659678928554,5.605193857299268e-45,1.1210387714598537e-44,13.586389541625977,13.580144882202148,13.59243106842041,0.014393487013876438,0.015671975910663605,0,0,4800,0,5.605193857299268e-45
1787297065646,1590,0,0,2,-0.04916274920105934,3.0065155029296875,65.00183868408203,5.605193857299268e-45,1.1210387714598537e-44,5.605193857299268e-45,-5.605193857299268e-45,0,0,0.0015656916657462716,0.0012898157583549619,5.605193857299268e-45,1.1210387714598537e-44,13.586607933044434,13.581668853759766,13.591050148010254,0.014719311147928238,0.01581575535237789,0,0,4800,0,5.605193857299268e-45
1787297065666,1591,0,0,2,-0.007714841514825821,-3.2395904064178467,102.0910415649414,5.605193857299268e-45,1.1210387714598537e-44,5.605193857299268e-45,-5.605193857299268e-45,0,0,0.0015721458476036787,0.0009870833018794656,5.605193857299268e-45,1.1210387714598537e-44,13.587432861328125,13.582581520080566,13.591553688049316,0.014554353430867195,0.016218433156609535,0,0,4800,0,5.605193857299268e-45
1787297065686,1592,0,0,2,0.0042782919481396675,0.8084427118301392,139.0225372314453,5.605193857299268e-45,1.1210387714598537e-44,5.605193857299268e-45,-5.605193857299268e-45,0,0,0.0040143453516066074,0.002713370369747281,5.605193857299268e-45,1.1210387714598537e-44,13.587883949279785,13.581735610961914,13.593644142150879,0.014665191061794758,0.015874728560447693,0,0,4800,0,5.605193857299268e-45
1787297065706,1593,0,0,2,0.097202368080616,16.633699417114258,109.94346618652344,5.605193857299268e-45,1.1210387714598537e-44,5.605193857299268e-45,-5.605193857299268e-45,0,0,0.0016244180733337998,0.0017298602033406496,5.605193857299268e-45,1.1210387714598537e-44,13.58598518371582,13.583107948303223,13.589412689208984,0.014605828560888767,0.016039730980992317,0,0,4800,0,5.605193857299268e-45
1787297065726,1594,0,0,2,-0.040925782173871994,-2.4452741146087646,159.29885864257812,5.605193857299268e-45,1.1210387714598537e-44,5.605193857299268e-45,-5.605193857299268e-45,0,0,0.0021969920489937067,0.0017797424225136638,5.605193857299268e-45,1.1210387714598537e-44,13.587203979492188,13.582152366638184,13.59286117553711,0.01459029782563448,0.015875060111284256,0,0,4800,0,5.605193857299268e-45
1787297065746,1595,0,0,2,0.002556198975071311,0.08552777022123337,103.7499008178711,5.605193857299268e-45,1.1210387714598537e-44,5.605193857299268e-45,-5.605193857299268e-45,0,0,0.0017788533587008715,0.0017081534024327993,5.605193857299268e-45,1.1210387714598537e-44,13.58714771270752,13.584015846252441,13.591032981872559,0.014487343840301037,0.015398821793496609,0,0,4800,0,5.605193857299268e-45
1787297065766,1596,0,0,2,-0.12870530784130096,-12.981914520263672,98.83929443359375,5.605193857299268e-45,1.1210387714598537e-44,5.605193857299268e-45,-5.605193857299268e-45,0,0,0.0025708023458719254,0.0019207936711609364,5.605193857299268e-45,1.1210387714598537e-44,13.587904930114746,13.583840370178223,13.592463493347168,0.014456011354923248,0.015487486496567726,0,0,4800,0,5.605193857299268e-45
1787297065786,1597,0,0,2,-0.08684258908033371,-5.777193546295166,98.81694793701172,5.605193857299268e-45,1.1210387714598537e-44,5.605193857299268e-45,-5.605193857299268e-45,0,0,0.001514075556769967,0.0015232894802466035,5.605193857299268e-45,1.1210387714598537e-44,13.587162971496582,13.583090782165527,13.592968940734863,0.014602548442780972,0.015564440749585629,0,0,4800,0,5.605193857299268e-45
1787297065807,1598,0,0,2,0.01694248989224434,0.5328694581985474,82.81969451904297,5.605193857299268e-45,1.1210387714598537e-44,5.605193857299268e-45,-5.605193857299268e-45,0,0,0.0019930365961045027,0.0017866342095658183,5.605193857299268e-45,1.1210387714598537e-44,13.587011337280273,13.582690238952637,13.593853950500488,0.014595421962440014,0.01573014073073864,0,0,4800,0,5.605193857299268e-45
1787297065827,1599,0,0,2,-0.01856199838221073,-7.860774517059326,157.51727294921875,5.605193857299268e-45,1.1210387714598537e-44,5.605193857299268e-45,-5.605193857299268e-45,0,0,0.0020172845106571913,0.0017129958141595125,5.605193857299268e-45,1.1210387714598537e-44,13.58671760559082,13.583207130432129,13.592000961303711,0.014588123187422752,0.01578160561621189,0,0,4800,0,5.605193857299268e-45
1787297065847,1600,0,0,2,0.3123476803302765,29.318925857543945,88.42513275146484,5.605193857299268e-45,1.1210387714598537e-44,5.605193857299268e-45,-5.605193857299268e-45,0,0,0.0032726817298680544,0.0023683172184973955,5.605193857299268e-45,1.1210387714598537e-44,13.587919235229492,13.580480575561523,13.592028617858887,0.014624850824475288,0.01586281880736351,0,0,4800,0,5.605193857299268e-45
1787297065867,1601,0,0,2,0.27641022205352783,15.556492805480957,89.84121704101562,5.605193857299268e-45,1.1210387714598537e-44,5.605193857299268e-45,-5.605193857299268e-45,0,0,0.0038604780565947294,0.0019893494900316,5.605193857299268e-45,1.1210387714598537e-44,13.585790634155273,13.58281421661377,13.590048789978027,0.014857340604066849,0.015736840665340424,0,0,4800,0,5.605193857299268e-45
1787297065887,1602,0,0,2,0.026864342391490936,-7.52462911605835,103.29725646972656,5.605193857299268e-45,1.1210387714598537e-44,5.605193857299268e-45,-5.605193857299268e-45,0,0,0.003321330063045025,0.0017861021915450692,5.605193857299268e-45,1.1210387714598537e-44,13.585853576660156,13.578774452209473,13.596914291381836,0.014565497636795044,0.01572578027844429,0.002037821337580681,0,4800,0,5.605193857299268e-45
1787297065907,1603,0,0,2,-0.1183399111032486,-16.61994743347168,199.17681884765625,5.605193857299268e-45,1.1210387714598537e-44,5.605193857299268e-45,-5.605193857299268e-45,0,0,0.0027477445546537638,0.002172559965401888,5.605193857299268e-45,1.1210387714598537e-44,13.585789680480957,13.580280303955078,13.588811874389648,0.01492648757994175,0.01612846367061138,0,0,4800,0,5.605193857299268e-45
1787297065927,1604,0,0,2,-0.11824606359004974,-14.359188079833984,136.49359130859375,5.605193857299268e-45,1.1210387714598537e-44,5.605193857299268e-45,-5.605193857299268e-45,0,0,0.002556836698204279,0.0020045610144734383,5.605193857299268e-45,1.1210387714598537e-44,13.586663246154785,13.581734657287598,13.59333610534668,0.014746184460818768,0.01576795056462288,0,0,4800,0,5.605193857299268e-45
1787297065947,1605,0,0,2,-0.16915735602378845,-21.812135696411133,122.2662353515625,5.605193857299268e-45,1.1210387714598537e-44,5.605193857299268e-45,-5.605193857299268e-45,0,0,0.00291229085996747,0.0022780520375818014,5.605193857299268e-45,1.1210387714598537e-44,13.586432456970215,13.577110290527344,13.593817710876465,0.014366338029503822,0.015322894789278507,0,0,4800,0,5.605193857299268e-45
1787297065967,1606,0,0,2,-0.13645979762077332,-8.632635116577148,119.1617202758789,5.605193857299268e-45,1.1210387714598537e-44,5.605193857299268e-45,-5.605193857299268e-45,0,0,0.0054703447967767715,0.0024473839439451694,5.605193857299268e-45,1.1210387714598537e-44,13.587639808654785,13.583767890930176,13.591951370239258,0.014677081257104874,0.015914438292384148,0.002037821337580681,0,4800,0,5.605193857299268e-45
1787297065988,1607,0,0,2,-0.05113513395190239,-9.0281343460083,162.35768127441406,5.605193857299268e-45,1.1210387714598537e-44,5.605193857299268e-45,-5.605193857299268e-45,0,0,0.0036046139430254698,0.001748512964695692,5.605193857299268e-45,1.1210387714598537e-44,13.585916519165039,13.581216812133789,13.591934204101562,0.014366929419338703,0.01593022234737873,0,0,4800,0,5.605193857299268e-45
1787297066007,1608,0,0,2,0.23585940897464752,24.841215133666992,141.66799926757812,5.605193857299268e-45,1.1210387714598537e-44,5.605193857299268e-45,-5.605193857299268e-45,0,0,0.003055947832763195,0.001933722640387714,5.605193857299268e-45,1.1210387714598537e-44,13.586528778076172,13.582770347595215,13.593949317932129,0.014642941765487194,0.015369296073913574,0,0,4800,0,5.605193857299268e-45
1787297066028,1609,0,0,2,0.31903499364852905,34.89324188232422,101.77568054199219,5.605193857299268e-45,1.1210387714598537e-44,5.605193857299268e-45,-5.605193857299268e-45,0,0,0.0016845124773681164,0.001988921780139208,5.605193857299268e-45,1.1210387714598537e-44,13.586448669433594,13.582256317138672,13.590696334838867,0.01457779761403799,0.016336195170879364,0,0,4800,0,5.605193857299268e-45
1787297066048,1610,0,0,2,-0.4522439241409302,-46.57124328613281,159.9937286376953,5.605193857299268e-45,1.1210387714598537e-44,5.605193857299268e-45,-5.605193857299268e-45,0,0,0.002593227894976735,0.0020952874328941107,5.605193857299268e-45,1.1210387714598537e-44,13.585737228393555,13.582653999328613,13.591784477233887,0.014310583472251892,0.0151329031214118,0,0,4800,0,5.605193857299268e-45
1787297066068,1611,0,0,2,-0.04359561949968338,-3.7685089111328125,105.56050109863281,5.605193857299268e-45,1.1210387714598537e-44,5.605193857299268e-45,-5.605193857299268e-45,0,0,0.0018593326676636934,0.0019071707502007484,5.605193857299268e-45,1.1210387714598537e-44,13.585648536682129,13.581562995910645,13.591126441955566,0.014577696099877357,0.015139171853661537,0,0,4800,0,5.605193857299268e-45
1787297066088,1612,0,0,2,0.2839691936969757,23.12775421142578,107.56574249267578,5.605193857299268e-45,1.1210387714598537e-44,5.605193857299268e-45,-5.605193857299268e-45,0,0,0.0032929135486483574,0.002373869065195322,5.605193857299268e-45,1.1210387714598537e-44,13.58692455291748,13.582245826721191,13.592164039611816,0.014517239294946194,0.015238150954246521,0,0,4800,0,5.605193857299268e-45
1787297066108,1613,0,0,2,-0.10259413719177246,-9.49262523651123,143.17303466796875,5.605193857299268e-45,1.1210387714598537e-44,5.605193857299268e-45,-5.605193857299268e-45,0,0,0.0024681799113750458,0.0024337104987353086,5.605193857299268e-45,1.1210387714598537e-44,13.587835311889648,13.582491874694824,13.594480514526367,0.014384537935256958,0.015570878982543945,0,0,4800,0,5.605193857299268e-45
1787297066128,1614,0,0,2,-0.10662473738193512,-15.19841194152832,99.83702850341797,5.605193857299268e-45,1.1210387714598537e-44,5.605193857299268e-45,-5.605193857299268e-45,0,0,0.003208136186003685,0.002045321511104703,5.605193857299268e-45,1.1210387714598537e-44,13.585830688476562,13.576848030090332,13.591470718383789,0.014515422284603119,0.01613915152847767,0,0,4800,0,5.605193857299268e-45
1787297066148,1615,0,0,2,0.0497497022151947,2.386242389678955,135.89279174804688,5.605193857299268e-45,1.1210387714598537e-44,5.605193857299268e-45,-5.605193857299268e-45,0,0,0.0021742701064795256,0.00198205653578043,5.605193857299268e-45,1.1210387714598537e-44,13.58726692199707,13.576146125793457,13.593005180358887,0.014600728638470173,0.016089104115962982,0,0,4800,0,5.605193857299268e-45
1787297066168,1616,0,0,2,0.008150581270456314,-2.2944061756134033,85.60798645019531,5.605193857299268e-45,1.1210387714598537e-44,5.605193857299268e-45,-5.605193857299268e-45,0,0,0.0027485289610922337,0.002671964466571808,5.605193857299268e-45,1.1210387714598537e-44,13.586338996887207,13.58250904083252,13.591537475585938,0.014207042753696442,0.015198009088635445,0,0,4800,0,5.605193857299268e-45
1787297066188,1617,0,0,2,0.0036728905979543924,-2.7051217555999756,74.59520721435547,5.605193857299268e-45,1.1210387714598537e-44,5.605193857299268e-45,-5.605193857299268e-45,0,0,0.0020461855456233025,0.0017242979956790805,5.605193857299268e-45,1.1210387714598537e-44,13.587164878845215,13.583027839660645,13.591150283813477,0.014892272651195526,0.015805914998054504,0,0,4800,0,5.605193857299268e-45
1787297066209,1618,0,0,2,0.21633122861385345,13.70477294921875,77.54458618164062,5.605193857299268e-45,1.1210387714598537e-44,5.605193857299268e-45,-5.605193857299268e-45,0,0,0.003032509470358491,0.0021513481624424458,5.605193857299268e-45,1.1210387714598537e-44,13.586374282836914,13.58195686340332,13.596473693847656,0.014541533775627613,0.015830038115382195,0,0,4800,0,5.605193857299268e-45
1787297066229,1619,0,0,2,-0.0332472063601017,-0.8882374167442322,101.7885971069336,5.605193857299268e-45,1.1210387714598537e-44,5.605193857299268e-45,-5.605193857299268e-45,0,0,0.0014908292796462774,0.001286775921471417,5.605193857299268e-45,1.1210387714598537e-44,13.585209846496582,13.576773643493652,13.587167739868164,0.014654303900897503,0.015908371657133102,0,0,4800,0,5.605193857299268e-45
1787297066249,1620,0,0,2,-0.06325984746217728,-2.8111209869384766,98.04894256591797,5.605193857299268e-45,1.1210387714598537e-44,5.605193857299268e-45,-5.605193857299268e-45,0,0,0.0022089998237788677,0.0018023891607299447,5.605193857299268e-45,1.1210387714598537e-44,13.586770057678223,13.58227252960205,13.592753410339355,0.014279240742325783,0.015465693548321724,0,0,4800,0,5.605193857299268e-45
1787297066269,1621,0,0,2,-0.02567346952855587,-4.407402515411377,90.82135772705078,5.605193857299268e-45,1.1210387714598537e-44,5.605193857299268e-45,-5.605193857299268e-45,0,0,0.002626539673656225,0.002112572081387043,5.605193857299268e-45,1.1210387714598537e-44,13.585968971252441,13.581727981567383,13.590914726257324,0.01416920404881239,0.014955339953303337,0,0,4800,0,5.605193857299268e-45
1787297066289,1622,0,0,2,0.07350855320692062,4.80562162399292,110.05720520019531,5.605193857299268e-45,1.1210387714598537e-44,5.605193857299268e-45,-5.605193857299268e-45,0,0,0.004374781623482704,0.002571970922872424,5.605193857299268e-45,1.1210387714598537e-44,13.586615562438965,13.582798957824707,13.594669342041016,0.013949488289654255,0.015209994278848171,0,0,4800,0,5.605193857299268e-45
1787297066309,1623,0,0,2,0.4889896810054779,40.45419692993164,112.19710540771484,5.605193857299268e-45,1.1210387714598537e-44,5.605193857299268e-45,-5.605193857299268e-45,0,0,0.002816098742187023,0.002020829590037465,5.605193857299268e-45,1.1210387714598537e-44,13.585898399353027,13.579477310180664,13.592065811157227,0.01476280763745308,0.015774903818964958,0,0,4800,0,5.605193857299268e-45
1787297066329,1624,0,0,2,-0.004848064389079809,6.062530994415283,105.90763092041016,5.605193857299268e-45,1.1210387714598537e-44,5.605193857299268e-45,-5.605193857299268e-45,0,0,0.0014991143252700567,0.0015906491316854954,5.605193857299268e-45,1.1210387714598537e-44,13.587543487548828,13.582951545715332,13.594380378723145,0.01476490031927824,0.015597629360854626,0,0,4800,0,5.605193857299268e-45
1787297066349,1625,0,0,2,0.07099088281393051,3.689626932144165,132.46131896972656,5.605193857299268e-45,1.1210387714598537e-44,5.605193857299268e-45,-5.605193857299268e-45,0,0,0.002115776529535651,0.0023354487493634224,5.605193857299268e-45,1.1210387714598537e-44,13.586129188537598,13.581032752990723,13.589659690856934,0.014902577735483646,0.015868838876485825,0,0,4800,0,5.605193857299268e-45
1787297066369,1626,0,0,2,-0.004128690809011459,-6.284523963928223,110.12610626220703,5.605193857299268e-45,1.1210387714598537e-44,5.605193857299268e-45,-5.605193857299268e-45,0,0,0.0025701355189085007,0.002240049885585904,5.605193857299268e-45,1.1210387714598537e-44,13.5855131149292,13.583322525024414,13.58980655670166,0.014566449448466301,0.01572948880493641,0,0,4800,0,5.605193857299268e-45
1787297066389,1627,0,0,2,-0.05213505029678345,-15.112360954284668,129.19615173339844,5.605193857299268e-45,1.1210387714598537e-44,5.605193857299268e-45,-5.605193857299268e-45,0,0,0.0023224360775202513,0.0014511168701574206,5.605193857299268e-45,1.1210387714598537e-44,13.587557792663574,13.583888053894043,13.59307861328125,0.014405562542378902,0.015445275232195854,0,0,4800,0,5.605193857299268e-45
1787297066410,1628,0,0,2,0.15723080933094025,5.609569549560547,147.52493286132812,5.605193857299268e-45,1.1210387714598537e-44,5.605193857299268e-45,-5.605193857299268e-45,0,0,0.003362193936482072,0.0021082598250359297,5.605193857299268e-45,1.1210387714598537e-44,13.586613655090332,13.58238410949707,13.591041564941406,0.01450339611619711,0.015719963237643242,0,0,4800,0,5.605193857299268e-45
1787297066430,1629,0,0,2,-0.05474134534597397,-5.917318820953369,82.73541259765625,5.605193857299268e-45,1.1210387714598537e-44,5.605193857299268e-45,-5.605193857299268e-45,0,0,0.0017584138549864292,0.0016756796976551414,5.605193857299268e-45,1.1210387714598537e-44,13.585967063903809,13.583115577697754,13.589886665344238,0.014436549507081509,0.0156982634216547,0,0,4800,0,5.605193857299268e-45
1787297066450,1630,0,0,2,-0.1396239995956421,-11.876272201538086,72.58112335205078,5.605193857299268e-45,1.1210387714598537e-44,5.605193857299268e-45,-5.605193857299268e-45,0,0,0.0018850208725780249,0.001944546471349895,5.605193857299268e-45,1.1210387714598537e-44,13.587101936340332,13.583527565002441,13.590710639953613,0.014460691250860691,0.01574101485311985,0,0,4800,0,5.605193857299268e-45
1787297066470,1631,0,0,2,-0.08688980340957642,-7.879477500915527,85.93597412109375,5.605193857299268e-45,1.1210387714598537e-44,5.605193857299268e-45,-5.605193857299268e-45,0,0,0.0024959684815257788,0.002643837593495846,5.605193857299268e-45,1.1210387714598537e-44,13.587677955627441,13.583393096923828,13.593667984008789,0.014722741208970547,0.0161630567163229,0,0,4800,0,5.605193857299268e-45
1787297066490,1632,0,0,2,-0.16297629475593567,-18.1036319732666,154.5146484375,5.605193857299268e-45,1.1210387714598537e-44,5.605193857299268e-45,-5.605193857299268e-45,0,0,0.002093538409098983,0.0018855950329452753,5.605193857299268e-45,1.1210387714598537e-44,13.58773422241211,13.583093643188477,13.594642639160156,0.014446189627051353,0.015608792193233967,0,0,4800,0,5.605193857299268e-45
1787297066510,1633,0,0,2,0.07183130085468292,10.853799819946289,131.23251342773438,5.605193857299268e-45,1.1210387714598537e-44,5.605193857299268e-45,-5.605193857299268e-45,0,0,0.002948869951069355,0.0023654932156205177,5.605193857299268e-45,1.1210387714598537e-44,13.585787773132324,13.581870079040527,13.590921401977539,0.014646071009337902,0.01619618944823742,0,0,4800,0,5.605193857299268e-45
1787297066530,1634,0,0,2,-0.13200430572032928,-13.437456130981445,155.59877014160156,5.605193857299268e-45,1.1210387714598537e-44,5.605193857299268e-45,-5.605193857299268e-45,0,0,0.004652149975299835,0.003231183160096407,5.605193857299268e-45,1.1210387714598537e-44,13.588680267333984,13.583107948303223,13.592552185058594,0.014683607034385204,0.01575700379908085,0,0,4800,0,5.605193857299268e-45
1787297066550,1635,0,0,2,0.2815544903278351,29.28269386291504,222.7930145263672,5.605193857299268e-45,1.1210387714598537e-44,5.605193857299268e-45,-5.605193857299268e-45,0,0,0.0036028949543833733,0.0025182045064866543,5.605193857299268e-45,1.1210387714598537e-44,13.58581829071045,13.577801704406738,13.592947006225586,0.014752510003745556,0.01624223217368126,0,0,4800,0,5.605193857299268e-45
1787297066570,1636,0,0,2,0.0156521238386631,5.727567672729492,117.66814422607422,5.605193857299268e-45,1.1210387714598537e-44,5.605193857299268e-45,-5.605193857299268e-45,0,0,0.0019563406240195036,0.0018377507803961635,5.605193857299268e-45,1.1210387714598537e-44,13.5869722366333,13.57643985748291,13.591050148010254,0.014539646916091442,0.015806932002305984,0,0,4800,0,5.605193857299268e-45
1787297066590,1637,0,0,2,0.0714663416147232,5.9334397315979,99.0010757446289,5.605193857299268e-45,1.1210387714598537e-44,5.605193857299268e-45,-5.605193857299268e-45,0,0,0.001865304191596806,0.001786738052032888,5.605193857299268e-45,1.1210387714598537e-44,13.587699890136719,13.577903747558594,13.59522533416748,0.014481354504823685,0.015860870480537415,0,0,4800,0,5.605193857299268e-45
1787297066610,1638,0,0,2,-0.12496453523635864,-14.940638542175293,115.8399429321289,5.605193857299268e-45,1.1210387714598537e-44,5.605193857299268e-45,-5.605193857299268e-45,0,0,0.0032900748774409294,0.0022950603161007166,5.605193857299268e-45,1.1210387714598537e-44,13.58908462524414,13.581794738769531,13.593424797058105,0.014362185262143612,0.015528597868978977,0,0,4800,0,5.605193857299268e-45
1787297066631,1639,0,0,2,0.018394269049167633,7.640697956085205,79.55406951904297,5.605193857299268e-45,1.1210387714598537e-44,5.605193857299268e-45,-5.605193857299268e-45,0,0,0.0007827930385246873,0.0014541386626660824,5.605193857299268e-45,1.1210387714598537e-44,13.58680534362793,13.582784652709961,13.591230392456055,0.014521848410367966,0.01546231284737587,0,0,4800,0,5.605193857299268e-45
1787297066651,1640,0,0,2,-0.09601474553346634,-8.747759819030762,69.59365844726562,5.605193857299268e-45,1.1210387714598537e-44,5.605193857299268e-45,-5.605193857299268e-45,0,0,0.0028269493486732244,0.0030514001846313477,5.605193857299268e-45,1.1210387714598537e-44,13.588216781616211,13.584731101989746,13.59250259399414,0.0146145885810256,0.015310565009713173,0,0,4800,0,5.605193857299268e-45
1787297066671,1641,0,0,2,-0.030614223331212997,-2.8667774200439453,65.35173797607422,5.605193857299268e-45,1.1210387714598537e-44,5.605193857299268e-45,-5.605193857299268e-45,0,0,0.0013313830131664872,0.0015054182149469852,5.605193857299268e-45,1.1210387714598537e-44,13.586858749389648,13.582226753234863,13.590579986572266,0.014857682399451733,0.01581980288028717,0,0,4800,0,5.605193857299268e-45
1787297066691,1642,0,0,2,0.08740347623825073,-0.06182059273123741,93.83847045898438,5.605193857299268e-45,1.1210387714598537e-44,5.605193857299268e-45,-5.605193857299268e-45,0,0,0.002808659104630351,0.002113212365657091,5.605193857299268e-45,1.1210387714598537e-44,13.58594036102295,13.581782341003418,13.591326713562012,0.014513864181935787,0.015846990048885345,0,0,4800,0,5.605193857299268e-45
1787297066711,1643,0,0,2,0.24433046579360962,21.214292526245117,84.5859375,5.605193857299268e-45,1.1210387714598537e-44,5.605193857299268e-45,-5.605193857299268e-45,0,0,0.0021450924687087536,0.002082269173115492,5.605193857299268e-45,1.1210387714598537e-44,13.586410522460938,13.580853462219238,13.590849876403809,0.014507520012557507,0.015683941543102264,0,0,4800,0,5.605193857299268e-45
1787297066731,1644,0,0,2,-0.005398544017225504,1.965186595916748,53.393310546875,5.605193857299268e-45,1.1210387714598537e-44,5.605193857299268e-45,-5.605193857299268e-45,0,0,0.001518349745310843,0.0018794274656102061,5.605193857299268e-45,1.1210387714598537e-44,13.585007667541504,13.576250076293945,13.592486381530762,0.01435490045696497,0.015317410230636597,0,0,4800,0,5.605193857299268e-45
1787297066751,1645,0,0,2,0.1079225093126297,8.87847900390625,109.23739624023438,5.605193857299268e-45,1.1210387714598537e-44,5.605193857299268e-45,-5.605193857299268e-45,0,0,0.0013681998243555427,0.001277269795536995,5.605193857299268e-45,1.1210387714598537e-44,13.586381912231445,13.580984115600586,13.598204612731934,0.014513703063130379,0.015311142429709435,0,0,4800,0,5.605193857299268e-45
1787297066771,1646,0,0,2,-0.05938347429037094,2.1839027404785156,89.87615203857422,5.605193857299268e-45,1.1210387714598537e-44,5.605193857299268e-45,-5.605193857299268e-45,0,0,0.0021437585819512606,0.0024207152891904116,5.605193857299268e-45,1.1210387714598537e-44,13.587150573730469,13.582914352416992,13.592877388000488,0.01456806156784296,0.01534298900514841,0,0,4800,0,5.605193857299268e-45
1787297066791,1647,0,0,2,-0.04626503959298134,-7.541711330413818,80.18287658691406,5.605193857299268e-45,1.1210387714598537e-44,5.605193857299268e-45,-5.605193857299268e-45,0,0,0.0013151975581422448,0.0014378918567672372,5.605193857299268e-45,1.1210387714598537e-44,13.586820602416992,13.580198287963867,13.594197273254395,0.014597740024328232,0.01560518704354763,0,0,4800,0,5.605193857299268e-45
1787297066811,1648,0,0,2,-0.10484490543603897,-13.585111618041992,96.66028594970703,5.605193857299268e-45,1.1210387714598537e-44,5.605193857299268e-45,-5.605193857299268e-45,0,0,0.0015988609520718455,0.0013509331038221717,5.605193857299268e-45,1.1210387714598537e-44,13.586352348327637,13.582450866699219,13.59411907196045,0.014643182046711445,0.015590793453156948,0,0,4800,0,5.605193857299268e-45
1787297066831,1649,0,0,2,-0.08092168718576431,-9.476625442504883,82.37577819824219,5.605193857299268e-45,1.1210387714598537e-44,5.605193857299268e-45,-5.605193857299268e-45,0,0,0.000844716327264905,0.0010737156262621284,5.605193857299268e-45,1.1210387714598537e-44,13.584067344665527,13.575438499450684,13.591790199279785,0.01460045576095581,0.01599249616265297,0,0,4800,0,5.605193857299268e-45
1787297066852,1650,0,0,2,-0.06712275743484497,-4.653643608093262,81.25353240966797,5.605193857299268e-45,1.1210387714598537e-44,5.605193857299268e-45,-5.605193857299268e-45,0,0,0.0007248095353133976,0.001089077559299767,5.605193857299268e-45,1.1210387714598537e-44,13.586939811706543,13.583394050598145,13.591313362121582,0.014527174644172192,0.015528758056461811,0,0,4800,0,5.605193857299268e-45
1787297066872,1651,0,0,2,-0.11198054999113083,-10.838945388793945,119.84342956542969,5.605193857299268e-45,1.1210387714598537e-44,5.605193857299268e-45,-5.605193857299268e-45,0,0,0.0018140379106625915,0.0011885934509336948,5.605193857299268e-45,1.1210387714598537e-44,13.587723731994629,13.583528518676758,13.594843864440918,0.01457119733095169,0.016008110716938972,0,0,4800,0,5.605193857299268e-45
1787297066892,1652,0,0,2,-0.16133622825145721,-10.519903182983398,97.87832641601562,5.605193857299268e-45,1.1210387714598537e-44,5.605193857299268e-45,-5.605193857299268e-45,0,0,0.0017909434391185641,0.0018295975169166923,5.605193857299268e-45,1.1210387714598537e-44,13.58663558959961,13.582352638244629,13.595458030700684,0.014412829652428627,0.015380589291453362,0,0,4800,0,5.605193857299268e-45
1787297066912,1653,0,0,2,-0.0030513505917042494,-7.001540660858154,132.77764892578125,5.605193857299268e-45,1.1210387714598537e-44,5.605193857299268e-45,-5.605193857299268e-45,0,0,0.0018974693957716227,0.0011531248455867171,5.605193857299268e-45,1.1210387714598537e-44,13.586891174316406,13.583333015441895,13.593873023986816,0.014601428993046284,0.015557220205664635,0,0,4800,0,5.605193857299268e-45
1787297066932,1654,0,0,2,0.06740326434373856,8.915964126586914,135.69110107421875,5.605193857299268e-45,1.1210387714598537e-44,5.605193857299268e-45,-5.605193857299268e-45,0,0,0.004641433246433735,0.002869401127099991,5.605193857299268e-45,1.1210387714598537e-44,13.587746620178223,13.579364776611328,13.594359397888184,0.014581741765141487,0.015310891903936863,0,0,4800,0,5.605193857299268e-45
1787297066952,1655,0,0,2,-0.05890161916613579,-7.659989356994629,107.2992935180664,5.605193857299268e-45,1.1210387714598537e-44,5.605193857299268e-45,-5.605193857299268e-45,0,0,0.003020721022039652,0.0016864894423633814,5.605193857299268e-45,1.1210387714598537e-44,13.585773468017578,13.581286430358887,13.59345531463623,0.014611874707043171,0.016036082059144974,0,0,4800,0,5.605193857299268e-45
1787297066972,1656,0,0,2,0.0017674880800768733,-9.281438827514648,150.20411682128906,5.605193857299268e-45,1.1210387714598537e-44,5.605193857299268e-45,-5.605193857299268e-45,0,0,0.0033649203833192587,0.0022683218121528625,5.605193857299268e-45,1.1210387714598537e-44,13.586579322814941,13.582653999328613,13.591718673706055,0.014746039174497128,0.01582128182053566,0,0,4800,0,5.605193857299268e-45
1787297066992,1657,0,0,2,-0.004160286393016577,-2.694857358932495,56.7447395324707,5.605193857299268e-45,1.1210387714598537e-44,5.605193857299268e-45,-5.605193857299268e-45,0,0,0.002524056239053607,0.0016484215157106519,5.605193857299268e-45,1.1210387714598537e-44,13.587045669555664,13.584070205688477,13.593414306640625,0.014728890731930733,0.01611795648932457,0,0,4800,0,5.605193857299268e-45
1787297067012,1658,0,0,2,-0.012277939356863499,-9.559441566467285,80.99606323242188,5.605193857299268e-45,1.1210387714598537e-44,5.605193857299268e-45,-5.605193857299268e-45,0,0,0.0026543010026216507,0.0012442191364243627,5.605193857299268e-45,1.1210387714598537e-44,13.586146354675293,13.582437515258789,13.591137886047363,0.014524457044899464,0.015343394130468369,0,0,4800,0,5.605193857299268e-45
1787297067033,1659,0,0,2,0.058368928730487823,0.37446025013923645,101.29979705810547,5.605193857299268e-45,1.1210387714598537e-44,5.605193857299268e-45,-5.605193857299268e-45,0,0,0.0024526657070964575,0.0022595420014113188,5.605193857299268e-45,1.1210387714598537e-44,13.585921287536621,13.582284927368164,13.59239673614502,0.014515724033117294,0.015446099452674389,0,0,4800,0,5.605193857299268e-45
1787297067053,1660,0,0,2,-0.04343563690781593,-3.710702419281006,89.29402923583984,5.605193857299268e-45,1.1210387714598537e-44,5.605193857299268e-45,-5.605193857299268e-45,0,0,0.002946619177237153,0.002906981622800231,5.605193857299268e-45,1.1210387714598537e-44,13.588692665100098,13.583096504211426,13.594587326049805,0.01446561235934496,0.015341750346124172,0,0,4800,0,5.605193857299268e-45
1787297067073,1661,0,0,2,-0.03052971512079239,-3.676344871520996,83.04122924804688,5.605193857299268e-45,1.1210387714598537e-44,5.605193857299268e-45,-5.605193857299268e-45,0,0,0.00150146649684757,0.0018329048762097955,5.605193857299268e-45,1.1210387714598537e-44,13.586918830871582,13.581269264221191,13.592925071716309,0.014628809876739979,0.01552135031670332,0,0,4800,0,5.605193857299268e-45
1787297067093,1662,0,0,2,0.03452207148075104,5.759089946746826,75.03267669677734,5.605193857299268e-45,1.1210387714598537e-44,5.605193857299268e-45,-5.605193857299268e-45,0,0,0.0012653960147872567,0.0012761137913912535,5.605193857299268e-45,1.1210387714598537e-44,13.586214065551758,13.582219123840332,13.591811180114746,0.01450181845575571,0.015889141708612442,0,0,4800,0,5.605193857299268e-45
1787297067113,1663,0,0,2,0.0245417058467865,3.7676594257354736,86.37239837646484,5.605193857299268e-45,1.1210387714598537e-44,5.605193857299268e-45,-5.605193857299268e-45,0,0,0.001639633090235293,0.0012037699343636632,5.605193857299268e-45,1.1210387714598537e-44,13.584429740905762,13.57109546661377,13.594066619873047,0.014408028684556484,0.015494181774556637,0,0,4800,0,5.605193857299268e-45
1787297067133,1664,0,0,2,-0.14771921932697296,-10.601184844970703,79.16329956054688,5.605193857299268e-45,1.1210387714598537e-44,5.605193857299268e-45,-5.605193857299268e-45,0,0,0.0013856809819117188,0.0012102372711524367,5.605193857299268e-45,1.1210387714598537e-44,13.58597183227539,13.579846382141113,13.590530395507812,0.014562445692718029,0.015969187021255493,0,0,4800,0,5.605193857299268e-45
1787297067153,1665,0,0,2,0.04497261345386505,10.479321479797363,58.47163772583008,5.605193857299268e-45,1.1210387714598537e-44,5.605193857299268e-45,-5.605193857299268e-45,0,0,0.0006470315274782479,0.0008790430729277432,5.605193857299268e-45,1.1210387714598537e-44,13.585145950317383,13.581597328186035,13.588390350341797,0.0144200399518013,0.015335097908973694,0,0,4800,0,5.605193857299268e-45
1787297067173,1666,0,0,2,-0.031352054327726364,-0.7946560382843018,46.14562225341797,5.605193857299268e-45,1.1210387714598537e-44,5.605193857299268e-45,-5.605193857299268e-45,0,0,0.0014665905619040132,0.0015952626708894968,5.605193857299268e-45,1.1210387714598537e-44,13.587242126464844,13.577739715576172,13.593579292297363,0.014726990833878517,0.015858227387070656,0,0,4800,0,5.605193857299268e-45
1787297067193,1667,0,0,2,-0.2002391517162323,-15.824450492858887,102.53218078613281,5.605193857299268e-45,1.1210387714598537e-44,5.605193857299268e-45,-5.605193857299268e-45,0,0,0.0014242299366742373,0.001394942868500948,5.605193857299268e-45,1.1210387714598537e-44,13.585229873657227,13.581236839294434,13.589943885803223,0.014618580229580402,0.015538034029304981,0,0,4800,0,5.605193857299268e-45
1787297067214,1668,0,0,2,-0.017732398584485054,5.188941955566406,81.72674560546875,5.605193857299268e-45,1.1210387714598537e-44,5.605193857299268e-45,-5.605193857299268e-45,0,0,0.0009977964218705893,0.0013535608304664493,5.605193857299268e-45,1.1210387714598537e-44,13.585104942321777,13.575692176818848,13.592552185058594,0.014398760162293911,0.015433261170983315,0,0,4800,0,5.605193857299268e-45
1787297067234,1669,0,0,2,-0.03779396042227745,3.6181838512420654,59.301918029785156,5.605193857299268e-45,1.1210387714598537e-44,5.605193857299268e-45,-5.605193857299268e-45,0,0,0.0012052716920152307,0.0014783662045374513,5.605193857299268e-45,1.1210387714598537e-44,13.586640357971191,13.58319091796875,13.592761039733887,0.014458930119872093,0.015710005536675453,0,0,4800,0,5.605193857299268e-45
1787297067254,1670,0,0,2,-0.19456972181797028,-13.163651466369629,59.38743591308594,5.605193857299268e-45,1.1210387714598537e-44,5.605193857299268e-45,-5.605193857299268e-45,0,0,0.0021975524723529816,0.0020066809374839067,5.605193857299268e-45,1.1210387714598537e-44,13.587950706481934,13.583785057067871,13.59360408782959,0.014556930400431156,0.015533517114818096,0,0,4800,0,5.605193857299268e-45
1787297067274,1671,0,0,2,0.015645788982510567,2.790239095687866,53.20210647583008,5.605193857299268e-45,1.1210387714598537e-44,5.605193857299268e-45,-5.605193857299268e-45,0,0,0.0016995816258713603,0.0010315589606761932,5.605193857299268e-45,1.1210387714598537e-44,13.58685302734375,13.584181785583496,13.590518951416016,0.014774112030863762,0.01565009169280529,0,0,4800,0,5.605193857299268e-45
1787297067294,1672,0,0,2,-0.06692854315042496,-0.8017107248306274,49.41096115112305,5.605193857299268e-45,1.1210387714598537e-44,5.605193857299268e-45,-5.605193857299268e-45,0,0,0.0012483353493735194,0.0011436513159424067,5.605193857299268e-45,1.1210387714598537e-44,13.585953712463379,13.582987785339355,13.59103775024414,0.014682437293231487,0.015592408366501331,0,0,4800,0,5.605193857299268e-45
1787297067314,1673,0,0,2,0.011523807421326637,4.75145959854126,49.9824104309082,5.605193857299268e-45,1.1210387714598537e-44,5.605193857299268e-45,-5.605193857299268e-45,0,0,0.0007854694849811494,0.0011375483591109514,5.605193857299268e-45,1.1210387714598537e-44,13.584771156311035,13.578339576721191,13.590618133544922,0.01479206420481205,0.01600399613380432,0,0,4800,0,5.605193857299268e-45
1787297067334,1674,0,0,2,-0.012673293240368366,-0.31438228487968445,57.06991958618164,5.605193857299268e-45,1.1210387714598537e-44,5.605193857299268e-45,-5.605193857299268e-45,0,0,0.0011544431326910853,0.0012605668744072318,5.605193857299268e-45,1.1210387714598537e-44,13.586607933044434,13.580955505371094,13.594573974609375,0.014624737203121185,0.015371483750641346,0,0,4800,0,5.605193857299268e-45
1787297067354,1675,0,0,2,0.03897003456950188,3.430943012237549,45.237525939941406,5.605193857299268e-45,1.1210387714598537e-44,5.605193857299268e-45,-5.605193857299268e-45,0,0,0.0018603373318910599,0.0016391236567869782,5.605193857299268e-45,1.1210387714598537e-44,13.585891723632812,13.581705093383789,13.591151237487793,0.014556539244949818,0.015419866889715195,0,0,4800,0,5.605193857299268e-45
1787297067374,1676,0,0,2,-0.03314811736345291,-5.606448173522949,84.47119903564453,5.605193857299268e-45,1.1210387714598537e-44,5.605193857299268e-45,-5.605193857299268e-45,0,0,0.002191342646256089,0.0019400841556489468,5.605193857299268e-45,1.1210387714598537e-44,13.586566925048828,13.579748153686523,13.593765258789062,0.014581592753529549,0.015453403815627098,0,0,4800,0,5.605193857299268e-45
1787297067394,1677,0,0,2,0.12948013842105865,7.210066795349121,125.00245666503906,5.605193857299268e-45,1.1210387714598537e-44,5.605193857299268e-45,-5.605193857299268e-45,0,0,0.0025185677222907543,0.0019621970131993294,5.605193857299268e-45,1.1210387714598537e-44,13.587182998657227,13.583633422851562,13.593284606933594,0.014576796442270279,0.01592399924993515,0,0,4800,0,5.605193857299268e-45
1787297067414,1678,0,0,2,-0.07103842496871948,-8.214829444885254,57.041542053222656,5.605193857299268e-45,1.1210387714598537e-44,5.605193857299268e-45,-5.605193857299268e-45,0,0,0.002158332848921418,0.0021387136075645685,5.605193857299268e-45,1.1210387714598537e-44,13.586885452270508,13.579975128173828,13.593756675720215,0.014694447629153728,0.01563400775194168,0,0,4800,0,5.605193857299268e-45
1787297067435,1679,0,0,2,0.02695772424340248,-3.2619407176971436,123.8335952758789,5.605193857299268e-45,1.1210387714598537e-44,5.605193857299268e-45,-5.605193857299268e-45,0,0,0.0036206382792443037,0.002231600694358349,5.605193857299268e-45,1.1210387714598537e-44,13.586528778076172,13.581546783447266,13.593703269958496,0.01471335906535387,0.015267317183315754,0,0,4800,0,5.605193857299268e-45
1787297067455,1680,0,0,2,0.07433005422353745,9.772844314575195,101.85382080078125,5.605193857299268e-45,1.1210387714598537e-44,5.605193857299268e-45,-5.605193857299268e-45,0,0,0.002159921918064356,0.0017439315561205149,5.605193857299268e-45,1.1210387714598537e-44,13.587641716003418,13.582767486572266,13.595908164978027,0.0145612433552742,0.01565040834248066,0,0,4800,0,5.605193857299268e-45
1787297067475,1681,0,0,2,0.0016732705989852548,1.2416489124298096,67.53849029541016,5.605193857299268e-45,1.1210387714598537e-44,5.605193857299268e-45,-5.605193857299268e-45,0,0,0.0013315732358023524,0.001494933501817286,5.605193857299268e-45,1.1210387714598537e-44,13.587428092956543,13.58386516571045,13.592808723449707,0.014407170005142689,0.015770522877573967,0,0,4800,0,5.605193857299268e-45
1787297067495,1682,0,0,2,-0.021122252568602562,-3.0369796752929688,84.15506744384766,5.605193857299268e-45,1.1210387714598537e-44,5.605193857299268e-45,-5.605193857299268e-45,0,0,0.002039872109889984,0.0013153975596651435,5.605193857299268e-45,1.1210387714598537e-44,13.585946083068848,13.581892967224121,13.589601516723633,0.01432348508387804,0.015364469029009342,0,0,4800,0,5.605193857299268e-45
1787297067515,1683,0,0,2,0.11177735030651093,9.68777084350586,129.24972534179688,5.605193857299268e-45,1.1210387714598537e-44,5.605193857299268e-45,-5.605193857299268e-45,0,0,0.0032653729431331158,0.002665449632331729,5.605193857299268e-45,1.1210387714598537e-44,13.58690071105957,13.579253196716309,13.590539932250977,0.014719953760504723,0.015590798109769821,0,0,4800,0,5.605193857299268e-45
1787297067535,1684,0,0,2,-0.1671227365732193,-10.207340240478516,86.16099548339844,5.605193857299268e-45,1.1210387714598537e-44,5.605193857299268e-45,-5.605193857299268e-45,0,0,0.0018156562000513077,0.0018997775623574853,5.605193857299268e-45,1.1210387714598537e-44,13.587625503540039,13.582025527954102,13.592700958251953,0.014483670704066753,0.015833720564842224,0,0,4800,0,5.605193857299268e-45
1787297067555,1685,0,0,2,0.2725171148777008,29.689329147338867,107.72123718261719,5.605193857299268e-45,1.1210387714598537e-44,5.605193857299268e-45,-5.605193857299268e-45,0,0,0.002499249530956149,0.0026823333464562893,5.605193857299268e-45,1.1210387714598537e-44,13.587630271911621,13.583732604980469,13.592936515808105,0.014782202430069447,0.01590157486498356,0,0,4800,0,5.605193857299268e-45
1787297067575,1686,0,0,2,-0.11300106346607208,-9.09862995147705,91.28073120117188,5.605193857299268e-45,1.1210387714598537e-44,5.605193857299268e-45,-5.605193857299268e-45,0,0,0.002627716166898608,0.0028726051095873117,5.605193857299268e-45,1.1210387714598537e-44,13.587554931640625,13.584003448486328,13.593803405761719,0.014603550545871258,0.01572241634130478,0,0,4800,0,5.605193857299268e-45
1787297067595,1687,0,0,2,0.1993548572063446,21.787649154663086,90.46711730957031,5.605193857299268e-45,1.1210387714598537e-44,5.605193857299268e-45,-5.605193857299268e-45,0,0,0.0022849482484161854,0.0019989421125501394,5.605193857299268e-45,1.1210387714598537e-44,13.585955619812012,13.581442832946777,13.593110084533691,0.014643039554357529,0.015571901574730873,0,0,4800,0,5.605193857299268e-45
1787297067615,1688,0,0,2,0.20399868488311768,20.496137619018555,74.52523803710938,5.605193857299268e-45,1.1210387714598537e-44,5.605193857299268e-45,-5.605193857299268e-45,0,0,0.0021661866921931505,0.001986941322684288,5.605193857299268e-45,1.1210387714598537e-44,13.587053298950195,13.581993103027344,13.591323852539062,0.014782974496483803,0.015703411772847176,0,0,4800,0,5.605193857299268e-45
1787297067636,1689,0,0,2,-0.01958436146378517,-3.9370908737182617,83.05606079101562,5.605193857299268e-45,1.1210387714598537e-44,5.605193857299268e-45,-5.605193857299268e-45,0,0,0.001797448960132897,0.0016622577095404267,5.605193857299268e-45,1.1210387714598537e-44,13.586081504821777,13.582759857177734,13.590012550354004,0.014742419123649597,0.015431606210768223,0,0,4800,0,5.605193857299268e-45
1787297067656,1690,0,0,2,-0.028195589780807495,-6.888585567474365,112.06898498535156,5.605193857299268e-45,1.1210387714598537e-44,5.605193857299268e-45,-5.605193857299268e-45,0,0,0.001983785768970847,0.0018459708662703633,5.605193857299268e-45,1.1210387714598537e-44,13.587562561035156,13.58343505859375,13.593841552734375,0.01448713056743145,0.015369161032140255,0,0,4800,0,5.605193857299268e-45
1787297067676,1691,0,0,2,0.07562477886676788,9.58165168762207,90.47738647460938,5.605193857299268e-45,1.1210387714598537e-44,5.605193857299268e-45,-5.605193857299268e-45,0,0,0.0012004785239696503,0.0013008634559810162,5.605193857299268e-45,1.1210387714598537e-44,13.58666706085205,13.581887245178223,13.593945503234863,0.014464091509580612,0.01573440618813038,0,0,4800,0,5.605193857299268e-45
1787297067696,1692,0,0,2,0.14241264760494232,15.205524444580078,68.40725708007812,5.605193857299268e-45,1.1210387714598537e-44,5.605193857299268e-45,-5.605193857299268e-45,0,0,0.0021451301872730255,0.0016341572627425194,5.605193857299268e-45,1.1210387714598537e-44,13.586930274963379,13.581195831298828,13.595197677612305,0.0145517373457551,0.015682589262723923,0,0,4800,0,5.605193857299268e-45
1787297067716,1693,0,0,2,0.026103060692548752,-3.8860130310058594,120.36893463134766,5.605193857299268e-45,1.1210387714598537e-44,5.605193857299268e-45,-5.605193857299268e-45,0,0,0.001932776067405939,0.0013259113766252995,5.605193857299268e-45,1.1210387714598537e-44,13.587421417236328,13.582535743713379,13.591111183166504,0.014669870026409626,0.015457384288311005,0,0,4800,0,5.605193857299268e-45
1787297067736,1694,0,0,2,-0.03281080350279808,-11.695754051208496,86.54492950439453,5.605193857299268e-45,1.1210387714598537e-44,5.605193857299268e-45,-5.605193857299268e-45,0,0,0.0019186930730938911,0.0015047347405925393,5.605193857299268e-45,1.1210387714598537e-44,13.585688591003418,13.577205657958984,13.593493461608887,0.014657892286777496,0.01585903763771057,0,0,4800,0,5.605193857299268e-45
1787297067756,1695,0,0,2,0.21008676290512085,11.5460786819458,105.18199157714844,5.605193857299268e-45,1.1210387714598537e-44,5.605193857299268e-45,-5.605193857299268e-45,0,0,0.0015051733935251832,0.0015465045580640435,5.605193857299268e-45,1.1210387714598537e-44,13.586030960083008,13.58155345916748,13.59387493133545,0.015017753466963768,0.015964273363351822,0,0,4800,0,5.605193857299268e-45
1787297067776,1696,0,0,2,0.05563761666417122,11.869613647460938,129.47607421875,5.605193857299268e-45,1.1210387714598537e-44,5.605193857299268e-45,-5.605193857299268e-45,0,0,0.0027343365363776684,0.002085117856040597,5.605193857299268e-45,1.1210387714598537e-44,13.585521697998047,13.580265998840332,13.591944694519043,0.014880944974720478,0.015936946496367455,0,0,4800,0,5.605193857299268e-45
1787297067796,1697,0,0,2,0.04811655730009079,7.236852169036865,129.06643676757812,5.605193857299268e-45,1.1210387714598537e-44,5.605193857299268e-45,-5.605193857299268e-45,0,0,0.002593949204310775,0.001784894266165793,5.605193857299268e-45,1.1210387714598537e-44,13.587918281555176,13.58323860168457,13.59579086303711,0.014686405658721924,0.015732482075691223,0,0,4800,0,5.605193857299268e-45
1787297067817,1698,0,0,2,-0.0871136263012886,-12.263251304626465,99.32536315917969,5.605193857299268e-45,1.1210387714598537e-44,5.605193857299268e-45,-5.605193857299268e-45,0,0,0.003018385963514447,0.0028224510606378317,5.605193857299268e-45,1.1210387714598537e-44,13.58792495727539,13.583683967590332,13.59165096282959,0.014395424164831638,0.015506119467318058,0,0,4800,0,5.605193857299268e-45
1787297067836,1699,0,0,2,0.21467438340187073,21.293846130371094,93.46937561035156,5.605193857299268e-45,1.1210387714598537e-44,5.605193857299268e-45,-5.605193857299268e-45,0,0,0.0021666802931576967,0.0022989835124462843,5.605193857299268e-45,1.1210387714598537e-44,13.587032318115234,13.58102798461914,13.596752166748047,0.014748160727322102,0.016065621748566628,0,0,4800,0,5.605193857299268e-45
1787297067857,1700,0,0,2,0.05895989015698433,4.826343059539795,98.02278137207031,5.605193857299268e-45,1.1210387714598537e-44,5.605193857299268e-45,-5.605193857299268e-45,0,0,0.002956415992230177,0.003004674566909671,5.605193857299268e-45,1.1210387714598537e-44,13.587308883666992,13.580191612243652,13.594499588012695,0.014600368216633797,0.015398086979985237,0,0,4800,0,5.605193857299268e-45
1787297067877,1701,0,0,2,0.16274142265319824,16.299488067626953,94.23284912109375,5.605193857299268e-45,1.1210387714598537e-44,5.605193857299268e-45,-5.605193857299268e-45,0,0,0.002398883691057563,0.002153185661882162,5.605193857299268e-45,1.1210387714598537e-44,13.588136672973633,13.582450866699219,13.593180656433105,0.014699536375701427,0.016031786799430847,0,0,4800,0,5.605193857299268e-45
1787297067897,1702,0,0,2,-0.09037774056196213,-11.158036231994629,73.89295196533203,5.605193857299268e-45,1.1210387714598537e-44,5.605193857299268e-45,-5.605193857299268e-45,0,0,0.002851314377039671,0.0019290195778012276,5.605193857299268e-45,1.1210387714598537e-44,13.586984634399414,13.580925941467285,13.591150283813477,0.014545408077538013,0.015395688824355602,0,0,4800,0,5.605193857299268e-45
1787297067917,1703,0,0,2,-0.04323926940560341,-9.574233055114746,97.25581359863281,5.605193857299268e-45,1.1210387714598537e-44,5.605193857299268e-45,-5.605193857299268e-45,0,0,0.0029292546678334475,0.0021460631396621466,5.605193857299268e-45,1.1210387714598537e-44,13.586685180664062,13.579136848449707,13.594511985778809,0.014769344590604305,0.015458473935723305,0,0,4800,0,5.605193857299268e-45
1787297067937,1704,0,0,2,0.08810752630233765,-4.03261661529541,94.74645233154297,5.605193857299268e-45,1.1210387714598537e-44,5.605193857299268e-45,-5.605193857299268e-45,0,0,0.0025053585413843393,0.0015727297868579626,5.605193857299268e-45,1.1210387714598537e-44,13.587836265563965,13.582144737243652,13.59113597869873,0.0148844039067626,0.015534869395196438,0,0,4800,0,5.605193857299268e-45
1787297067957,1705,0,0,2,-0.07458139955997467,-13.075580596923828,154.6234130859375,5.605193857299268e-45,1.1210387714598537e-44,5.605193857299268e-45,-5.605193857299268e-45,0,0,0.002001198474317789,0.0019656068179756403,5.605193857299268e-45,1.1210387714598537e-44,13.58795166015625,13.583993911743164,13.59103012084961,0.014824997633695602,0.015551763586699963,0,0,4800,0,5.605193857299268e-45
1787297067977,1706,0,0,2,0.4778587222099304,49.30476760864258,149.82830810546875,5.605193857299268e-45,1.1210387714598537e-44,5.605193857299268e-45,-5.605193857299268e-45,0,0,0.0032054614275693893,0.0019164385739713907,5.605193857299268e-45,1.1210387714598537e-44,13.587196350097656,13.582703590393066,13.591047286987305,0.014756976626813412,0.015297704376280308,0,0,4800,0,5.605193857299268e-45
1787297067998,1707,0,0,2,0.16339829564094543,13.712265968322754,107.25930786132812,5.605193857299268e-45,1.1210387714598537e-44,5.605193857299268e-45,-5.605193857299268e-45,0,0,0.00397866778075695,0.0017650022637099028,5.605193857299268e-45,1.1210387714598537e-44,13.587055206298828,13.58254337310791,13.591856956481934,0.0143740214407444,0.015332507900893688,0,0,4800,0,5.605193857299268e-45
1787297068017,1708,0,0,2,0.11497931182384491,17.605541229248047,126.95967864990234,5.605193857299268e-45,1.1210387714598537e-44,5.605193857299268e-45,-5.605193857299268e-45,0,0,0.003142579225823283,0.0022936498280614614,5.605193857299268e-45,1.1210387714598537e-44,13.586844444274902,13.582255363464355,13.591470718383789,0.014706064015626907,0.015823137015104294,0,0,4800,0,5.605193857299268e-45
1787297068038,1709,0,0,2,-0.0025728114414960146,2.098820686340332,112.43038177490234,5.605193857299268e-45,1.1210387714598537e-44,5.605193857299268e-45,-5.605193857299268e-45,0,0,0.002343793399631977,0.001990172080695629,5.605193857299268e-45,1.1210387714598537e-44,13.585901260375977,13.58147144317627,13.593412399291992,0.014523027464747429,0.016576316207647324,0,0,4800,0,5.605193857299268e-45
1787297068058,1710,0,0,2,-0.14369866251945496,-16.045326232910156,132.15255737304688,5.605193857299268e-45,1.1210387714598537e-44,5.605193857299268e-45,-5.605193857299268e-45,0,0,0.004263871815055609,0.0024903747253119946,5.605193857299268e-45,1.1210387714598537e-44,13.587019920349121,13.582664489746094,13.592613220214844,0.0144957285374403,0.015383932739496231,0,0,4800,0,5.605193857299268e-45
1787297068078,1711,0,0,2,-0.05045852065086365,-3.420016050338745,102.0335464477539,5.605193857299268e-45,1.1210387714598537e-44,5.605193857299268e-45,-5.605193857299268e-45,0,0,0.004098272416740656,0.0020064988639205694,5.605193857299268e-45,1.1210387714598537e-44,13.586008071899414,13.58098030090332,13.590983390808105,0.014761222526431084,0.015876485034823418,0,0,4800,0,5.605193857299268e-45
1787297068098,1712,0,0,2,0.020058611407876015,0.8161634802818298,89.57420349121094,5.605193857299268e-45,1.1210387714598537e-44,5.605193857299268e-45,-5.605193857299268e-45,0,0,0.0030266870744526386,0.0023160900454968214,5.605193857299268e-45,1.1210387714598537e-44,13.586837768554688,13.58197021484375,13.592972755432129,0.014740492217242718,0.015510800294578075,0,0,4800,0,5.605193857299268e-45
1787297068118,1713,0,0,2,-0.014132605865597725,-0.5064259767532349,89.22811889648438,5.605193857299268e-45,1.1210387714598537e-44,5.605193857299268e-45,-5.605193857299268e-45,0,0,0.002844002563506365,0.0024342918768525124,5.605193857299268e-45,1.1210387714598537e-44,13.58578109741211,13.579829216003418,13.58962345123291,0.014670263044536114,0.015610710717737675,0,0,4800,0,5.605193857299268e-45
1787297068138,1714,0,0,2,-0.11354139447212219,-5.813027858734131,76.02997589111328,5.605193857299268e-45,1.1210387714598537e-44,5.605193857299268e-45,-5.605193857299268e-45,0,0,0.0021298937499523163,0.0019119959324598312,5.605193857299268e-45,1.1210387714598537e-44,13.589111328125,13.583566665649414,13.597086906433105,0.014598511159420013,0.015832705423235893,0,0,4800,0,5.605193857299268e-45
1787297068158,1715,0,0,2,0.07061946392059326,5.647247791290283,82.96166229248047,5.605193857299268e-45,1.1210387714598537e-44,5.605193857299268e-45,-5.605193857299268e-45,0,0,0.001897328533232212,0.0015322482213377953,5.605193857299268e-45,1.1210387714598537e-44,13.58511734008789,13.57780933380127,13.58773136138916,0.014444982632994652,0.015080212615430355,0,0,4800,0,5.605193857299268e-45
1787297068178,1716,0,0,2,-0.03312063589692116,0.2896159291267395,73.17807006835938,5.605193857299268e-45,1.1210387714598537e-44,5.605193857299268e-45,-5.605193857299268e-45,0,0,0.0017761510098353028,0.00209973007440567,5.605193857299268e-45,1.1210387714598537e-44,13.585984230041504,13.5813570022583,13.590539932250977,0.014637729153037071,0.015791213139891624,0,0,4800,0,5.605193857299268e-45
1787297068199,1717,0,0,2,-0.004459475167095661,-1.8843300342559814,76.70707702636719,5.605193857299268e-45,1.1210387714598537e-44,5.605193857299268e-45,-5.605193857299268e-45,0,0,0.0014889976009726524,0.0011654687114059925,5.605193857299268e-45,1.1210387714598537e-44,13.586355209350586,13.582978248596191,13.592803955078125,0.014740252867341042,0.015492330305278301,0,0,4800,0,5.605193857299268e-45
1787297068218,1718,0,0,2,-0.1715802252292633,-15.777337074279785,61.360843658447266,5.605193857299268e-45,1.1210387714598537e-44,5.605193857299268e-45,-5.605193857299268e-45,0,0,0.0017999971751123667,0.0016667142044752836,5.605193857299268e-45,1.1210387714598537e-44,13.586797714233398,13.581183433532715,13.592378616333008,0.014687271788716316,0.015797574073076248,0,0,4800,0,5.605193857299268e-45
1787297068239,1719,0,0,2,0.127407968044281,17.024276733398438,64.23141479492188,5.605193857299268e-45,1.1210387714598537e-44,5.605193857299268e-45,-5.605193857299268e-45,0,0,0.0012961934553459287,0.0016490536509081721,5.605193857299268e-45,1.1210387714598537e-44,13.585143089294434,13.578468322753906,13.589461326599121,0.014634339138865471,0.01568557135760784,0,0,4800,0,5.605193857299268e-45
1787297068259,1720,0,0,2,0.1587650030851364,15.271663665771484,79.65902709960938,5.605193857299268e-45,1.1210387714598537e-44,5.605193857299268e-45,-5.605193857299268e-45,0,0,0.0010954235913231969,0.0013478259788826108,5.605193857299268e-45,1.1210387714598537e-44,13.587571144104004,13.575848579406738,13.595359802246094,0.014540017582476139,0.015390402637422085,0,0,4800,0,5.605193857299268e-45
1787297068279,1721,0,0,2,-0.03253265842795372,-3.2950727939605713,44.1266975402832,5.605193857299268e-45,1.1210387714598537e-44,5.605193857299268e-45,-5.605193857299268e-45,0,0,0.0005740610649809241,0.0008815866895020008,5.605193857299268e-45,1.1210387714598537e-44,13.585744857788086,13.580183029174805,13.593207359313965,0.014420399442315102,0.016232240945100784,0,0,4800,0,5.605193857299268e-45
1787297068299,1722,0,0,2,-0.01265792641788721,-1.1029291152954102,47.09433364868164,5.605193857299268e-45,1.1210387714598537e-44,5.605193857299268e-45,-5.605193857299268e-45,0,0,0.0007481457432731986,0.0011324207298457623,5.605193857299268e-45,1.1210387714598537e-44,13.587653160095215,13.582582473754883,13.59503173828125,0.014597730711102486,0.015499438159167767,0,0,4800,0,5.605193857299268e-45
1787297068319,1723,0,0,2,0.014211667701601982,-1.4504823684692383,69.7341537475586,5.605193857299268e-45,1.1210387714598537e-44,5.605193857299268e-45,-5.605193857299268e-45,0,0,0.0014458214864134789,0.0015139983734115958,5.605193857299268e-45,1.1210387714598537e-44,13.586002349853516,13.581832885742188,13.592475891113281,0.014735904522240162,0.01607743836939335,0,0,4800,0,5.605193857299268e-45
1787297068339,1724,0,0,2,0.1628107875585556,18.062902450561523,72.70693969726562,5.605193857299268e-45,1.1210387714598537e-44,5.605193857299268e-45,-5.605193857299268e-45,0,0,0.0022945720702409744,0.0022931478451937437,5.605193857299268e-45,1.1210387714598537e-44,13.585238456726074,13.57950210571289,13.593666076660156,0.01470422837883234,0.015873603522777557,0,0,4800,0,5.605193857299268e-45
1787297068359,1725,0,0,2,0.017374098300933838,-0.952419102191925,76.35383605957031,5.605193857299268e-45,1.1210387714598537e-44,5.605193857299268e-45,-5.605193857299268e-45,0,0,0.0015094878617674112,0.0015538628213107586,5.605193857299268e-45,1.1210387714598537e-44,13.586308479309082,13.581901550292969,13.594110488891602,0.014495549723505974,0.015332604758441448,0,0,4800,0,5.605193857299268e-45
1787297068379,1726,0,0,2,0.1455358862876892,10.993714332580566,61.44194030761719,5.605193857299268e-45,1.1210387714598537e-44,5.605193857299268e-45,-5.605193857299268e-45,0,0,0.001253014663234353,0.001248899265192449,5.605193857299268e-45,1.1210387714598537e-44,13.58647632598877,13.578788757324219,13.58996868133545,0.014773177914321423,0.015762921422719955,0,0,4800,0,5.605193857299268e-45
1787297068399,1727,0,0,2,0.020974621176719666,0.351805180311203,50.65500259399414,5.605193857299268e-45,1.1210387714598537e-44,5.605193857299268e-45,-5.605193857299268e-45,0,0,0.0010899474145844579,0.0012996962759643793,5.605193857299268e-45,1.1210387714598537e-44,13.585183143615723,13.580790519714355,13.590641975402832,0.014495390467345715,0.015655528753995895,0,0,4800,0,5.605193857299268e-45
1787297068419,1728,0,0,2,-0.017404139041900635,-4.412008285522461,50.15946578979492,5.605193857299268e-45,1.1210387714598537e-44,5.605193857299268e-45,-5.605193857299268e-45,0,0,0.0006741440738551319,0.0009758399100974202,5.605193857299268e-45,1.1210387714598537e-44,13.586053848266602,13.582246780395508,13.59105110168457,0.014768251217901707,0.015705153346061707,0,0,4800,0,5.605193857299268e-45
1787297068440,1729,0,0,2,0.04208910092711449,2.642352819442749,37.915245056152344,5.605193857299268e-45,1.1210387714598537e-44,5.605193857299268e-45,-5.605193857299268e-45,0,0,0.0008565187454223633,0.0008928145980462432,5.605193857299268e-45,1.1210387714598537e-44,13.586009979248047,13.581550598144531,13.594813346862793,0.014909321442246437,0.015971658751368523,0,0,4800,0,5.605193857299268e-45
1787297068460,1730,0,0,2,-0.015509700402617455,-5.221295356750488,64.79540252685547,5.605193857299268e-45,1.1210387714598537e-44,5.605193857299268e-45,-5.605193857299268e-45,0,0,0.0017006383277475834,0.0012406929163262248,5.605193857299268e-45,1.1210387714598537e-44,13.586512565612793,13.580021858215332,13.591474533081055,0.014654898084700108,0.015539553016424179,0,0,4800,0,5.605193857299268e-45
1787297068480,1731,0,0,2,0.05829491466283798,3.8137431144714355,40.890262603759766,5.605193857299268e-45,1.1210387714598537e-44,5.605193857299268e-45,-5.605193857299268e-45,0,0,0.0021539232693612576,0.001341380411759019,5.605193857299268e-45,1.1210387714598537e-44,13.584978103637695,13.575182914733887,13.591607093811035,0.01467403955757618,0.015514913015067577,0,0,4800,0,5.605193857299268e-45
1787297068500,1732,0,0,2,-0.101964071393013,-7.410463809967041,72.37383270263672,5.605193857299268e-45,1.1210387714598537e-44,5.605193857299268e-45,-5.605193857299268e-45,0,0,0.002278860192745924,0.0019157808274030685,5.605193857299268e-45,1.1210387714598537e-44,13.586565017700195,13.58184814453125,13.591984748840332,0.014501350000500679,0.01561396662145853,0,0,4800,0,5.605193857299268e-45
1787297068520,1733,0,0,2,-0.1347765475511551,-5.241779327392578,52.47447967529297,5.605193857299268e-45,1.1210387714598537e-44,5.605193857299268e-45,-5.605193857299268e-45,0,0,0.001522890292108059,0.0014339800691232085,5.605193857299268e-45,1.1210387714598537e-44,13.586506843566895,13.581092834472656,13.59079647064209,0.014590535312891006,0.015351575799286366,0,0,4800,0,5.605193857299268e-45
1787297068540,1734,0,0,2,0.017638003453612328,-5.431031703948975,165.55731201171875,5.605193857299268e-45,1.1210387714598537e-44,5.605193857299268e-45,-5.605193857299268e-45,0,0,0.003898374270647764,0.0017914480995386839,5.605193857299268e-45,1.1210387714598537e-44,13.588703155517578,13.584427833557129,13.594831466674805,0.014900275506079197,0.01626061648130417,0,0,4800,0,5.605193857299268e-45
1787297068560,1735,0,0,2,-0.15234708786010742,-13.742846488952637,88.15251159667969,5.605193857299268e-45,1.1210387714598537e-44,5.605193857299268e-45,-5.605193857299268e-45,0,0,0.0019242905545979738,0.0018184244399890304,5.605193857299268e-45,1.1210387714598537e-44,13.588785171508789,13.581893920898438,13.595564842224121,0.014513706788420677,0.015600104816257954,0,0,4800,0,5.605193857299268e-45
1787297068580,1736,0,0,2,0.15864482522010803,20.32355308532715,99.63832092285156,5.605193857299268e-45,1.1210387714598537e-44,5.605193857299268e-45,-5.605193857299268e-45,0,0,0.0015558465383946896,0.0012686982518061996,5.605193857299268e-45,1.1210387714598537e-44,13.586543083190918,13.57507038116455,13.5926513671875,0.01475698035210371,0.015564280562102795,0,0,4800,0,5.605193857299268e-45
1787297068600,1737,0,0,2,-0.09687086194753647,-4.9440436363220215,87.68547058105469,5.605193857299268e-45,1.1210387714598537e-44,5.605193857299268e-45,-5.605193857299268e-45,0,0,0.0015967986546456814,0.001445516711100936,5.605193857299268e-45,1.1210387714598537e-44,13.58544921875,13.580921173095703,13.590880393981934,0.01474799681454897,0.015656568109989166,0,0,4800,0,5.605193857299268e-45
1787297068620,1738,0,0,2,0.03675151988863945,6.741786479949951,127.02708435058594,5.605193857299268e-45,1.1210387714598537e-44,5.605193857299268e-45,-5.605193857299268e-45,0,0,0.0023712394759058952,0.0020517793018370867,5.605193857299268e-45,1.1210387714598537e-44,13.586991310119629,13.576705932617188,13.592423439025879,0.014589620754122734,0.015732292085886,0,0,4800,0,5.605193857299268e-45
1787297068641,1739,0,0,2,-0.04720781743526459,-7.326463222503662,139.09506225585938,5.605193857299268e-45,1.1210387714598537e-44,5.605193857299268e-45,-5.605193857299268e-45,0,0,0.0026278046425431967,0.0018058981513604522,5.605193857299268e-45,1.1210387714598537e-44,13.585639953613281,13.579167366027832,13.589204788208008,0.014654780738055706,0.015799829736351967,0,0,4800,0,5.605193857299268e-45
1787297068661,1740,0,0,2,-0.007144183851778507,-4.133553504943848,113.84822845458984,5.605193857299268e-45,1.1210387714598537e-44,5.605193857299268e-45,-5.605193857299268e-45,0,0,0.0016649250173941255,0.0016140041407197714,5.605193857299268e-45,1.1210387714598537e-44,13.58604621887207,13.581318855285645,13.591614723205566,0.014894101768732071,0.016070056706666946,0,0,4800,0,5.605193857299268e-45
1787297068681,1741,0,0,2,0.19400282204151154,16.016054153442383,142.7494659423828,5.605193857299268e-45,1.1210387714598537e-44,5.605193857299268e-45,-5.605193857299268e-45,0,0,0.0016473509604111314,0.0013978788629174232,5.605193857299268e-45,1.1210387714598537e-44,13.586272239685059,13.583220481872559,13.590472221374512,0.014941370114684105,0.015683002769947052,0,0,4800,0,5.605193857299268e-45
1787297068701,1742,0,0,2,0.1861806958913803,16.955720901489258,104.97356414794922,5.605193857299268e-45,1.1210387714598537e-44,5.605193857299268e-45,-5.605193857299268e-45,0,0,0.0038312673568725586,0.0027232556603848934,5.605193857299268e-45,1.1210387714598537e-44,13.587100982666016,13.58154010772705,13.594148635864258,0.014606941491365433,0.01582120731472969,0,0,4800,0,5.605193857299268e-45
1787297068721,1743,0,0,2,-0.10055060684680939,-5.053955078125,74.21107482910156,5.605193857299268e-45,1.1210387714598537e-44,5.605193857299268e-45,-5.605193857299268e-45,0,0,0.001660153386183083,0.0020064208656549454,5.605193857299268e-45,1.1210387714598537e-44,13.58639907836914,13.580601692199707,13.59446907043457,0.01470460556447506,0.01577409915626049,0,0,4800,0,5.605193857299268e-45
1787297068741,1744,0,0,2,-0.021808473393321037,2.296325445175171,55.85765075683594,5.605193857299268e-45,1.1210387714598537e-44,5.605193857299268e-45,-5.605193857299268e-45,0,0,0.0017550078919157386,0.0019164999248459935,5.605193857299268e-45,1.1210387714598537e-44,13.586812973022461,13.582395553588867,13.593472480773926,0.014730822294950485,0.01584966666996479,0,0,4800,0,5.605193857299268e-45
1787297068762,1745,0,0,2,0.11935890465974808,9.296576499938965,92.9599380493164,5.605193857299268e-45,1.1210387714598537e-44,5.605193857299268e-45,-5.605193857299268e-45,0,0,0.0023170646745711565,0.002418525516986847,5.605193857299268e-45,1.1210387714598537e-44,13.586408615112305,13.581628799438477,13.593995094299316,0.014674187637865543,0.015750162303447723,0,0,4800,0,5.605193857299268e-45
1787297068781,1746,0,0,2,-0.010628958232700825,0.43434014916419983,61.31818389892578,5.605193857299268e-45,1.1210387714598537e-44,5.605193857299268e-45,-5.605193857299268e-45,0,0,0.0016649601748213172,0.0015557932201772928,5.605193857299268e-45,1.1210387714598537e-44,13.587703704833984,13.582758903503418,13.591995239257812,0.01461807545274496,0.015468964353203773,0,0,4800,0,5.605193857299268e-45
1787297068802,1747,0,0,2,-0.09637630730867386,-12.989574432373047,80.12275695800781,5.605193857299268e-45,1.1210387714598537e-44,5.605193857299268e-45,-5.605193857299268e-45,0,0,0.0015966367209330201,0.0015645590610802174,5.605193857299268e-45,1.1210387714598537e-44,13.587418556213379,13.583200454711914,13.593533515930176,0.014513767324388027,0.015902474522590637,0,0,4800,0,5.605193857299268e-45
1787297068821,1748,0,0,2,-0.051679179072380066,-7.714206695556641,68.90496063232422,5.605193857299268e-45,1.1210387714598537e-44,5.605193857299268e-45,-5.605193857299268e-45,0,0,0.0011211612727493048,0.0013156175846233964,5.605193857299268e-45,1.1210387714598537e-44,13.587307929992676,13.583663940429688,13.589523315429688,0.01456380169838667,0.015348462387919426,0,0,4800,0,5.605193857299268e-45
1787297068842,1749,0,0,2,-0.04840460419654846,-5.807826519012451,61.83369827270508,5.605193857299268e-45,1.1210387714598537e-44,5.605193857299268e-45,-5.605193857299268e-45,0,0,0.0005073936190456152,0.0010445023654028773,5.605193857299268e-45,1.1210387714598537e-44,13.58691120147705,13.579886436462402,13.591584205627441,0.014781602658331394,0.016033567488193512,0,0,4800,0,5.605193857299268e-45
1787297068862,1750,0,0,2,-0.04376119747757912,-6.372470378875732,86.17023468017578,5.605193857299268e-45,1.1210387714598537e-44,5.605193857299268e-45,-5.605193857299268e-45,0,0,0.0008937006932683289,0.0011043623089790344,5.605193857299268e-45,1.1210387714598537e-44,13.586417198181152,13.582306861877441,13.59113883972168,0.014901505783200264,0.015744322910904884,0,0,4800,0,5.605193857299268e-45
1787297068882,1751,0,0,2,0.008958744816482067,-0.1543925404548645,55.957462310791016,5.605193857299268e-45,1.1210387714598537e-44,5.605193857299268e-45,-5.605193857299268e-45,0,0,0.0013933797599747777,0.001350900623947382,5.605193857299268e-45,1.1210387714598537e-44,13.585933685302734,13.581060409545898,13.5931978225708,0.014707548543810844,0.015754099935293198,0,0,4800,0,5.605193857299268e-45
1787297068902,1752,0,0,2,0.0189988911151886,2.1039581298828125,90.5335922241211,5.605193857299268e-45,1.1210387714598537e-44,5.605193857299268e-45,-5.605193857299268e-45,0,0,0.0016730622155591846,0.0016584175173193216,5.605193857299268e-45,1.1210387714598537e-44,13.586679458618164,13.579143524169922,13.591339111328125,0.014802183024585247,0.016010962426662445,0,0,4800,0,5.605193857299268e-45
1787297068922,1753,0,0,2,-0.036781564354896545,-6.705601692199707,66.07466125488281,5.605193857299268e-45,1.1210387714598537e-44,5.605193857299268e-45,-5.605193857299268e-45,0,0,0.0007115366170182824,0.0010747576598078012,5.605193857299268e-45,1.1210387714598537e-44,13.586878776550293,13.582533836364746,13.595812797546387,0.014670169912278652,0.016168955713510513,0,0,4800,0,5.605193857299268e-45
1787297068942,1754,0,0,2,0.28354746103286743,25.98003578186035,75.81411743164062,5.605193857299268e-45,1.1210387714598537e-44,5.605193857299268e-45,-5.605193857299268e-45,0,0,0.0014358543558046222,0.0013216581428423524,5.605193857299268e-45,1.1210387714598537e-44,13.587158203125,13.579339981079102,13.592598915100098,0.014680864289402962,0.0160602368414402,0,0,4800,0,5.605193857299268e-45
1787297068962,1755,0,0,2,0.02734396979212761,-1.1447266340255737,97.11173248291016,5.605193857299268e-45,1.1210387714598537e-44,5.605193857299268e-45,-5.605193857299268e-45,0,0,0.002039332175627351,0.0009914342081174254,5.605193857299268e-45,1.1210387714598537e-44,13.586962699890137,13.582304000854492,13.592866897583008,0.014785262756049633,0.015817472711205482,0,0,4800,0,5.605193857299268e-45
1787297068982,1756,0,0,2,0.2564150393009186,28.96259117126465,100.72975158691406,5.605193857299268e-45,1.1210387714598537e-44,5.605193857299268e-45,-5.605193857299268e-45,0,0,0.002504635602235794,0.0021966153290122747,5.605193857299268e-45,1.1210387714598537e-44,13.58835220336914,13.583066940307617,13.594860076904297,0.014861192554235458,0.015645092353224754,0,0,4800,0,5.605193857299268e-45
1787297069003,1757,0,0,2,-0.009849559515714645,-2.949126958847046,154.83721923828125,5.605193857299268e-45,1.1210387714598537e-44,5.605193857299268e-45,-5.605193857299268e-45,0,0,0.0019695740193128586,0.0019466298399493098,5.605193857299268e-45,1.1210387714598537e-44,13.588750839233398,13.581586837768555,13.597383499145508,0.014801789075136185,0.015716589987277985,0,0,4800,0,5.605193857299268e-45
1787297069023,1758,0,0,2,-0.08195222169160843,-23.351486206054688,187.8989715576172,5.605193857299268e-45,1.1210387714598537e-44,5.605193857299268e-45,-5.605193857299268e-45,0,0,0.004505141172558069,0.0028621158562600613,5.605193857299268e-45,1.1210387714598537e-44,13.589051246643066,13.585046768188477,13.591941833496094,0.014516518451273441,0.015439648181200027,0,0,4800,0,5.605193857299268e-45
1787297069043,1759,0,0,2,-0.058622732758522034,-4.904026985168457,85.73141479492188,5.605193857299268e-45,1.1210387714598537e-44,5.605193857299268e-45,-5.605193857299268e-45,0,0,0.002833885606378317,0.001613089581951499,5.605193857299268e-45,1.1210387714598537e-44,13.586301803588867,13.577391624450684,13.592302322387695,0.014758340083062649,0.015634818002581596,0,0,4800,0,5.605193857299268e-45
1787297069063,1760,0,0,2,-0.08974621444940567,-7.582284927368164,90.90120697021484,5.605193857299268e-45,1.1210387714598537e-44,5.605193857299268e-45,-5.605193857299268e-45,0,0,0.004378208424896002,0.001862526754848659,5.605193857299268e-45,1.1210387714598537e-44,13.586661338806152,13.581877708435059,13.592111587524414,0.014906084164977074,0.016288239508867264,0,0,4800,0,5.605193857299268e-45
1787297069083,1761,0,0,2,-0.017488688230514526,1.3848578929901123,76.75004577636719,5.605193857299268e-45,1.1210387714598537e-44,5.605193857299268e-45,-5.605193857299268e-45,0,0,0.0022913708817213774,0.001662857481278479,5.605193857299268e-45,1.1210387714598537e-44,13.58687686920166,13.580756187438965,13.592244148254395,0.014751579612493515,0.015473145991563797,0,0,4800,0,5.605193857299268e-45
1787297069103,1762,0,0,2,-0.004347378853708506,-4.246179580688477,134.01495361328125,5.605193857299268e-45,1.1210387714598537e-44,5.605193857299268e-45,-5.605193857299268e-45,0,0,0.001807364635169506,0.0016801629681140184,5.605193857299268e-45,1.1210387714598537e-44,13.587108612060547,13.580402374267578,13.59156608581543,0.014529645442962646,0.016223391517996788,0,0,4800,0,5.605193857299268e-45
1787297069123,1763,0,0,2,-0.025086456909775734,-3.68973708152771,71.60379791259766,5.605193857299268e-45,1.1210387714598537e-44,5.605193857299268e-45,-5.605193857299268e-45,0,0,0.0011430687736719847,0.0012562861666083336,5.605193857299268e-45,1.1210387714598537e-44,13.586149215698242,13.581039428710938,13.593076705932617,0.014692509546875954,0.01588486135005951,0,0,4800,0,5.605193857299268e-45
1787297069143,1764,0,0,2,0.08832085132598877,3.1881093978881836,142.82725524902344,5.605193857299268e-45,1.1210387714598537e-44,5.605193857299268e-45,-5.605193857299268e-45,0,0,0.003499175887554884,0.002617798512801528,5.605193857299268e-45,1.1210387714598537e-44,13.586566925048828,13.578768730163574,13.592437744140625,0.014486880041658878,0.015369980596005917,0,0,4800,0,5.605193857299268e-45
1787297069163,1765,0,0,2,0.0011515269288793206,-0.7792649865150452,65.61305236816406,5.605193857299268e-45,1.1210387714598537e-44,5.605193857299268e-45,-5.605193857299268e-45,0,0,0.001580394571647048,0.0015218682819977403,5.605193857299268e-45,1.1210387714598537e-44,13.586487770080566,13.581780433654785,13.592472076416016,0.014564073644578457,0.01589524745941162,0,0,4800,0,5.605193857299268e-45
1787297069183,1766,0,0,2,-0.07903265953063965,-10.538578033447266,130.0409393310547,5.605193857299268e-45,1.1210387714598537e-44,5.605193857299268e-45,-5.605193857299268e-45,0,0,0.00289582135155797,0.0016457741148769855,5.605193857299268e-45,1.1210387714598537e-44,13.586621284484863,13.581971168518066,13.59278392791748,0.014330266043543816,0.015829237177968025,0,0,4800,0,5.605193857299268e-45
1787297069203,1767,0,0,2,-0.10718036442995071,-11.606972694396973,71.16397094726562,5.605193857299268e-45,1.1210387714598537e-44,5.605193857299268e-45,-5.605193857299268e-45,0,0,0.002125079743564129,0.0020402222871780396,5.605193857299268e-45,1.1210387714598537e-44,13.586501121520996,13.582676887512207,13.595579147338867,0.01457678247243166,0.01558581180870533,0,0,4800,0,5.605193857299268e-45
1787297069223,1768,0,0,2,-0.008854369632899761,1.1395018100738525,127.38456726074219,5.605193857299268e-45,1.1210387714598537e-44,5.605193857299268e-45,-5.605193857299268e-45,0,0,0.0028999261558055878,0.0017293560085818172,5.605193857299268e-45,1.1210387714598537e-44,13.58698558807373,13.581222534179688,13.592926979064941,0.014411677606403828,0.015944428741931915,0,0,4800,0,5.605193857299268e-45
1787297069244,1769,0,0,2,-0.029507305473089218,-2.0556459426879883,101.86140441894531,5.605193857299268e-45,1.1210387714598537e-44,5.605193857299268e-45,-5.605193857299268e-45,0,0,0.0015902176965028048,0.0016952072037383914,5.605193857299268e-45,1.1210387714598537e-44,13.585040092468262,13.578598976135254,13.588476181030273,0.01470556203275919,0.015895411372184753,0,0,4800,0,5.605193857299268e-45
1787297069264,1770,0,0,2,-0.154207244515419,-9.715767860412598,100.0504379272461,5.605193857299268e-45,1.1210387714598537e-44,5.605193857299268e-45,-5.605193857299268e-45,0,0,0.001559857395477593,0.0016488819383084774,5.605193857299268e-45,1.1210387714598537e-44,13.587630271911621,13.583041191101074,13.591876983642578,0.01446545124053955,0.015056295320391655,0,0,4800,0,5.605193857299268e-45
1787297069284,1771,0,0,2,0.009487243369221687,-2.062737464904785,114.8070068359375,5.605193857299268e-45,1.1210387714598537e-44,5.605193857299268e-45,-5.605193857299268e-45,0,0,0.001613320899195969,0.001621635165065527,5.605193857299268e-45,1.1210387714598537e-44,13.585836410522461,13.57917594909668,13.590181350708008,0.014806288294494152,0.015966959297657013,0,0,4800,0,5.605193857299268e-45
1787297069304,1772,0,0,2,0.023065850138664246,1.5478425025939941,57.494773864746094,5.605193857299268e-45,1.1210387714598537e-44,5.605193857299268e-45,-5.605193857299268e-45,0,0,0.001278271316550672,0.0016102611552923918,5.605193857299268e-45,1.1210387714598537e-44,13.587822914123535,13.583983421325684,13.595070838928223,0.014483928680419922,0.015380552038550377,0,0,4800,0,5.605193857299268e-45
1787297069324,1773,0,0,2,0.06359705328941345,1.1702961921691895,99.18482971191406,5.605193857299268e-45,1.1210387714598537e-44,5.605193857299268e-45,-5.605193857299268e-45,0,0,0.0013929824344813824,0.001605746801942587,5.605193857299268e-45,1.1210387714598537e-44,13.586801528930664,13.582513809204102,13.589628219604492,0.01455190684646368,0.015770606696605682,0,0,4800,0,5.605193857299268e-45
1787297069344,1774,0,0,2,-0.014935631304979324,-7.97509241104126,156.29833984375,5.605193857299268e-45,1.1210387714598537e-44,5.605193857299268e-45,-5.605193857299268e-45,0,0,0.0027151815593242645,0.002071957802399993,5.605193857299268e-45,1.1210387714598537e-44,13.588114738464355,13.58158016204834,13.593245506286621,0.014763521030545235,0.016067296266555786,0,0,4800,0,5.605193857299268e-45
1787297069364,1775,0,0,2,-0.10471600294113159,-5.437581539154053,100.15088653564453,5.605193857299268e-45,1.1210387714598537e-44,5.605193857299268e-45,-5.605193857299268e-45,0,0,0.0017022598767653108,0.001885138568468392,5.605193857299268e-45,1.1210387714598537e-44,13.58547306060791,13.581271171569824,13.591375350952148,0.014446285553276539,0.015541079454123974,0,0,4800,0,5.605193857299268e-45
1787297069384,1776,0,0,2,0.12619051337242126,17.092227935791016,58.38736343383789,5.605193857299268e-45,1.1210387714598537e-44,5.605193857299268e-45,-5.605193857299268e-45,0,0,0.002368903486058116,0.0030367879662662745,5.605193857299268e-45,1.1210387714598537e-44,13.586404800415039,13.581281661987305,13.592774391174316,0.014516681432723999,0.015408994629979134,0,0,4800,0,5.605193857299268e-45
1787297069404,1777,0,0,2,0.08010363578796387,11.62560749053955,121.08262634277344,5.605193857299268e-45,1.1210387714598537e-44,5.605193857299268e-45,-5.605193857299268e-45,0,0,0.0024673992302268744,0.001974743790924549,5.605193857299268e-45,1.1210387714598537e-44,13.584724426269531,13.574365615844727,13.591435432434082,0.014823867939412594,0.015969596803188324,0,0,4800,0,5.605193857299268e-45
1787297069425,1778,0,0,2,-0.16869023442268372,-11.470255851745605,125.36515045166016,5.605193857299268e-45,1.1210387714598537e-44,5.605193857299268e-45,-5.605193857299268e-45,0,0,0.003523367689922452,0.0030652042478322983,5.605193857299268e-45,1.1210387714598537e-44,13.585977554321289,13.575932502746582,13.594542503356934,0.014592739753425121,0.01576547510921955,0,0,4800,0,5.605193857299268e-45
1787297069445,1779,0,0,2,0.029767528176307678,6.139058589935303,152.76858520507812,5.605193857299268e-45,1.1210387714598537e-44,5.605193857299268e-45,-5.605193857299268e-45,0,0,0.003021139418706298,0.0022551349829882383,5.605193857299268e-45,1.1210387714598537e-44,13.585058212280273,13.576532363891602,13.590188980102539,0.014599236659705639,0.015162077732384205,0,0,4800,0,5.605193857299268e-45
1787297069465,1780,0,0,2,-0.20197729766368866,-14.316815376281738,124.92211151123047,5.605193857299268e-45,1.1210387714598537e-44,5.605193857299268e-45,-5.605193857299268e-45,0,0,0.0019432577537372708,0.0022282220888882875,5.605193857299268e-45,1.1210387714598537e-44,13.5862398147583,13.580916404724121,13.592350006103516,0.0145325418561697,0.01605440303683281,0,0,4800,0,5.605193857299268e-45
1787297069485,1781,0,0,2,-0.15676075220108032,-6.755534648895264,93.03531646728516,5.605193857299268e-45,1.1210387714598537e-44,5.605193857299268e-45,-5.605193857299268e-45,0,0,0.0014202439924702048,0.0016564619727432728,5.605193857299268e-45,1.1210387714598537e-44,13.587201118469238,13.577958106994629,13.593040466308594,0.014927785843610764,0.016240175813436508,0,0,4800,0,5.605193857299268e-45
1787297069505,1782,0,0,2,-0.08324742317199707,-1.4062585830688477,55.964656829833984,5.605193857299268e-45,1.1210387714598537e-44,5.605193857299268e-45,-5.605193857299268e-45,0,0,0.0008961134008131921,0.0011338709155097604,5.605193857299268e-45,1.1210387714598537e-44,13.585908889770508,13.57976245880127,13.59050178527832,0.014851394109427929,0.015410925261676311,0,0,4800,0,5.605193857299268e-45
1787297069525,1783,0,0,2,-0.07362686097621918,-7.932646751403809,98.6583480834961,5.605193857299268e-45,1.1210387714598537e-44,5.605193857299268e-45,-5.605193857299268e-45,0,0,0.00233445898629725,0.0018548738444224,5.605193857299268e-45,1.1210387714598537e-44,13.586612701416016,13.577073097229004,13.596344947814941,0.014557058922946453,0.015509210526943207,0,0,4800,0,5.605193857299268e-45
1787297069545,1784,0,0,2,-0.11803548783063889,-12.075308799743652,93.73725891113281,5.605193857299268e-45,1.1210387714598537e-44,5.605193857299268e-45,-5.605193857299268e-45,0,0,0.0018291827291250229,0.001326792873442173,5.605193857299268e-45,1.1210387714598537e-44,13.585909843444824,13.582579612731934,13.589690208435059,0.014645208604633808,0.016008839011192322,0,0,4800,0,5.605193857299268e-45
1787297069565,1785,0,0,2,-0.014156117103993893,4.690847873687744,63.61831283569336,5.605193857299268e-45,1.1210387714598537e-44,5.605193857299268e-45,-5.605193857299268e-45,0,0,0.0006743361591361463,0.0009707071585580707,5.605193857299268e-45,1.1210387714598537e-44,13.586298942565918,13.581748008728027,13.589653015136719,0.01453627273440361,0.015925388783216476,0,0,4800,0,5.605193857299268e-45
1787297069585,1786,0,0,2,-0.05358603596687317,-2.538134813308716,68.2109603881836,5.605193857299268e-45,1.1210387714598537e-44,5.605193857299268e-45,-5.605193857299268e-45,0,0,0.001669087796472013,0.0017745293444022536,5.605193857299268e-45,1.1210387714598537e-44,13.586800575256348,13.581430435180664,13.59318733215332,0.014584425836801529,0.015217005275189877,0,0,4800,0,5.605193857299268e-45
1787297069606,1787,0,0,2,-0.020030507817864418,-2.2415051460266113,86.06376647949219,5.605193857299268e-45,1.1210387714598537e-44,5.605193857299268e-45,-5.605193857299268e-45,0,0,0.0012681697262451053,0.0014418005011975765,5.605193857299268e-45,1.1210387714598537e-44,13.587198257446289,13.581812858581543,13.591541290283203,0.014602778479456902,0.01577206328511238,0,0,4800,0,5.605193857299268e-45
1787297069626,1788,0,0,2,0.34136390686035156,33.35880661010742,105.59654235839844,5.605193857299268e-45,1.1210387714598537e-44,5.605193857299268e-45,-5.605193857299268e-45,0,0,0.002080545062199235,0.0015813992358744144,5.605193857299268e-45,1.1210387714598537e-44,13.586935043334961,13.582473754882812,13.591978073120117,0.014862505719065666,0.016135919839143753,0,0,4800,0,5.605193857299268e-45
1787297069646,1789,0,0,2,0.11114101111888885,9.667595863342285,97.42769622802734,5.605193857299268e-45,1.1210387714598537e-44,5.605193857299268e-45,-5.605193857299268e-45,0,0,0.002051243092864752,0.001985720591619611,5.605193857299268e-45,1.1210387714598537e-44,13.587055206298828,13.583202362060547,13.5930757522583,0.014751247130334377,0.015487615019083023,0,0,4800,0,5.605193857299268e-45
1787297069666,1790,0,0,2,-0.07425809651613235,-1.2725874185562134,73.35712432861328,5.605193857299268e-45,1.1210387714598537e-44,5.605193857299268e-45,-5.605193857299268e-45,0,0,0.00205688807182014,0.002040244871750474,5.605193857299268e-45,1.1210387714598537e-44,13.587188720703125,13.58168888092041,13.592529296875,0.014638700522482395,0.015756186097860336,0,0,4800,0,5.605193857299268e-45
1787297069686,1791,0,0,2,-0.05696875602006912,-5.142595291137695,98.19547271728516,5.605193857299268e-45,1.1210387714598537e-44,5.605193857299268e-45,-5.605193857299268e-45,0,0,0.002425178186967969,0.0020844689570367336,5.605193857299268e-45,1.1210387714598537e-44,13.586893081665039,13.57727336883545,13.594428062438965,0.015102877281606197,0.0162182804197073,0,0,4800,0,5.605193857299268e-45
1787297069706,1792,0,0,2,-0.12870202958583832,-4.89619255065918,136.8595428466797,5.605193857299268e-45,1.1210387714598537e-44,5.605193857299268e-45,-5.605193857299268e-45,0,0,0.0022469249088317156,0.0027794826310127974,5.605193857299268e-45,1.1210387714598537e-44,13.587775230407715,13.583385467529297,13.594123840332031,0.014796797186136246,0.015674220398068428,0,0,4800,0,5.605193857299268e-45
1787297069726,1793,0,0,2,-0.0008064056746661663,9.536079406738281,56.36116027832031,5.605193857299268e-45,1.1210387714598537e-44,5.605193857299268e-45,-5.605193857299268e-45,0,0,0.001136277336627245,0.0016983970999717712,5.605193857299268e-45,1.1210387714598537e-44,13.584748268127441,13.580148696899414,13.592000007629395,0.014726418070495129,0.015823006629943848,0,0,4800,0,5.605193857299268e-45
1787297069746,1794,0,0,2,-0.05909297987818718,-2.4549996852874756,67.88508605957031,5.605193857299268e-45,1.1210387714598537e-44,5.605193857299268e-45,-5.605193857299268e-45,0,0,0.0017707092920318246,0.001900233211927116,5.605193857299268e-45,1.1210387714598537e-44,13.585335731506348,13.581454277038574,13.590338706970215,0.014510346576571465,0.015464464202523232,0,0,4800,0,5.605193857299268e-45
1787297069766,1795,0,0,2,-0.003388449549674988,2.9217426776885986,76.23744201660156,5.605193857299268e-45,1.1210387714598537e-44,5.605193857299268e-45,-5.605193857299268e-45,0,0,0.0017291806871071458,0.001327717094682157,5.605193857299268e-45,1.1210387714598537e-44,13.585617065429688,13.575358390808105,13.589936256408691,0.014822891913354397,0.015483632683753967,0,0,4800,0,5.605193857299268e-45
1787297069786,1796,0,0,2,0.07787169516086578,7.542596340179443,62.35478591918945,5.605193857299268e-45,1.1210387714598537e-44,5.605193857299268e-45,-5.605193857299268e-45,0,0,0.0023479012306779623,0.0019326367182657123,5.605193857299268e-45,1.1210387714598537e-44,13.586745262145996,13.5780668258667,13.592886924743652,0.014638697728514671,0.015919821336865425,0,0,4800,0,5.605193857299268e-45
1787297069806,1797,0,0,2,0.0681719183921814,10.818083763122559,62.52248764038086,5.605193857299268e-45,1.1210387714598537e-44,5.605193857299268e-45,-5.605193857299268e-45,0,0,0.0014376273611560464,0.0017050307942554355,5.605193857299268e-45,1.1210387714598537e-44,13.588478088378906,13.58418083190918,13.598062515258789,0.014748797751963139,0.015764513984322548,0,0,4800,0,5.605193857299268e-45
1787297069827,1798,0,0,2,-0.025943230837583542,-11.32848834991455,112.26193237304688,5.605193857299268e-45,1.1210387714598537e-44,5.605193857299268e-45,-5.605193857299268e-45,0,0,0.004019690677523613,0.0031142765656113625,5.605193857299268e-45,1.1210387714598537e-44,13.587228775024414,13.583609580993652,13.591894149780273,0.014825491234660149,0.016110574826598167,0,0,4800,0,5.605193857299268e-45
1787297069846,1799,0,0,2,-0.09634494036436081,-18.65140724182129,180.96678161621094,5.605193857299268e-45,1.1210387714598537e-44,5.605193857299268e-45,-5.605193857299268e-45,0,0,0.002699243137612939,0.002819698303937912,5.605193857299268e-45,1.1210387714598537e-44,13.587251663208008,13.583208084106445,13.592273712158203,0.014692244119942188,0.015682032331824303,0,0,4800,0,5.605193857299268e-45
1787297069867,1800,0,0,2,-0.0013004442444071174,-4.701574802398682,162.150634765625,5.605193857299268e-45,1.1210387714598537e-44,5.605193857299268e-45,-5.605193857299268e-45,0,0,0.0019114010501652956,0.0014475879725068808,5.605193857299268e-45,1.1210387714598537e-44,13.587326049804688,13.581351280212402,13.59093189239502,0.014570577070116997,0.015909628942608833,0,0,4800,0,5.605193857299268e-45
1787297069887,1801,0,0,2,-0.06395149230957031,-11.584508895874023,103.3280029296875,5.605193857299268e-45,1.1210387714598537e-44,5.605193857299268e-45,-5.605193857299268e-45,0,0,0.002430068561807275,0.0021487220656126738,5.605193857299268e-45,1.1210387714598537e-44,13.58617877960205,13.582413673400879,13.591212272644043,0.014493129216134548,0.015648264437913895,0,0,4800,0,5.605193857299268e-45
1787297069907,1802,0,0,2,0.09546822309494019,6.788119792938232,73.5478744506836,5.605193857299268e-45,1.1210387714598537e-44,5.605193857299268e-45,-5.605193857299268e-45,0,0,0.0030145798809826374,0.002062364248558879,5.605193857299268e-45,1.1210387714598537e-44,13.5851469039917,13.576104164123535,13.592020034790039,0.014575362205505371,0.01554239820688963,0,0,4800,0,5.605193857299268e-45
1787297069927,1803,0,0,2,-0.15110959112644196,-16.84136390686035,57.18909454345703,5.605193857299268e-45,1.1210387714598537e-44,5.605193857299268e-45,-5.605193857299268e-45,0,0,0.0019987530540674925,0.0018791696056723595,5.605193857299268e-45,1.1210387714598537e-44,13.58482551574707,13.579516410827637,13.590450286865234,0.01475625578314066,0.015962986275553703,0,0,4800,0,5.605193857299268e-45
1787297069947,1804,0,0,2,0.05406930670142174,11.434908866882324,81.11463928222656,5.605193857299268e-45,1.1210387714598537e-44,5.605193857299268e-45,-5.605193857299268e-45,0,0,0.0027775047346949577,0.002402230864390731,5.605193857299268e-45,1.1210387714598537e-44,13.586101531982422,13.582415580749512,13.590020179748535,0.01461886242032051,0.01610189862549305,0,0,4800,0,5.605193857299268e-45
1787297069967,1805,0,0,2,-0.11240268498659134,-10.561823844909668,151.82659912109375,5.605193857299268e-45,1.1210387714598537e-44,5.605193857299268e-45,-5.605193857299268e-45,0,0,0.0031294007785618305,0.0019892205018550158,5.605193857299268e-45,1.1210387714598537e-44,13.585951805114746,13.580796241760254,13.589078903198242,0.01469858642667532,0.015946170315146446,0,0,4800,0,5.605193857299268e-45
1787297069987,1806,3,0,2,6.405395030975342,258.8297424316406,84.62438201904297,5.605193857299268e-45,1.1210387714598537e-44,5.605193857299268e-45,-5.605193857299268e-45,0,0,0.2411239594221115,0.09846287220716476,0.8649148344993591,0.2566618025302887,13.586114883422852,13.583073616027832,13.5892333984375,0.012136945500969887,0.014465855434536934,0.010861418209969997,0,4800,0,5.605193857299268e-45
1787297070007,1807,3,0,2,9.560328483581543,153.29104614257812,52.743900299072266,5.605193857299268e-45,1.1210387714598537e-44,5.605193857299268e-45,-5.605193857299268e-45,0,0,0.4204278290271759,0.07838475704193115,0.9835768342018127,0.06405046582221985,13.584404945373535,13.581036567687988,13.590018272399902,0.012161143124103546,0.01270542573183775,0.3527454435825348,0,4800,0,5.605193857299268e-45
1787297070027,1808,3,0,2,11.149258613586426,75.38663482666016,38.1868896484375,5.605193857299268e-45,1.1210387714598537e-44,5.605193857299268e-45,-5.605193857299268e-45,0,0,0.552287220954895,0.06001598387956619,0.9980034232139587,0.011780323460698128,13.582167625427246,13.57776927947998,13.586206436157227,0.012157286517322063,0.01307853776961565,0.49611616134643555,0,4800,0,5.605193857299268e-45
1787297070047,1809,3,0,2,11.642909049987793,29.260276794433594,20.419464111328125,5.605193857299268e-45,1.1210387714598537e-44,5.605193857299268e-45,-5.605193857299268e-45,0,0,0.659070611000061,0.048805247992277145,0.9997572898864746,0.0019176629139110446,13.58247184753418,13.578627586364746,13.588753700256348,0.01261115726083517,0.014116824604570866,0.6108124852180481,0,4800,0,5.605193857299268e-45
1787297070068,1810,3,0,2,11.425049781799316,-7.4266133308410645,17.71546173095703,5.605193857299268e-45,1.1210387714598537e-44,5.605193857299268e-45,-5.605193857299268e-45,0,0,0.7561130523681641,0.04266754537820816,0.9999704957008362,0.0002921516716014594,13.580559730529785,13.577468872070312,13.583934783935547,0.012240705080330372,0.013018223457038403,0.718891441822052,0,4800,0,5.605193857299268e-45
1787297070088,1811,3,0,2,10.741808891296387,-34.40681076049805,15.103185653686523,5.605193857299268e-45,1.1210387714598537e-44,5.605193857299268e-45,-5.605193857299268e-45,0,0,0.8415839076042175,0.03825210779905319,0.9999964237213135,0.00004269911732990295,13.580892562866211,13.580686569213867,13.583393096923828,0.01231631450355053,0.013030624948441982,0.8027083873748779,0,4800,0,5.605193857299268e-45
1787297070108,1812,3,0,2,10.061812400817871,-35.59770584106445,13.516759872436523,5.605193857299268e-45,1.1210387714598537e-44,5.605193857299268e-45,-5.605193857299268e-45,0,0,0.922985851764679,0.035430509597063065,0.9999995827674866,0.000006056863185222028,13.580720901489258,13.578585624694824,13.583365440368652,0.01248544454574585,0.013648458756506443,0.890936553478241,0,4800,0,5.605193857299268e-45
1787297070128,1813,3,0,2,9.107681274414062,-47.200828552246094,9.505646705627441,5.605193857299268e-45,1.1210387714598537e-44,5.605193857299268e-45,-5.605193857299268e-45,0,0,0.9980871081352234,0.033827707171440125,0.9999997615814209,9.483105145591253e-7,13.579769134521484,13.572755813598633,13.581476211547852,0.012808012776076794,0.014525406062602997,0.9637250304222107,0,4800,0,5.605193857299268e-45
1787297070148,1814,3,0,2,8.301074981689453,-41.323917388916016,9.395106315612793,5.605193857299268e-45,1.1210387714598537e-44,5.605193857299268e-45,-5.605193857299268e-45,0,0,1.0680160522460938,0.030320193618535995,0.9999997615814209,3.2472482303091965e-7,13.580363273620605,13.576601028442383,13.581732749938965,0.013426277786493301,0.014419718645513058,1.0409246683120728,0,4800,0,5.605193857299268e-45
1787297070168,1815,3,0,2,7.308487892150879,-49.42985534667969,9.811761856079102,5.605193857299268e-45,1.1210387714598537e-44,5.605193857299268e-45,-5.605193857299268e-45,0,0,1.135798454284668,0.030715785920619965,0.9999997615814209,2.4891141947591677e-7,13.57992172241211,13.574799537658691,13.58192253112793,0.014811133965849876,0.016150491312146187,1.1026846170425415,0,4800,0,5.605193857299268e-45
1787297070188,1816,3,0,2,-1.9950822591781616,-308.2867431640625,282.2333068847656,5.605193857299268e-45,1.1210387714598537e-44,5.605193857299268e-45,-5.605193857299268e-45,0,0,1.2035248279571533,0.028541764244437218,0.9999997615814209,2.3969425910763675e-7,13.579501152038574,13.57115650177002,13.581525802612305,0.017925841733813286,0.020983554422855377,1.1798828840255737,0,4800,0,5.605193857299268e-45
1787297070208,1817,3,0,2,-6.407748699188232,-226.15472412109375,66.96330261230469,5.605193857299268e-45,1.1210387714598537e-44,5.605193857299268e-45,-5.605193857299268e-45,0,0,1.2589881420135498,0.024830222129821777,0.9999997615814209,2.385736479482148e-7,13.580657958984375,13.578676223754883,13.583099365234375,0.02573046088218689,0.03006279096007347,1.2350268363952637,0,4800,0,5.605193857299268e-45
1787297070229,1818,3,0,2,-8.401305198669434,-81.78997802734375,75.4990463256836,5.605193857299268e-45,1.1210387714598537e-44,5.605193857299268e-45,-5.605193857299268e-45,0,0,1.3147237300872803,0.025710297748446465,0.9999997615814209,2.3843742269491486e-7,13.579553604125977,13.567450523376465,13.58224105834961,0.022311097010970116,0.029292717576026917,1.2813457250595093,0,4800,0,5.605193857299268e-45
1787297070249,1819,3,0,2,0.1078641414642334,478.41375732421875,423.76483154296875,5.605193857299268e-45,1.1210387714598537e-44,5.605193857299268e-45,-5.605193857299268e-45,0,0,1.374233365058899,0.026643764227628708,0.9999997615814209,2.384208244166075e-7,13.58006763458252,13.576839447021484,13.581314086914062,0.008073347620666027,0.016379017382860184,1.3453106880187988,0,4800,0,5.605193857299268e-45
1787297070269,1820,3,0,2,1.4996176958084106,98.83797454833984,175.7197723388672,5.605193857299268e-45,1.1210387714598537e-44,5.605193857299268e-45,-5.605193857299268e-45,0,0,1.4319621324539185,0.02616284415125847,0.9999997615814209,2.384188633186568e-7,13.57922649383545,13.57103443145752,13.580700874328613,0.006696136202663183,0.008931673131883144,1.4026594161987305,0,4800,0,5.605193857299268e-45
1787297070289,1821,3,0,2,-1.9329028129577637,-118.6702880859375,73.13824462890625,5.605193857299268e-45,1.1210387714598537e-44,5.605193857299268e-45,-5.605193857299268e-45,0,0,1.4875986576080322,0.025053273886442184,0.9999997615814209,2.384186927884002e-7,13.578392028808594,13.570290565490723,13.580700874328613,0.01917925290763378,0.02368873544037342,1.4578020572662354,0,4800,0,5.605193857299268e-45
1787297070309,1822,3,0,2,-3.7052218914031982,-67.60262298583984,48.778297424316406,5.605193857299268e-45,1.1210387714598537e-44,5.605193857299268e-45,-5.605193857299268e-45,0,0,1.5379774570465088,0.022803105413913727,0.9999997615814209,2.384186927884002e-7,13.577621459960938,13.56594181060791,13.580704689025879,0.018067514523863792,0.024315424263477325,1.5151495933532715,0,4800,0,5.605193857299268e-45
1787297070329,1823,3,0,2,0.23133346438407898,154.1309356689453,227.19186401367188,5.605193857299268e-45,1.1210387714598537e-44,5.605193857299268e-45,-5.605193857299268e-45,0,0,1.5957800149917603,0.024988261982798576,0.9999997615814209,2.384186927884002e-7,13.576580047607422,13.569522857666016,13.580538749694824,0.00973159447312355,0.01313839852809906,1.5680872201919556,0,4800,0,5.605193857299268e-45
1787297070349,1824,3,0,2,-0.7407717108726501,-40.4719123840332,96.6649169921875,5.605193857299268e-45,1.1210387714598537e-44,5.605193857299268e-45,-5.605193857299268e-45,0,0,1.6435678005218506,0.02067490853369236,0.9999997615814209,2.384186927884002e-7,13.577150344848633,13.570089340209961,13.580702781677246,0.014094127342104912,0.017356019467115402,1.6210235357284546,0,4800,0,5.605193857299268e-45
1787297070369,1825,3,0,2,-2.126833438873291,-55.101722717285156,37.49666213989258,5.605193857299268e-45,1.1210387714598537e-44,5.605193857299268e-45,-5.605193857299268e-45,0,0,1.6893165111541748,0.020793380215764046,0.9999997615814209,2.384186927884002e-7,13.575308799743652,13.567873001098633,13.58066463470459,0.0160520039498806,0.018460161983966827,1.6673438549041748,0,4800,0,5.605193857299268e-45
1787297070389,1826,3,0,2,-2.060699939727783,0.8133847713470459,37.19972229003906,5.605193857299268e-45,1.1210387714598537e-44,5.605193857299268e-45,-5.605193857299268e-45,0,0,1.7401106357574463,0.022756213322281837,0.9999997615814209,2.384186927884002e-7,13.575203895568848,13.565472602844238,13.580531120300293,0.012850804254412651,0.014397296123206615,1.71366286277771,0,4800,0,5.605193857299268e-45
1787297070410,1827,3,0,2,-2.353034496307373,-15.310823440551758,28.034194946289062,5.605193857299268e-45,1.1210387714598537e-44,5.605193857299268e-45,-5.605193857299268e-45,0,0,1.7861169576644897,0.02061561308801174,0.9944905042648315,0.0031785399187356234,13.569897651672363,13.560040473937988,13.580323219299316,0.014531494118273258,0.01612403430044651,1.7643955945968628,0,4800,0,5.605193857299268e-45
1787297070429,1828,3,0,2,-2.450270175933838,0.5259902477264404,33.666717529296875,5.605193857299268e-45,1.1210387714598537e-44,5.605193857299268e-45,-5.605193857299268e-45,0,0,1.8253271579742432,0.01845373585820198,0.9886922836303711,0.005431513302028179,13.570699691772461,13.560714721679688,13.578658103942871,0.014586701057851315,0.016661060974001884,1.7974811792373657,0,4800,0,5.605193857299268e-45
1787297070450,1829,3,0,2,-2.5563976764678955,-6.765256404876709,29.8961238861084,5.605193857299268e-45,1.1210387714598537e-44,5.605193857299268e-45,-5.605193857299268e-45,0,0,1.8666542768478394,0.01818549633026123,0.9826136231422424,0.004279203712940216,13.559964179992676,13.542823791503906,13.56937313079834,0.014343495480716228,0.01532020978629589,1.8460063934326172,0,4800,0,5.605193857299268e-45
1787297070470,1830,3,0,2,-2.5091328620910645,1.0177005529403687,27.755279541015625,5.605193857299268e-45,1.1210387714598537e-44,5.605193857299268e-45,-5.605193857299268e-45,0,0,1.9033929109573364,0.01617448590695858,0.982245683670044,0.00423639640212059,13.563462257385254,13.545443534851074,13.574300765991211,0.014303093776106834,0.015367292799055576,1.8879141807556152,0,4800,0,5.605193857299268e-45
1787297070490,1831,3,0,2,-2.537343740463257,-1.516817569732666,25.396053314208984,5.605193857299268e-45,1.1210387714598537e-44,5.605193857299268e-45,-5.605193857299268e-45,0,0,1.9377988576889038,0.015219632536172867,0.9807325005531311,0.0039402395486831665,13.575411796569824,13.566983222961426,13.580604553222656,0.014406401664018631,0.015132933855056763,1.9209997653961182,0,4800,0,5.605193857299268e-45
1787297070510,1832,3,0,2,-2.5259556770324707,1.194488286972046,34.239501953125,5.605193857299268e-45,1.1210387714598537e-44,5.605193857299268e-45,-5.605193857299268e-45,0,0,1.970524787902832,0.014191257767379284,0.9796521663665771,0.004192844964563847,13.574857711791992,13.562731742858887,13.580668449401855,0.014350437559187412,0.015578276477754116,1.9518790245056152,0,4800,0,5.605193857299268e-45
1787297070530,1833,3,0,2,-2.560882806777954,-0.9651865363121033,17.777738571166992,5.605193857299268e-45,1.1210387714598537e-44,5.605193857299268e-45,-5.605193857299268e-45,0,0,2.0013818740844727,0.014021636918187141,0.9794847369194031,0.0029796103481203318,13.576162338256836,13.567490577697754,13.5806884765625,0.014372451230883598,0.0155494948849082,1.9849659204483032,0,4800,0,5.605193857299268e-45
1787297070550,1834,3,0,2,-2.6284687519073486,0.4016299545764923,15.463939666748047,5.605193857299268e-45,1.1210387714598537e-44,5.605193857299268e-45,-5.605193857299268e-45,0,0,2.0303542613983154,0.012985410168766975,0.9779614210128784,0.004253660328686237,13.576889038085938,13.571176528930664,13.58059310913086,0.014478004537522793,0.015376530587673187,2.0114328861236572,0,4800,0,5.605193857299268e-45
1787297070570,1835,3,0,2,-2.775810718536377,-4.920623302459717,13.0360107421875,5.605193857299268e-45,1.1210387714598537e-44,5.605193857299268e-45,-5.605193857299268e-45,0,0,2.0583877563476562,0.012756953947246075,0.9763014316558838,0.004686890169978142,13.578532218933105,13.572815895080566,13.580698013305664,0.014383688569068909,0.015213141217827797,2.04451847076416,0,4800,0,5.605193857299268e-45
1787297070590,1836,3,0,2,-2.741098642349243,2.8106117248535156,15.818790435791016,5.605193857299268e-45,1.1210387714598537e-44,5.605193857299268e-45,-5.605193857299268e-45,0,0,2.0832159519195557,0.011324307881295681,0.9770832061767578,0.005778284277766943,13.579358100891113,13.574832916259766,13.58132266998291,0.014534804970026016,0.0160199087113142,2.0665767192840576,0,4800,0,5.605193857299268e-45
1787297070611,1837,3,0,2,-2.8527801036834717,-3.2298054695129395,12.202332496643066,5.605193857299268e-45,1.1210387714598537e-44,5.605193857299268e-45,-5.605193857299268e-45,0,0,2.1083455085754395,0.011125074699521065,0.9741705656051636,0.0035357449669390917,13.579667091369629,13.57616138458252,13.580704689025879,0.014727960340678692,0.01590527594089508,2.0974559783935547,0,4800,0,5.605193857299268e-45
1787297070631,1838,3,0,2,-2.865255355834961,-1.7558351755142212,10.321208953857422,5.605193857299268e-45,1.1210387714598537e-44,5.605193857299268e-45,-5.605193857299268e-45,0,0,2.1300418376922607,0.009918061085045338,0.9751235246658325,0.004143018275499344,13.579261779785156,13.570014953613281,13.580704689025879,0.014307267032563686,0.015333428978919983,2.1151018142700195,0,4800,0,5.605193857299268e-45
1787297070651,1839,3,0,2,-2.9099316596984863,-2.5203940868377686,14.123316764831543,5.605193857299268e-45,1.1210387714598537e-44,5.605193857299268e-45,-5.605193857299268e-45,0,0,2.151766538619995,0.009571462869644165,0.9736692309379578,0.0036073257215321064,13.579998016357422,13.574360847473145,13.580704689025879,0.014752098359167576,0.015780342742800713,2.1393651962280273,0,4800,0,5.605193857299268e-45
1787297070671,1840,3,0,2,-2.948949098587036,-0.7805601954460144,16.709434509277344,5.605193857299268e-45,1.1210387714598537e-44,5.605193857299268e-45,-5.605193857299268e-45,0,0,2.1723361015319824,0.008955282159149647,0.972710132598877,0.0039242967031896114,13.579553604125977,13.569897651672363,13.581209182739258,0.01465746108442545,0.015812266618013382,2.1592159271240234,0,4800,0,5.605193857299268e-45
1787297070691,1841,3,0,2,-2.979674816131592,0.3662134110927582,15.434020042419434,5.605193857299268e-45,1.1210387714598537e-44,5.605193857299268e-45,-5.605193857299268e-45,0,0,2.1911461353302,0.008592157624661922,0.9730829000473022,0.0041496423073112965,13.579055786132812,13.56467056274414,13.580704689025879,0.014610916376113892,0.015461535193026066,2.1768605709075928,0,4800,0,5.605193857299268e-45
1787297070711,1842,3,0,2,-2.8923110961914062,3.4565107822418213,12.569722175598145,5.605193857299268e-45,1.1210387714598537e-44,5.605193857299268e-45,-5.605193857299268e-45,0,0,2.2083590030670166,0.008449827320873737,0.9735000729560852,0.004314841702580452,13.578454971313477,13.569136619567871,13.583195686340332,0.01456020399928093,0.01573343761265278,2.1967127323150635,0,4800,0,5.605193857299268e-45
1787297070731,1843,4,2,1,148.63270568847656,7886.16796875,12135.1455078125,34.2793083190918,19.81899642944336,34.171966552734375,-0.6434345841407776,-17.598190307617188,4.57517147064209,2.2389614582061768,0.018880067393183708,0.9474108219146729,0.023741383105516434,13.479113578796387,13.305688858032227,13.580668449401855,0.11394184082746506,0.3739057183265686,2.2143585681915283,0,340.490234375,0.00035249124630354345,5.322046756744385
1787297070751,1844,4,2,1,113.65531158447266,-460.01177978515625,3690.8623046875,59.757694244384766,10.471233367919922,56.859920501708984,0.2445010095834732,-6.272248268127441,5.817352294921875,2.1492226123809814,0.046579957008361816,0.9933897256851196,0.015870362520217896,13.339988708496094,13.165366172790527,13.485664367675781,0.23786142468452454,0.3549824655056,2.0776052474975586,0,358.5291442871094,0.000472810585051775,5.2761549949646
1787297070771,1845,4,2,1,8.584383010864258,-1991.530029296875,4816.9873046875,57.726341247558594,1.8446640968322754,59.61824035644531,1.0376895666122437,-0.39709386229515076,4.309175491333008,2.2114102840423584,0.029666613787412643,0.9854381680488586,0.01675759069621563,13.331974983215332,13.217906951904297,13.501328468322754,0.1640525460243225,0.2692317068576813,2.1724507808685303,0,376.4700012207031,0.0006920220330357552,7.161882400512695
1787297070792,1846,4,2,1,19.564077377319336,255.04576110839844,1219.6063232421875,61.05367660522461,2.168362855911255,59.95358657836914,-1.220035433769226,-5.190712928771973,3.876070737838745,2.1856002807617188,0.04041773080825806,0.9964416027069092,0.006435954477638006,13.32841968536377,13.159051895141602,13.408971786499023,0.16617824137210846,0.3196590542793274,2.1128957271575928,0,394.4350891113281,0.0007284794119186699,3.7967355251312256
1787297070812,1847,4,2,1,32.307151794433594,602.7138671875,254.00355529785156,60.48061752319336,1.945329189300537,59.99435806274414,-1.6641502380371094,-2.3750429153442383,-1.1095483303070068,2.1835286617279053,0.02696366235613823,0.9979161024093628,0.004485779907554388,13.255793571472168,13.206070899963379,13.38288688659668,0.19424492120742798,0.2343590259552002,2.145982503890991,0,412.3787536621094,0.0007150442688725889,7.550973892211914
1787297070832,1848,4,2,1,46.3812141418457,700.392333984375,64.96514892578125,59.240047454833984,1.0341724157333374,59.99931716918945,0.9443496465682983,-0.5111747980117798,2.116598606109619,2.216818332672119,0.02140841819345951,0.9981974959373474,0.0025638181250542402,13.284733772277832,13.24379825592041,13.321823120117188,0.13636372983455658,0.1932649463415146,2.157011032104492,0,430.3426818847656,0.0007461980567313731,5.6696648597717285
1787297070852,1849,4,2,1,61.33542251586914,752.9149169921875,33.10790252685547,60.70830535888672,0.9829826951026917,59.99991989135742,-0.29715466499328613,-2.050976276397705,2.0658679008483887,2.2094132900238037,0.015259165316820145,0.9997808933258057,0.0007499298080801964,13.27043628692627,13.206328392028809,13.314668655395508,0.1600896120071411,0.22213687002658844,2.1768617630004883,0,448.2841796875,0.0007198972743935883,5.137777805328369
1787297070872,1850,4,2,1,77.09255981445312,790.6520385742188,21.755666732788086,59.78153610229492,0.6181751489639282,59.99998474121094,-1.3297486305236816,-2.5041158199310303,-0.8697060346603394,2.222443103790283,0.009908498264849186,0.9995654821395874,0.000862170709297061,13.26870346069336,13.256153106689453,13.312884330749512,0.14052380621433258,0.15361347794532776,2.212153673171997,0,466.32659912109375,0.0007334761321544647,6.023013591766357
1787297070892,1851,4,2,1,93.2604751586914,816.56103515625,29.73525619506836,59.657955169677734,0.4050813615322113,59.99998474121094,0.5457205176353455,-0.19746710360050201,1.1685646772384644,2.2440967559814453,0.011132336221635342,0.9910699725151062,0.0052315774373710155,13.263786315917969,13.243260383605957,13.288619995117188,0.12766027450561523,0.14939448237419128,2.2143585681915283,0,484.294189453125,0.0007265085005201399,5.905579566955566
1787297070912,1852,4,2,1,109.85184478759766,838.0447998046875,34.01683807373047,60.48519515991211,0.38207536935806274,59.99998474121094,-0.6231737732887268,-1.6989859342575073,1.2563560009002686,2.246983528137207,0.009760305285453796,0.9955215454101562,0.00493819871917367,13.254053115844727,13.221626281738281,13.282211303710938,0.14274930953979492,0.18416431546211243,2.223182201385498,0,502.3375549316406,0.0007291152724064887,5.540212631225586
1787297070932,1853,4,2,1,126.9219970703125,855.0641479492188,13.386274337768555,59.80410385131836,0.3963143527507782,59.99998474121094,-1.0342389345169067,-1.807046890258789,-0.6248992085456848,2.2590715885162354,0.004579833708703518,0.9947407245635986,0.005811665672808886,13.246676445007324,13.236044883728027,13.280488967895508,0.12660743296146393,0.13252106308937073,2.254061460494995,0,520.3843383789062,0.0007649812614545226,5.866999626159668
1787297070953,1854,4,2,1,144.04666137695312,864.8209838867188,16.3406925201416,59.69519805908203,0.20649658143520355,59.99998474121094,0.2701320946216583,-0.41048136353492737,0.767172634601593,2.2728588581085205,0.005146332550793886,0.9898982048034668,0.005540439859032631,13.228525161743164,13.209571838378906,13.240084648132324,0.130650132894516,0.15013429522514343,2.260678768157959,0,538.3215942382812,0.0007417785818688571,6.209972858428955
1787297070973,1855,4,2,1,161.43557739257812,873.9149780273438,11.87312126159668,60.29964828491211,0.3568311929702759,59.99998474121094,-0.5501552820205688,-1.4629873037338257,0.7000954151153564,2.2794501781463623,0.008463459089398384,0.992996335029602,0.005984598305076361,13.22301959991455,13.194963455200195,13.245319366455078,0.13595443964004517,0.171283558011055,2.2606775760650635,0,556.2879638671875,0.0007669914630241692,5.638910293579102
1787297070993,1856,4,2,1,178.80416870117188,879.2828369140625,17.48189926147461,59.850528717041016,0.2272423505783081,59.99998474121094,-0.9230347275733948,-1.7003154754638672,-0.31676557660102844,2.2851722240448,0.00400778790935874,0.9961183071136475,0.004236097447574139,13.225862503051758,13.21870231628418,13.24809741973877,0.1172914206981659,0.11798656731843948,2.276118516921997,0,574.2291259765625,0.0007438214379362762,5.550603866577148
1787297071013,1857,4,2,1,196.39891052246094,885.2747802734375,12.402070045471191,59.86247253417969,0.16242407262325287,59.99998474121094,-0.1368505209684372,-0.31896448135375977,0.3689541816711426,2.2982544898986816,0.004565967712551355,0.9920060038566589,0.004716426599770784,13.21248722076416,13.201521873474121,13.223030090332031,0.13391798734664917,0.1484769582748413,2.293764352798462,0,592.1954956054688,0.0007686872850172222,6.221707820892334
1787297071033,1858,4,2,1,213.8936004638672,887.911865234375,19.531261444091797,59.96376037597656,0.23017098009586334,59.99998474121094,-0.9376357793807983,-1.6178672313690186,0.7134228944778442,2.3040406703948975,0.0030791256576776505,0.9958963990211487,0.0039380993694067,13.215343475341797,13.204793930053711,13.222823143005371,0.13055597245693207,0.15028417110443115,2.3003804683685303,0,610.1396484375,0.0007453504367731512,5.488061904907227
1787297071053,1859,4,2,1,231.607666015625,892.3089599609375,13.590002059936523,59.87739562988281,0.1292058229446411,59.99998474121094,-0.7522832751274109,-1.4693574905395508,0.11984967440366745,2.3061413764953613,0.001962048001587391,0.9988076686859131,0.0021835449151694775,13.208297729492188,13.201704978942871,13.212929725646973,0.11847350001335144,0.11969039589166641,2.3003804683685303,0,628.1044921875,0.0007699597044847906,5.628532409667969
1787297071073,1860,4,2,1,249.1638641357422,893.348876953125,22.109397888183594,59.824642181396484,0.07359008491039276,59.99998474121094,-0.34798699617385864,-0.8910290598869324,-0.03519099950790405,2.310253620147705,0.002382997889071703,0.9991906881332397,0.001407112693414092,13.198747634887695,13.191193580627441,13.205912590026855,0.1310533583164215,0.1473383903503418,2.3047916889190674,0,646.0458374023438,0.0007464702939614654,6.074830532073975
1787297071093,1861,4,2,1,266.9493103027344,896.9564819335938,15.146552085876465,60.04839324951172,0.21022579073905945,59.99998474121094,-0.7539134621620178,-1.1959354877471924,-0.0024366858415305614,2.3164420127868652,0.0033770520240068436,0.9968150854110718,0.0025733420625329018,13.211068153381348,13.186907768249512,13.229630470275879,0.13189741969108582,0.15009315311908722,2.3092026710510254,0,664.0106811523438,0.0007709088386036456,5.558401584625244
1787297071113,1862,4,2,1,284.5322265625,897.0423583984375,24.964759826660156,59.845184326171875,0.15864601731300354,59.99998474121094,-0.8544828295707703,-1.5482779741287231,-0.2412394881248474,2.3241114616394043,0.0038603991270065308,0.9955633282661438,0.003153246594592929,13.215953826904297,13.202337265014648,13.233298301696777,0.11849132180213928,0.12304049730300903,2.313615322113037,0,681.9519653320312,0.0007473461446352303,5.52067232131958
1787297071133,1863,4,2,1,302.3636169433594,900.3345947265625,16.910062789916992,59.80419158935547,0.14669471979141235,59.99998474121094,-0.5191194415092468,-1.171416163444519,0.6367773413658142,2.3259644508361816,0.003937641624361277,0.9979537725448608,0.0028780631255358458,13.212554931640625,13.208824157714844,13.221176147460938,0.13957521319389343,0.1539517045021057,2.318026304244995,0,699.9187622070312,0.0007716618129052222,5.9564104080200195
1787297071154,1864,4,2,1,319.9538269042969,899.77685546875,27.969886779785156,59.826045989990234,0.26471155881881714,59.99998474121094,-1.122866153717041,-1.5888116359710693,-0.18294553458690643,2.3270528316497803,0.0023498518858104944,0.9997197985649109,0.0008510982152074575,13.214415550231934,13.202815055847168,13.221735954284668,0.13429199159145355,0.152250736951828,2.313615322113037,0,717.8629760742188,0.0007481297361664474,5.478948593139648
1787297071174,1865,4,2,1,337.81707763671875,903.0185546875,18.798072814941406,59.787113189697266,0.1453891545534134,59.99998474121094,-0.9345991015434265,-1.6855179071426392,0.019284812733530998,2.327587842941284,0.002285572001710534,0.9999659657478333,0.00017157285765279084,13.203001022338867,13.192621231079102,13.214337348937988,0.1250799149274826,0.1269930601119995,2.320232629776001,0,735.8272094726562,0.000772338651586324,5.72085428237915
1787297071194,1866,4,2,1,355.4044494628906,901.9945678710938,31.04494285583496,59.948158264160156,0.21947206556797028,59.99998474121094,-0.6451323628425598,-1.0159105062484741,-0.008326536044478416,2.3289108276367188,0.002154981717467308,0.9999349117279053,0.0001806832879083231,13.191612243652344,13.180781364440918,13.201339721679688,0.14365510642528534,0.152483731508255,2.3224387168884277,0,753.7682495117188,0.0007492456352338195,6.182538986206055
1787297071214,1867,4,2,1,373.2926330566406,905.32958984375,20.723596572875977,59.96007537841797,0.16680200397968292,59.99998474121094,-1.298860788345337,-1.7754004001617432,-0.4385133385658264,2.33237361907959,0.0022537815384566784,0.9992854595184326,0.0009884967003017664,13.186010360717773,13.1804838180542,13.194036483764648,0.1407952457666397,0.15145806968212128,2.329054832458496,0,771.7347412109375,0.0007731405785307288,5.643520355224609
1787297071234,1868,4,2,1,390.5207824707031,910.64208984375,149.89639282226562,59.73839569091797,0.1329864114522934,59.99998474121094,-1.2718000411987305,-1.6258612871170044,-0.47981083393096924,2.3296847343444824,0.0023978601675480604,0.9997859001159668,0.0005387302371673286,13.187728881835938,13.180607795715332,13.202171325683594,0.12913760542869568,0.13136516511440277,2.3246450424194336,0,789.676513671875,0.0007425106014125049,5.7267255783081055
1787297071254,1869,4,2,1,408.3230285644531,911.358642578125,46.731075286865234,59.848995208740234,0.15401962399482727,59.99998474121094,-0.8353418707847595,-1.5313667058944702,0.576416552066803,2.331484079360962,0.0021039017010480165,0.9999740123748779,0.00011755077866837382,13.191858291625977,13.179207801818848,13.200617790222168,0.1453099101781845,0.15868614614009857,2.329054832458496,0,807.7219848632812,0.0007519918726757169,6.061850070953369
1787297071274,1870,4,2,1,426.3146667480469,912.3052978515625,24.212444305419922,59.82671356201172,0.2151380032300949,59.99998474121094,-1.2638256549835205,-2.0930004119873047,-0.03391726687550545,2.3343944549560547,0.0023731086403131485,0.9994581341743469,0.0008606300107203424,13.204817771911621,13.181478500366211,13.212944984436035,0.14996221661567688,0.15884123742580414,2.329054832458496,0,825.6903076171875,0.0007781530730426311,5.563353538513184
1787297071294,1871,4,2,1,443.9312438964844,909.39599609375,38.59291458129883,59.64817810058594,0.2167983055114746,59.99998474121094,-1.3906415700912476,-2.2116663455963135,-0.5228087306022644,2.3353586196899414,0.002870743628591299,0.9992384314537048,0.0015517992433160543,13.20469856262207,13.190570831298828,13.214250564575195,0.13532467186450958,0.142933651804924,2.331261157989502,0,843.6281127929688,0.0007529252907261252,5.567442893981934
1787297071314,1872,4,2,1,461.9061279296875,912.3892822265625,25.36570930480957,59.76181411743164,0.16631992161273956,59.99998474121094,-0.9931260347366333,-1.4480135440826416,0.11539039760828018,2.3381733894348145,0.002235517604276538,0.9996640682220459,0.0007394583662971854,13.187034606933594,13.176305770874023,13.193527221679688,0.14721906185150146,0.1611957550048828,2.333466053009033,0,861.5941772460938,0.0007767258211970329,6.0282301902771
1787297071335,1873,4,2,1,479.48333740234375,909.7985229492188,41.87700653076172,59.868446350097656,0.18776430189609528,59.99998474121094,-1.382706642150879,-1.9851173162460327,-0.42173096537590027,2.3374359607696533,0.0034838493447750807,0.9995180368423462,0.0009424175368621945,13.175146102905273,13.162430763244629,13.182040214538574,0.1577395498752594,0.16436848044395447,2.3312597274780273,0,879.535400390625,0.0007527109701186419,5.836195945739746
1787297071355,1874,4,2,1,497.4563293457031,913.3685913085938,27.502700805664062,59.720706939697266,0.262503445148468,59.99998474121094,-1.6183717250823975,-2.1089282035827637,-0.5869780778884888,2.3357431888580322,0.0026236677076667547,0.9998747706413269,0.0003466400958131999,13.1785306930542,13.16341781616211,13.188492774963379,0.14128811657428741,0.152496799826622,2.3268487453460693,0,897.5018310546875,0.0007773828110657632,5.644657135009766
1787297071375,1875,4,2,1,515.0059204101562,910.7791748046875,45.155128479003906,59.84724426269531,0.22409652173519135,59.99998474121094,-1.1187273263931274,-1.5679988861083984,-0.2908855676651001,2.339212656021118,0.0019165254198014736,0.9998629689216614,0.000334343669237569,13.183456420898438,13.175609588623047,13.200357437133789,0.14978261291980743,0.161307692527771,2.3334672451019287,0,915.445556640625,0.0007535870536230505,6.134886264801025
1787297071395,1876,4,2,1,532.9845581054688,914.7286987304688,29.57034683227539,60.19317626953125,0.2801622152328491,59.99998474121094,-1.3088812828063965,-2.1536757946014404,0.1843448132276535,2.3413920402526855,0.00383377424441278,0.9996967315673828,0.0004553337348625064,13.189897537231445,13.18116283416748,13.204931259155273,0.16572758555412292,0.1829853653907776,2.331261157989502,0,933.40966796875,0.0007779122097417712,5.787128925323486
1787297071415,1877,4,2,1,550.5115356445312,912.0377197265625,48.41386413574219,59.772804260253906,0.2543248236179352,59.99998474121094,-1.635035514831543,-2.6234328746795654,-0.6020746231079102,2.3433966636657715,0.0026614218950271606,0.9999326467514038,0.0001750988740241155,13.193089485168457,13.182099342346191,13.207412719726562,0.13876421749591827,0.15858840942382812,2.3378772735595703,0,951.3510131835938,0.0007543150568380952,5.310125827789307
1787297071435,1878,4,2,1,568.5001220703125,916.3220825195312,31.632823944091797,59.780887603759766,0.21159684658050537,59.99998474121094,-1.1169215440750122,-2.038444995880127,-0.2943841218948364,2.3425323963165283,0.0023543336428701878,0.9999918341636658,0.00003763907807297073,13.167834281921387,13.144342422485352,13.196450233459473,0.16040372848510742,0.18539704382419586,2.337878465652466,0,969.3173217773438,0.0007785807247273624,6.243601322174072
1787297071455,1879,4,2,1,586.0082397460938,913.4613037109375,51.627220153808594,60.16575622558594,0.3679099977016449,59.99998474121094,-1.9570916891098022,-3.0272223949432373,-0.7872053384780884,2.3387224674224854,0.0029216886032372713,0.9999990463256836,0.000006548065357492305,13.164389610290527,13.127169609069824,13.18081283569336,0.16919827461242676,0.19117066264152527,2.3312597274780273,0,987.2587280273438,0.0007550647133029997,5.883867263793945
1787297071475,1880,4,2,1,603.0289306640625,908.1859130859375,154.9610595703125,59.81454849243164,0.2247277945280075,59.99998474121094,-1.5343414545059204,-2.41141414642334,-0.34177905321121216,2.3418216705322266,0.003554239636287093,0.9997299909591675,0.0006502437172457576,13.188253402709961,13.180621147155762,13.20482063293457,0.14371441304683685,0.14507709443569183,2.331261157989502,0,1005.3035888671875,0.0008069034083746374,5.444004535675049
1787297071495,1881,4,2,1,620.3557739257812,936.5130004882812,266.8027648925781,60.004783630371094,0.37631896138191223,59.99998474121094,-1.1361061334609985,-2.3567230701446533,-0.20394958555698395,2.3349428176879883,0.003333316883072257,0.9999672174453735,0.0001446763490093872,13.173983573913574,13.161561965942383,13.199200630187988,0.1778538078069687,0.19802218675613403,2.329054832458496,0,1023.2723999023438,0.0007507696282118559,6.372389793395996
1787297071516,1882,4,2,1,638.8112182617188,935.4115600585938,52.0118293762207,59.96653366088867,0.33910730481147766,59.99998474121094,-2.103073835372925,-2.932325601577759,-0.6632681488990784,2.3407065868377686,0.004165221005678177,0.9999960064888,0.00002556857180024963,13.179505348205566,13.147555351257324,13.194311141967773,0.16229112446308136,0.198201984167099,2.331261157989502,0,1041.31103515625,0.0007798475562594831,5.499571800231934
1787297071536,1883,4,2,1,656.4698486328125,926.0609130859375,58.060394287109375,59.849632263183594,0.28518691658973694,59.99998474121094,-1.5646547079086304,-2.260493755340576,-0.2738727629184723,2.340250253677368,0.003419366665184498,0.9998087286949158,0.00047137500951066613,13.1600923538208,13.143385887145996,13.190961837768555,0.15991057455539703,0.1670411080121994,2.33567214012146,0,1059.2518310546875,0.0007565325358882546,5.8816680908203125
1787297071556,1884,4,2,1,674.63427734375,928.4028930664062,36.73342514038086,59.91107177734375,0.332347571849823,59.99998474121094,-1.6671303510665894,-2.4094903469085693,-0.9625230431556702,2.3346898555755615,0.003027549246326089,0.9999767541885376,0.00010379285231465474,13.164217948913574,13.149327278137207,13.17912769317627,0.177682027220726,0.1884816586971283,2.3268487453460693,0,1077.2186279296875,0.0007798526203259826,6.220558166503906
1787297071576,1885,4,2,1,692.1932373046875,923.1043701171875,60.424259185791016,60.007503509521484,0.4047824442386627,59.99998474121094,-1.755861520767212,-2.742114543914795,-0.8518537282943726,2.3390514850616455,0.0025739960838109255,0.9999971985816956,0.00001822787817218341,13.18358325958252,13.171788215637207,13.196196556091309,0.1742214560508728,0.1885719746351242,2.33567214012146,0,1095.162353515625,0.000756739464122802,5.51160192489624
1787297071597,1886,4,2,1,710.31103515625,927.1071166992188,39.12172317504883,59.70220184326172,0.31763672828674316,59.99998474121094,-1.9875069856643677,-2.79160737991333,-0.9494014382362366,2.3421289920806885,0.0030542006716132164,0.9999997019767761,0.000002889981715270551,13.173781394958496,13.1583833694458,13.188345909118652,0.16525569558143616,0.17569997906684875,2.3334672451019287,0,1113.12646484375,0.0007802604814060032,5.810452461242676
1787297071616,1887,4,2,1,727.80859375,922.4027099609375,63.956016540527344,60.05978775024414,0.38707002997398376,59.99998474121094,-1.554587483406067,-2.38853120803833,-0.835761308670044,2.3368122577667236,0.003575584152713418,0.9999997615814209,5.607865887213848e-7,13.142372131347656,13.117996215820312,13.158381462097168,0.1861666589975357,0.19713060557842255,2.3312597274780273,0,1131.0677490234375,0.000757372472435236,6.257177829742432
1787297071636,1888,4,2,1,745.9075927734375,927.2603759765625,41.401580810546875,60.07090377807617,0.40605244040489197,59.99998474121094,-2.1113650798797607,-3.016397714614868,-0.8999383449554443,2.337519645690918,0.003950986545532942,0.9999997615814209,2.7761100795942184e-7,13.171330451965332,13.146219253540039,13.188523292541504,0.17473290860652924,0.2026793509721756,2.329054832458496,0,1149.034423828125,0.0007805966888554394,5.609626293182373
1787297071656,1889,4,2,1,763.3652954101562,922.794677734375,67.3635025024414,59.75909423828125,0.4349353313446045,59.99998474121094,-1.8749117851257324,-2.6401638984680176,-0.4224068820476532,2.3360559940338135,0.003002534620463848,0.9999997615814209,2.431834502658603e-7,13.171868324279785,13.148859977722168,13.197203636169434,0.1811399757862091,0.1942131072282791,2.3312597274780273,0,1166.975341796875,0.0007580071105621755,5.9390997886657715
1787297071676,1890,4,2,1,780.1884765625,925.3635864257812,254.6671600341797,60.07496643066406,0.3877178728580475,59.99998474121094,-1.7039698362350464,-3.1537296772003174,-0.9866824150085449,2.338472604751587,0.003203523112460971,0.9999997615814209,2.3899784196146356e-7,13.158642768859863,13.136575698852539,13.176238059997559,0.18401964008808136,0.1933407187461853,2.331261157989502,0,1184.9422607421875,0.0007508874405175447,5.916909694671631
1787297071697,1891,4,2,1,798.7073974609375,939.9960327148438,59.83673095703125,60.02140426635742,0.477900892496109,59.99998474121094,-2.2127439975738525,-3.264345407485962,-1.0325398445129395,2.33540940284729,0.002403074875473976,0.9999997615814209,2.384889512541122e-7,13.150056838989258,13.119004249572754,13.164054870605469,0.1866283118724823,0.20212993025779724,2.329054832458496,0,1202.9893798828125,0.0007859075558371842,6.009393215179443
1787297071717,1892,4,2,1,816.2609252929688,931.358154296875,72.80257415771484,59.678871154785156,0.3810203969478607,59.99998474121094,-2.088475465774536,-3.1645123958587646,-0.48142194747924805,2.3373525142669678,0.003077884204685688,0.9999997615814209,2.3842713403610105e-7,13.171412467956543,13.161520957946777,13.184710502624512,0.18931008875370026,0.20227818191051483,2.331261157989502,0,1220.926025390625,0.000760975235607475,5.974490165710449
1787297071737,1893,4,2,1,834.4677124023438,935.3561401367188,45.9991340637207,59.907623291015625,0.6123495697975159,59.99998474121094,-2.0260956287384033,-3.0737967491149902,-1.0976308584213257,2.336378335952759,0.0043449923396110535,0.9999997615814209,2.38419602283102e-7,13.162294387817383,13.137475967407227,13.183067321777344,0.1952306628227234,0.20891296863555908,2.3246450424194336,0,1238.8919677734375,0.000784240837674588,5.8674540519714355
1787297071757,1894,4,2,1,851.9376220703125,929.3479614257812,74.93988037109375,59.956111907958984,0.4434491991996765,59.99998474121094,-2.0794296264648438,-3.2491369247436523,-1.2476359605789185,2.3401033878326416,0.003279166528955102,0.9999997615814209,2.384186927884002e-7,13.144763946533203,13.115145683288574,13.166197776794434,0.19086946547031403,0.20132222771644592,2.3356735706329346,0,1256.8330078125,0.0007612069020979106,5.8246355056762695
1787297071777,1895,4,2,1,870.1088256835938,934.6387329101562,48.24966812133789,60.066585540771484,0.47298967838287354,59.99998474121094,-2.042647123336792,-3.401839017868042,-0.9632765054702759,2.338763475418091,0.002686252584680915,0.9999997615814209,2.384186927884002e-7,13.156383514404297,13.142019271850586,13.17247486114502,0.19447357952594757,0.20343643426895142,2.331261157989502,0,1274.799560546875,0.0007848925888538361,6.039324760437012
1787297071797,1896,4,2,1,887.527587890625,929.1448364257812,78.41442108154297,60.188438415527344,0.5600728988647461,59.99998474121094,-2.3115832805633545,-3.617764472961426,-0.5069313049316406,2.338287353515625,0.00353910936973989,0.9999997615814209,2.384186927884002e-7,13.153702735900879,13.130973815917969,13.180386543273926,0.2015126347541809,0.21886877715587616,2.331261157989502,0,1292.743408203125,0.0007616683142259717,6.005692481994629
1787297071817,1897,4,2,1,905.6873168945312,935.1510620117188,50.46754455566406,59.91941833496094,0.5683173537254333,59.99998474121094,-2.426027774810791,-3.595151424407959,-0.6607796549797058,2.336512327194214,0.005164917558431625,0.9999997615814209,2.384186927884002e-7,13.140156745910645,13.114943504333496,13.180923461914062,0.19716115295886993,0.20788076519966125,2.329054832458496,0,1310.7076416015625,0.0007852652342990041,6.006986618041992
1787297071837,1898,4,2,1,923.0706787109375,929.747802734375,81.74667358398438,60.013973236083984,0.5807693004608154,59.99998474121094,-2.333385944366455,-3.55985426902771,-1.1728063821792603,2.336034059524536,0.0027025071904063225,0.9999997615814209,2.384186927884002e-7,13.147165298461914,13.128532409667969,13.165898323059082,0.20431804656982422,0.21624216437339783,2.329054832458496,0,1328.6483154296875,0.0007624402060173452,6.302608489990234
1787297071857,1899,4,2,1,1069.9534912109375,8821.1240234375,5530.6064453125,59.79240417480469,1.4325045347213745,59.99998474121094,-1.2164396047592163,-11.08867359161377,4.301497936248779,2.3339145183563232,0.006018299143761396,0.9999997615814209,2.384186927884002e-7,13.078173637390137,12.978036880493164,13.17158317565918,0.282736212015152,0.41701334714889526,2.3136138916015625,0,1346.6142578125,0.004346896894276142,10.119893074035645
1787297071878,1900,4,2,1,1400.5943603515625,9183.619140625,10926.8798828125,10.186558723449707,19.54918670654297,11.98370361328125,0.19970539212226868,-11.865089416503906,5.018946170806885,2.3750784397125244,0.013618056662380695,0.9594993591308594,0.01371702365577221,13.194993019104004,12.844634056091309,13.280269622802734,0.3380640149116516,0.4649452567100525,2.320232629776001,0,1364.554931640625,0.00664443988353014,2.3902134895324707
1787297071897,1901,4,2,1,1520.3822021484375,5853.74365234375,2977.135986328125,1.5756795406341553,4.67537260055542,1.45693838596344,0.019263220950961113,-2.333651065826416,3.3462204933166504,2.376941680908203,0.005102172493934631,0.9720534086227417,0.008432538248598576,13.262685775756836,13.258867263793945,13.282230377197266,0.3212239742279053,0.3449147641658783,2.368757724761963,0,1382.5213623046875,0.0029718466103076935,0.3697156310081482
1787297071918,1902,4,2,1,1571.77392578125,2685.011962890625,1660.474365234375,0.043635472655296326,1.2347056865692139,0.17712965607643127,0.08533462136983871,-1.7390390634536743,1.7405009269714355,2.378248453140259,0.0032232271041721106,0.9806557297706604,0.005823858082294464,13.295976638793945,13.282286643981934,13.308316230773926,0.30064892768859863,0.3113778233528137,2.3731689453125,0,1400.465087890625,-0.0032794615253806114,0.000004442314548214199
1787297071938,1903,4,2,1,1575.4630126953125,158.29473876953125,1222.9117431640625,-0.08463335782289505,0.6862335205078125,0.021534832194447517,0.04532875865697861,-1.658414602279663,1.7007699012756348,2.382922649383545,0.003602758515626192,0.9846392273902893,0.005733606871217489,13.306571006774902,13.294590950012207,13.315557479858398,0.2763914167881012,0.2922945022583008,2.375375270843506,0,1418.4288330078125,-0.01001199521124363,-0.028073038905858994
1787297071958,1904,4,2,1,1555.687255859375,-982.1101684570312,741.874755859375,-0.0619000643491745,0.39775311946868896,0.0026181330904364586,-0.126568004488945,-1.5294153690338135,1.7428690195083618,2.3857030868530273,0.003341341158375144,0.990850031375885,0.005392920691519976,13.31655502319336,13.308829307556152,13.32762336730957,0.2603442370891571,0.2678701877593994,2.379786252975464,0,1436.3699951171875,-0.015614043921232224,-0.021094225347042084
1787297071978,1905,4,2,1,1508.9383544921875,-2434.15966796875,801.391357421875,-0.09063391387462616,0.47407615184783936,0.00031830384978093207,0.20239292085170746,-1.2184364795684814,1.2245779037475586,2.3886070251464844,0.0029269780497998,0.9940406084060669,0.004631045740097761,13.320459365844727,13.310578346252441,13.330926895141602,0.23893986642360687,0.2524951994419098,2.3819925785064697,0,1454.3365478515625,-0.01925128884613514,-0.026404334232211113
1787297071998,1906,4,2,1,1459.7393798828125,-2359.56201171875,563.7923583984375,1.2834779024124146,1.1985151767730713,1.303589105606079,0.04548608884215355,-1.0471949577331543,1.3790509700775146,2.3897054195404053,0.003022928023710847,0.9965686202049255,0.003595577785745263,13.325149536132812,13.312398910522461,13.336575508117676,0.23135975003242493,0.23978784680366516,2.3819925785064697,0,1472.27783203125,-0.020076094195246696,0.25068747997283936
1787297072018,1907,4,2,1,1447.2843017578125,-178.50840759277344,1339.567626953125,11.174545288085938,3.702348470687866,11.160310745239258,0.0977986603975296,-1.2649307250976562,2.0410802364349365,2.3790533542633057,0.004420388024300337,0.999582827091217,0.0012714925687760115,13.26552677154541,13.237967491149902,13.312959671020508,0.28659719228744507,0.31456440687179565,2.370962619781494,0,1490.2437744140625,-0.01865827478468418,2.8020153045654297
1787297072038,1908,4,2,1,1523.794677734375,3521.139892578125,1417.841064453125,3.4300026893615723,4.129635334014893,3.259927272796631,-0.1430925875902176,-2.1969337463378906,2.6436378955841064,2.38455867767334,0.005970384459942579,0.9991809725761414,0.0010910670971497893,13.294120788574219,13.25490665435791,13.312458992004395,0.30446532368659973,0.33555111289024353,2.370962619781494,0,1508.1878662109375,-0.017890548333525658,0.8972015380859375
1787297072058,1909,4,2,1,1546.18115234375,924.1937866210938,1266.1710205078125,0.399923175573349,1.4251773357391357,0.3963310122489929,0.04323842003941536,-1.9451593160629272,1.8833116292953491,2.3884029388427734,0.00398969603702426,0.9991703629493713,0.0011310798581689596,13.31606674194336,13.305192947387695,13.333345413208008,0.2796676754951477,0.30080676078796387,2.379786252975464,0,1526.1566162109375,-0.01882992312312126,0.09776446968317032
1787297072079,1910,4,2,1,1543.558837890625,-56.84535598754883,673.2093505859375,0.07187575846910477,0.5235201716423035,0.08942380547523499,-0.25934046506881714,-1.597314715385437,1.7538628578186035,2.390599489212036,0.0032864981330931187,0.9992562532424927,0.001248475513420999,13.327006340026855,13.31451416015625,13.337045669555664,0.26265883445739746,0.2719191908836365,2.384197473526001,0,1544.09423828125,-0.01922648213803768,0.010512649081647396
1787297072099,1911,4,2,1,1523.6748046875,-418.83404541015625,985.7045288085938,8.640532493591309,3.912229061126709,8.742384910583496,0.10333801060914993,-1.43557870388031,2.212820291519165,2.3827083110809326,0.004200374241918325,0.9998467564582825,0.000484293675981462,13.288823127746582,13.260924339294434,13.337552070617676,0.29363512992858887,0.3212955594062805,2.3731689453125,0,1562.1365966796875,-0.018261222168803215,2.2161364555358887
1787297072119,1912,4,2,1,1589.31201171875,2736.0068359375,1368.893798828125,2.9772403240203857,3.593163013458252,2.67844557762146,-0.10191843658685684,-2.020951747894287,2.7667622566223145,2.389875650405884,0.004742706194519997,0.9995825290679932,0.0005739418556913733,13.302732467651367,13.256941795349121,13.3191556930542,0.30520322918891907,0.34121954441070557,2.375375270843506,0,1580.1072998046875,-0.017579618841409683,0.7869724035263062
1787297072139,1913,4,2,1,1595.1358642578125,462.80413818359375,1130.6138916015625,0.4335663914680481,1.123626947402954,0.5967131853103638,0.09828554093837738,-1.654990792274475,2.0653223991394043,2.3899223804473877,0.002597462385892868,0.9999492764472961,0.00017128184845205396,13.321524620056152,13.308833122253418,13.33240795135498,0.28473588824272156,0.30024150013923645,2.384197473526001,0,1598.0443115234375,-0.017772836610674858,0.10545798391103745
1787297072159,1914,4,2,1,1596.0394287109375,0.9361520409584045,674.74560546875,3.494636297225952,1.7642492055892944,3.4705536365509033,-0.25478774309158325,-1.5774636268615723,1.857648253440857,2.389223337173462,0.003987207543104887,0.9997868537902832,0.0003622474614530802,13.315468788146973,13.294173240661621,13.335551261901855,0.2902471423149109,0.30594661831855774,2.3819925785064697,0,1616.08740234375,-0.017343906685709953,0.870006799697876
1787297072179,1915,4,2,1,1615.9527587890625,1628.9193115234375,1330.2679443359375,7.065089702606201,1.8671058416366577,6.858110427856445,0.2524917423725128,-2.2553257942199707,2.6990838050842285,2.3808116912841797,0.004948033019900322,0.9999602437019348,0.0001281635632039979,13.290960311889648,13.265433311462402,13.300479888916016,0.31983745098114014,0.34645581245422363,2.364346742630005,0,1634.0548095703125,-0.01619585230946541,1.9186862707138062
1787297072200,1916,4,2,1,1652.30029296875,968.1854858398438,1418.077880859375,1.0293185710906982,2.0825765132904053,0.9181448221206665,-0.01735662668943405,-2.0964741706848145,2.3440487384796143,2.392385244369507,0.00435384688898921,0.9995611906051636,0.0006860407302156091,13.312594413757324,13.305872917175293,13.321572303771973,0.3008856475353241,0.333390474319458,2.384197473526001,0,1652.1002197265625,-0.01615576632320881,0.27178192138671875
1787297072220,1917,4,2,1,1657.4893798828125,636.9688110351562,824.2265014648438,3.1578361988067627,1.4500302076339722,3.032207727432251,-0.1307828724384308,-1.8312623500823975,1.8297947645187378,2.390807628631592,0.003485296620056033,0.9998698830604553,0.00038692544330842793,13.316499710083008,13.304804801940918,13.334212303161621,0.30315694212913513,0.31526538729667664,2.384197473526001,0,1670.0369873046875,-0.015769317746162415,0.8151082992553711
1787297072240,1918,4,2,1,1661.4884033203125,106.31050872802734,664.0346069335938,5.313727378845215,1.5365198850631714,5.559014797210693,0.36622390151023865,-1.9308263063430786,2.4981558322906494,2.3884899616241455,0.0036072260700166225,0.9999842047691345,0.0000786696546128951,13.300799369812012,13.286039352416992,13.319601058959961,0.3157898485660553,0.33500856161117554,2.379786252975464,0,1688.0032958984375,-0.015042119659483433,1.4181400537490845
1787297072260,1919,4,2,1,1706.72705078125,2099.2353515625,1163.724853515625,2.7428088188171387,2.4031624794006348,2.4605586528778076,-0.26387572288513184,-2.1130380630493164,2.789846658706665,2.3906185626983643,0.004761716816574335,0.9999980926513672,0.000013416115507425275,13.309051513671875,13.28538703918457,13.321548461914062,0.3211977481842041,0.34904059767723083,2.377580165863037,0,1705.9442138671875,-0.014375461265444756,0.7552914619445801
1787297072280,1920,4,2,1,1705.5179443359375,96.1351089477539,1097.2572021484375,3.180055856704712,1.898269534111023,3.40291166305542,0.18766406178474426,-1.8795498609542847,2.492896795272827,2.388977289199829,0.00553111732006073,0.9999286532402039,0.00013817596482113004,13.313883781433105,13.303024291992188,13.325770378112793,0.3159998655319214,0.3358747363090515,2.377580165863037,0,1723.9107666015625,-0.014088934287428856,0.8565119504928589
1787297072300,1921,4,2,1,1727.8778076171875,642.540771484375,998.0277099609375,2.904529333114624,1.0294842720031738,2.807112216949463,0.044998716562986374,-2.0752904415130615,2.356839418411255,2.390035390853882,0.00385663821361959,0.9999913573265076,0.00003410828867345117,13.311570167541504,13.300172805786133,13.320006370544434,0.3176385462284088,0.3336547315120697,2.379786252975464,0,1741.854248046875,-0.013533107005059719,0.7797722220420837
1787297072320,1922,4,2,1,1746.5693359375,1516.3409423828125,1159.097412109375,5.26615047454834,1.6920727491378784,5.241538047790527,-0.21811237931251526,-2.2872934341430664,2.3762354850769043,2.386354446411133,0.0027254491578787565,0.9999989867210388,0.0000061992336668481585,13.300689697265625,13.281618118286133,13.308435440063477,0.33717790246009827,0.35746869444847107,2.3731689453125,0,1759.8160400390625,-0.012661981396377087,1.5052287578582764
1787297072340,1923,4,2,1,1763.760009765625,321.21826171875,1178.11865234375,2.067941904067993,1.695958137512207,2.2133066654205322,0.3469454050064087,-2.2738797664642334,2.189497232437134,2.3916685581207275,0.0033710943534970284,0.9999997615814209,0.0000010268172445648815,13.316039085388184,13.303498268127441,13.322211265563965,0.32109346985816956,0.3322986960411072,2.3819925785064697,0,1777.7567138671875,-0.01238978561013937,0.5599991083145142
1787297072360,1924,4,2,1,1786.476318359375,1230.500244140625,995.8992309570312,3.270907163619995,1.454351782798767,3.081749439239502,-0.1921786367893219,-2.1710126399993896,3.226480484008789,2.3903722763061523,0.004170664120465517,0.9999997615814209,3.342694867569662e-7,13.312429428100586,13.298819541931152,13.321812629699707,0.3308524489402771,0.35026732087135315,2.379786252975464,0,1795.723388671875,-0.011759511195123196,0.9215003252029419
1787297072380,1925,4,2,1,1793.1239013671875,697.5259399414062,1078.5587158203125,5.591808795928955,1.6984328031539917,5.60904598236084,-0.05513423681259155,-2.175936460494995,2.9974365234375,2.386934757232666,0.00479025999084115,0.9999997615814209,2.500718210285413e-7,13.302091598510742,13.287137985229492,13.318768501281738,0.3423301577568054,0.363966166973114,2.379786252975464,0,1813.6641845703125,-0.01106021087616682,1.6306138038635254
1787297072401,1926,4,2,1,1820.89697265625,670.0074462890625,1264.8612060546875,1.6729364395141602,1.7111611366271973,1.8070915937423706,0.08827760815620422,-2.283947467803955,2.2315211296081543,2.3924684524536133,0.0036770801525563,0.9999997615814209,2.398352876298304e-7,13.312786102294922,13.300516128540039,13.32237720489502,0.33152034878730774,0.35739803314208984,2.3819925785064697,0,1831.630615234375,-0.010651682503521442,0.47629767656326294
1787297072421,1927,4,2,1,1839.2091064453125,1332.6112060546875,984.37109375,4.073775768280029,1.61003839969635,3.988581657409668,0.03410602733492851,-2.3155124187469482,2.5319297313690186,2.387735605239868,0.0031436800491064787,0.9999997615814209,2.385908430824202e-7,13.30635929107666,13.297198295593262,13.31482982635498,0.3439845144748688,0.36415356397628784,2.379786252975464,0,1849.5712890625,-0.009976106695830822,1.1902775764465332
1787297072440,1928,4,2,1,1845.3861083984375,187.2220916748047,979.8198852539062,4.593740463256836,1.9211161136627197,4.608386039733887,0.3409031331539154,-2.2348177433013916,3.193882942199707,2.3875911235809326,0.003552723443135619,0.9999997615814209,2.384394974797033e-7,13.30257511138916,13.289871215820312,13.319683074951172,0.3447016179561615,0.35838401317596436,2.379786252975464,0,1867.5404052734375,-0.009443603456020355,1.3374282121658325
1787297072461,1929,4,2,1,1878.759765625,1201.2186279296875,995.0692138671875,2.423664093017578,1.735663890838623,2.117920160293579,-0.09933080524206161,-2.218874454498291,2.2780861854553223,2.3910281658172607,0.004837315995246172,0.9999997615814209,2.384210802119924e-7,13.309869766235352,13.296672821044922,13.319255828857422,0.34313881397247314,0.37132003903388977,2.3731689453125,0,1885.4771728515625,-0.008912097662687302,0.7122325301170349
1787297072481,1930,4,2,1,1891.5599365234375,1269.8294677734375,1089.7611083984375,4.640595436096191,1.3319449424743652,4.519016265869141,-0.27718034386634827,-2.2018842697143555,3.2471466064453125,2.3890044689178467,0.004093826282769442,0.9999997615814209,2.3841889174036623e-7,13.3060941696167,13.28956127166748,13.31299114227295,0.3554845154285431,0.372758686542511,2.379786252975464,0,1903.4432373046875,-0.008257690817117691,1.4011170864105225
1787297072501,1931,4,2,1,1902.4971923828125,355.5388488769531,897.604248046875,4.041502475738525,1.6613712310791016,4.148019313812256,-0.07982929795980453,-2.128054141998291,2.3549203872680664,2.39019775390625,0.004172609653323889,0.9999997615814209,2.384186927884002e-7,13.305246353149414,13.28979206085205,13.317761421203613,0.35397881269454956,0.3673287630081177,2.3819925785064697,0,1921.3837890625,-0.007773536257445812,1.2194607257843018
1787297072521,1932,4,2,1,1933.5858154296875,1363.679443359375,904.7923583984375,2.649719715118408,1.771589994430542,2.4282405376434326,-0.3706771433353424,-2.6140217781066895,2.655320644378662,2.391817331314087,0.004683617502450943,0.9999997615814209,2.384186927884002e-7,13.30838680267334,13.287578582763672,13.317230224609375,0.354736328125,0.38101306557655334,2.375375270843506,0,1939.3502197265625,-0.007211575750261545,0.8017208576202393
1787297072541,1933,4,2,1,1944.3497314453125,1182.2894287109375,1121.3653564453125,4.760445594787598,1.420455813407898,4.729854106903076,-0.3199290633201599,-2.435857057571411,2.9184513092041016,2.3859126567840576,0.004633432254195213,0.9999997615814209,2.384186927884002e-7,13.304763793945312,13.288686752319336,13.315979957580566,0.36569613218307495,0.3855733871459961,2.377580165863037,0,1957.291259765625,-0.006566621363162994,1.4800993204116821
1787297072561,1934,4,2,1,1957.482177734375,429.83319091796875,894.7880859375,4.019167900085449,1.6108022928237915,4.087586879730225,-0.024646304547786713,-2.2500007152557373,2.305051326751709,2.390742301940918,0.004906143993139267,0.9999997615814209,2.384186927884002e-7,13.304994583129883,13.290008544921875,13.314202308654785,0.363619863986969,0.3746199309825897,2.3819925785064697,0,1975.26171875,-0.006088933441787958,1.2449754476547241
1787297072581,1935,4,2,1,1986.5589599609375,1221.066650390625,901.3910522460938,2.5758726596832275,1.6370476484298706,2.4222843647003174,-0.1644531935453415,-2.370889663696289,3.5788912773132324,2.3916256427764893,0.0037252234760671854,0.9999997615814209,2.384186927884002e-7,13.305936813354492,13.291227340698242,13.315248489379883,0.3634941875934601,0.389190137386322,2.379786252975464,0,1993.19873046875,-0.005556862335652113,0.7973199486732483
1787297072602,1936,4,2,1,2000.0999755859375,1324.4384765625,1134.068115234375,4.797472953796387,1.319685935974121,4.589587688446045,-0.08300615102052689,-2.638946294784546,3.0759799480438232,2.3855817317962646,0.005101765971630812,0.9999997615814209,2.384186927884002e-7,13.300007820129395,13.288562774658203,13.314543724060059,0.37402090430259705,0.39334648847579956,2.375375270843506,0,2011.164794921875,-0.004910351242870092,1.5239585638046265
1787297072622,1937,4,2,1,2008.5968017578125,192.90660095214844,927.40185546875,4.254889488220215,1.6370197534561157,4.3420090675354,0.5214650630950928,-2.1683688163757324,3.0973920822143555,2.3882532119750977,0.003108750795945525,0.9999997615814209,2.384186927884002e-7,13.302342414855957,13.28914737701416,13.313522338867188,0.3730027675628662,0.3840372562408447,2.3819925785064697,0,2029.105712890625,-0.0044275447726249695,1.3296834230422974
1787297072642,1938,4,2,1,2036.64306640625,843.4244384765625,1010.9639892578125,2.586369514465332,1.4230833053588867,2.6613199710845947,0.0946422889828682,-2.864683151245117,2.446884870529175,2.390021324157715,0.004636547528207302,0.9999997615814209,2.384186927884002e-7,13.304051399230957,13.290725708007812,13.314443588256836,0.373121976852417,0.3988073468208313,2.379786252975464,0,2047.072509765625,-0.003921944182366133,0.8175997734069824
1787297072662,1939,4,2,1,2056.84765625,1451.056640625,897.19775390625,3.9865329265594482,1.5268908739089966,3.989229440689087,-0.2717244029045105,-2.5563790798187256,3.54864501953125,2.3871755599975586,0.004321853164583445,0.9999997615814209,2.384186927884002e-7,13.30152702331543,13.286561965942383,13.313987731933594,0.38340291380882263,0.4012487232685089,2.3797876834869385,0,2065.016357421875,-0.0032833029981702566,1.296281337738037
1787297072682,1940,4,2,1,2066.0947265625,688.6795043945312,991.2630004882812,4.9652299880981445,1.750011920928955,4.9200968742370605,-0.08434566855430603,-2.736530303955078,3.321603775024414,2.3857362270355225,0.0033975152764469385,0.9999997615814209,2.384186927884002e-7,13.300213813781738,13.288150787353516,13.31381893157959,0.3858417570590973,0.40742191672325134,2.379786252975464,0,2082.9853515625,-0.0027502747252583504,1.6316163539886475
1787297072702,1941,4,2,1,2086.234130859375,454.0142517089844,988.2955932617188,3.1908435821533203,1.4833791255950928,3.347182273864746,0.29179319739341736,-2.409580707550049,2.529757022857666,2.3877623081207275,0.004081015009433031,0.9999997615814209,2.384186927884002e-7,13.301247596740723,13.288710594177246,13.310578346252441,0.3824240267276764,0.4023706912994385,2.3731689453125,0,2101.02490234375,-0.0023070541210472584,1.0256025791168213
1787297072722,1942,4,2,1,2112.3349609375,1378.04638671875,890.9036865234375,3.295266628265381,1.5265408754348755,3.2652547359466553,-0.30755946040153503,-2.5879340171813965,3.6301653385162354,2.3877828121185303,0.0036247647367417812,0.9999997615814209,2.384186927884002e-7,13.301655769348145,13.286883354187012,13.311305046081543,0.38990047574043274,0.4079029858112335,2.370962619781494,0,2119.067138671875,-0.001713334466330707,1.090500831604004
1787297072742,1943,4,2,1,2126.53759765625,1294.053955078125,1060.2357177734375,4.727175235748291,1.220311164855957,4.565229892730713,-0.27868276834487915,-2.792980670928955,3.2647571563720703,2.3857836723327637,0.00398394837975502,0.9999568462371826,0.00011649780935840681,13.298246383666992,13.286614418029785,13.305621147155762,0.39648762345314026,0.4148241877555847,2.3731689453125,0,2137.010986328125,-0.0011224725749343634,1.5908311605453491
1787297072762,1944,4,2,1,2135.615234375,277.1455993652344,907.1847534179688,4.291658878326416,1.4234074354171753,4.4894537925720215,0.4632216989994049,-2.351588487625122,3.6884145736694336,2.385803699493408,0.004255394916981459,0.9999947547912598,0.00002465454781486187,13.297062873840332,13.28885555267334,13.312592506408691,0.39611008763313293,0.4165499806404114,2.3775813579559326,0,2154.975341796875,-0.0006500506424345076,1.4238028526306152
1787297072782,1945,4,2,1,2159.45361328125,588.1329345703125,1042.5693359375,3.0947916507720947,1.2943172454833984,3.226006507873535,-0.13289806246757507,-2.5740747451782227,2.732942581176758,2.392362356185913,0.004183206707239151,0.9999993443489075,0.000004270082627044758,13.298770904541016,13.289578437805176,13.312527656555176,0.39660999178886414,0.41408708691596985,2.3819925785064697,0,2172.916015625,-0.00015753749175928533,1.0400255918502808
1787297072803,1946,4,2,1,2184.384033203125,1392.2557373046875,991.9950561523438,3.4525458812713623,1.7370330095291138,3.3379108905792236,0.029060276225209236,-3.0198943614959717,3.746210813522339,2.385347843170166,0.005210221745073795,0.9999997615814209,7.489864515264344e-7,13.297624588012695,13.27426528930664,13.309456825256348,0.402285635471344,0.4220525324344635,2.3731689453125,0,2190.8828125,0.0004312403325457126,1.1779674291610718
1787297072823,1947,4,2,1,2196.904052734375,1129.1483154296875,1059.869140625,4.750802993774414,1.3599625825881958,4.73710298538208,-0.31818222999572754,-3.004260778427124,3.2345640659332275,2.3848202228546143,0.003859631484374404,0.9999997615814209,3.0049167776269314e-7,13.294819831848145,13.281783103942871,13.30475902557373,0.4093500077724457,0.42766618728637695,2.379786252975464,0,2208.926025390625,0.0009933945257216692,1.651099443435669
1787297072843,1948,4,2,1,2208.17333984375,317.39703369140625,931.977783203125,4.348261833190918,1.4759914875030518,4.524319648742676,0.4636191725730896,-2.59816575050354,4.009654521942139,2.385953187942505,0.004363267216831446,0.9999997615814209,2.4596519665465166e-7,13.29335880279541,13.280670166015625,13.309871673583984,0.4089401364326477,0.4296068847179413,2.375375270843506,0,2226.866943359375,0.0014631286030635238,1.492277979850769
1787297072863,1949,4,2,1,2232.22998046875,674.3558959960938,968.9129638671875,3.4468109607696533,1.4035547971725464,3.381248950958252,-0.0019329831702634692,-2.958669662475586,2.7604618072509766,2.3890647888183594,0.004141544923186302,0.9998965263366699,0.00017591386858839542,13.294153213500977,13.28547477722168,13.305891990661621,0.40903326869010925,0.42493969202041626,2.379786252975464,0,2244.837646484375,0.0019477260066196322,1.1944469213485718
1787297072883,1950,4,2,1,2256.46826171875,1343.1630859375,875.4532470703125,3.349034547805786,1.5197590589523315,3.313924789428711,-0.2912471294403076,-3.059335947036743,3.950167179107666,2.385531187057495,0.0037076533772051334,0.9999874234199524,0.00004652410643757321,13.296004295349121,13.285755157470703,13.304054260253906,0.4146622121334076,0.4325796067714691,2.375375270843506,0,2262.775390625,0.002492518164217472,1.1766077280044556
1787297072903,1951,4,2,1,2271.021240234375,1273.008544921875,968.0132446289062,4.554132461547852,1.3434308767318726,4.443561553955078,0.040780823677778244,-2.9970476627349854,4.053821563720703,2.384082555770874,0.004523750860244036,0.9999984502792358,0.000008738892574911006,13.292598724365234,13.28577709197998,13.307330131530762,0.4202958643436432,0.43839752674102783,2.375375270843506,0,2280.741455078125,0.003055920824408531,1.618735909461975
1787297072923,1952,4,2,1,2282.425048828125,650.3353271484375,971.9716186523438,4.956548690795898,1.62198007106781,4.925119400024414,-0.06093563511967659,-3.053415536880493,3.39278244972229,2.384654998779297,0.005162776447832584,0.9999997615814209,0.000001428747282261611,13.29170036315918,13.283432960510254,13.308710098266602,0.4231858551502228,0.44370415806770325,2.375375270843506,0,2298.682861328125,0.003556135343387723,1.782208800315857
1787297072943,1953,4,2,1,2301.147705078125,456.5062255859375,897.4935302734375,3.7317702770233154,1.3394356966018677,3.9166347980499268,0.02269813045859337,-2.6795952320098877,2.857619285583496,2.387120008468628,0.004410053137689829,0.9999997615814209,3.831347044069844e-7,13.291729927062988,13.277838706970215,13.304614067077637,0.42318692803382874,0.4368729591369629,2.3709640502929688,0,2316.64892578125,0.00401617307215929,1.33754301071167
1787297072963,1954,4,2,1,2324.34423828125,847.1233520507812,977.3527221679688,3.1231284141540527,1.2612667083740234,3.183225154876709,0.08685553818941116,-3.1334733963012695,4.013669490814209,2.3873283863067627,0.004198211245238781,0.9999997615814209,2.560126688422315e-7,13.291485786437988,13.277314186096191,13.298794746398926,0.4248693287372589,0.4473283588886261,2.3753738403320312,0,2334.58984375,0.004512792453169823,1.12101149559021
1787297072984,1955,4,2,1,2345.071533203125,1297.078369140625,946.4149169921875,3.83663272857666,1.5231733322143555,3.708045721054077,0.03438927233219147,-3.2881593704223633,4.1726579666137695,2.3858916759490967,0.004668354522436857,0.9999997615814209,2.4055762537500414e-7,13.290901184082031,13.269420623779297,13.299612998962402,0.4306594729423523,0.450190931558609,2.3731689453125,0,2352.560302734375,0.005071649327874184,1.3971996307373047
1787297073004,1956,4,2,1,2360.7890625,1258.76025390625,1080.978759765625,4.79783296585083,1.2066649198532104,4.599134922027588,-0.10498597472906113,-3.8555514812469482,4.352856159210205,2.3838226795196533,0.004301445093005896,0.9999997615814209,2.3867858089943184e-7,13.288506507873535,13.270965576171875,13.297062873840332,0.43614062666893005,0.4551418125629425,2.3731689453125,0,2370.497314453125,0.005608802195638418,1.7727550268173218
1787297073024,1957,4,2,1,2372.903564453125,671.9274291992188,947.7120971679688,4.972785472869873,1.5862650871276855,4.881805419921875,-0.03979257121682167,-3.1970858573913574,3.2505130767822266,2.3832595348358154,0.0036839109379798174,0.9999997615814209,2.384501840424491e-7,13.286015510559082,13.268552780151367,13.299681663513184,0.43863222002983093,0.45754072070121765,2.3753738403320312,0,2388.464111328125,0.006096528377383947,1.8548117876052856
1787297073044,1958,4,2,1,2391.764892578125,549.1766357421875,844.4249267578125,4.1209025382995605,1.4787062406539917,4.2682037353515625,-0.018696576356887817,-3.2094428539276123,3.4348304271698,2.387859582901001,0.005352844018489122,0.9999997615814209,2.384223876106262e-7,13.287006378173828,13.273350715637207,13.297109603881836,0.4398180842399597,0.4487810730934143,2.379786252975464,0,2406.405029296875,0.006553671322762966,1.5367827415466309
1787297073064,1959,4,2,1,2412.828125,701.9529418945312,982.1561889648438,3.467230796813965,1.2087593078613281,3.6561102867126465,-0.16232945024967194,-3.2284047603607178,3.7820701599121094,2.3869383335113525,0.003819809528067708,0.9999997615814209,2.384190338489134e-7,13.286487579345703,13.270185470581055,13.297406196594238,0.4420098066329956,0.4634101688861847,2.375375270843506,0,2424.4482421875,0.007033475674688816,1.2983773946762085
1787297073085,1960,4,2,1,2435.309814453125,1182.1192626953125,918.762451171875,3.5605340003967285,1.2257658243179321,3.4777305126190186,-0.3413953483104706,-3.37774395942688,4.515470027923584,2.384479522705078,0.0038579467218369246,0.9999997615814209,2.384186927884002e-7,13.287700653076172,13.27344036102295,13.299532890319824,0.4457257390022278,0.4660448431968689,2.370962619781494,0,2442.49365234375,0.007544298190623522,1.3439445495605469
1787297073104,1961,4,2,1,2454.19775390625,1437.2530517578125,951.9246826171875,4.175776958465576,1.2322908639907837,4.05776834487915,-0.33819109201431274,-3.2823715209960938,4.27707576751709,2.384348154067993,0.00466045830398798,0.9999997615814209,2.384186927884002e-7,13.286714553833008,13.27471923828125,13.298562049865723,0.4513240456581116,0.46963995695114136,2.375375270843506,0,2460.4580078125,0.008069079369306564,1.5941638946533203
1787297073125,1962,4,2,1,2468.537109375,1199.0736083984375,1066.86865234375,4.959830284118652,1.1893720626831055,4.742282867431641,-0.28411218523979187,-3.194162368774414,4.136020183563232,2.3838164806365967,0.00483209453523159,0.9999997615814209,2.384186927884002e-7,13.28455638885498,13.268394470214844,13.298355102539062,0.45530927181243896,0.4735274910926819,2.3731689453125,0,2478.39892578125,0.008576364256441593,1.921039342880249
1787297073145,1963,4,2,1,2481.353759765625,689.0835571289062,929.5333251953125,5.051817417144775,1.5200003385543823,4.949198246002197,0.21211867034435272,-3.2058002948760986,3.4400055408477783,2.3835554122924805,0.004941347520798445,0.9999997615814209,2.384186927884002e-7,13.282588005065918,13.266281127929688,13.292439460754395,0.45746996998786926,0.4741218388080597,2.375375270843506,0,2496.364990234375,0.0090522151440382,1.9539716243743896
1787297073165,1964,4,2,1,2496.95947265625,294.58099365234375,1016.2311401367188,4.438010215759277,1.3699865341186523,4.37709379196167,0.4839651882648468,-2.921549081802368,4.394746780395508,2.3826653957366943,0.004193529486656189,0.9999997615814209,2.384186927884002e-7,13.281658172607422,13.269819259643555,13.29622745513916,0.45754891633987427,0.4716030955314636,2.3731689453125,0,2514.3056640625,0.009504701010882854,1.701699137687683
1787297073185,1965,4,2,1,2517.7607421875,504.3109436035156,925.6604614257812,3.9528427124023438,1.1387147903442383,4.021813869476318,0.3785974085330963,-3.334491729736328,3.659834623336792,2.384052276611328,0.004846174735575914,0.9999997615814209,2.384186927884002e-7,13.279866218566895,13.265010833740234,13.290559768676758,0.46036496758461,0.48079732060432434,2.3731689453125,0,2532.2763671875,0.00998768862336874,1.5275368690490723
1787297073205,1966,4,2,1,2539.6826171875,765.0308837890625,1068.9373779296875,3.2892727851867676,1.3431354761123657,3.3811287879943848,-0.0033162327017635107,-3.7308876514434814,4.426559925079346,2.383327007293701,0.003954088781028986,0.9999997615814209,2.384186927884002e-7,13.281143188476562,13.26374626159668,13.292064666748047,0.46310189366340637,0.48537179827690125,2.3665528297424316,0,2550.2138671875,0.01046482939273119,1.2888755798339844
1787297073225,1967,4,2,1,2561.43310546875,1224.177001953125,849.016357421875,3.732945442199707,1.303285002708435,3.6331124305725098,-0.407162070274353,-3.8712401390075684,4.514650821685791,2.382913112640381,0.004017563536763191,0.9999997615814209,2.384186927884002e-7,13.281098365783691,13.266084671020508,13.288073539733887,0.4675251543521881,0.4874742329120636,2.370962619781494,0,2568.18017578125,0.010961095802485943,1.4792810678482056
1787297073245,1968,4,2,1,2578.07373046875,1200.239501953125,1024.4622802734375,4.276423931121826,1.2785464525222778,4.052464485168457,-0.061419110745191574,-3.3037092685699463,4.017308712005615,2.3840479850769043,0.004003854002803564,0.9999997615814209,2.384186927884002e-7,13.279387474060059,13.260884284973145,13.289379119873047,0.47213083505630493,0.4929378926753998,2.3731689453125,0,2586.121826171875,0.011469712480902672,1.7101387977600098
1787297073265,1969,4,2,1,2595.302490234375,1194.22509765625,865.2459106445312,4.4224958419799805,1.2085989713668823,4.5128045082092285,-0.06628004461526871,-3.6414196491241455,3.9347686767578125,2.381215810775757,0.003595666727051139,0.9999997615814209,2.384186927884002e-7,13.27815055847168,13.265397071838379,13.28955078125,0.47754791378974915,0.4909074008464813,2.368757724761963,0,2604.164794921875,0.011963632889091969,1.7848098278045654
1787297073286,1970,4,2,1,2611.347900390625,1040.7630615234375,978.6925048828125,4.727456092834473,1.176693320274353,4.80462646484375,-0.3257623016834259,-3.514080047607422,4.391820430755615,2.380053997039795,0.004367090296000242,0.9999997615814209,2.384186927884002e-7,13.278548240661621,13.26589298248291,13.288646697998047,0.48102402687072754,0.49806666374206543,2.3731689453125,0,2622.2099609375,0.012438895180821419,1.927452564239502
1787297073306,1971,4,2,1,2626.702392578125,791.7800903320312,944.1661987304688,5.000346660614014,1.2666782140731812,4.9661784172058105,0.2835741341114044,-3.891892194747925,4.48073148727417,2.381305694580078,0.0043387943878769875,0.9999997615814209,2.384186927884002e-7,13.276666641235352,13.26180648803711,13.289078712463379,0.4831799566745758,0.500098705291748,2.368757724761963,0,2640.174560546875,0.012909065932035446,2.0353446006774902
1787297073326,1972,4,2,1,2643.2509765625,570.4915771484375,945.3919677734375,4.587513446807861,1.2232894897460938,4.777862548828125,0.10743778198957443,-3.43090558052063,4.098961353302002,2.38157057762146,0.005132468417286873,0.9999997615814209,2.384186927884002e-7,13.27554988861084,13.262076377868652,13.287107467651367,0.4860587418079376,0.5014200806617737,2.3731689453125,0,2658.115234375,0.013359952718019485,1.882387399673462
1787297073346,1973,4,2,1,2660.762451171875,422.221923828125,933.723388671875,4.466001033782959,1.2671672105789185,4.366797924041748,0.2817959785461426,-3.149667263031006,3.839447259902954,2.383035659790039,0.004164338577538729,0.9999997615814209,2.384186927884002e-7,13.273214340209961,13.25829029083252,13.285701751708984,0.4856249988079071,0.49901044368743896,2.377580165863037,0,2676.08056640625,0.01380468625575304,1.8274744749069214
1787297073366,1974,4,2,1,2679.9560546875,499.7768859863281,900.2026977539062,4.052633762359619,1.0806692838668823,4.181997776031494,0.012671979144215584,-3.518770694732666,3.3653430938720703,2.383439779281616,0.004103084560483694,0.9999997615814209,2.384186927884002e-7,13.273828506469727,13.260688781738281,13.286323547363281,0.4891907870769501,0.5070595741271973,2.3665528297424316,0,2694.021240234375,0.014266333542764187,1.6780942678451538
1787297073386,1975,4,2,1,2700.3935546875,686.2421264648438,922.618408203125,4.011974334716797,1.2334437370300293,3.9210329055786133,0.28328296542167664,-3.906125068664551,4.672624111175537,2.3825981616973877,0.0036534275859594345,0.9999997615814209,2.384186927884002e-7,13.272360801696777,13.257962226867676,13.283012390136719,0.49160081148147583,0.5083171129226685,2.368757724761963,0,2711.988037109375,0.014730795286595821,1.6616860628128052
1787297073406,1976,4,2,1,2719.20751953125,711.276123046875,1004.1318969726562,3.6673238277435303,1.1186342239379883,3.6508283615112305,-0.11326513439416885,-3.696708917617798,4.299204349517822,2.3830082416534424,0.004109540022909641,0.9999997615814209,2.384186927884002e-7,13.271808624267578,13.257068634033203,13.287115097045898,0.49466705322265625,0.5130726099014282,2.3687591552734375,0,2730.034912109375,0.015185044147074223,1.5354163646697998
1787297073426,1977,4,2,1,2739.679443359375,1003.7464599609375,932.3907470703125,3.8333194255828857,1.2140642404556274,3.7684326171875,0.14740361273288727,-3.9191384315490723,4.746610164642334,2.3813998699188232,0.003882399760186672,0.9999997615814209,2.384186927884002e-7,13.268760681152344,13.256036758422852,13.285051345825195,0.49826496839523315,0.5176755785942078,2.3687591552734375,0,2747.97216796875,0.01565488800406456,1.6111657619476318
1787297073447,1978,4,2,1,2759.37939453125,1196.5958251953125,904.9837646484375,4.0294575691223145,1.2292371988296509,3.7990293502807617,-0.2503616511821747,-3.5517022609710693,4.077420234680176,2.3804244995117188,0.0034366603940725327,0.9999997615814209,2.384186927884002e-7,13.267925262451172,13.257109642028809,13.281394958496094,0.5020122528076172,0.5205671191215515,2.3687591552734375,0,2765.938232421875,0.01612505130469799,1.713699221611023
1787297073466,1979,4,2,1,2777.813232421875,1273.1051025390625,839.46533203125,4.08941125869751,1.2908165454864502,3.980787515640259,-0.3215440511703491,-3.8104805946350098,4.597641944885254,2.379585027694702,0.005465887952595949,0.9999997615814209,2.384186927884002e-7,13.27043628692627,13.257147789001465,13.283262252807617,0.5060555934906006,0.5238852500915527,2.368757724761963,0,2783.879638671875,0.01658426970243454,1.751461386680603
1787297073487,1980,4,2,1,2794.6826171875,1217.1995849609375,860.9400634765625,4.250434398651123,1.2796285152435303,4.195234775543213,-0.0030401386320590973,-3.6481969356536865,5.1094465255737305,2.3814120292663574,0.004178784321993589,0.9999997615814209,2.384186927884002e-7,13.269499778747559,13.256112098693848,13.280230522155762,0.5100468993186951,0.5307486653327942,2.368757724761963,0,2801.845947265625,0.017050685361027718,1.8308188915252686
1787297073507,1981,4,2,1,2812.410400390625,1191.785400390625,1009.8493041992188,4.38803243637085,1.0993661880493164,4.2351837158203125,-0.09312580525875092,-3.7135863304138184,4.74854850769043,2.381823778152466,0.003966983407735825,0.9999997615814209,2.384186927884002e-7,13.269035339355469,13.257266998291016,13.280706405639648,0.5130146145820618,0.5316494107246399,2.370962619781494,0,2819.78662109375,0.017503203824162483,1.903066635131836
1787297073527,1982,4,2,1,2831.10986328125,1314.6583251953125,942.4213256835938,4.572412490844727,1.1463748216629028,4.479614734649658,-0.4702831506729126,-3.2517333030700684,4.339842319488525,2.3790621757507324,0.004415220580995083,0.9999997615814209,2.384186927884002e-7,13.267316818237305,13.251363754272461,13.279838562011719,0.5171767473220825,0.5321002006530762,2.3665528297424316,0,2837.753173828125,0.01796053536236286,2.004699945449829
1787297073547,1983,4,2,1,2849.195556640625,1332.1781005859375,904.7669067382812,4.508220672607422,1.2372124195098877,4.508974552154541,-0.39984771609306335,-4.059295177459717,4.345954895019531,2.379667043685913,0.004264191258698702,0.9999997615814209,2.384186927884002e-7,13.266640663146973,13.243760108947754,13.280635833740234,0.5214296579360962,0.5361014604568481,2.364346742630005,0,2855.694580078125,0.018422726541757584,1.990088701248169
1787297073567,1984,4,2,1,2865.849609375,1174.51025390625,915.3941040039062,4.569181442260742,1.265701174736023,4.558238983154297,-0.24298737943172455,-3.475853204727173,4.523205280303955,2.376591682434082,0.004956544376909733,0.9999997615814209,2.384186927884002e-7,13.265216827392578,13.25162410736084,13.276695251464844,0.5237826108932495,0.5408325791358948,2.3665528297424316,0,2873.740234375,0.01885518990457058,2.0292141437530518
1787297073587,1985,4,2,1,2883.2119140625,1160.4896240234375,883.6868896484375,4.70090389251709,1.234810709953308,4.725490570068359,-0.029248565435409546,-4.335307598114014,4.889560222625732,2.376601219177246,0.004377118777483702,0.9999997615814209,2.384186927884002e-7,13.262970924377441,13.242833137512207,13.274301528930664,0.5273757576942444,0.5440846085548401,2.364346742630005,0,2891.70458984375,0.01930539309978485,2.0955867767333984
1787297073608,1986,4,2,1,2901.457275390625,1172.487548828125,867.3455810546875,4.695062637329102,1.2255672216415405,4.692026138305664,0.1055695191025734,-3.9044110774993896,3.771728515625,2.3754806518554688,0.0049233511090278625,0.9999997615814209,2.384186927884002e-7,13.262852668762207,13.25268840789795,13.273527145385742,0.5303919911384583,0.5424436926841736,2.364346742630005,0,2909.748291015625,0.019750526174902916,2.1044135093688965
1787297073627,1987,4,2,1,2919.34765625,1146.270751953125,894.3594360351562,4.711223602294922,1.2599345445632935,4.682460784912109,0.1428409367799759,-3.7956676483154297,4.459280490875244,2.376073122024536,0.005186173133552074,0.9999997615814209,2.384186927884002e-7,13.262659072875977,13.246088027954102,13.27601146697998,0.5332475900650024,0.5487344861030579,2.3665528297424316,0,2927.612548828125,0.020180076360702515,2.1225523948669434
1787297073647,1988,4,2,1,2936.684814453125,1102.85791015625,891.8609619140625,4.815702438354492,1.224782943725586,4.7949371337890625,0.11098593473434448,-4.290720462799072,4.4505486488342285,2.3769142627716064,0.005152404773980379,0.9999997615814209,2.384186927884002e-7,13.260024070739746,13.240975379943848,13.27279281616211,0.53662109375,0.5513045191764832,2.362140417098999,0,2945.552978515625,0.020618414506316185,2.1851966381073
1787297073668,1989,4,2,1,2955.47900390625,1163.246337890625,872.9502563476562,4.73710823059082,1.1906465291976929,4.687671661376953,0.05745764449238777,-4.182600975036621,4.1892876625061035,2.376918077468872,0.004763150122016668,0.9999997615814209,2.384186927884002e-7,13.260980606079102,13.238588333129883,13.272199630737305,0.5395941734313965,0.5538685917854309,2.364346742630005,0,2963.5224609375,0.02105722390115261,2.1634726524353027
1787297073688,1990,4,2,1,2973.403076171875,1151.4627685546875,828.5100708007812,4.688373565673828,1.1803243160247803,4.717800140380859,0.008196456357836723,-4.131074905395508,4.169235706329346,2.3769662380218506,0.004457860719412565,0.9999997615814209,2.384186927884002e-7,13.257384300231934,13.242465019226074,13.26819896697998,0.5428348779678345,0.5571877360343933,2.3665528297424316,0,2981.458984375,0.021485093981027603,2.149519443511963
1787297073708,1991,4,2,1,2991.464599609375,1173.8934326171875,897.5216674804688,4.746652126312256,1.2861254215240479,4.749573230743408,-0.16393452882766724,-4.058140277862549,5.15810489654541,2.375309705734253,0.004727927502244711,0.9999997615814209,2.384186927884002e-7,13.25686264038086,13.241597175598145,13.267233848571777,0.5462162494659424,0.5643004179000854,2.362140417098999,0,2999.42529296875,0.02192099578678608,2.193929433822632
1787297073728,1992,4,2,1,3010.735595703125,1264.0155029296875,922.8804321289062,4.654804706573486,1.230376124382019,4.628541469573975,-0.3315446674823761,-4.128259658813477,4.330593109130859,2.376392364501953,0.0046422709710896015,0.9999997615814209,2.384186927884002e-7,13.25673770904541,13.236644744873047,13.267809867858887,0.5493239164352417,0.5628665089607239,2.3665528297424316,0,3017.3662109375,0.022347792983055115,2.164324998855591
1787297073748,1993,4,2,1,3029.8349609375,1337.444580078125,919.6513061523438,4.617637634277344,1.1396735906600952,4.465437889099121,-0.3531453609466553,-4.187465190887451,5.1015400886535645,2.376376152038574,0.004886017180979252,0.9999997615814209,2.384186927884002e-7,13.255253791809082,13.237092018127441,13.269059181213379,0.5514623522758484,0.5699885487556458,2.3665528297424316,0,3035.3330078125,0.02276400290429592,2.1572203636169434
1787297073768,1994,4,2,1,3045.790283203125,1116.7723388671875,962.1978759765625,4.5723371505737305,1.125389575958252,4.43630838394165,-0.045910049229860306,-3.9987692832946777,4.1978583335876465,2.3760364055633545,0.005414608400315046,0.9999997615814209,2.384186927884002e-7,13.254910469055176,13.239688873291016,13.267967224121094,0.5539118051528931,0.5668063163757324,2.362140417098999,0,3053.27392578125,0.023179594427347183,2.1384408473968506
1787297073788,1995,4,2,1,3064.93359375,1222.6533203125,888.6072387695312,4.387116432189941,1.2219284772872925,4.358294486999512,-0.044720251113176346,-4.069430828094482,4.752537727355957,2.375248670578003,0.004394711460918188,0.9999997615814209,2.384186927884002e-7,13.255128860473633,13.235087394714355,13.2671537399292,0.5574045777320862,0.572898805141449,2.3665528297424316,0,3071.242919921875,0.023604348301887512,2.0694994926452637
1787297073809,1996,4,2,1,3083.54052734375,1234.1807861328125,793.8727416992188,4.276374340057373,1.142504096031189,4.209481239318848,-0.3886023759841919,-4.292094707489014,5.099468231201172,2.3775668144226074,0.005472194869071245,0.9999997615814209,2.384186927884002e-7,13.253912925720215,13.23830795288086,13.263931274414062,0.5597798228263855,0.577672004699707,2.3599355220794678,0,3089.1796875,0.024013614282011986,2.0285634994506836
1787297073828,1997,4,2,1,3100.58544921875,1115.7325439453125,832.6498413085938,4.3473944664001465,1.0716452598571777,4.115575790405273,-0.18685010075569153,-4.189465045928955,5.235273838043213,2.376565456390381,0.0048001790419220924,0.9999997615814209,2.384186927884002e-7,13.249876976013184,13.233960151672363,13.262710571289062,0.561541736125946,0.580584704875946,2.364346742630005,0,3107.151123046875,0.02442537061870098,2.0715415477752686
1787297073849,1998,4,2,1,3117.545654296875,996.1156005859375,929.4689331054688,4.101986408233643,1.1399120092391968,4.092557430267334,0.12933187186717987,-4.155496597290039,4.405374050140381,2.377586841583252,0.0045621441677212715,0.9999997615814209,2.384186927884002e-7,13.247958183288574,13.225844383239746,13.258088111877441,0.5652353167533875,0.5821234583854675,2.3665528297424316,0,3125.087646484375,0.024843094870448112,1.9545722007751465
1787297073869,1999,4,2,1,3133.326171875,764.1670532226562,1001.3569946289062,4.088794708251953,1.0641969442367554,4.163581371307373,-0.22395287454128265,-4.100764274597168,4.390358924865723,2.3768794536590576,0.00479301530867815,0.9999997615814209,2.384186927884002e-7,13.251350402832031,13.235047340393066,13.261853218078613,0.5684192776679993,0.5816920399665833,2.3665528297424316,0,3143.130126953125,0.02526143006980419,1.9660660028457642
1787297073889,2000,4,2,1,3150.23828125,658.6719360351562,917.0986938476562,4.282896518707275,1.180522084236145,4.241725921630859,0.28158044815063477,-4.226499080657959,4.892555236816406,2.376950979232788,0.005303524900227785,0.9999997615814209,2.384186927884002e-7,13.248651504516602,13.236522674560547,13.261859893798828,0.5705995559692383,0.5910477042198181,2.362140417098999,0,3161.0966796875,0.02567402459681034,2.056628465652466
1787297073909,2001,4,2,1,3166.77587890625,569.4935913085938,881.1751098632812,4.4480881690979,0.9994121789932251,4.551416873931885,0.014634336344897747,-4.036574840545654,5.331298828125,2.3756415843963623,0.004284187685698271,0.9999997615814209,2.384186927884002e-7,13.248668670654297,13.231868743896484,13.260700225830078,0.5751810073852539,0.5913772583007812,2.362140417098999,0,3179.039794921875,0.02609357424080372,2.165616512298584
1787297073929,2002,4,2,1,3183.04931640625,436.5615234375,981.74462890625,4.735105037689209,1.1595025062561035,4.719513893127441,0.42396026849746704,-4.564754009246826,5.481141567230225,2.372666120529175,0.004557758569717407,0.9999997615814209,2.384186927884002e-7,13.245745658874512,13.227315902709961,13.259123802185059,0.5784788131713867,0.5943102836608887,2.362140417098999,0,3197.0029296875,0.026514947414398193,2.2964799404144287
1787297073949,2003,4,2,1,3202.528076171875,655.1544189453125,984.4600830078125,4.906230926513672,1.2235767841339111,5.048880577087402,-0.009718394838273525,-4.046421527862549,4.999961853027344,2.3738901615142822,0.005216051358729601,0.9999997615814209,2.384186927884002e-7,13.245498657226562,13.232004165649414,13.260218620300293,0.5840107798576355,0.6025046110153198,2.364346742630005,0,3214.94384765625,0.026936206966638565,2.4209561347961426
1787297073969,2004,4,2,1,3222.73046875,910.1412963867188,969.5220336914062,5.166713714599609,1.2742348909378052,5.156859874725342,0.38960039615631104,-4.4124298095703125,3.5527732372283936,2.373364210128784,0.005328148603439331,0.9999997615814209,2.384186927884002e-7,13.244638442993164,13.231478691101074,13.258831024169922,0.5874894261360168,0.5991242527961731,2.364346742630005,0,3232.910888671875,0.027350176125764847,2.5630500316619873
1787297073989,2005,4,2,1,3242.717041015625,1099.1241455078125,973.5812377929688,5.203604698181152,1.0903431177139282,5.063681125640869,-0.09439008682966232,-4.467757225036621,4.330068111419678,2.3733115196228027,0.0055115437135100365,0.9999997615814209,2.384186927884002e-7,13.241183280944824,13.225630760192871,13.259154319763184,0.5903711915016174,0.6018775105476379,2.364346742630005,0,3250.8515625,0.027753515169024467,2.604851245880127
1787297074009,2006,4,2,1,3262.040283203125,1201.825439453125,927.3173828125,4.852116584777832,1.1345384120941162,4.846734046936035,-0.40904587507247925,-4.286361217498779,4.924737453460693,2.372225522994995,0.004321528133004904,0.9999997615814209,2.384186927884002e-7,13.240541458129883,13.227104187011719,13.253645896911621,0.5933869481086731,0.6060514450073242,2.364346742630005,0,3268.8212890625,0.02815486118197441,2.4409286975860596
1787297074029,2007,4,2,1,3280.543212890625,1178.424560546875,852.7902221679688,4.663405895233154,1.1563334465026855,4.565859794616699,-0.028989799320697784,-4.211883068084717,4.7154459953308105,2.3722360134124756,0.005654949229210615,0.9999997615814209,2.384186927884002e-7,13.241121292114258,13.22164249420166,13.254843711853027,0.5951029658317566,0.6075790524482727,2.359934091567993,0,3286.7578125,0.028540797531604767,2.347780466079712
1787297074050,2008,4,2,1,3298.38525390625,1087.876953125,748.7073364257812,4.528139114379883,1.0541354417800903,4.265804290771484,0.06925275176763535,-4.5158514976501465,4.455474376678467,2.3751633167266846,0.004919406026601791,0.9999997615814209,2.384186927884002e-7,13.238520622253418,13.22085189819336,13.249377250671387,0.596477210521698,0.6124617457389832,2.362140417098999,0,3304.724365234375,0.028919588774442673,2.2862305641174316
1787297074070,2009,4,2,1,3313.0869140625,756.2448120117188,918.6298217773438,4.251291751861572,1.1142786741256714,4.344662189483643,0.005561568774282932,-4.693514347076416,4.740176677703857,2.3749794960021973,0.004910567309707403,0.9999997615814209,2.384186927884002e-7,13.237100601196289,13.223530769348145,13.251786231994629,0.600439727306366,0.6186299920082092,2.364346742630005,0,3322.66552734375,0.029313480481505394,2.1590065956115723
1787297074090,2010,4,2,1,3329.147705078125,580.8748168945312,1005.705810546875,4.317688465118408,1.0514296293258667,4.503466606140137,-0.005948434118181467,-3.626289129257202,5.785190105438232,2.3727059364318848,0.004406864754855633,0.9999997615814209,2.384186927884002e-7,13.239951133728027,13.220949172973633,13.253741264343262,0.6033445000648499,0.6227981448173523,2.364346742630005,0,3340.6318359375,0.02971179224550724,2.2008323669433594
1787297074110,2011,4,2,1,3345.410888671875,503.3268737792969,795.0988159179688,4.7655205726623535,1.1482388973236084,4.970895290374756,0.5171297788619995,-4.5113444328308105,4.657552719116211,2.3745710849761963,0.004988887347280979,0.9999997615814209,2.384186927884002e-7,13.235225677490234,13.216960906982422,13.251811981201172,0.6085616946220398,0.6274135708808899,2.364346742630005,0,3358.5751953125,0.030120333656668663,2.4379520416259766
1787297074130,2012,4,2,1,3366.69140625,894.16748046875,1115.851318359375,5.117741584777832,1.128967523574829,5.17666482925415,0.17524825036525726,-4.330142498016357,5.345014572143555,2.371600389480591,0.004992431495338678,0.9999997615814209,2.384186927884002e-7,13.233139991760254,13.218132972717285,13.24718189239502,0.6130353808403015,0.6261016130447388,2.359934091567993,0,3376.539794921875,0.030528105795383453,2.6498842239379883
1787297074150,2013,4,2,1,3386.7822265625,1095.764892578125,973.266357421875,5.17018985748291,1.0526337623596191,5.082230091094971,0.18245850503444672,-4.422201633453369,5.8170166015625,2.371546506881714,0.005075025837868452,0.9999997615814209,2.384186927884002e-7,13.229425430297852,13.213899612426758,13.250515937805176,0.6153485774993896,0.6342103481292725,2.362140417098999,0,3394.48095703125,0.030916117131710052,2.685523748397827
1787297074170,2014,4,2,1,3406.310546875,1166.5762939453125,970.3352661132812,4.751089572906494,1.2250888347625732,4.634639263153076,-0.023072564974427223,-4.759355068206787,3.9980108737945557,2.372415781021118,0.004958713427186012,0.9999997615814209,2.384186927884002e-7,13.233183860778809,13.221537590026855,13.246064186096191,0.6173832416534424,0.6343722939491272,2.362140417098999,0,3412.447998046875,0.031294193118810654,2.480957508087158
1787297074190,2015,4,2,1,3424.0068359375,1058.829345703125,888.7954711914062,4.5988030433654785,1.0649744272232056,4.383189678192139,0.20759178698062897,-4.597836971282959,4.976414680480957,2.3715531826019287,0.004484395030885935,0.9999997615814209,2.384186927884002e-7,13.231163024902344,13.214228630065918,13.246914863586426,0.6188633441925049,0.6346737146377563,2.362140417098999,0,3430.388671875,0.03166135028004646,2.4035227298736572
1787297074211,2016,4,2,1,3438.85302734375,728.6001586914062,905.5542602539062,4.386677265167236,1.1981898546218872,4.397809028625488,0.3307880759239197,-4.3499674797058105,5.686494827270508,2.372621536254883,0.004829547833651304,0.9999997615814209,2.384186927884002e-7,13.229364395141602,13.208183288574219,13.24471378326416,0.6217396259307861,0.6384848952293396,2.3577280044555664,0,3448.354736328125,0.032040540128946304,2.3002676963806152
1787297074231,2017,4,2,1,3453.125,428.4172058105469,969.6246337890625,4.699927806854248,1.1627179384231567,4.816444396972656,0.5089636445045471,-4.724678039550781,5.976358890533447,2.3721890449523926,0.004566285293549299,0.9999997615814209,2.384186927884002e-7,13.2290620803833,13.215468406677246,13.245028495788574,0.6263316869735718,0.6419379115104675,2.359934091567993,0,3466.29833984375,0.03243067115545273,2.4667937755584717
1787297074250,2018,4,2,1,3474.310546875,866.8145751953125,1092.1890869140625,5.270266532897949,1.1824804544448853,5.275022983551025,0.1999637931585312,-4.417557716369629,6.095192909240723,2.3705244064331055,0.005181840620934963,0.9999997615814209,2.384186927884002e-7,13.227046012878418,13.20943546295166,13.243438720703125,0.6317644715309143,0.6463317275047302,2.362140417098999,0,3484.26318359375,0.03283641114830971,2.8152310848236084
1787297074271,2019,4,2,1,3495.476318359375,1128.568115234375,1009.0440063476562,4.942941188812256,1.1998634338378906,4.849400520324707,0.09691968560218811,-4.824585437774658,5.165964126586914,2.370954990386963,0.005238787271082401,0.9999997615814209,2.384186927884002e-7,13.22343635559082,13.212102890014648,13.240806579589844,0.6340473294258118,0.6434180736541748,2.362140417098999,0,3502.204345703125,0.03320924937725067,2.6537463665008545
1787297074291,2020,4,2,1,3515.3125,1236.548828125,990.1555786132812,4.618020057678223,1.1934847831726074,4.621096611022949,-0.446868896484375,-4.86101770401001,4.3126349449157715,2.3708271980285645,0.003529398236423731,0.9999997615814209,2.384186927884002e-7,13.225913047790527,13.210704803466797,13.243108749389648,0.6363381743431091,0.6527484655380249,2.362140417098999,0,3520.246337890625,0.033576272428035736,2.4867851734161377
1787297074311,2021,4,2,1,3529.5869140625,798.532958984375,939.015380859375,4.536869525909424,1.062841773033142,4.438564300537109,-0.14837515354156494,-4.2242231369018555,5.551835060119629,2.371286392211914,0.005166609771549702,0.9999997615814209,2.384186927884002e-7,13.225205421447754,13.212166786193848,13.241230010986328,0.6376866698265076,0.6584535837173462,2.362140417098999,0,3538.217041015625,0.033938683569431305,2.4519691467285156
1787297074331,2022,4,2,1,3544.008544921875,512.4158325195312,926.65576171875,4.889997959136963,1.2095403671264648,4.838776111602783,0.27116185426712036,-4.859068393707275,5.570318698883057,2.370911121368408,0.0039787027053534985,0.9999997615814209,2.384186927884002e-7,13.22424602508545,13.212474822998047,13.23654842376709,0.6410315036773682,0.6559819579124451,2.364346742630005,0,3556.154052734375,0.03431962803006172,2.6482512950897217
1787297074351,2023,4,2,1,3564.446533203125,876.3997192382812,1128.168212890625,5.276132106781006,1.1569395065307617,5.323009014129639,0.296075701713562,-4.790612697601318,6.549197673797607,2.3668925762176514,0.005528779234737158,0.9999997615814209,2.384186927884002e-7,13.220965385437012,13.20559310913086,13.236313819885254,0.6480897068977356,0.6632391214370728,2.355523109436035,0,3574.1201171875,0.0347253754734993,2.8868191242218018
1787297074371,2024,4,2,1,3586.237548828125,1184.0465087890625,900.5062255859375,4.954867362976074,1.1629384756088257,4.962404251098633,-0.2152644395828247,-5.0609846115112305,4.747628688812256,2.3716890811920166,0.0037126606330275536,0.9999997615814209,2.384186927884002e-7,13.221047401428223,13.205617904663086,13.236715316772461,0.650147020816803,0.6674296259880066,2.362140417098999,0,3592.06103515625,0.03508417680859566,2.7247676849365234
1787297074392,2025,4,2,1,3604.667724609375,1120.889892578125,1030.79638671875,4.606062889099121,1.1415222883224487,4.471592426300049,-0.3729308545589447,-4.690108776092529,5.37192964553833,2.37103533744812,0.0036593161057680845,0.9999997615814209,2.384186927884002e-7,13.220362663269043,13.200784683227539,13.234996795654297,0.6506576538085938,0.666440486907959,2.3599355220794678,0,3610.02734375,0.03542160615324974,2.541948080062866
1787297074412,2026,4,2,1,3617.350830078125,621.155029296875,1053.6895751953125,4.624488830566406,1.1182295083999634,4.667173385620117,0.30015984177589417,-5.07090950012207,5.95999002456665,2.3722643852233887,0.005185297224670649,0.9999997615814209,2.384186927884002e-7,13.220148086547852,13.20266056060791,13.233246803283691,0.6536036133766174,0.6713749766349792,2.359934091567993,0,3627.970458984375,0.03579436615109444,2.544461250305176
1787297074432,2027,4,2,1,3634.725341796875,674.0338134765625,880.1213989257812,5.078831195831299,1.0850856304168701,5.227044105529785,0.06837406754493713,-4.843745231628418,5.262509822845459,2.3695623874664307,0.0059014554135501385,0.9999997615814209,2.384186927884002e-7,13.21646499633789,13.19739818572998,13.228249549865723,0.6599255204200745,0.6773355007171631,2.351111888885498,0,3645.934814453125,0.036196619272232056,2.8321919441223145
1787297074452,2028,4,2,1,3657.47802734375,1123.985595703125,995.0533447265625,5.211689472198486,0.9924504160881042,5.113401412963867,0.08018076419830322,-4.990525245666504,5.091325759887695,2.3695952892303467,0.0046295057982206345,0.9999997615814209,2.384186927884002e-7,13.213871955871582,13.200695991516113,13.230122566223145,0.6628524661064148,0.6746684908866882,2.355523109436035,0,3663.876220703125,0.03656190633773804,2.9259538650512695
1787297074472,2029,4,2,1,3677.19677734375,1205.4521484375,998.2615356445312,4.693321228027344,1.2072021961212158,4.668171405792236,-0.4587661921977997,-4.505011558532715,5.5413923263549805,2.3684866428375244,0.004643884487450123,0.9999997615814209,2.384186927884002e-7,13.215707778930664,13.196860313415527,13.229730606079102,0.6644887328147888,0.6784681677818298,2.3577280044555664,0,3681.842041015625,0.0368989035487175,2.6405375003814697
1787297074492,2030,4,2,1,3690.6552734375,708.5015258789062,1005.9601440429688,4.668853759765625,1.0511208772659302,4.610374927520752,0.29505378007888794,-4.870346546173096,5.199445724487305,2.3703818321228027,0.00431118905544281,0.9999997615814209,2.384186927884002e-7,13.214706420898438,13.196267127990723,13.231193542480469,0.6662535667419434,0.6820995211601257,2.359934091567993,0,3699.782958984375,0.03724668547511101,2.622159719467163
1787297074512,2031,4,2,1,3706.8876953125,659.0913696289062,826.2865600585938,5.09790563583374,1.1881687641143799,5.284389972686768,-0.16760334372520447,-4.943498134613037,5.229118347167969,2.3681654930114746,0.004575567319989204,0.9999997615814209,2.384186927884002e-7,13.212556838989258,13.192121505737305,13.230437278747559,0.6724934577941895,0.6896597146987915,2.357729196548462,0,3717.752197265625,0.03762850910425186,2.906583070755005
1787297074533,2032,4,2,1,3729.362548828125,1125.855712890625,961.6708374023438,5.190815448760986,1.2538248300552368,5.169365882873535,0.11205001175403595,-4.845549583435059,5.210021495819092,2.3681845664978027,0.004035217687487602,0.9999997615814209,2.384186927884002e-7,13.210604667663574,13.19450569152832,13.2267484664917,0.6755317449569702,0.6941356062889099,2.362140417098999,0,3735.795654296875,0.03799286112189293,2.96675968170166
1787297074553,2033,4,2,1,3748.185302734375,1103.8907470703125,1088.9873046875,4.7792463302612305,1.2148188352584839,4.632918357849121,-0.2104790359735489,-4.6592817306518555,6.368031978607178,2.3683154582977295,0.004192943684756756,0.9999997615814209,2.384186927884002e-7,13.209680557250977,13.194568634033203,13.224215507507324,0.6764960885047913,0.6950706839561462,2.359934091567993,0,3753.73291015625,0.03833242133259773,2.7414536476135254
1787297074572,2034,4,2,1,3760.99609375,587.760009765625,940.5158081054688,4.628796577453613,1.081011176109314,4.8382649421691895,-0.0033066084142774343,-5.3065690994262695,5.614088535308838,2.3692054748535156,0.005263269878923893,0.9999997615814209,2.384186927884002e-7,13.211664199829102,13.196076393127441,13.224835395812988,0.6806301474571228,0.6940990686416626,2.3533167839050293,0,3771.699462890625,0.03869112581014633,2.6615536212921143
1787297074592,2035,4,2,1,3781.85009765625,945.060546875,1258.9791259765625,5.079009532928467,1.3844726085662842,5.247292518615723,0.2530575692653656,-5.463054180145264,6.342226982116699,2.3637592792510986,0.005182358901947737,0.9999997615814209,2.384186927884002e-7,13.209715843200684,13.192829132080078,13.227191925048828,0.6865562796592712,0.7053838968276978,2.348906993865967,0,3789.640380859375,0.03904951736330986,2.94745135307312
1787297074613,2036,4,2,1,3802.678466796875,1144.4105224609375,1021.2833251953125,4.863199234008789,1.262005090713501,4.799209117889404,0.07188284397125244,-5.122446537017822,5.307881832122803,2.3665177822113037,0.004720716737210751,0.9999997615814209,2.384186927884002e-7,13.207353591918945,13.188891410827637,13.225651741027832,0.6870549917221069,0.706298828125,2.3533167839050293,0,3807.68798828125,0.03937165439128876,2.821756601333618
1787297074633,2037,4,2,1,3817.4853515625,771.772705078125,986.9461059570312,4.540907859802246,1.2835067510604858,4.590512275695801,-0.10296335071325302,-4.661741733551025,6.619934558868408,2.3680481910705566,0.004395673517137766,0.9999997615814209,2.384186927884002e-7,13.206926345825195,13.18834114074707,13.219209671020508,0.6888425350189209,0.7024195790290833,2.355523109436035,0,3825.655029296875,0.03969554230570793,2.650792121887207
1787297074653,2038,4,2,1,3833.2509765625,651.7478637695312,1064.8594970703125,4.859234809875488,1.2708021402359009,5.180853366851807,0.0034604109823703766,-4.888174533843994,6.280306816101074,2.366624355316162,0.004414506256580353,0.9999997615814209,2.384186927884002e-7,13.202594757080078,13.186698913574219,13.216381072998047,0.6960504055023193,0.7147393822669983,2.355523109436035,0,3843.591796875,0.04005810245871544,2.852797269821167
1787297074673,2039,4,2,1,3856.5859375,1171.5028076171875,1073.1279296875,4.879085063934326,1.2627320289611816,4.968393802642822,-0.279060959815979,-5.233607292175293,6.7558441162109375,2.3644468784332275,0.004001225344836712,0.9999997615814209,2.384186927884002e-7,13.202539443969727,13.182001113891602,13.218141555786133,0.6979617476463318,0.7123317718505859,2.351111888885498,0,3861.55810546875,0.040388621389865875,2.882981300354004
1787297074693,2040,4,2,1,3873.407958984375,947.4749145507812,1052.8265380859375,4.427728652954102,1.315816044807434,4.54691219329834,0.09713906794786453,-4.6039862632751465,6.4287238121032715,2.366729259490967,0.0038098266813904047,0.9999997615814209,2.384186927884002e-7,13.202218055725098,13.186617851257324,13.216564178466797,0.6994301080703735,0.7161259055137634,2.351111888885498,0,3879.499267578125,0.040694355964660645,2.619140386581421
1787297074713,2041,4,2,1,3886.1533203125,490.1903381347656,1007.1831665039062,4.693750381469727,1.0942884683609009,4.970071315765381,0.47203540802001953,-5.025915622711182,5.133101940155029,2.365790605545044,0.005201175808906555,0.9999997615814209,2.384186927884002e-7,13.199387550354004,13.18262004852295,13.212762832641602,0.7042335867881775,0.7234176993370056,2.3533167839050293,0,3897.4658203125,0.04103592410683632,2.77579402923584
1787297074733,2042,4,2,1,3909.67822265625,1114.734375,1030.080322265625,5.051100730895996,1.2867788076400757,5.182939052581787,0.06471569836139679,-5.189204216003418,4.755313873291016,2.3640475273132324,0.004316248930990696,0.9999997615814209,2.384186927884002e-7,13.197488784790039,13.180472373962402,13.210118293762207,0.7086836695671082,0.7255100011825562,2.3533167839050293,0,3915.40673828125,0.04137960448861122,3.02167010307312
1787297074753,2043,4,2,1,3927.8017578125,1006.931396484375,985.686279296875,4.4674787521362305,1.2021920680999756,4.616429805755615,0.13215944170951843,-5.491714000701904,4.868768692016602,2.366276741027832,0.004359079524874687,0.9999997615814209,2.384186927884002e-7,13.197689056396484,13.18085765838623,13.21335220336914,0.7096413969993591,0.7247303128242493,2.355523109436035,0,3933.3759765625,0.04168004170060158,2.669558525085449
1787297074773,2044,4,2,1,3940.188720703125,539.0455322265625,939.0508422851562,4.860215187072754,1.111588954925537,5.110289573669434,0.3581213653087616,-5.535548210144043,4.645874500274658,2.366631031036377,0.005713874474167824,0.9999997615814209,2.384186927884002e-7,13.198934555053711,13.177919387817383,13.212655067443848,0.7140589952468872,0.7318636775016785,2.355523109436035,0,3951.312744140625,0.04202762246131897,2.91888427734375
1787297074794,2045,4,2,1,3963.5029296875,1093.65234375,902.7898559570312,4.9127421379089355,1.3276102542877197,5.099670886993408,0.1069968044757843,-5.1687774658203125,5.121187210083008,2.365105390548706,0.005163698457181454,0.9999997615814209,2.384186927884002e-7,13.19653034210205,13.180747032165527,13.211404800415039,0.717949390411377,0.7343358993530273,2.3489058017730713,0,3969.278564453125,0.04236708581447601,2.9794695377349854
1787297074814,2046,4,2,1,3980.217041015625,846.2611083984375,969.8179321289062,4.470877647399902,0.9814814329147339,4.646746635437012,0.008658114820718765,-5.139225959777832,5.740044116973877,2.3649044036865234,0.0035689331125468016,0.9999997615814209,2.384186927884002e-7,13.195507049560547,13.169520378112793,13.210734367370605,0.7189640998840332,0.7349260449409485,2.351111888885498,0,3987.22021484375,0.04267224296927452,2.711026668548584
1787297074834,2047,4,2,1,3996.9990234375,829.8837890625,1001.05322265625,5.277082443237305,1.0733672380447388,5.351955413818359,-0.3317928612232208,-5.693093299865723,6.58944034576416,2.3616158962249756,0.004975569434463978,0.9999997615814209,2.384186927884002e-7,13.19321346282959,13.167107582092285,13.206901550292969,0.7230890989303589,0.7329128384590149,2.340083360671997,0,4005.186279296875,0.04300869628787041,3.2634880542755127
1787297074854,2048,4,2,1,4018.904296875,1151.029296875,780.5365600585938,4.860757827758789,1.110101580619812,4.849215984344482,-0.46198204159736633,-4.948870658874512,5.1421918869018555,2.363457441329956,0.004511418752372265,0.9999997615814209,2.384186927884002e-7,13.195857048034668,13.165072441101074,13.209178924560547,0.7254796028137207,0.7442713975906372,2.351111888885498,0,4023.22998046875,0.04331538453698158,2.994431972503662
1787297074874,2049,4,2,1,4032.724853515625,701.8745727539062,799.3507690429688,4.694280624389648,1.1326135396957397,4.7801618576049805,0.24984385073184967,-4.676735877990723,6.9523820877075195,2.36452579498291,0.0032648402266204357,0.9999997615814209,2.384186927884002e-7,13.191729545593262,13.155954360961914,13.208670616149902,0.7281203269958496,0.7402280569076538,2.3533167839050293,0,4041.1669921875,0.04361788555979729,2.878350257873535
1787297074894,2050,4,2,1,4052.833984375,1034.2884521484375,990.189697265625,5.159432888031006,1.1435121297836304,5.272216320037842,0.1529361456632614,-5.737088680267334,5.420934677124023,2.361750364303589,0.00391840934753418,0.9999997615814209,2.384186927884002e-7,13.191295623779297,13.158647537231445,13.204721450805664,0.733797550201416,0.7489669322967529,2.351111888885498,0,4059.13232421875,0.043959930539131165,3.1989247798919678
1787297074914,2051,4,2,1,4072.25244140625,1086.9676513671875,993.1918334960938,4.657299518585205,1.0819224119186401,4.814257621765137,-0.34203019738197327,-5.910029888153076,5.5659284591674805,2.3633220195770264,0.004010253585875034,0.9999997615814209,2.384186927884002e-7,13.192201614379883,13.164270401000977,13.20358657836914,0.7358949184417725,0.7488633990287781,2.353318214416504,0,4077.0732421875,0.04426678642630577,2.8909740447998047
1787297074934,2052,4,2,1,4086.255126953125,708.68505859375,767.6207275390625,4.999459266662598,1.0707324743270874,5.057954788208008,0.016831649467349052,-4.575397491455078,6.428544044494629,2.3624415397644043,0.005106855649501085,0.9999997615814209,2.384186927884002e-7,13.188763618469238,13.16466999053955,13.201696395874023,0.7382044196128845,0.7513388991355896,2.346700668334961,0,4095.03955078125,0.04457755386829376,3.131856679916382
1787297074954,2053,4,2,1,4107.341796875,1054.8055419921875,975.7501831054688,5.1368231773376465,1.1398582458496094,5.134123802185059,0.0563897043466568,-5.376228332519531,6.656502723693848,2.361450672149658,0.004615185782313347,0.9999997615814209,2.384186927884002e-7,13.187060356140137,13.158838272094727,13.204606056213379,0.7424660325050354,0.7577881813049316,2.351111888885498,0,4112.98388671875,0.044901903718709946,3.2180280685424805
1787297074975,2054,4,2,1,4123.4072265625,765.6372680664062,862.02001953125,4.738160133361816,1.0740265846252441,4.770666599273682,-0.20778484642505646,-5.534076690673828,5.5489912033081055,2.3624801635742188,0.004680776037275791,0.9999997615814209,2.384186927884002e-7,13.184762954711914,13.165946960449219,13.202751159667969,0.7439842224121094,0.7570791840553284,2.348906993865967,0,4131.0244140625,0.045197296887636185,3.0425448417663574
1787297074995,2055,4,2,1,4141.97314453125,917.9730224609375,956.3353881835938,4.883838653564453,0.9450095891952515,5.235237121582031,0.29743221402168274,-5.417056560516357,6.218506813049316,2.3609471321105957,0.0035896680783480406,0.9999997615814209,2.384186927884002e-7,13.185084342956543,13.159627914428711,13.203448295593262,0.7502682209014893,0.7652099132537842,2.351111888885498,0,4148.99267578125,0.04551950842142105,3.0773210525512695
1787297075015,2056,4,2,1,4161.89208984375,1060.8948974609375,1096.195556640625,4.723077774047852,1.0941804647445679,4.925042152404785,-0.3095250129699707,-5.517482280731201,6.954390525817871,2.3604214191436768,0.0038623439613729715,0.9999997615814209,2.384186927884002e-7,13.185405731201172,13.156294822692871,13.201624870300293,0.7519060373306274,0.7610549330711365,2.353318214416504,0,4166.93359375,0.04582066461443901,2.9929611682891846
1787297075035,2057,4,2,1,4174.91015625,595.0370483398438,900.369384765625,4.926108360290527,1.1022655963897705,5.169130802154541,0.5479488372802734,-5.250509738922119,7.150423049926758,2.3602447509765625,0.00506155239418149,0.9999997615814209,2.384186927884002e-7,13.178671836853027,13.154059410095215,13.199810028076172,0.7554766535758972,0.7637085318565369,2.351111888885498,0,4184.89990234375,0.04613644257187843,3.1161575317382812
1787297075055,2058,4,2,1,4198.09619140625,1110.960205078125,770.7212524414062,4.879398822784424,1.105515956878662,5.065511226654053,-0.2936255931854248,-4.943243026733398,5.576254844665527,2.359189510345459,0.004854852333664894,0.9999997615814209,2.384186927884002e-7,13.181696891784668,13.159235954284668,13.199381828308105,0.7590966820716858,0.7728087902069092,2.342289686203003,0,4202.8427734375,0.04645165428519249,3.1366217136383057
1787297075075,2059,4,2,1,4212.42431640625,692.734130859375,782.318603515625,4.7674150466918945,1.004399061203003,4.914942741394043,0.39549827575683594,-4.88681697845459,5.594388484954834,2.359541893005371,0.004359856713563204,0.9999997615814209,2.384186927884002e-7,13.17856502532959,13.149163246154785,13.199136734008789,0.7610399723052979,0.7774820923805237,2.346700668334961,0,4220.806640625,0.0467439666390419,3.0510823726654053
1787297075095,2060,4,2,1,4234.01220703125,1092.306396484375,900.4463500976562,5.069352149963379,1.0907032489776611,5.107454299926758,-0.5224511623382568,-5.091476917266846,6.027658462524414,2.3588919639587402,0.004301457200199366,0.9999997615814209,2.384186927884002e-7,13.18048095703125,13.152871131896973,13.198843955993652,0.7647621035575867,0.7760325074195862,2.346700668334961,0,4238.74853515625,0.047051314264535904,3.295497179031372
1787297075115,2061,4,2,1,4250.02587890625,855.0215454101562,911.3379516601562,4.636394023895264,1.1707236766815186,4.930078029632568,0.17576725780963898,-5.230212211608887,6.666177749633789,2.360072612762451,0.003992453683167696,0.9999997615814209,2.384186927884002e-7,13.17548942565918,13.146974563598633,13.196441650390625,0.7679827213287354,0.776903510093689,2.346700668334961,0,4256.71484375,0.04733459651470184,3.0047216415405273
1787297075135,2062,4,2,1,4267.74462890625,946.7959594726562,1143.0706787109375,5.405412673950195,1.0878764390945435,5.4199371337890625,0.28300949931144714,-6.200751781463623,6.611596584320068,2.358356237411499,0.005032956134527922,0.9999997615814209,2.384186927884002e-7,13.174966812133789,13.143423080444336,13.191885948181152,0.7723310589790344,0.783926248550415,2.348906993865967,0,4274.65673828125,0.04766752943396568,3.50868821144104
1787297075156,2063,4,2,1,4287.8935546875,1001.3984985351562,702.4561157226562,5.030405521392822,0.9890393614768982,4.708038806915283,-0.2199445366859436,-4.786269664764404,5.679612636566162,2.359379291534424,0.00562547380104661,0.9999997615814209,2.384186927884002e-7,13.175891876220703,13.148463249206543,13.188643455505371,0.7710997462272644,0.7904224395751953,2.3444957733154297,0,4292.6201171875,0.047936223447322845,3.40142560005188
1787297075176,2064,4,2,1,4302.49072265625,775.2990112304688,1104.4716796875,5.298403739929199,1.0380603075027466,5.342952251434326,-0.16208401322364807,-5.844981670379639,7.067569255828857,2.357994556427002,0.005865686107426882,0.9999997615814209,2.384186927884002e-7,13.172595024108887,13.146700859069824,13.190447807312012,0.7771396040916443,0.787254810333252,2.344494581222534,0,4310.66796875,0.04824472963809967,3.4919350147247314
1787297075196,2065,4,2,1,4324.18798828125,1088.1339111328125,732.6843872070312,4.784873962402344,1.2041410207748413,4.968005180358887,-0.12273386120796204,-5.686573028564453,6.1499528884887695,2.3605988025665283,0.0043407282792031765,0.9999997615814209,2.384186927884002e-7,13.172739028930664,13.138406753540039,13.187567710876465,0.7810871601104736,0.7999410629272461,2.348906993865967,0,4328.60498046875,0.048540178686380386,3.171276569366455
1787297075216,2066,4,2,1,4336.95947265625,562.4032592773438,991.4140625,4.919729709625244,1.0486541986465454,5.135961532592773,0.49848228693008423,-5.455626964569092,6.506040573120117,2.358556032180786,0.004694843664765358,0.9999997615814209,2.384186927884002e-7,13.170458793640137,13.151507377624512,13.185998916625977,0.7840846180915833,0.7948786020278931,2.342289686203003,0,4346.57177734375,0.04882097244262695,3.2278785705566406
1787297075236,2067,4,2,1,4358.6669921875,943.8905639648438,889.2704467773438,5.053962707519531,0.9948980808258057,5.055323600769043,0.13306960463523865,-5.762781620025635,5.530315399169922,2.359398365020752,0.00519204419106245,0.9999997615814209,2.384186927884002e-7,13.169163703918457,13.14237117767334,13.186756134033203,0.7863701581954956,0.8028785586357117,2.348906993865967,0,4364.5126953125,0.04910898953676224,3.358299732208252
1787297075256,2068,4,2,1,4373.1806640625,628.9971923828125,817.3953247070312,5.266849994659424,1.2017804384231567,5.241722106933594,0.25916212797164917,-6.907444000244141,6.757014751434326,2.3585891723632812,0.005020632408559322,0.9999997615814209,2.384186927884002e-7,13.16706371307373,13.1379976272583,13.186638832092285,0.7891975045204163,0.8023596405982971,2.346700668334961,0,4382.4794921875,0.04941175505518913,3.5129828453063965
1787297075276,2069,4,2,1,4396.09375,1072.555908203125,906.08984375,5.0112152099609375,0.9715750813484192,4.973094463348389,-0.25804829597473145,-6.001148223876953,6.019968509674072,2.359797954559326,0.004452918656170368,0.9999997615814209,2.384186927884002e-7,13.171268463134766,13.141115188598633,13.18454360961914,0.7919667363166809,0.8054975271224976,2.346700668334961,0,4400.42138671875,0.049699313938617706,3.3666322231292725
1787297075296,2070,4,2,1,4410.46044921875,737.9138793945312,940.6651611328125,5.186624050140381,1.1668986082077026,5.18234395980835,0.03715800121426582,-5.261819362640381,5.964491367340088,2.3576395511627197,0.00487096793949604,0.9999997615814209,2.384186927884002e-7,13.164573669433594,13.137487411499023,13.182631492614746,0.7958052158355713,0.805043637752533,2.340083360671997,0,4418.384765625,0.04998696967959404,3.502638101577759
1787297075316,2071,4,2,1,4432.4931640625,1110.048828125,928.5950317382812,5.012380123138428,1.0902388095855713,4.990234375,-0.2975948750972748,-6.284370422363281,7.004645347595215,2.358065128326416,0.005334021523594856,0.9999997615814209,2.384186927884002e-7,13.166301727294922,13.13786506652832,13.184768676757812,0.7988990545272827,0.8164806365966797,2.346700668334961,0,4436.32568359375,0.05026412382721901,3.3984804153442383
1787297075337,2072,4,2,1,4445.30078125,622.0568237304688,908.16796875,5.096065998077393,1.1702274084091187,5.233119487762451,0.2847442626953125,-5.164715766906738,6.537572860717773,2.3569447994232178,0.003487618640065193,0.9999997615814209,2.384186927884002e-7,13.160669326782227,13.125589370727539,13.183257102966309,0.8021511435508728,0.8109451532363892,2.346700668334961,0,4454.29248046875,0.050542909651994705,3.457376718521118
1787297075357,2073,4,2,1,4466.8154296875,990.3729248046875,938.9534301757812,5.186103820800781,0.8996531367301941,5.138956546783447,0.1086290255188942,-5.837644100189209,6.299075603485107,2.358039379119873,0.005026321392506361,0.9999997615814209,2.384186927884002e-7,13.163741111755371,13.13672161102295,13.18355941772461,0.805550217628479,0.8232784867286682,2.346700668334961,0,4472.23388671875,0.0508417971432209,3.53454852104187
1787297075377,2074,4,2,1,4480.6875,587.2813720703125,786.1422729492188,5.262866973876953,0.89952552318573,5.272010803222656,0.5892968773841858,-6.286745548248291,7.381285667419434,2.3576884269714355,0.004713634494692087,0.9999997615814209,2.384186927884002e-7,13.157846450805664,13.135891914367676,13.173666954040527,0.8095887899398804,0.8192487359046936,2.346700668334961,0,4490.19921875,0.051134489476680756,3.570218086242676
1787297075397,2075,4,2,1,4503.72998046875,1013.7984619140625,963.3720092773438,4.801998615264893,1.2089049816131592,4.928471088409424,0.014429348520934582,-5.874553203582764,7.31939697265625,2.3566691875457764,0.004904510919004679,0.9999997615814209,2.384186927884002e-7,13.163298606872559,13.141792297363281,13.17969799041748,0.8119884729385376,0.8205269575119019,2.3444957733154297,0,4508.1416015625,0.051401037722826004,3.296933650970459
1787297075417,2076,4,2,1,4517.54638671875,677.030517578125,932.91796875,5.211580753326416,0.9320839047431946,5.383119583129883,0.2861003875732422,-5.142383575439453,6.524578094482422,2.356450080871582,0.004407389089465141,0.9999997615814209,2.384186927884002e-7,13.158018112182617,13.129907608032227,13.178459167480469,0.8164071440696716,0.8326613903045654,2.346700668334961,0,4526.10595703125,0.051681000739336014,3.6031641960144043
1787297075437,2077,4,2,1,4539.60791015625,1025.1900634765625,983.18896484375,4.934623718261719,1.1639184951782227,5.0173869132995605,-0.47908738255500793,-5.584010601043701,6.257448673248291,2.3566534519195557,0.004763329867273569,0.9999997615814209,2.384186927884002e-7,13.160313606262207,13.128540992736816,13.175675392150879,0.8181493282318115,0.8303642868995667,2.342289686203003,0,4544.04736328125,0.05194985866546631,3.416369915008545
1787297075458,2078,4,2,1,4554.91455078125,839.5986328125,978.6906127929688,5.82405948638916,1.3318227529525757,5.411102771759033,0.12871253490447998,-5.785121917724609,7.238638877868652,2.356945037841797,0.005600626114755869,0.9999997615814209,2.384186927884002e-7,13.155816078186035,13.127909660339355,13.174629211425781,0.8200326561927795,0.8291468024253845,2.3444957733154297,0,4562.0126953125,0.05224473401904106,4.170234680175781
1787297075477,2079,4,2,1,4575.01220703125,942.3202514648438,746.8414306640625,4.9298529624938965,1.0562341213226318,4.973798751831055,0.05692443251609802,-5.632282733917236,7.461905002593994,2.3566348552703857,0.005077425856143236,0.9999997615814209,2.384186927884002e-7,13.152958869934082,13.124306678771973,13.172813415527344,0.8248679041862488,0.8323792219161987,2.346700668334961,0,4580.052734375,0.052502814680337906,3.45283842086792
1787297075498,2080,4,2,1,4592.884765625,1028.642822265625,1027.3187255859375,5.275582313537598,0.930052638053894,5.412847995758057,-0.32185062766075134,-6.512021064758301,7.285252094268799,2.351691722869873,0.005230977665632963,0.9999997615814209,2.384186927884002e-7,13.153671264648438,13.131793975830078,13.169143676757812,0.8293384909629822,0.8423370718955994,2.3444957733154297,0,4597.99462890625,0.05279504135251045,3.6939501762390137
1787297075518,2081,4,2,1,4608.46337890625,689.7831420898438,1010.8621826171875,4.993301868438721,1.0308738946914673,5.017806053161621,0.23360902070999146,-5.967583656311035,5.932365894317627,2.3554303646087646,0.0051154945977032185,0.9999997615814209,2.384186927884002e-7,13.150433540344238,13.117780685424805,13.170002937316895,0.83026123046875,0.8469228744506836,2.342289686203003,0,4615.9609375,0.05304686725139618,3.502574920654297
1787297075538,2082,4,2,1,4629.73095703125,1082.918701171875,1021.7145385742188,5.243247032165527,1.3026176691055298,5.27366828918457,-0.028885388746857643,-5.7063493728637695,6.685885429382324,2.353543519973755,0.005516206845641136,0.9999997615814209,2.384186927884002e-7,13.148772239685059,13.124783515930176,13.171567916870117,0.8349133133888245,0.85099858045578,2.342289686203003,0,4633.904296875,0.05333536118268967,3.724249839782715
1787297075558,2083,4,2,1,4643.978515625,700.9912719726562,898.6741943359375,5.104942798614502,1.1007405519485474,5.304538249969482,-0.05844990164041519,-6.401773452758789,7.564120769500732,2.3555054664611816,0.004977955482900143,0.9999997615814209,2.384186927884002e-7,13.147754669189453,13.119681358337402,13.170866966247559,0.8377450704574585,0.8470777273178101,2.3444957733154297,0,4651.869140625,0.053598709404468536,3.63289213180542
1787297075578,2084,4,2,1,4666.12255859375,1062.7908935546875,993.6484375,4.811262130737305,1.3909357786178589,5.011439800262451,-0.15021733939647675,-6.148502349853516,6.916448593139648,2.3522300720214844,0.004800909198820591,0.9999997615814209,2.384186927884002e-7,13.148043632507324,13.112016677856445,13.166325569152832,0.8416799902915955,0.858978807926178,2.3378772735595703,0,4669.81201171875,0.053860895335674286,3.4380993843078613
1787297075598,2085,4,2,1,4680.9365234375,820.0763549804688,1006.0595092773438,5.157869338989258,1.187517762184143,5.451152801513672,-0.01841397024691105,-6.615109920501709,7.942689895629883,2.3514418601989746,0.005069118924438953,0.9999997615814209,2.384186927884002e-7,13.14475154876709,13.119124412536621,13.16086196899414,0.8459821343421936,0.8654415011405945,2.337878465652466,0,4687.779296875,0.054124172776937485,3.693782091140747
1787297075618,2086,4,2,1,4700.97705078125,926.17431640625,822.652099609375,4.942389011383057,1.2202317714691162,4.95476770401001,0.1364506334066391,-5.949197769165039,7.098195552825928,2.352602481842041,0.004540542606264353,0.9999997615814209,2.384186927884002e-7,13.141562461853027,13.116707801818848,13.162769317626953,0.8469604849815369,0.8571651577949524,2.3444957733154297,0,4705.71875,0.05436180159449577,3.5592000484466553
1787297075638,2087,4,2,1,4719.94287109375,1101.462158203125,1091.666748046875,5.536665439605713,1.2327091693878174,5.325082302093506,-0.08970457315444946,-5.817958831787109,7.128191947937012,2.351829767227173,0.005407887976616621,0.9999997615814209,2.384186927884002e-7,13.142312049865723,13.114130020141602,13.172154426574707,0.849827229976654,0.8680375814437866,2.340083360671997,0,4723.6904296875,0.054621145129203796,4.010214328765869
1787297075659,2088,4,2,1,4733.6904296875,647.5504150390625,949.69580078125,4.989744663238525,0.7999267578125,5.213108539581299,-0.008572608232498169,-5.994896411895752,6.7609100341796875,2.3514325618743896,0.00454489141702652,0.9999997615814209,2.384186927884002e-7,13.139876365661621,13.10531234741211,13.158317565917969,0.8538132905960083,0.8732450604438782,2.337878465652466,0,4741.626953125,0.054870449006557465,3.5938806533813477
1787297075678,2089,4,2,1,4755.43896484375,984.4286499023438,1020.1618041992188,4.655872821807861,1.2572799921035767,4.969761371612549,0.13455675542354584,-5.5679030418396,7.448423862457275,2.3522214889526367,0.005681527312844992,0.9999997615814209,2.384186927884002e-7,13.142425537109375,13.112744331359863,13.166802406311035,0.85798579454422,0.8782535195350647,2.337878465652466,0,4759.5947265625,0.05512421950697899,3.3577983379364014
1787297075698,2090,4,2,1,4770.4873046875,812.6581420898438,1008.3614501953125,6.022210597991943,1.0755555629730225,5.519364356994629,0.14141763746738434,-6.512441635131836,7.312762260437012,2.3489623069763184,0.005468808580189943,0.9999997615814209,2.384186927884002e-7,13.134512901306152,13.10645866394043,13.154964447021484,0.8588352203369141,0.8705521821975708,2.33567214012146,0,4777.5322265625,0.055399857461452484,4.4094061851501465
1787297075719,2091,4,2,1,4789.54638671875,788.390625,1003.9929809570312,4.806241512298584,1.093902826309204,4.9784417152404785,-0.31414180994033813,-5.8965067863464355,6.203006267547607,2.3527817726135254,0.004785535857081413,0.9999997615814209,2.384186927884002e-7,13.134126663208008,13.10952091217041,13.153324127197266,0.8635311722755432,0.8833746314048767,2.342289686203003,0,4795.57568359375,0.05564315989613533,3.4971742630004883
1787297075739,2092,4,2,1,4805.001953125,773.5617065429688,979.5231323242188,3.3876335620880127,1.4547196626663208,3.284898281097412,-0.08845975995063782,-6.6899309158325195,7.950419902801514,2.3575053215026855,0.005725479684770107,0.9999997615814209,2.384186927884002e-7,13.161540031433105,13.118115425109863,13.195466041564941,0.8529660701751709,0.8778077363967896,2.340083360671997,0,4800,0.05573691055178642,2.4580254554748535
1787297075759,2093,4,2,1,4790.16650390625,-761.0545654296875,1009.21240234375,4.351058006286621,1.5232219696044922,4.2864508628845215,0.39745140075683594,-5.794748306274414,6.612873554229736,2.3590831756591797,0.0053013465367257595,0.9999997615814209,2.384186927884002e-7,13.161755561828613,13.129354476928711,13.20438289642334,0.8445566296577454,0.8550102114677429,2.3444957733154297,0,4800,0.055748604238033295,3.099726676940918
1787297075779,2094,4,2,1,4793.94677734375,179.81979370117188,1004.2197265625,5.501455307006836,1.1579174995422363,5.747959136962891,-0.538099467754364,-5.870676040649414,5.602248668670654,2.3496992588043213,0.004933454561978579,0.9999997615814209,2.384186927884002e-7,13.130674362182617,13.088695526123047,13.148887634277344,0.8584238886833191,0.8794888257980347,2.337878465652466,0,4800,0.05610812455415726,3.995349884033203
1787297075799,2095,4,2,1,4799.78759765625,400.0693359375,1022.0625610351562,4.287881851196289,1.4626679420471191,4.531802654266357,-0.1363360732793808,-5.976141929626465,7.254122734069824,2.353677272796631,0.0051480866968631744,0.9999997615814209,2.384186927884002e-7,13.14857006072998,13.098858833312988,13.171086311340332,0.8559349775314331,0.8692866563796997,2.346700668334961,0,4800,0.05628648400306702,3.1271586418151855
1787297075819,2096,4,2,1,4793.28759765625,-385.86749267578125,1015.4422607421875,4.153630256652832,1.1038486957550049,4.301917552947998,0.250357985496521,-6.394082069396973,6.98715877532959,2.3567285537719727,0.003592102322727442,0.9999997615814209,2.384186927884002e-7,13.15215015411377,13.119394302368164,13.182077407836914,0.8489978909492493,0.8603463768959045,2.3489058017730713,0,4800,0.05636219307780266,2.9718072414398193
1787297075840,2097,4,2,1,4795.29443359375,182.1740264892578,960.4127807617188,5.363521099090576,1.0356345176696777,5.4019060134887695,-0.3366800546646118,-6.599995136260986,7.535790920257568,2.3525567054748535,0.004829136189073324,0.9999997615814209,2.384186927884002e-7,13.137231826782227,13.111010551452637,13.154099464416504,0.8558918833732605,0.8694942593574524,2.342289686203003,0,4800,0.056646864861249924,3.8732340335845947
1787297075860,2098,4,2,1,4793.7587890625,-164.7747039794922,945.1824951171875,4.482456684112549,1.1541529893875122,4.742343902587891,0.6000090837478638,-5.305261135101318,6.804208278656006,2.353090286254883,0.005174895748496056,0.9999997615814209,2.384186927884002e-7,13.14257526397705,13.103605270385742,13.164875984191895,0.8559070229530334,0.8699599504470825,2.340083360671997,0,4800,0.05684265121817589,3.21628737449646
1787297075880,2099,4,2,1,4796.43505859375,9.237204551696777,877.6093139648438,4.417106628417969,1.2881736755371094,4.4839396476745605,-0.24864186346530914,-6.182493686676025,7.026474475860596,2.3533713817596436,0.006281125359237194,0.9999997615814209,2.384186927884002e-7,13.148489952087402,13.123591423034668,13.177905082702637,0.8509169816970825,0.8623855113983154,2.337878465652466,0,4800,0.05697700008749962,3.208157777786255
1787297075900,2100,4,2,1,4795.24658203125,141.71267700195312,1096.162841796875,5.298755168914795,1.0367683172225952,5.416139602661133,-0.21803967654705048,-5.872076511383057,7.238576889038086,2.3500897884368896,0.004631527233868837,0.9999997615814209,2.384186927884002e-7,13.139246940612793,13.107732772827148,13.158226013183594,0.8562778830528259,0.8742532134056091,2.340083360671997,0,4800,0.05722597986459732,3.8361878395080566
1787297075920,2101,4,2,1,4794.5908203125,-181.95590209960938,985.4741821289062,4.491796493530273,1.3709646463394165,4.426398754119873,0.5615755319595337,-5.112421035766602,5.586942672729492,2.3528008460998535,0.003909554798156023,0.9999997615814209,2.384186927884002e-7,13.143826484680176,13.112845420837402,13.1707124710083,0.8521001935005188,0.869057834148407,2.340083360671997,0,4800,0.05737486854195595,3.269301414489746
1787297075940,2102,4,2,1,4797.96044921875,200.6356201171875,941.4181518554688,4.785238742828369,1.1929353475570679,4.675003528594971,-0.3384200930595398,-6.018378734588623,6.320471286773682,2.3537168502807617,0.005325568374246359,0.9999997615814209,2.384186927884002e-7,13.144383430480957,13.118977546691895,13.16784381866455,0.8514859080314636,0.8670960664749146,2.337878465652466,0,4800,0.057536784559488297,3.480926513671875
1787297075960,2103,4,2,1,4792.5068359375,-190.06588745117188,1005.099609375,5.2267279624938965,1.0113911628723145,5.3146467208862305,0.2627095580101013,-6.1970343589782715,7.182596206665039,2.3519675731658936,0.005416638683527708,0.9999997615814209,2.384186927884002e-7,13.134594917297363,13.096531867980957,13.152835845947266,0.8555667400360107,0.8697487711906433,2.342289686203003,0,4800,0.05775096267461777,3.7897870540618896
1787297075980,2104,4,2,1,4797.0791015625,72.9579849243164,1011.5675659179688,4.416493892669678,0.9918938875198364,4.421860218048096,0.2806916832923889,-6.176939010620117,6.1053667068481445,2.3522918224334717,0.004240000154823065,0.9999997615814209,2.384186927884002e-7,13.140715599060059,13.112028121948242,13.162911415100098,0.8536953926086426,0.8731876611709595,2.342289686203003,0,4800,0.05791204795241356,3.1585261821746826
1787297076001,2105,4,2,1,4797.34033203125,195.9419708251953,1038.3585205078125,4.841172695159912,1.0391632318496704,4.939659118652344,-0.4555724859237671,-5.5636515617370605,7.508447647094727,2.3524415493011475,0.005082674790173769,0.9999997615814209,2.384186927884002e-7,13.141007423400879,13.120902061462402,13.159151077270508,0.8544091582298279,0.8724440336227417,2.340083360671997,0,4800,0.05809783190488815,3.512113094329834
1787297076021,2106,4,2,1,4792.24951171875,-315.3691711425781,978.6566162109375,4.906944751739502,1.073091745376587,4.9315361976623535,0.34517747163772583,-6.269111633300781,7.754824161529541,2.35111141204834,0.005578755866736174,0.9999997615814209,2.384186927884002e-7,13.137717247009277,13.112870216369629,13.158428192138672,0.8533090949058533,0.8610266447067261,2.340083360671997,0,4800,0.05827735736966133,3.5540316104888916
1787297076041,2107,4,2,1,4797.22998046875,135.14353942871094,1013.5396118164062,4.5810041427612305,0.9165515899658203,4.62844181060791,0.15092134475708008,-6.282954692840576,7.622296333312988,2.352935552597046,0.0047306218184530735,0.9999997615814209,2.384186927884002e-7,13.14327335357666,13.121337890625,13.158464431762695,0.8536521196365356,0.8702344298362732,2.344494581222534,0,4800,0.058456841856241226,3.2868354320526123
1787297076061,2108,4,2,1,4794.5908203125,-88.47343444824219,1069.5982666015625,4.691352844238281,1.0397419929504395,4.959064483642578,-0.1774233728647232,-6.386887550354004,7.207615375518799,2.350965976715088,0.005646117497235537,0.9999997615814209,2.384186927884002e-7,13.136749267578125,13.106779098510742,13.153995513916016,0.8551112413406372,0.8693535923957825,2.3334672451019287,0,4800,0.058634202927351,3.3719327449798584
1787297076081,2109,4,2,1,4796.43994140625,36.56400680541992,799.634033203125,4.555804252624512,1.1429405212402344,4.646125316619873,-0.016627764329314232,-5.909405708312988,5.769779205322266,2.3503081798553467,0.005026520229876041,0.9999997615814209,2.384186927884002e-7,13.13613510131836,13.11240291595459,13.155732154846191,0.8535128831863403,0.8645593523979187,2.33567214012146,0,4800,0.058795809745788574,3.3061962127685547
1787297076101,2110,4,2,1,4797.40771484375,222.35679626464844,1068.6214599609375,5.263229846954346,1.1561579704284668,5.037450313568115,-0.1072370633482933,-6.159250736236572,6.441772937774658,2.3477871417999268,0.004537330940365791,0.9999997615814209,2.384186927884002e-7,13.135964393615723,13.113933563232422,13.156411170959473,0.8536196947097778,0.8700108528137207,2.33567214012146,0,4800,0.058987412601709366,3.8249077796936035
1787297076121,2111,4,2,1,4793.4814453125,-245.0269012451172,950.7935180664062,4.459258079528809,0.9183325171470642,4.786173343658447,-0.04329821094870567,-6.282942295074463,6.777935981750488,2.351423501968384,0.00670786714181304,0.9999997615814209,2.384186927884002e-7,13.13838005065918,13.112405776977539,13.157837867736816,0.8544723987579346,0.8756654262542725,2.33567214012146,0,4800,0.05915021896362305,3.205106019973755
1787297076141,2112,4,2,1,4797.85498046875,172.20907592773438,1032.6011962890625,4.56365966796875,1.2651456594467163,4.637928009033203,-0.08201683312654495,-6.255599021911621,7.262395858764648,2.3488504886627197,0.005890823435038328,0.9999997615814209,2.384186927884002e-7,13.138928413391113,13.109724044799805,13.157437324523926,0.8540292382240295,0.8734886646270752,2.3334672451019287,0,4800,0.05932311713695526,3.2903263568878174
1787297076161,2113,4,2,1,4794.30908203125,-80.42557525634766,863.2985229492188,5.002690315246582,1.1987628936767578,5.162609577178955,0.029301023110747337,-6.273475170135498,7.3571553230285645,2.34958553314209,0.005360064562410116,0.9999997615814209,2.384186927884002e-7,13.136756896972656,13.113543510437012,13.15231990814209,0.8548879027366638,0.8721379637718201,2.340083360671997,0,4800,0.05950715020298958,3.634979009628296
1787297076181,2114,4,2,1,4795.02685546875,-107.2700424194336,992.5633544921875,4.538888454437256,0.8731146454811096,4.6853251457214355,-0.052227504551410675,-6.757954120635986,6.839630603790283,2.350465774536133,0.003757428377866745,0.9999997615814209,2.384186927884002e-7,13.133522033691406,13.103249549865723,13.151801109313965,0.8538177013397217,0.8670636415481567,2.3444957733154297,0,4800,0.059664562344551086,3.2703425884246826
1787297076201,2115,4,2,1,4797.98828125,222.28402709960938,982.5617065429688,4.688796043395996,0.9369670152664185,4.825179100036621,0.07332414388656616,-6.291295528411865,6.216439723968506,2.3493754863739014,0.00430150143802166,0.9999997615814209,2.384186927884002e-7,13.137115478515625,13.108355522155762,13.160990715026855,0.8551639318466187,0.8683567643165588,2.340083360671997,0,4800,0.05984679237008095,3.366241693496704
1787297076221,2116,4,2,1,4794.08251953125,-195.19424438476562,905.57080078125,4.806455612182617,1.2104490995407104,4.854081153869629,-0.06641524285078049,-6.1808576583862305,6.816747188568115,2.3516080379486084,0.003910526167601347,0.9999997615814209,2.384186927884002e-7,13.134209632873535,13.114733695983887,13.160080909729004,0.853191077709198,0.8622260689735413,2.342289686203003,0,4800,0.05999989062547684,3.4892780780792236
1787297076242,2117,4,2,1,4798.158203125,218.87074279785156,885.148193359375,4.65224552154541,1.1885075569152832,4.764822483062744,-0.2563215494155884,-5.7744903564453125,7.6509108543396,2.3504996299743652,0.004526482429355383,0.9999997615814209,2.384186927884002e-7,13.13648509979248,13.103018760681152,13.158666610717773,0.8541415333747864,0.8754079341888428,2.337878465652466,0,4800,0.060173481702804565,3.373049736022949
1787297076262,2118,4,2,1,4795.400390625,-22.102495193481445,1066.662353515625,5.0627875328063965,1.1382637023925781,5.031604766845703,0.2027849406003952,-6.303249359130859,7.577518939971924,2.3492848873138428,0.005297879688441753,0.9999997615814209,2.384186927884002e-7,13.135506629943848,13.108007431030273,13.159710884094238,0.8544697165489197,0.8725979328155518,2.3334672451019287,0,4800,0.06033938750624657,3.6372604370117188
1787297076282,2119,4,2,1,4795.2099609375,-125.36553955078125,935.4032592773438,4.813814163208008,1.2102934122085571,4.620360374450684,-0.7559947967529297,-5.610488414764404,6.052839756011963,2.351677656173706,0.006190727464854717,0.9999997615814209,2.384186927884002e-7,13.132855415344238,13.107680320739746,13.154091835021973,0.8519680500030518,0.863213300704956,2.340083360671997,0,4800,0.06048591807484627,3.506042003631592
1787297076302,2120,4,2,1,4797.99267578125,225.6455535888672,1040.695068359375,4.975505828857422,1.3582072257995605,4.931337356567383,-0.17246754467487335,-5.93937873840332,6.710807800292969,2.3482818603515625,0.0046790242195129395,0.9999997615814209,2.384186927884002e-7,13.132122993469238,13.107892990112305,13.1528959274292,0.8545705676078796,0.8722974061965942,2.33567214012146,0,4800,0.06066571921110153,3.6225597858428955
1787297076322,2121,4,2,1,4792.82421875,-351.38250732421875,950.7882690429688,4.68795919418335,1.151771903038025,4.770653247833252,0.9255988597869873,-5.449428081512451,7.539552688598633,2.3489866256713867,0.004029534291476011,0.9999997615814209,2.384186927884002e-7,13.131884574890137,13.108468055725098,13.155534744262695,0.8533547520637512,0.872061550617218,2.33567214012146,0,4800,0.06080562248826027,3.5219035148620605
1787297076342,2122,4,2,1,4797.97607421875,146.3286590576172,911.9541625976562,4.639047145843506,1.2738707065582275,4.620829105377197,-0.2373766005039215,-6.401225566864014,4.437783718109131,2.352200984954834,0.005048253573477268,0.9999997615814209,2.384186927884002e-7,13.133444786071777,13.110857009887695,13.155633926391602,0.8534096479415894,0.8745367527008057,2.337878465652466,0,4800,0.0609595887362957,3.3741672039031982
1787297076362,2123,4,2,1,4797.06103515625,176.0032196044922,1053.06591796875,4.96602725982666,1.2271721363067627,5.191464900970459,-0.1268569678068161,-6.437990188598633,7.436768054962158,2.3468165397644043,0.005170135293155909,0.9999997615814209,2.384186927884002e-7,13.130487442016602,13.101653099060059,13.142149925231934,0.8562765121459961,0.8716381192207336,2.329054832458496,0,4800,0.061142995953559875,3.626155376434326
1787297076382,2124,4,2,1,4794.58984375,-222.33543395996094,1015.1749877929688,4.74548864364624,0.9590542316436768,4.602540493011475,0.35029280185699463,-6.133572101593018,6.966488838195801,2.34822678565979,0.0035668008495122194,0.9999997615814209,2.384186927884002e-7,13.132211685180664,13.099150657653809,13.149747848510742,0.8521596193313599,0.8670772314071655,2.340083360671997,0,4800,0.06126207113265991,3.4094228744506836
1787297076402,2125,4,2,1,4798.705078125,266.6567687988281,939.3674926757812,4.604623317718506,0.9636296033859253,4.849002361297607,-0.5232791900634766,-6.554429531097412,6.637143135070801,2.3483598232269287,0.004208484664559364,0.9999997615814209,2.384186927884002e-7,13.133076667785645,13.109758377075195,13.15007495880127,0.8554744124412537,0.8711978197097778,2.340083360671997,0,4800,0.06143695116043091,3.318368911743164
1787297076423,2126,4,2,1,4793.40380859375,-266.8892517089844,919.358642578125,4.875977516174316,1.051048994064331,4.975483417510986,0.5058475732803345,-5.0477471351623535,6.815583229064941,2.3486714363098145,0.0058391341008245945,0.9999997615814209,2.384186927884002e-7,13.127973556518555,13.101278305053711,13.153192520141602,0.8556647896766663,0.8706491589546204,2.337878465652466,0,4800,0.06159227341413498,3.518554449081421
1787297076443,2127,4,2,1,4797.1083984375,50.42354965209961,939.4087524414062,4.764883995056152,1.2158130407333374,4.652098655700684,0.0841473788022995,-5.828516006469727,7.336839199066162,2.352426052093506,0.005440089385956526,0.9999997615814209,2.384186927884002e-7,13.131896018981934,13.109776496887207,13.160338401794434,0.8529492616653442,0.862715482711792,2.337878465652466,0,4800,0.06172586977481842,3.4486753940582275
1787297076463,2128,4,2,1,4797.0869140625,142.82998657226562,1092.1634521484375,5.16084623336792,1.193372130393982,5.07145357131958,-0.3644469380378723,-5.973402500152588,6.336221218109131,2.3511314392089844,0.005784146953374147,0.9999997615814209,2.384186927884002e-7,13.12964153289795,13.102129936218262,13.147407531738281,0.8547598719596863,0.875148355960846,2.340083360671997,0,4800,0.06190415099263191,3.7254867553710938
1787297076483,2129,4,2,1,4794.51220703125,-236.45692443847656,978.4077758789062,4.320134162902832,1.076956868171692,4.614566802978516,0.27234089374542236,-5.157418727874756,5.9767069816589355,2.3507840633392334,0.005097150336951017,0.9999997615814209,2.384186927884002e-7,13.129432678222656,13.103795051574707,13.1469087600708,0.8546484112739563,0.8709170818328857,2.337878465652466,0,4800,0.06203358620405197,3.1024856567382812
1787297076503,2130,4,2,1,4798.736328125,235.56813049316406,933.3522338867188,4.904428958892822,1.2291638851165771,4.784590244293213,-0.3302355110645294,-6.572351932525635,6.997391700744629,2.350145101547241,0.005224902648478746,0.9999997615814209,2.384186927884002e-7,13.130231857299805,13.09860610961914,13.148337364196777,0.8533269166946411,0.8686390519142151,2.3334672451019287,0,4800,0.06218741089105606,3.572481393814087
1787297076524,2131,4,2,1,4794.52880859375,-148.26400756835938,1082.53564453125,4.963966369628906,1.046257734298706,5.212922096252441,-0.003090307116508484,-6.306604862213135,7.3369951248168945,2.3498122692108154,0.005416091997176409,0.9999997615814209,2.384186927884002e-7,13.126803398132324,13.100744247436523,13.145062446594238,0.8563969731330872,0.8743955492973328,2.33567214012146,0,4800,0.06233781948685646,3.583479642868042
1787297076543,2132,4,2,1,4798.02392578125,56.852394104003906,960.5603637695312,4.285743713378906,1.2102890014648438,4.4124908447265625,0.32295456528663635,-6.168450355529785,6.281720161437988,2.351463794708252,0.004548825789242983,0.9999997615814209,2.384186927884002e-7,13.128287315368652,13.103979110717773,13.146778106689453,0.8542839884757996,0.8742735981941223,2.3400847911834717,0,4800,0.06245165318250656,3.0688021183013916
1787297076563,2133,4,2,1,4797.5341796875,182.042724609375,1006.8492431640625,5.200779438018799,1.2106778621673584,5.163344860076904,-0.35568708181381226,-6.153149127960205,7.584425449371338,2.3490967750549316,0.006408677436411381,0.9999997615814209,2.384186927884002e-7,13.12766170501709,13.102815628051758,13.151418685913086,0.8550342321395874,0.8750583529472351,2.3334672451019287,0,4800,0.0626201331615448,3.7930619716644287
1787297076583,2134,4,2,1,4793.99560546875,-223.6573028564453,953.7723999023438,4.816796779632568,0.8720572590827942,4.914781093597412,0.1200823187828064,-6.595505237579346,7.581903457641602,2.3488733768463135,0.003962261136621237,0.9999997615814209,2.384186927884002e-7,13.124025344848633,13.096314430236816,13.141587257385254,0.8551435470581055,0.8712369799613953,2.340083360671997,0,4800,0.06276979297399521,3.4855854511260986
1787297076604,2135,4,2,1,4798.87890625,128.98199462890625,1025.143798828125,4.469090938568115,1.3369189500808716,4.242427825927734,0.20069986581802368,-6.056246280670166,7.304158687591553,2.3489575386047363,0.00411263620480895,0.9999997615814209,2.384186927884002e-7,13.132855415344238,13.10430908203125,13.14997386932373,0.8516597747802734,0.8690599799156189,2.329054832458496,0,4800,0.06288109719753265,3.378605842590332
1787297076624,2136,4,2,1,4795.0830078125,-96.68867492675781,1015.8450317382812,5.1766886711120605,1.3622268438339233,5.111749649047852,-0.09280320256948471,-5.672905921936035,7.264691352844238,2.3484370708465576,0.004974974785000086,0.9999997615814209,2.384186927884002e-7,13.124896049499512,13.09613037109375,13.145562171936035,0.8543990850448608,0.8738067150115967,2.337878465652466,0,4800,0.06302747130393982,3.7755396366119385
1787297076644,2137,4,2,1,4796.30126953125,-33.0450553894043,938.0226440429688,4.668872356414795,1.086707353591919,4.741876125335693,0.057451579719781876,-6.330265998840332,7.525542259216309,2.3496973514556885,0.00455056969076395,0.9999997615814209,2.384186927884002e-7,13.121354103088379,13.092849731445312,13.141725540161133,0.8551673293113708,0.8671557903289795,2.3400847911834717,0,4800,0.06316670030355453,3.390044689178467
1787297076664,2138,4,2,1,4799.36767578125,228.2111053466797,1013.8099975585938,4.705567836761475,1.013821005821228,4.624598026275635,0.12094476073980331,-6.062039852142334,7.319840431213379,2.3501856327056885,0.004548938013613224,0.9999997615814209,2.384186927884002e-7,13.126391410827637,13.106630325317383,13.148361206054688,0.8544687032699585,0.8724656105041504,2.33567214012146,0,4800,0.06329069286584854,3.3759992122650146
1787297076684,2139,4,2,1,4794.701171875,-220.8723602294922,868.7481079101562,4.732905864715576,1.137052059173584,4.793535232543945,-0.14217737317085266,-5.155772686004639,6.165219783782959,2.349997043609619,0.004698480013757944,0.9999997615814209,2.384186927884002e-7,13.124820709228516,13.096744537353516,13.15083122253418,0.8540429472923279,0.868640661239624,2.3356735706329346,0,4800,0.06341157853603363,3.4269893169403076
1787297076704,2140,4,2,1,4798.2265625,165.0893096923828,865.5296020507812,4.890442371368408,1.3061844110488892,4.802568435668945,-0.23809677362442017,-6.383521556854248,6.417747497558594,2.3466811180114746,0.005156727973371744,0.9999997615814209,2.384186927884002e-7,13.124675750732422,13.092211723327637,13.144969940185547,0.8543946743011475,0.8692888021469116,2.333466053009033,0,4800,0.06356168538331985,3.5688540935516357
1787297076725,2141,4,2,1,4796.2978515625,-30.172550201416016,1068.774658203125,4.884856700897217,1.0935285091400146,4.9216508865356445,0.29837870597839355,-6.214966773986816,6.875366687774658,2.3476765155792236,0.004844107665121555,0.9999997615814209,2.384186927884002e-7,13.126025199890137,13.103314399719238,13.147452354431152,0.8553452491760254,0.871650755405426,2.337878465652466,0,4800,0.06368879973888397,3.520803689956665
1787297076745,2142,4,2,1,4795.55810546875,-186.27847290039062,1057.1468505859375,4.51955509185791,0.8769375085830688,4.552648544311523,-0.07760366797447205,-6.001731872558594,6.690282344818115,2.34944748878479,0.004727460443973541,0.9999997615814209,2.384186927884002e-7,13.12264347076416,13.095580101013184,13.136933326721191,0.8535245060920715,0.8737795948982239,2.33567214012146,0,4800,0.06379404664039612,3.245941638946533
1787297076764,2143,4,2,1,4798.365234375,216.88768005371094,915.646728515625,4.84112548828125,1.3471041917800903,4.991899490356445,0.040341686457395554,-6.609597206115723,7.70810079574585,2.3461670875549316,0.005077602807432413,0.9999997615814209,2.384186927884002e-7,13.119422912597656,13.096534729003906,13.135828018188477,0.8568410277366638,0.8767607808113098,2.3334672451019287,0,4800,0.06396108865737915,3.516986846923828
1787297076785,2144,4,2,1,4794.08447265625,-288.1571350097656,922.6168212890625,4.849974155426025,1.1561262607574463,4.8005218505859375,0.39045047760009766,-6.6973066329956055,7.354892730712891,2.348442792892456,0.005119880195707083,0.9999997615814209,2.384186927884002e-7,13.121145248413086,13.096602439880371,13.141278266906738,0.8538717031478882,0.8658750653266907,2.33567214012146,0,4800,0.06407235562801361,3.5056118965148926
1787297076805,2145,4,2,1,4798.8291015625,149.21632385253906,970.4365234375,4.567770004272461,0.9159817099571228,4.664150714874268,-0.6251094341278076,-6.06061315536499,5.338959693908691,2.348771333694458,0.004544914234429598,0.9999997615814209,2.384186927884002e-7,13.124143600463867,13.102237701416016,13.142733573913574,0.854412317276001,0.8721582293510437,2.337878465652466,0,4800,0.06419269740581512,3.2975499629974365
1787297076825,2146,4,2,1,4798.25146484375,187.7823028564453,1094.0316162109375,4.8296284675598145,1.2196547985076904,5.050386428833008,0.11322402209043503,-5.618791580200195,7.122251987457275,2.3479902744293213,0.0035742498002946377,0.9999997615814209,2.384186927884002e-7,13.121820449829102,13.090578079223633,13.136350631713867,0.8576704263687134,0.8758085370063782,2.340083360671997,0,4800,0.06433796137571335,3.5098135471343994
1787297076845,2147,4,2,1,4795.41552734375,-209.9913330078125,973.0921020507812,4.5254740715026855,1.1303822994232178,4.594464302062988,0.09557013213634491,-6.059945583343506,7.554408550262451,2.3500425815582275,0.004760534502565861,0.9999997615814209,2.384186927884002e-7,13.121747970581055,13.090363502502441,13.143877029418945,0.8533627986907959,0.8652625679969788,2.340083360671997,0,4800,0.06442980468273163,3.27895450592041
1787297076865,2148,4,2,1,4798.8798828125,231.58157348632812,965.301513671875,4.694542407989502,1.1341756582260132,4.898834705352783,-0.38341453671455383,-6.3537445068359375,7.462212562561035,2.346493721008301,0.005312102381139994,0.9999997615814209,2.384186927884002e-7,13.120762825012207,13.099261283874512,13.140251159667969,0.8563281893730164,0.8721863627433777,2.3356735706329346,0,4800,0.06458105891942978,3.3865275382995605
1787297076885,2149,4,2,1,4794.01904296875,-310.38330078125,937.4364013671875,4.469662666320801,1.0054625272750854,4.791594982147217,0.4921989142894745,-5.4393391609191895,7.177521705627441,2.3487203121185303,0.004280174616724253,0.9999997615814209,2.384186927884002e-7,13.118711471557617,13.086190223693848,13.142251014709473,0.8568709492683411,0.8719205856323242,2.333466053009033,0,4800,0.06469705700874329,3.193234443664551
1787297076905,2150,4,2,1,4798.41259765625,83.18387603759766,818.6016235351562,4.585878372192383,1.1884220838546753,4.539774417877197,-0.38172250986099243,-5.8394775390625,6.310700416564941,2.348060131072998,0.005318793468177319,0.9999997615814209,2.384186927884002e-7,13.122711181640625,13.097067832946777,13.145913124084473,0.8533434867858887,0.8668551445007324,2.3334672451019287,0,4800,0.06480036675930023,3.340057373046875
1787297076925,2151,4,2,1,4797.38427734375,123.87985229492188,1078.4410400390625,5.181997299194336,1.1048322916030884,5.171109199523926,-0.2031237781047821,-6.084953784942627,6.597175121307373,2.3450393676757812,0.00442085973918438,0.9999997615814209,2.384186927884002e-7,13.119479179382324,13.088726043701172,13.136198043823242,0.8559157252311707,0.8724550604820251,2.3334672451019287,0,4800,0.0649491399526596,3.7687909603118896
1787297076946,2152,4,2,1,4795.22412109375,-237.71543884277344,1025.6214599609375,4.323461532592773,1.1698366403579712,4.576895236968994,0.29622146487236023,-6.005956172943115,5.995193958282471,2.3509387969970703,0.006143719423562288,0.9999997615814209,2.384186927884002e-7,13.12152099609375,13.090303421020508,13.142354965209961,0.854729175567627,0.8757814764976501,2.3334672451019287,0,4800,0.06504974514245987,3.094935417175293
1787297076966,2153,4,2,1,4799.234375,244.71165466308594,903.6763305664062,4.67717170715332,1.261879563331604,4.857664108276367,-0.411747008562088,-6.814820289611816,7.500048637390137,2.345963478088379,0.0050590187311172485,0.9999997615814209,2.384186927884002e-7,13.120535850524902,13.098015785217285,13.137473106384277,0.8554321527481079,0.8733822107315063,2.3312597274780273,0,4800,0.06518907845020294,3.399930000305176
1787297076987,2154,4,2,1,4794.5380859375,-173.08738708496094,891.6492919921875,5.082634925842285,0.9659034609794617,5.179166316986084,0.22497808933258057,-6.301511764526367,7.271919250488281,2.3440957069396973,0.004475985188037157,0.9999997615814209,2.384186927884002e-7,13.115612030029297,13.085648536682129,13.134846687316895,0.8567342758178711,0.8707906007766724,2.33567214012146,0,4800,0.06532856076955795,3.704007148742676
1787297077006,2155,4,2,1,4798.232421875,34.51482009887695,990.6810302734375,4.286868572235107,0.9339805245399475,4.4245781898498535,0.30877363681793213,-6.014315605163574,6.744822025299072,2.3491365909576416,0.004863589070737362,0.9999997615814209,2.384186927884002e-7,13.119747161865234,13.090096473693848,13.144808769226074,0.8551782965660095,0.8708482384681702,2.33567214012146,0,4800,0.06542105227708817,3.063771963119507
1787297077026,2156,4,2,1,4798.93603515625,227.9918212890625,1076.521728515625,4.913945198059082,1.176885724067688,4.9819159507751465,-0.41638293862342834,-5.70855188369751,6.433413028717041,2.347532033920288,0.005596160888671875,0.9999997615814209,2.384186927884002e-7,13.11809253692627,13.092681884765625,13.132830619812012,0.8560905456542969,0.8735331296920776,2.3356709480285645,0,4800,0.06556174159049988,3.5618107318878174
1787297077046,2157,4,2,1,4794.43017578125,-260.4356384277344,945.4325561523438,4.605563640594482,1.1309230327606201,4.860316276550293,0.33753541111946106,-5.851810455322266,7.803843021392822,2.348541736602783,0.005441471002995968,0.9999997615814209,2.384186927884002e-7,13.115182876586914,13.085848808288574,13.137483596801758,0.8558186292648315,0.8633435368537903,2.3334672451019287,0,4800,0.0656764954328537,3.3365249633789062
1787297077066,2158,4,2,1,4798.67041015625,98.44463348388672,1023.8385009765625,4.989537239074707,1.147365927696228,4.408697128295898,0.3967483937740326,-6.690042018890381,7.244729042053223,2.349663257598877,0.005090171936899424,0.9999997615814209,2.384186927884002e-7,13.118815422058105,13.0943021774292,13.1368989944458,0.8522542715072632,0.8705129027366638,2.33567214012146,0,4800,0.06578197330236435,3.585602283477783
1787297077086,2159,4,2,1,4795.78466796875,-96.35121154785156,1069.9444580078125,4.854775428771973,1.1042717695236206,5.036439895629883,-0.17784468829631805,-6.551514625549316,6.666940689086914,2.3481404781341553,0.005786714609712362,0.9999997615814209,2.384186927884002e-7,13.115265846252441,13.090500831604004,13.128547668457031,0.8562670946121216,0.8697100877761841,2.337878465652466,0,4800,0.06590671092271805,3.5047566890716553
1787297077107,2160,4,2,1,4797.51416015625,27.76143455505371,855.5993041992188,4.655090808868408,1.1810638904571533,4.722235202789307,0.11896057426929474,-5.93820333480835,6.694486618041992,2.3470611572265625,0.004497398156672716,0.9999997615814209,2.384186927884002e-7,13.11280632019043,13.084757804870605,13.138493537902832,0.855362057685852,0.8655551671981812,2.340083360671997,0,4800,0.06602301448583603,3.3881635665893555
1787297077127,2161,4,2,1,4799.626953125,260.73553466796875,1099.6402587890625,5.232896327972412,1.257001280784607,4.871613025665283,-0.043877825140953064,-5.9707231521606445,6.634542465209961,2.346853017807007,0.004640838596969843,0.9999997615814209,2.384186927884002e-7,13.115565299987793,13.090509414672852,13.137840270996094,0.8543015122413635,0.8741828799247742,2.331261157989502,0,4800,0.06614350527524948,3.7929117679595947
1787297077147,2162,4,2,1,4794.8916015625,-262.28814697265625,917.8621215820312,4.310425758361816,0.9213463068008423,4.752007007598877,-0.14419963955879211,-5.822378635406494,6.056845664978027,2.3495194911956787,0.004284480586647987,0.9999997615814209,2.384186927884002e-7,13.117470741271973,13.089642524719238,13.1381254196167,0.8558480143547058,0.8748122453689575,2.333466053009033,0,4800,0.06624141335487366,3.1013059616088867
1787297077167,2163,4,2,1,4798.8671875,166.72091674804688,983.3892822265625,4.805742263793945,1.4016185998916626,4.763411998748779,-0.09954372048377991,-6.374204158782959,7.877917766571045,2.3481247425079346,0.00411686347797513,0.9999997615814209,2.384186927884002e-7,13.113058090209961,13.092461585998535,13.12604808807373,0.8556612133979797,0.8717177510261536,2.33567214012146,0,4800,0.0663711354136467,3.490257501602173
1787297077187,2164,4,2,1,4796.3671875,-57.99178695678711,991.5324096679688,5.045286655426025,1.0531173944473267,5.007941722869873,0.18397192656993866,-6.351629734039307,6.694812774658203,2.348607301712036,0.004269887693226337,0.9999997615814209,2.384186927884002e-7,13.11535358428955,13.089486122131348,13.13112735748291,0.8556349277496338,0.8697637319564819,2.340083360671997,0,4800,0.06648073345422745,3.6635494232177734
1787297077207,2165,4,2,1,4796.12451171875,-157.6470947265625,1009.870849609375,4.7531962394714355,0.8695713877677917,4.646555423736572,0.018088264390826225,-6.423593044281006,6.425666809082031,2.3498387336730957,0.004102224949747324,0.9999997615814209,2.384186927884002e-7,13.112360000610352,13.080723762512207,13.133744239807129,0.8542267084121704,0.8696244359016418,2.337878465652466,0,4800,0.06656976789236069,3.4266726970672607
1787297077227,2166,4,2,1,4799.55859375,250.7747344970703,959.74658203125,4.674285888671875,1.1136714220046997,4.852659702301025,0.13461558520793915,-5.4895148277282715,6.715569496154785,2.348006010055542,0.0053568510338664055,0.9999997615814209,2.384186927884002e-7,13.1138277053833,13.089733123779297,13.130782127380371,0.8572459816932678,0.8737488389015198,2.33567214012146,0,4800,0.06670449674129486,3.3745555877685547
1787297077248,2167,4,2,1,4795.02099609375,-226.39990234375,944.7294311523438,4.953080654144287,1.1195443868637085,4.898317337036133,0.046744998544454575,-5.91728401184082,7.300054550170898,2.3513903617858887,0.0051687550731003284,0.9999997615814209,2.384186927884002e-7,13.109434127807617,13.082627296447754,13.13547420501709,0.8543558716773987,0.8637869954109192,2.3444957733154297,0,4800,0.06680234521627426,3.6081976890563965
1787297077267,2168,4,2,1,4798.99755859375,175.65338134765625,953.8868408203125,4.587495803833008,1.1656588315963745,4.79786491394043,-0.37433868646621704,-6.366524696350098,7.779201984405518,2.3499162197113037,0.004263968672603369,0.9999997615814209,2.384186927884002e-7,13.11572551727295,13.088238716125488,13.129508972167969,0.855846643447876,0.8761230111122131,2.342289686203003,0,4800,0.06692177802324295,3.3219237327575684
1787297077288,2169,4,2,1,4797.60107421875,70.33415985107422,1104.7733154296875,4.7702250480651855,1.0745675563812256,5.03316593170166,0.2644563615322113,-6.646181106567383,7.695155143737793,2.348372459411621,0.0041470034047961235,0.9999997615814209,2.384186927884002e-7,13.113263130187988,13.084405899047852,13.132325172424316,0.8581295609474182,0.8753640055656433,2.337878465652466,0,4800,0.06704599410295486,3.4267842769622803
1787297077308,2170,4,2,1,4796.7822265625,-127.21546173095703,905.76513671875,4.544222354888916,1.1932499408721924,4.552373886108398,-0.2602069675922394,-5.955638885498047,6.575934886932373,2.3489341735839844,0.004452120512723923,0.9999997615814209,2.384186927884002e-7,13.1123046875,13.08796501159668,13.13201904296875,0.8540682792663574,0.8677332997322083,2.333466053009033,0,4800,0.06712514162063599,3.2994155883789062
1787297077327,2171,4,2,1,4798.9375,198.47911071777344,1027.866943359375,5.1501078605651855,1.3705333471298218,4.978909492492676,-0.3055352568626404,-6.140915870666504,6.4978203773498535,2.347113847732544,0.00419185496866703,0.9999997615814209,2.384186927884002e-7,13.111885070800781,13.07686996459961,13.142138481140137,0.8551665544509888,0.8704450130462646,2.333466053009033,0,4800,0.06725043058395386,3.7644455432891846
1787297077348,2172,4,2,1,4793.82470703125,-351.6446533203125,972.1888427734375,4.695934772491455,0.9915040731430054,4.869192600250244,0.6519212126731873,-6.1827263832092285,6.953487873077393,2.3493831157684326,0.004471891559660435,0.9999997615814209,2.384186927884002e-7,13.112066268920898,13.085907936096191,13.13355827331543,0.8562375903129578,0.8728790879249573,2.340083360671997,0,4800,0.06735265254974365,3.3547439575195312
1787297077368,2173,4,2,1,4799.31884765625,160.63912963867188,972.1868286132812,4.544950008392334,1.3055366277694702,4.640182018280029,-0.4836171865463257,-6.096186637878418,4.908081531524658,2.3487637042999268,0.005108427256345749,0.9999997615814209,2.384186927884002e-7,13.113631248474121,13.088204383850098,13.13110065460205,0.8551598191261292,0.8758696913719177,2.337878465652466,0,4800,0.06745744496583939,3.2808637619018555
1787297077388,2174,4,2,1,4798.3310546875,184.25831604003906,1053.546630859375,4.826691627502441,1.2800235748291016,5.2264404296875,-0.036370839923620224,-6.354017734527588,7.544106960296631,2.3452699184417725,0.005602765828371048,0.9999997615814209,2.384186927884002e-7,13.110509872436523,13.082243919372559,13.130274772644043,0.8590215444564819,0.8742727041244507,2.33567214012146,0,4800,0.06759298592805862,3.527655839920044
1787297077408,2175,4,2,1,4796.44921875,-178.21450805664062,1029.087158203125,4.632726192474365,1.0941648483276367,4.528895854949951,0.4649897813796997,-6.282771110534668,7.109278202056885,2.347559928894043,0.0038764174096286297,0.9999997615814209,2.384186927884002e-7,13.108621597290039,13.080657005310059,13.127924919128418,0.8543820381164551,0.8659647703170776,2.3334672451019287,0,4800,0.06765701621770859,3.335440158843994
1787297077428,2176,4,2,1,4799.9912109375,218.39718627929688,913.1964721679688,4.64696741104126,0.9204902052879333,4.701472282409668,-0.4623417258262634,-6.234157085418701,6.220147132873535,2.3463361263275146,0.0035572294145822525,0.9999997615814209,2.384186927884002e-7,13.113025665283203,13.089456558227539,13.131425857543945,0.8552053570747375,0.872516930103302,2.333466053009033,0,4800,0.06775665283203125,3.3496928215026855
1787297077448,2177,4,2,1,4794.1611328125,-288.4022216796875,903.725830078125,4.905488967895508,0.9583767056465149,5.078330993652344,0.48284706473350525,-5.377915382385254,6.349855422973633,2.3471033573150635,0.0054200682789087296,0.9999997615814209,2.384186927884002e-7,13.103989601135254,13.075201034545898,13.126330375671387,0.8575305938720703,0.8745357990264893,2.33567214012146,0,4800,0.06787475198507309,3.542543649673462
1787297077468,2178,4,2,1,4798.95703125,108.19674682617188,895.0750122070312,4.684625625610352,1.1463807821273804,4.598634719848633,0.0632198303937912,-5.7476396560668945,6.972783088684082,2.3482680320739746,0.004756690468639135,0.9999997615814209,2.384186927884002e-7,13.109062194824219,13.08425235748291,13.131606101989746,0.8549271821975708,0.868897557258606,2.340083360671997,0,4800,0.06796736270189285,3.399872064590454
1787297077488,2179,4,2,1,4798.3408203125,117.20887756347656,1094.9970703125,4.88517951965332,1.0237629413604736,5.00729513168335,-0.3308902680873871,-6.151937961578369,7.633305549621582,2.3466060161590576,0.0046834214590489864,0.9999997615814209,2.384186927884002e-7,13.111295700073242,13.083661079406738,13.128549575805664,0.8566262722015381,0.8763332962989807,2.33567214012146,0,4800,0.06807690113782883,3.5271387100219727
1787297077509,2180,4,2,1,4795.3525390625,-246.7173309326172,961.31005859375,4.31671142578125,1.0517303943634033,4.708497047424316,0.3300134539604187,-5.1073832511901855,5.854846477508545,2.350733518600464,0.004815112799406052,0.9999997615814209,2.384186927884002e-7,13.105799674987793,13.07490348815918,13.124852180480957,0.8569143414497375,0.873824417591095,2.3356735706329346,0,4800,0.06816932559013367,3.100144386291504
1787297077529,2181,4,2,1,4800.39697265625,273.0963439941406,944.4581909179688,4.671069145202637,1.254786729812622,4.741273880004883,-0.39764782786369324,-6.410324573516846,7.2791266441345215,2.3503129482269287,0.004296068102121353,0.9999997615814209,2.384186927884002e-7,13.105700492858887,13.075390815734863,13.126585960388184,0.8558127880096436,0.8709650039672852,2.3356735706329346,0,4800,0.0682743713259697,3.4056358337402344
1787297077549,2182,4,2,1,4795.44384765625,-181.47048950195312,1015.736328125,4.934032917022705,0.9173467755317688,5.062474250793457,0.15058505535125732,-6.0325188636779785,6.031048774719238,2.349848985671997,0.004501628689467907,0.9999997615814209,2.384186927884002e-7,13.105948448181152,13.079080581665039,13.12610149383545,0.8567047715187073,0.8740598559379578,2.337878465652466,0,4800,0.06837207823991776,3.5756428241729736
1787297077569,2183,4,2,1,4798.4169921875,12.084415435791016,979.4078369140625,4.403578281402588,1.0626437664031982,4.530910968780518,0.34031233191490173,-5.819629192352295,7.046524524688721,2.348546266555786,0.00449318578466773,0.9999997615814209,2.384186927884002e-7,13.105695724487305,13.080626487731934,13.124872207641602,0.8561668992042542,0.874340295791626,2.3334672451019287,0,4800,0.06845147907733917,3.1493124961853027
1787297077589,2184,4,2,1,4799.2099609375,224.95867919921875,1043.6759033203125,4.9674072265625,1.2976566553115845,5.0991692543029785,-0.3359309136867523,-5.751585960388184,7.952493667602539,2.3478634357452393,0.006065425928682089,0.9999997615814209,2.384186927884002e-7,13.10491943359375,13.081204414367676,13.124836921691895,0.8578972816467285,0.8780571222305298,2.3312597274780273,0,4800,0.0685792788863182,3.6178910732269287
1787297077609,2185,4,2,1,4795.34423828125,-241.22988891601562,923.9917602539062,4.728732585906982,1.094321370124817,4.811244964599609,0.33101844787597656,-6.284063339233398,7.771029472351074,2.346410036087036,0.004951143637299538,0.9999997615814209,2.384186927884002e-7,13.104122161865234,13.077970504760742,13.122690200805664,0.8558762073516846,0.8659191727638245,2.3378772735595703,0,4800,0.0686604380607605,3.4323346614837646
1787297077629,2186,4,2,1,4798.6640625,54.94062423706055,959.6615600585938,4.408421039581299,0.8407697677612305,4.59717321395874,0.21348950266838074,-6.215608596801758,7.243332386016846,2.3474485874176025,0.004167733248323202,0.9999997615814209,2.384186927884002e-7,13.109884262084961,13.085424423217773,13.123774528503418,0.8564161062240601,0.8707565069198608,2.331261157989502,0,4800,0.06874732673168182,3.1650354862213135
1787297077649,2187,4,2,1,4796.55712890625,-82.57086181640625,1073.2589111328125,4.884677886962891,1.1883535385131836,5.02146053314209,-0.19845302402973175,-6.166001319885254,6.678247451782227,2.346212148666382,0.004869053605943918,0.9999997615814209,2.384186927884002e-7,13.10357666015625,13.068503379821777,13.129077911376953,0.8568131923675537,0.8703091740608215,2.329054832458496,0,4800,0.06885028630495071,3.530378818511963
1787297077670,2188,4,2,1,4798.083984375,20.292287826538086,859.2739868164062,4.586445331573486,1.2472954988479614,4.706064701080322,0.14218641817569733,-5.791491508483887,6.760710716247559,2.3483996391296387,0.004799681715667248,0.9999997615814209,2.384186927884002e-7,13.101273536682129,13.069483757019043,13.123720169067383,0.8562190532684326,0.8673772811889648,2.3334672451019287,0,4800,0.06893938034772873,3.3406982421875
1787297077690,2189,4,2,1,4799.9765625,244.33917236328125,1094.87890625,5.128036975860596,1.0919560194015503,4.892676830291748,0.0971946120262146,-5.95870304107666,7.201967716217041,2.347869634628296,0.004969092085957527,0.9999997615814209,2.384186927884002e-7,13.102293968200684,13.077336311340332,13.123449325561523,0.8558090329170227,0.8768789768218994,2.333466053009033,0,4800,0.06903832405805588,3.7167112827301025
1787297077709,2190,4,2,1,4795.77392578125,-241.43467712402344,915.568603515625,4.307557582855225,0.9890247583389282,4.708383083343506,-0.1539197564125061,-5.967306137084961,6.036568641662598,2.347778797149658,0.004808129742741585,0.9999997615814209,2.384186927884002e-7,13.104540824890137,13.073891639709473,13.12710189819336,0.856525719165802,0.8774475455284119,2.329054832458496,0,4800,0.0691106989979744,3.1015303134918213
1787297077730,2191,4,2,1,4799.802734375,174.56195068359375,927.1755981445312,4.614486217498779,1.3390384912490845,4.672083854675293,-0.1336848884820938,-6.528825283050537,7.088927268981934,2.3455629348754883,0.004375407472252846,0.9999997615814209,2.384186927884002e-7,13.103090286254883,13.072213172912598,13.117609977722168,0.8562182784080505,0.8724509477615356,2.33567214012146,0,4800,0.06920471787452698,3.3644144535064697
1787297077750,2192,4,2,1,4796.8310546875,-57.99415969848633,983.7547607421875,5.0293660163879395,1.0892702341079712,5.056223392486572,0.19851721823215485,-6.3066205978393555,6.781307220458984,2.344306468963623,0.00462050037458539,0.9999997615814209,2.384186927884002e-7,13.101011276245117,13.067693710327148,13.12317943572998,0.8568140268325806,0.8718101978302002,2.331261157989502,0,4800,0.06929510831832886,3.6540045738220215
1787297077770,2193,4,2,1,4797.06103515625,-133.6050262451172,1031.2662353515625,4.50935697555542,0.9336032271385193,4.574207305908203,-0.12816943228244781,-6.056833744049072,6.703540802001953,2.3473494052886963,0.005357011687010527,0.9999997615814209,2.384186927884002e-7,13.100837707519531,13.074959754943848,13.120271682739258,0.8555787801742554,0.8748725652694702,2.3334672451019287,0,4800,0.06936643272638321,3.2447781562805176
1787297077790,2194,2,2,2,4774.408203125,-1122.4952392578125,1248.0216064453125,0.5825452208518982,1.428342342376709,0.5561168789863586,0.0894315093755722,-5.533348560333252,7.6026387214660645,2.005038261413574,0.14200709760189056,0.13508513569831848,0.2566617727279663,13.206851959228516,13.125981330871582,13.251895904541016,0.802960216999054,0.8289183378219604,1.8592398166656494,0,4800,0,0.3611094355583191
1787297077810,2195,2,2,2,4702.1142578125,-3753.777587890625,1743.6893310546875,-0.20626579225063324,1.058422565460205,0.06761081516742706,0.5921153426170349,-5.783201694488525,5.602097034454346,1.7445383071899414,0.11314079165458679,0.016423197463154793,0.06405047327280045,13.244428634643555,13.210208892822266,13.264538764953613,0.7532154321670532,0.7782383561134338,1.64969801902771,0,4800,0,-0.2023972123861313
1787297077830,2196,2,2,2,4621.13525390625,-3897.60302734375,1844.8416748046875,0.18361809849739075,1.0011787414550781,0.008219895884394646,-0.35196059942245483,-6.542088031768799,5.654618263244629,1.5696181058883667,0.07858801633119583,0.0019966771360486746,0.011780396103858948,13.270857810974121,13.239108085632324,13.297796249389648,0.7094165086746216,0.7315928339958191,1.5085334777832031,0,4800,0,0.05384277179837227
1787297077850,2197,2,2,2,4510.955078125,-5385.21533203125,1830.3856201171875,-0.17229895293712616,1.094765067100525,0.0009993473067879677,0.07276342064142227,-5.4010491371154785,5.895321846008301,1.4328817129135132,0.06190000846982002,0.0002427492872811854,0.0019177196081727743,13.282525062561035,13.25319766998291,13.307570457458496,0.6684993505477905,0.6961624622344971,1.369573950767517,0,4800,0,-0.15535137057304382
1787297077871,2198,2,2,2,4395.3544921875,-5874.1220703125,1769.6097412109375,-0.1435898393392563,1.0993419885635376,0.00012149728718213737,0.11815469712018967,-4.941354274749756,6.141141891479492,1.3181630373001099,0.05215979740023613,0.000029512644687201828,0.0002921752166002989,13.297906875610352,13.281578063964844,13.314153671264648,0.6314544081687927,0.6488009095191956,1.268110990524292,0,4800,0,-0.13124047219753265
1787297077891,2199,2,2,2,4287.84814453125,-5274.859375,1460.802001953125,0.05705881863832474,0.8884621262550354,0.000014771233509236481,-0.4098438322544098,-5.220113754272461,4.835452079772949,1.2221925258636475,0.04311954602599144,0.000003588048912206432,0.00004269777127774432,13.306388854980469,13.289546966552734,13.327571868896484,0.5975410342216492,0.6164566278457642,1.18208909034729,0,4800,0,-0.006855705287307501
1787297077911,2200,2,2,2,4170.29052734375,-5713.82666015625,1695.9202880859375,-0.0049622016958892345,0.8991676568984985,0.0000017958373064175248,0.09031282365322113,-4.458704471588135,4.735564708709717,1.1365139484405518,0.038295309990644455,4.3622296175271913e-7,0.000006063497949071461,13.30829906463623,13.29206371307373,13.32926082611084,0.5655231475830078,0.581631064414978,1.0938609838485718,0,4800,0,-0.03808864206075668
1787297077931,2201,2,2,2,4050.57861328125,-6128.57958984375,1780.5631103515625,0.012097012251615524,0.8965376019477844,2.1833187702213763e-7,0.060450322926044464,-3.8797450065612793,3.9302000999450684,1.0639585256576538,0.033016957342624664,5.303452255134289e-8,8.432486993115162e-7,13.315329551696777,13.29118537902832,13.337285041809082,0.5342161655426025,0.5479848980903625,1.0254836082458496,0,4800,0,-0.020929163321852684
1787297077951,2202,2,2,2,3944.385986328125,-5493.79296875,1885.267578125,-0.08780951052904129,0.8619099855422974,2.6544055842236958e-8,0.2827538251876831,-3.619166135787964,3.590322494506836,0.9997726082801819,0.029060721397399902,6.447760103611699e-9,1.1541487054955724e-7,13.327102661132812,13.304253578186035,13.34660530090332,0.5076273679733276,0.5240349769592285,0.9703423976898193,0,4800,0,-0.06934326887130737
1787297077971,2203,2,2,2,3849.488525390625,-4461.705078125,2011.934326171875,0.09587699919939041,0.6692211627960205,3.22713655798168e-9,-0.31821930408477783,-4.483313083648682,3.401949405670166,0.9461005330085754,0.02424778789281845,7.838970028650749e-10,1.55995465433989e-8,13.329794883728027,13.307827949523926,13.345235824584961,0.481244295835495,0.4963056743144989,0.9218171834945679,0,4800,0,0.02553175389766693
1787297077991,2204,2,2,2,3751.378662109375,-4347.26025390625,1814.415771484375,0.08908121287822723,0.5700639486312866,3.923444069631188e-10,-0.24998851120471954,-3.3603909015655518,3.447500467300415,0.8964963555335999,0.02174951136112213,9.530357059084338e-11,2.0871475658879035e-9,13.335261344909668,13.311710357666016,13.35056209564209,0.45579829812049866,0.47024640440940857,0.8732906579971313,0,4800,0,0.020738456398248672
1787297078011,2205,2,2,2,3650.85009765625,-4837.44873046875,2077.44580078125,-0.0402512364089489,0.5718781352043152,4.769991346353919e-11,-0.02155105583369732,-2.855475902557373,2.7593135833740234,0.8512319326400757,0.020421821624040604,1.158668994083456e-11,2.769217355425013e-10,13.336163520812988,13.314927101135254,13.348875045776367,0.4315606951713562,0.4430270493030548,0.8269703388214111,0,4800,0,-0.026453014463186264
1787297078031,2206,2,2,2,3553.519775390625,-5266.8974609375,2173.742919921875,-0.18424852192401886,0.5298651456832886,5.799195759020881e-12,0.12774303555488586,-2.265848159790039,2.3474466800689697,0.8076664805412292,0.018926197662949562,1.4086710313845896e-12,3.6484558429972225e-11,13.339228630065918,13.319974899291992,13.356185913085938,0.4088250696659088,0.42083922028541565,0.7850624918937683,0,4800,0,-0.07342544198036194
1787297078052,2207,2,2,2,3465.514892578125,-5185.27880859375,1951.9691162109375,-0.05358210578560829,0.5764409899711609,7.050467523174453e-13,0.43032506108283997,-2.2754478454589844,2.880307912826538,0.7697026133537292,0.017780112102627754,1.7126151029018405e-13,4.7781930322121635e-12,13.342804908752441,13.328023910522461,13.358757972717285,0.38781389594078064,0.4039997160434723,0.7431547045707703,0,4800,0,-0.03735129162669182
1787297078072,2208,2,2,2,3383.119140625,-4954.388671875,1794.043212890625,-0.12031305581331253,0.5769637227058411,8.571720671582059e-14,0.29640787839889526,-2.039196252822876,2.2136645317077637,0.733549177646637,0.01680949702858925,2.082140307336968e-14,6.22559512622467e-13,13.347795486450195,13.339611053466797,13.363327980041504,0.3686037063598633,0.38027527928352356,0.7100691199302673,0,4800,0,-0.05337022244930267
1787297078092,2209,2,2,2,3306.481689453125,-4623.98095703125,1759.22216796875,-0.07028087228536606,0.5957080125808716,1.0421209827428477e-14,0.1966686248779297,-2.1924779415130615,2.274296283721924,0.700144350528717,0.015426802448928356,2.531396079352103e-15,8.07514930032012e-14,13.349964141845703,13.334434509277344,13.361485481262207,0.3506859242916107,0.3635972738265991,0.6835996508598328,0,4800,0,-0.03211449831724167
1787297078112,2210,2,2,2,3231.70654296875,-4486.60302734375,1863.50146484375,-0.013213465921580791,0.5261551737785339,1.2669757888769846e-15,0.3480072617530823,-2.1027398109436035,2.3486826419830322,0.6694200038909912,0.01437278464436531,3.0775862171477254e-16,1.0433011537482571e-14,13.351507186889648,13.342860221862793,13.36433219909668,0.333256334066391,0.34519147872924805,0.6527203321456909,0,4800,0,-0.018188336864113808
1787297078132,2211,2,2,2,3161.452392578125,-4282.6435546875,1890.0059814453125,0.04771539568901062,0.5202503800392151,1.5403466199386863e-16,0.3071567714214325,-1.9226025342941284,1.9884001016616821,0.6401479244232178,0.013662723824381828,3.7416264311750027e-17,1.3432433766015907e-15,13.35811996459961,13.343574523925781,13.366860389709473,0.31684035062789917,0.33041778206825256,0.6218410134315491,0,4800,0,0.001215548487380147
1787297078152,2212,2,2,2,3092.45849609375,-4245.08984375,1790.7099609375,-0.07586639374494553,0.5315331220626831,1.8727015034898374e-17,0.21748115122318268,-1.936248779296875,1.7071950435638428,0.6132066249847412,0.013469330966472626,4.5489432939343044e-18,1.7240492726546268e-16,13.36033821105957,13.350982666015625,13.36899471282959,0.30214884877204895,0.31521129608154297,0.5975777506828308,0,4800,0,-0.02905307151377201
1787297078172,2213,2,2,2,3025.730712890625,-4385.72607421875,1829.63671875,-0.1443764716386795,0.5310195088386536,2.2767676935524463e-18,0.3386891782283783,-1.876200556755066,1.6535866260528564,0.5856397151947021,0.013904793187975883,5.530452027347116e-19,2.2066503640813782e-17,13.36434555053711,13.353131294250488,13.374022483825684,0.2875710725784302,0.30048027634620667,0.5644921660423279,0,4800,0,-0.04717666655778885
1787297078192,2214,2,2,2,2964.395263671875,-4282.01171875,2074.83837890625,-0.050170037895441055,0.5550844669342041,2.768018006734866e-19,0.3404523432254791,-1.6764861345291138,2.1966452598571777,0.5616772174835205,0.012294083833694458,6.723738901606993e-20,2.8172460582285226e-18,13.366010665893555,13.357953071594238,13.375080108642578,0.27375826239585876,0.285814493894577,0.5468462705612183,0,4800,0,-0.022807501256465912
1787297078212,2215,2,2,2,2905.17236328125,-4201.05908203125,2389.815673828125,-0.20072831213474274,0.44722890853881836,3.3652628300195244e-20,0.2133679836988449,-1.3401490449905396,1.986770510673523,0.536535918712616,0.011979904025793076,8.174496081281656e-21,3.588603663360373e-19,13.367229461669922,13.356077194213867,13.37739086151123,0.26177605986595154,0.2737148106098175,0.5159669518470764,0,4800,0,-0.05239186808466911
1787297078233,2216,2,2,2,2856.17529296875,-3428.64599609375,2534.350341796875,-0.06914792954921722,0.3832971751689911,4.091373442387223e-21,-0.022027505561709404,-1.7096843719482422,1.648913025856018,0.5170344710350037,0.009400751441717148,9.938278195688775e-22,4.5616694030349474e-20,13.369409561157227,13.362977981567383,13.3782377243042,0.2501792013645172,0.2612660825252533,0.5049371719360352,0,4800,0,-0.019572312012314796
1787297078253,2217,2,2,2,2810.218017578125,-2255.24951171875,2136.26611328125,0.002290084958076477,0.48547622561454773,4.974154486153165e-22,-0.2446926236152649,-1.471769094467163,1.4536364078521729,0.4956199526786804,0.009247886016964912,1.208262781340725e-22,5.787577162570747e-21,13.37454605102539,13.366616249084473,13.382861137390137,0.2396041303873062,0.2468399554491043,0.4762640595436096,0,4800,0,-0.004685374442487955
1787297078273,2218,2,2,2,2761.345947265625,-1265.68359375,1894.716064453125,0.05321913957595825,0.4144572913646698,6.047410223779173e-23,-0.4336083233356476,-1.471640706062317,1.9924452304840088,0.47519204020500183,0.008930040523409843,1.4689653439715478e-23,7.330135920991989e-22,13.377215385437012,13.365307807922363,13.386337280273438,0.23078595101833344,0.23432576656341553,0.4586181640625,0,4800,0,0.003950195387005806
1787297078293,2219,2,2,2,2702.829833984375,-1304.337646484375,2460.156982421875,0.10440297424793243,0.4194015860557556,7.35223806806229e-24,-0.1925159990787506,-1.346875786781311,1.7824876308441162,0.45439764857292175,0.009178020991384983,1.7859189666240846e-24,9.268916212310049e-23,13.380666732788086,13.371468544006348,13.390645027160645,0.2204822152853012,0.2258254885673523,0.4431785047054291,0,4800,0,0.01457149162888527
1787297078313,2220,2,2,2,2634.760009765625,-2659.1591796875,2042.345458984375,0.0025948588736355305,0.40709131956100464,8.938603624658047e-25,0.12510563433170319,-1.1053823232650757,1.5540478229522705,0.4348364770412445,0.008940448984503746,2.17126050901128e-25,1.170308995028205e-23,13.381280899047852,13.371720314025879,13.388729095458984,0.20984748005867004,0.2138068825006485,0.4189152419567108,0,4800,0,-0.004337024874985218
1787297078333,2221,2,2,2,2577.53662109375,-3711.451171875,1861.4176025390625,-0.0993289202451706,0.38360869884490967,1.0867254153092164e-25,0.22855092585086823,-1.32884681224823,1.5047671794891357,0.4195133447647095,0.007382007781416178,2.6397458337672324e-26,1.4756174727193918e-24,13.384778022766113,13.374978065490723,13.393462181091309,0.1994846612215042,0.21122440695762634,0.4078880250453949,0,4800,0,-0.02350587770342827
1787297078353,2222,2,2,2,2533.886962890625,-3727.397216796875,2600.006103515625,-0.11299687623977661,0.403991162776947,1.3212041196611766e-26,0.12919981777668,-1.2292698621749878,1.5673720836639404,0.4017051160335541,0.008686232380568981,3.2093141925444915e-27,1.8581924306081706e-25,13.385400772094727,13.37578296661377,13.394233703613281,0.19082148373126984,0.19967417418956757,0.38803592324256897,0,4800,0,-0.024496590718626976
1787297078373,2223,2,2,2,2507.5146484375,-1759.2735595703125,2204.217529296875,0.04829733446240425,0.3093475103378296,1.606275744094006e-27,-0.1915653496980667,-1.2675365209579468,0.9644868969917297,0.38942575454711914,0.00547416927292943,3.9017761410731e-28,2.337163904650927e-26,13.389662742614746,13.380311012268066,13.399175643920898,0.18391458690166473,0.18916335701942444,0.38362476229667664,0,4800,0,0.0038521999958902597
1787297078393,2224,2,2,2,2463.75732421875,-682.9122924804688,2372.80322265625,0.13399696350097656,0.3125492036342621,1.9528560098278492e-28,-0.2611134946346283,-1.1386381387710571,1.4272254705429077,0.37346118688583374,0.006703001447021961,4.743649110607721e-29,2.9363188229384506e-27,13.389528274536133,13.378053665161133,13.39421272277832,0.17788028717041016,0.18098503351211548,0.36156773567199707,0,4800,0,0.016935832798480988
1787297078413,2225,2,2,2,2394.01318359375,-2578.736328125,1968.4146728515625,-0.004926307126879692,0.33089080452919006,2.3742173727964848e-29,0.1227397546172142,-0.6757000088691711,1.14956533908844,0.35714519023895264,0.006276033353060484,5.767169006603158e-30,3.6852207262663105e-28,13.394250869750977,13.383085250854492,13.40212345123291,0.16879618167877197,0.1743471473455429,0.34833428263664246,0,4800,0,-0.0042657102458179
1787297078433,2226,2,2,2,2346.513916015625,-3638.774169921875,2097.448974609375,0.035716839134693146,0.4796655774116516,2.8864942749978305e-30,0.21842823922634125,-1.1390182971954346,1.053370714187622,0.34198805689811707,0.007502250839024782,7.011529929067239e-31,4.620597534415621e-29,13.395203590393066,13.389301300048828,13.3996000289917,0.1604134440422058,0.16929689049720764,0.32627594470977783,0,4800,0,-0.00013165218115318567
1787297078454,2227,2,2,2,2325.779296875,-1895.0096435546875,2259.2734375,-0.0628027468919754,0.3974003195762634,3.5093027323318545e-31,-0.20504584908485413,-1.1706079244613647,1.1020560264587402,0.3308143615722656,0.005463808309286833,8.524381754620717e-32,5.788055942544953e-30,13.397540092468262,13.389195442199707,13.4048490524292,0.15612217783927917,0.16162748634815216,0.3240697383880615,0,4800,0,-0.011116964742541313
1787297078474,2228,2,2,2,2289.072509765625,-405.8769836425781,2351.915283203125,0.13142475485801697,0.2777448892593384,4.2664925988871926e-32,-0.32410871982574463,-1.1415536403656006,0.8335404992103577,0.3179129958152771,0.005555766634643078,1.0363657781948386e-32,7.244197406716456e-31,13.397899627685547,13.390010833740234,13.403465270996094,0.15095849335193634,0.15356700122356415,0.3108362853527069,0,4800,0,0.014778395183384418
1787297078494,2229,2,2,2,2219.82763671875,-2868.93359375,1826.0477294921875,0.10330955684185028,0.3685036897659302,5.187059106151383e-33,0.17062066495418549,-0.40151119232177734,0.7992146015167236,0.302661269903183,0.0062386528588831425,1.2599789665258085e-33,9.059248728912945e-32,13.400348663330078,13.39405345916748,13.410927772521973,0.14312545955181122,0.14719392359256744,0.295396625995636,0,4800,0,0.007665031589567661
1787297078514,2230,2,2,2,2189.27197265625,-2989.49658203125,2289.690673828125,-0.1489240676164627,0.3123215138912201,6.306251226495618e-34,0.07422466576099396,-0.9388336539268494,0.8179585337638855,0.29126933217048645,0.005738958716392517,1.531840297527405e-34,1.1320297125166642e-32,13.401998519897461,13.39715576171875,13.40853214263916,0.13819071650505066,0.14612546563148499,0.28436681628227234,0,4800,0,-0.020205289125442505
1787297078534,2231,2,2,2,2167.3447265625,-573.460205078125,1774.6531982421875,0.11959879845380783,0.31986451148986816,7.666928296695018e-35,-0.18439583480358124,-0.9405782222747803,0.7671043872833252,0.27972063422203064,0.0048366934061050415,1.8623600077156394e-35,1.4135310385088391e-33,13.40488338470459,13.400589942932129,13.415230751037598,0.1343321055173874,0.1381148248910904,0.2711333632469177,0,4800,0,0.012092497199773788
1787297078554,2232,2,2,2,2103.36865234375,-2308.599365234375,1665.4820556640625,0.10047216713428497,0.34826335310935974,9.32119380538442e-36,0.0543067567050457,-0.6903528571128845,0.7295960187911987,0.26923537254333496,0.004785752855241299,2.2641946513664913e-36,1.763807577272875e-34,13.408141136169434,13.401656150817871,13.416388511657715,0.12791815400123596,0.13101869821548462,0.26010486483573914,0,4800,0,0.008659303188323975
1787297078574,2233,2,2,2,2070.492431640625,-2840.44580078125,1839.358642578125,0.009094269946217537,0.2146855890750885,1.1332395296667107e-36,0.07963203638792038,-0.7490707039833069,0.5955809354782104,0.25968989729881287,0.004729419946670532,2.7527313304330655e-37,2.199432582335042e-35,13.4100341796875,13.399747848510742,13.415848731994629,0.12270361930131912,0.13098180294036865,0.25128257274627686,0,4800,0,-0.0011373774614185095
1787297078594,2234,2,2,2,2054.849609375,-310.7596130371094,1731.4569091796875,0.10770679265260696,0.260932981967926,1.3777545201504944e-37,-0.15718865394592285,-0.7317612767219543,0.9306638836860657,0.2502965033054352,0.0043454235419631,3.346678522873645e-38,2.7409302898105602e-36,13.410110473632812,13.406044960021973,13.417957305908203,0.11993125826120377,0.12272518128156662,0.24466519057750702,0,4800,0,0.009326637722551823
1787297078614,2235,2,2,2,1990.6197509765625,-2441.939208984375,1540.8408203125,-0.017621370032429695,0.23638080060482025,1.6750279662161804e-38,0.05097663402557373,-0.5330027341842651,0.739634096622467,0.24224215745925903,0.004114002920687199,4.068779392447324e-39,3.41370700047351e-37,13.413697242736816,13.405381202697754,13.420390129089355,0.11462641507387161,0.11680438369512558,0.23584289848804474,0,4800,0,-0.0036100680008530617
1787297078635,2236,2,2,2,1968.30517578125,-2053.431884765625,1470.5926513671875,-0.1462966501712799,0.3177291750907898,2.0364425984738977e-39,0.015819666907191277,-0.7413879036903381,0.7950456142425537,0.229889914393425,0.0058915093541145325,4.946681669959107e-40,4.2492038564811584e-38,13.415122032165527,13.406861305236816,13.420228958129883,0.11019564419984818,0.11569767445325851,0.2181970179080963,0,4800,0,-0.014913732185959816
1787297078655,2237,2,2,2,1934.4586181640625,-851.86767578125,1577.5943603515625,0.11535435169935226,0.20368441939353943,2.47582813975373e-40,0.032105229794979095,-0.4656057059764862,0.7005860805511475,0.22126363217830658,0.004501086659729481,6.013812489496385e-41,5.2863171813544416e-39,13.415958404541016,13.408099174499512,13.420845031738281,0.1070263609290123,0.11022505164146423,0.21157963573932648,0,4800,0,0.008624022826552391
1787297078675,2238,2,2,2,1884.500244140625,-2815.58740234375,1193.001708984375,-0.11355086416006088,0.2330808937549591,3.0098489715232746e-41,0.1494251936674118,-0.3239254653453827,0.7390998005867004,0.21440835297107697,0.004472460597753525,7.309172789918246e-42,6.573140771531636e-40,13.419201850891113,13.410552978515625,13.42538833618164,0.10252296179533005,0.10729844868183136,0.2049635797739029,0,4800,0,-0.012346538715064526
1787297078695,2239,2,2,2,1870.0184326171875,-1008.8045043945312,1219.5677490234375,-0.022564096376299858,0.2579116225242615,3.660191588816422e-42,-0.07016245275735855,-0.713341236114502,0.5567898750305176,0.2032669484615326,0.0048416489735245705,8.88423226381934e-43,8.169009527627954e-41,13.41897201538086,13.410661697387695,13.42408275604248,0.09916472434997559,0.1040634736418724,0.19393375515937805,0,4800,0,-0.0033308700658380985
1787297078715,2240,2,2,2,1816.2020263671875,-2200.560546875,988.1920166015625,-0.022397486492991447,0.23575295507907867,4.456129116552918e-43,0.004766132682561874,-0.345318078994751,0.5615430474281311,0.1955268234014511,0.004865203984081745,1.064986832886861e-43,1.0145400881711676e-41,13.419269561767578,13.41165828704834,13.424456596374512,0.0960758775472641,0.0985860824584961,0.1873163878917694,0,4800,0,-0.0026815906167030334
1787297078735,2241,2,2,2,1798.81298828125,-1493.551513671875,977.407470703125,0.02253471501171589,0.18867957592010498,5.324934164434305e-44,-0.11397422105073929,-0.727419912815094,0.23211322724819183,0.18729540705680847,0.004048498347401619,1.2611686178923354e-44,1.2569647224993609e-42,13.422504425048828,13.415372848510742,13.429878234863281,0.09130742400884628,0.09570595622062683,0.18070031702518463,0,4800,0,0.0013923003571107984
1787297078755,2242,2,2,2,1750.637939453125,-1895.014404296875,1028.418212890625,0.022044586017727852,0.24600720405578613,5.605193857299268e-45,-0.010600004345178604,-0.38963404297828674,0.5632345080375671,0.17981505393981934,0.0035968278534710407,5.605193857299268e-45,1.5834672646870433e-43,13.421751022338867,13.41683578491211,13.426177024841309,0.08951237797737122,0.09204459190368652,0.174082949757576,0,4800,0,0.0008879628730937839
1787297078775,2243,2,2,2,1731.4576416015625,-1530.7069091796875,975.89404296875,0.019237151369452477,0.3046729564666748,5.605193857299268e-45,-0.0031471597030758858,-0.410690039396286,0.3638550937175751,0.17501410841941833,0.0024345938581973314,5.605193857299268e-45,2.382207389352189e-44,13.423271179199219,13.41757869720459,13.429368019104004,0.08577214181423187,0.0882997214794159,0.16967180371284485,0,4800,0,0.0006016821716912091
1787297078795,2244,2,2,2,1689.0531005859375,-1442.2535400390625,1248.9527587890625,0.026486361399292946,0.19982729852199554,5.605193857299268e-45,0.011511744931340218,-0.30254295468330383,0.7422975897789001,0.1663927286863327,0.0051267268136143684,5.605193857299268e-45,1.1210387714598537e-44,13.422626495361328,13.416155815124512,13.427539825439453,0.08336940407752991,0.08692425489425659,0.15643705427646637,0,4800,0,0.001554241287522018
1787297078816,2245,2,2,2,1663.904541015625,-2041.4249267578125,1352.0301513671875,-0.07000559568405151,0.30124545097351074,5.605193857299268e-45,-0.08191831409931183,-0.7316306829452515,0.24689599871635437,0.15716369450092316,0.004039737395942211,5.605193857299268e-45,1.1210387714598537e-44,13.42587661743164,13.416802406311035,13.431812286376953,0.07995022088289261,0.08318536728620529,0.14981968700885773,0,4800,0,-0.00495701702311635
1787297078836,2246,2,2,2,1625.1920166015625,-1411.1800537109375,1132.57080078125,0.08623239398002625,0.22383902966976166,5.605193857299268e-45,-0.05964135378599167,-0.308829128742218,0.5328244566917419,0.14950793981552124,0.004232586361467838,5.605193857299268e-45,1.1210387714598537e-44,13.425982475280762,13.421732902526855,13.430407524108887,0.07727310806512833,0.0814879983663559,0.14099739491939545,0,4800,0,0.005028616636991501
1787297078856,2247,2,2,2,1601.017822265625,-1812.298583984375,978.9915771484375,-0.038732606917619705,0.21278516948223114,5.605193857299268e-45,0.04250050708651543,-0.538799524307251,0.49181845784187317,0.1425565630197525,0.0037613725289702415,5.605193857299268e-45,1.1210387714598537e-44,13.431453704833984,13.425968170166016,13.437941551208496,0.07517367601394653,0.07800273597240448,0.1343800276517868,0,4800,0,-0.003401457564905286
1787297078876,2248,2,2,2,1564.71923828125,-1296.0360107421875,1006.3818359375,0.03857036679983139,0.25927022099494934,5.605193857299268e-45,0.051276594400405884,-0.2475017011165619,0.5608521699905396,0.13900884985923767,0.0024076022673398256,5.605193857299268e-45,1.1210387714598537e-44,13.427546501159668,13.419527053833008,13.433945655822754,0.07249899953603745,0.07796499133110046,0.1321737915277481,0,4800,0,0.001014550682157278
1787297078896,2249,2,2,2,1540.2059326171875,-1867.55908203125,1141.9693603515625,-0.01407563779503107,0.1853378266096115,5.605193857299268e-45,-0.05422646179795265,-0.8735669851303101,0.24275077879428864,0.13258953392505646,0.0036315456964075565,5.605193857299268e-45,1.1210387714598537e-44,13.435164451599121,13.42607593536377,13.444225311279297,0.06983910501003265,0.07344347983598709,0.12555773556232452,0,4800,0,-0.0012095069978386164
1787297078916,2250,2,2,2,1503.371826171875,-1248.901123046875,1220.4305419921875,0.06312988698482513,0.1610928177833557,5.605193857299268e-45,-0.05177769809961319,-0.598166823387146,0.4134148359298706,0.12579071521759033,0.0032893286552280188,5.605193857299268e-45,1.1210387714598537e-44,13.432047843933105,13.427815437316895,13.442604064941406,0.06785251945257187,0.07191202789545059,0.12114527821540833,0,4800,0,0.0032085799612104893
1787297078936,2251,2,2,2,1488.1875,-1326.155029296875,1012.1825561523438,0.007892468944191933,0.2662607729434967,5.605193857299268e-45,-0.03827546909451485,-0.41457146406173706,0.5178237557411194,0.1229509562253952,0.002191772684454918,5.605193857299268e-45,1.1210387714598537e-44,13.437827110290527,13.428975105285645,13.443114280700684,0.06519539654254913,0.06907201558351517,0.11673544347286224,0,4800,0,0.000030871015042066574
1787297078957,2252,2,2,2,1437.8138427734375,-2024.87451171875,915.8291015625,0.039529334753751755,0.2146686166524887,5.605193857299268e-45,0.041936058551073074,-0.43467631936073303,0.6941232681274414,0.11480535566806793,0.003575470531359315,5.605193857299268e-45,1.1210387714598537e-44,13.438328742980957,13.431575775146484,13.447369575500488,0.06357089430093765,0.06713534146547318,0.10791053622961044,0,4800,0,-0.0009996866574510932
1787297078977,2253,2,2,2,1429.774169921875,-910.1226196289062,945.8903198242188,-0.09978783130645752,0.21981953084468842,5.605193857299268e-45,-0.07744116336107254,-0.47814369201660156,0.5775874257087708,0.10836897790431976,0.003267755266278982,5.605193857299268e-45,1.1210387714598537e-44,13.441118240356445,13.428346633911133,13.447851181030273,0.06166068837046623,0.06498946994543076,0.09908955544233322,0,4800,0,-0.007465544156730175
1787297078997,2254,2,2,2,1378.254638671875,-2372.8681640625,885.4066772460938,-0.026242142543196678,0.2088766247034073,5.605193857299268e-45,-0.004350018687546253,-0.5419334769248962,0.5591994524002075,0.10481444746255875,0.002496184781193733,5.605193857299268e-45,1.1210387714598537e-44,13.438180923461914,13.42588996887207,13.446287155151367,0.05996924266219139,0.061630334705114365,0.09688332676887512,0,4800,0,-0.0020372529979795218
1787297079017,2255,2,2,2,1374.6773681640625,-414.5555419921875,1073.0302734375,0.07073355466127396,0.22475332021713257,5.605193857299268e-45,-0.074793741106987,-0.4309263825416565,0.48323166370391846,0.1029515489935875,0.0032119397073984146,5.605193857299268e-45,1.1210387714598537e-44,13.44088363647461,13.43170166015625,13.447404861450195,0.05708789452910423,0.06008901819586754,0.09467710554599762,0,4800,0,0.0025437255389988422
1787297079037,2256,2,2,2,1327.087646484375,-2283.505615234375,806.459228515625,-0.0037171209696680307,0.20634831488132477,5.605193857299268e-45,0.12452711164951324,-0.30091941356658936,0.5581090450286865,0.09599502384662628,0.004711850080639124,5.605193857299268e-45,1.1210387714598537e-44,13.445648193359375,13.439359664916992,13.450908660888672,0.05628298595547676,0.05903507024049759,0.08805973082780838,0,4800,0,-0.001311784377321601
1787297079057,2257,2,2,2,1309.7579345703125,-582.0928344726562,1103.205322265625,0.09156765043735504,0.1871393769979477,5.605193857299268e-45,-0.1423216462135315,-0.7247238159179688,0.3856205642223358,0.09256765246391296,0.0038384143263101578,5.605193857299268e-45,1.1210387714598537e-44,13.44382095336914,13.436210632324219,13.450217247009277,0.05373653024435043,0.0585273802280426,0.0836498886346817,0,4800,0,0.0036017615348100662
1787297079077,2258,2,2,2,1286.915283203125,-1473.388916015625,883.8028564453125,0.019158435985445976,0.16403992474079132,5.605193857299268e-45,-0.020989131182432175,-0.47213560342788696,0.2342231422662735,0.08832524716854095,0.002939424943178892,5.605193857299268e-45,1.1210387714598537e-44,13.447430610656738,13.438518524169922,13.454483985900879,0.0522378534078598,0.054879046976566315,0.0814436674118042,0,4800,0,0.000405387079808861
1787297079097,2259,2,2,2,1240.8544921875,-1858.7196044921875,972.8635864257812,-0.019230633974075317,0.14065271615982056,5.605193857299268e-45,0.020398210734128952,-0.5527545809745789,0.5592386722564697,0.08424267172813416,0.0027492260560393333,5.605193857299268e-45,1.1210387714598537e-44,13.44758129119873,13.43819808959961,13.453658103942871,0.05138155445456505,0.05444953590631485,0.07482629269361496,0,4800,0,-0.0013597635552287102
1787297079117,2260,2,2,2,1238.1578369140625,-602.9138793945312,1062.8729248046875,-0.028123993426561356,0.13419005274772644,5.605193857299268e-45,-0.1483861804008484,-0.7176175117492676,0.28967127203941345,0.08233294636011124,0.0028384169563651085,5.605193857299268e-45,1.1210387714598537e-44,13.448197364807129,13.439326286315918,13.45752239227295,0.04841475561261177,0.051014408469200134,0.0770312175154686,0,4800,0,-0.0018945463234558702
1787297079138,2261,2,2,2,1189.3388671875,-2359.212158203125,934.6255493164062,0.004234872292727232,0.21706506609916687,5.605193857299268e-45,0.04457344487309456,-0.41372355818748474,0.5620166063308716,0.07903740555047989,0.002111744601279497,5.605193857299268e-45,1.1210387714598537e-44,13.454127311706543,13.44902229309082,13.458076477050781,0.04747691750526428,0.050834447145462036,0.07262137532234192,0,4800,0,-0.0006224217941053212
1787297079158,2262,2,2,2,1165.1435546875,-698.4561767578125,1347.5673828125,0.09147027134895325,0.1864740550518036,5.605193857299268e-45,-0.06187699735164642,-0.44710272550582886,0.3930450677871704,0.0766039788722992,0.00261864485219121,5.605193857299268e-45,1.1210387714598537e-44,13.450220108032227,13.443592071533203,13.458014488220215,0.04580692946910858,0.050420768558979034,0.06600400060415268,0,4800,0,0.0030252858996391296
1787297079178,2263,2,2,2,1161.1300048828125,-1120,1431.0550537109375,-0.12223795801401138,0.22634342312812805,5.605193857299268e-45,-0.09438576549291611,-0.4747639298439026,0.16196534037590027,0.07175995409488678,0.0024898783303797245,5.605193857299268e-45,1.1210387714598537e-44,13.455485343933105,13.447484016418457,13.464058876037598,0.0443754643201828,0.046383120119571686,0.06820892542600632,0,4800,0,-0.005403823684900999
1787297079198,2264,2,2,2,1103.3045654296875,-2384.60595703125,853.8406372070312,-0.18110546469688416,0.10748626291751862,5.605193857299268e-45,0.06329610198736191,-0.15081249177455902,0.5397830009460449,0.07063532620668411,0.001143239438533783,5.605193857299268e-45,1.1210387714598537e-44,13.457584381103516,13.45136833190918,13.463357925415039,0.04466811940073967,0.046507447957992554,0.06600269675254822,0,4800,0,-0.00745871989056468
1787297079218,2265,2,2,2,1097.8245849609375,245.2832489013672,1563.2232666015625,0.03753822296857834,0.17041565477848053,5.605193857299268e-45,-0.12630653381347656,-0.7421360611915588,0.6884205341339111,0.06601438671350479,0.0028117147739976645,5.605193857299268e-45,1.1210387714598537e-44,13.454055786132812,13.443657875061035,13.461296081542969,0.04233206808567047,0.04427783563733101,0.05938532575964928,0,4800,0,0.0007957608322612941
1787297079238,2266,2,2,2,1078.6016845703125,-1697.7086181640625,1550.832763671875,0.018438264727592468,0.1830512285232544,5.605193857299268e-45,0.07493183761835098,-0.30055513978004456,0.48954257369041443,0.06360847502946854,0.0026319364551454782,5.605193857299268e-45,1.1210387714598537e-44,13.461702346801758,13.449714660644531,13.46805477142334,0.03982538357377052,0.04272045940160751,0.05718040466308594,0,4800,0,0.0006469188374467194
1787297079258,2267,2,2,2,1026.3753662109375,-2058.20166015625,914.9462890625,-0.026999616995453835,0.16516155004501343,5.605193857299268e-45,0.1532111018896103,-0.5616999268531799,0.5817704796791077,0.06134199723601341,0.0034126744139939547,5.605193857299268e-45,1.1210387714598537e-44,13.463030815124512,13.45346736907959,13.47209644317627,0.04059109091758728,0.04286595806479454,0.0527692586183548,0,4800,0,-0.0019090311834588647
1787297079278,2268,2,2,2,1022.43505859375,197.9022674560547,1335.0892333984375,0.11308498680591583,0.14365851879119873,5.605193857299268e-45,-0.0604185126721859,-0.2654767334461212,0.668355405330658,0.05749882757663727,0.0031062448397278786,5.605193857299268e-45,1.1210387714598537e-44,13.45861530303955,13.448853492736816,13.469422340393066,0.037819601595401764,0.03997134044766426,0.0527692586183548,0,4800,0,0.0029749504756182432
1787297079298,2269,2,2,2,1010.5280151367188,-1258.8944091796875,1324.2554931640625,0.020483871921896935,0.12183987349271774,5.605193857299268e-45,-0.052857011556625366,-0.5441783666610718,0.3656003773212433,0.05486558750271797,0.002669024746865034,5.605193857299268e-45,1.1210387714598537e-44,13.46579360961914,13.452005386352539,13.47380542755127,0.035662323236465454,0.039590056985616684,0.050563033670186996,0,4800,0,-0.0005280063487589359
1787297079319,2270,2,2,2,954.5755004882812,-2281.1142578125,1002.7556762695312,0.06060994416475296,0.22235552966594696,5.605193857299268e-45,0.0743202269077301,-0.4895341098308563,0.5591052174568176,0.054065193980932236,0.0013755090767517686,5.605193857299268e-45,1.1210387714598537e-44,13.470610618591309,13.466381072998047,13.477164268493652,0.03544002026319504,0.03854409605264664,0.050563033670186996,0,4800,0,0.0008531433413736522
1787297079339,2271,2,2,2,927.6104736328125,-1097.5146484375,929.0869750976562,0.12562166154384613,0.15026052296161652,5.605193857299268e-45,-0.014738895930349827,-0.4688739478588104,0.5936044454574585,0.052651386708021164,0.0031287316232919693,5.605193857299268e-45,1.1210387714598537e-44,13.464920043945312,13.455727577209473,13.469820976257324,0.03396827355027199,0.036564771085977554,0.039534516632556915,0,4800,0,0.003702653106302023
1787297079359,2272,2,2,2,946.82421875,345.9437255859375,917.4863891601562,0.05631249397993088,0.13597840070724487,5.605193857299268e-45,0.07029364258050919,-0.285306841135025,0.48821383714675903,0.04835117980837822,0.0032762205228209496,5.605193857299268e-45,1.1210387714598537e-44,13.467516899108887,13.461288452148438,13.478116035461426,0.032328516244888306,0.034865859895944595,0.041740741580724716,0,4800,0,0.0021626248490065336
1787297079379,2273,2,2,2,886.3787841796875,-2701.23876953125,1500.3255615234375,-0.0991591289639473,0.11213532090187073,5.605193857299268e-45,0.11162657290697098,-0.348435640335083,0.3774104416370392,0.045208852738142014,0.00268465094268322,5.605193857299268e-45,1.1210387714598537e-44,13.473637580871582,13.468632698059082,13.479418754577637,0.03160763904452324,0.034583400934934616,0.030712226405739784,0,4800,0,-0.0038267201744019985
1787297079399,2274,2,2,2,846.8591918945312,-1955.8026123046875,697.6575317382812,0.03607039153575897,0.20491892099380493,5.605193857299268e-45,-0.020000625401735306,-0.38442954421043396,0.5435624122619629,0.04503635689616203,0.0024667722173035145,5.605193857299268e-45,1.1210387714598537e-44,13.471832275390625,13.466361999511719,13.479462623596191,0.030962321907281876,0.035498280078172684,0.039534516632556915,0,4800,0,0.0005880797980353236
1787297079419,2275,5,0,10,919.0589599609375,-4321.8818359375,13973.5810546875,0.09411820024251938,0.27236855030059814,5.605193857299268e-45,-0.060292430222034454,-3.0865607261657715,0.3318011462688446,0.03752222657203674,0.0050579397939145565,5.605193857299268e-45,1.1210387714598537e-44,13.45156478881836,13.440535545349121,13.470701217651367,0.030481232330203056,0.04511507600545883,0.026301080361008644,0,4800,0,0.002815433545038104
1787297079439,2276,5,0,10,850.5359497070312,-2918.66259765625,3367.991943359375,0.011442574672400951,0.055998802185058594,5.605193857299268e-45,-0.007330152206122875,0,0,0.03788759559392929,0.0038592577911913395,5.605193857299268e-45,1.1210387714598537e-44,13.447657585144043,13.441631317138672,13.450514793395996,0.038671452552080154,0.041667625308036804,0.026301080361008644,0,4800,0,0.0003422908775974065
1787297079459,2277,5,0,10,715.4774780273438,-5269.013671875,2028.713134765625,0.0013911500573158264,0.009590446949005127,5.605193857299268e-45,-0.0008911753538995981,0,0,0.03352830559015274,0.004499297123402357,5.605193857299268e-45,1.1210387714598537e-44,13.44871997833252,13.445442199707031,13.453563690185547,0.03218747675418854,0.04019983112812042,0.024094855412840843,0,4800,0,0.0000416145812778268
1787297079480,2278,5,0,10,604.1849975585938,-6095.59619140625,1082.663818359375,0.00016913138097152114,0.001504237181507051,5.605193857299268e-45,-0.00010834610293386504,0,0,0.032262176275253296,0.002982567995786667,5.605193857299268e-45,1.1210387714598537e-44,13.450284957885742,13.441910743713379,13.455476760864258,0.015274628065526485,0.025352995842695236,0.019682403653860092,0,4800,0,0.00000505936031913734
1787297079500,2279,5,0,10,-107.81692504882812,-18414.228515625,20971.83203125,0.00002056242556136567,0.00022400500893127173,5.605193857299268e-45,-0.000013172357284929603,0,0,0.02971007488667965,0.0035865085665136576,5.605193857299268e-45,1.1210387714598537e-44,13.45161247253418,13.447498321533203,13.45475959777832,-0.018005967140197754,-0.010905413888394833,0.017477484419941902,0,4800,0,6.151001343823737e-7
1787297079520,2280,5,0,10,-119.66362762451172,-1738.2999267578125,7958.97607421875,0.000002499910806363914,0.00003223360545234755,5.605193857299268e-45,-0.0000016014515722417855,0,0,0.030550645664334297,0.003536079777404666,5.605193857299268e-45,1.1210387714598537e-44,13.454008102416992,13.446124076843262,13.461430549621582,0.017038529738783836,0.038340695202350616,0.021888628602027893,0,4800,0,7.478180208408958e-8
1787297079540,2281,0,0,10,29.428956985473633,4219.5712890625,5456.216796875,3.039307614471909e-7,0.000004526715201791376,5.605193857299268e-45,-1.9469911194391898e-7,0,0,0.027325768023729324,0.00486897025257349,5.605193857299268e-45,1.1210387714598537e-44,13.455678939819336,13.451730728149414,13.460947036743164,0.0319947674870491,0.03780307248234749,0.019682403653860092,0,4800,0,9.091720265530512e-9
1787297079560,2282,0,0,10,88.790283203125,2764.11181640625,1449.7012939453125,3.695088679478431e-8,6.242445351745118e-7,5.605193857299268e-45,-2.367086970878063e-8,0,0,0.027514472603797913,0.005477007478475571,5.605193857299268e-45,1.1210387714598537e-44,13.458274841308594,13.452523231506348,13.465616226196289,0.02070007100701332,0.02872151881456375,0.008653887547552586,0,4800,0,1.1053408188743674e-9
1787297079580,2283,0,0,10,-6.569394588470459,-6507.9375,7196.5458984375,4.492365146546717e-9,8.487828040415479e-8,5.605193857299268e-45,-2.877824867297818e-9,0,0,0.025059187784790993,0.0038012806326150894,5.605193857299268e-45,1.1210387714598537e-44,13.457303047180176,13.44873332977295,13.461596488952637,-0.001680406159721315,0.0115168122574687,0.017477484419941902,0,4800,0,1.3438364310225381e-10
1787297079600,2284,0,0,10,-75.65463256835938,-3684.3232421875,1822.84716796875,5.461667229589295e-10,1.141155081541001e-8,5.605193857299268e-45,-3.498763501141866e-10,0,0,0.02400502748787403,0.004641495179384947,5.605193857299268e-45,1.1210387714598537e-44,13.459914207458496,13.454302787780762,13.465985298156738,-0.020829254761338234,-0.013752560131251812,0.006448966916650534,0,4800,0,1.6337911926123105e-11
1787297079620,2285,0,0,10,-26.582378387451172,4671.07275390625,5570.00927734375,6.640112765188277e-11,1.5201803149622606e-9,5.605193857299268e-45,-4.253680047083819e-11,0,0,0.02024936117231846,0.0029673059470951557,5.605193857299268e-45,1.1210387714598537e-44,13.461645126342773,13.457130432128906,13.469532012939453,0.018042204901576042,0.033556535840034485,0.015271258540451527,0,4800,0,1.986308470133813e-12
1787297079640,2286,0,0,10,12.85556411743164,1494.3387451171875,2507.7529296875,8.072827129002036e-12,2.0096406483371965e-10,5.605193857299268e-45,-5.171482166110852e-12,0,0,0.020328747108578682,0.0026906421408057213,5.605193857299268e-45,1.1210387714598537e-44,13.463778495788574,13.45429515838623,13.470480918884277,0.029492821544408798,0.034289389848709106,0.015272563323378563,0,4800,0,2.4148874089649497e-13
1787297079661,2287,0,0,10,39.316654205322266,1423.2510986328125,546.6693725585938,9.81467077748599e-13,2.6395472613183202e-11,5.605193857299268e-45,-6.287313876994494e-13,0,0,0.01906513422727585,0.0028821309097111225,5.605193857299268e-45,1.1210387714598537e-44,13.464420318603516,13.458206176757812,13.472188949584961,0.022234145551919937,0.02848232351243496,0.013066338375210762,0,4800,0,2.9359388455541674e-14
1787297079681,2288,0,0,10,50.05652618408203,390.5403747558594,567.1278686523438,1.1932345573856945e-13,3.4477199740978737e-12,5.605193857299268e-45,-7.643905853334937e-14,0,0,0.0191802978515625,0.002259338041767478,5.605193857299268e-45,1.1210387714598537e-44,13.46651840209961,13.460404396057129,13.473602294921875,0.008991158567368984,0.015307344496250153,0.013066338375210762,0,4800,0,3.569415897970935e-15
1787297079701,2289,0,0,10,-15.5015230178833,-2191.023681640625,2078.4091796875,1.4506946940376006e-14,4.481761099392467e-13,5.605193857299268e-45,-9.293205040141611e-15,0,0,0.01909037120640278,0.002820839872583747,5.605193857299268e-45,1.1210387714598537e-44,13.469340324401855,13.464949607849121,13.47596549987793,-0.007275612559169531,0.0012370394542813301,0.013066338375210762,0,4800,0,4.339576370097171e-16
1787297079721,2290,0,0,10,-44.64191436767578,-1493.6240234375,543.8800659179688,1.763706296453889e-15,5.801515680619457e-14,5.605193857299268e-45,-1.1298368136726587e-15,0,0,0.01802997663617134,0.003857647767290473,5.605193857299268e-45,1.1210387714598537e-44,13.471580505371094,13.46554183959961,13.476033210754395,-0.019911520183086395,-0.013663959689438343,0.010861418209969997,0,4800,0,5.2759114715849004e-17
1787297079741,2291,0,0,10,-54.259925842285156,-402.6688232421875,598.1519165039062,2.1442546415514007e-16,7.482140178694668e-15,5.605193857299268e-45,-1.3736174486945378e-16,0,0,0.015872972086071968,0.0028051368426531553,5.605193857299268e-45,1.1210387714598537e-44,13.4710693359375,13.463570594787598,13.473923683166504,0.015368304215371609,0.029768219217658043,0.008655192330479622,0,4800,0,6.414276107091397e-18
1787297079761,2292,0,0,10,-0.0734008252620697,3821.17529296875,3993.89599609375,2.6069131363284376e-17,9.617919355636283e-16,5.605193857299268e-45,-1.6699982474057578e-17,0,0,0.015830088406801224,0.0021233330480754375,5.605193857299268e-45,1.1210387714598537e-44,13.474287986755371,13.466867446899414,13.478741645812988,0.026734264567494392,0.03026426210999489,0.008655192330479622,0,4800,0,7.798262802431685e-19
1787297079781,2293,0,0,10,11.014225959777832,980.6279296875,1318.0924072265625,3.1693975245076603e-18,1.2327022682624543e-16,5.605193857299268e-45,-2.030327634810901e-18,0,0,0.01613583043217659,0.0018016824033111334,5.605193857299268e-45,1.1210387714598537e-44,13.47343635559082,13.468567848205566,13.478557586669922,0.0235328059643507,0.02783454768359661,0.010861418209969997,0,4800,0,9.48086565386092e-20
1787297079801,2294,0,0,10,26.926273345947266,795.4057006835938,441.6643371582031,3.853246400167819e-19,1.5757430018388104e-17,5.605193857299268e-45,-2.4684041415802096e-19,0,0,0.01734650880098343,0.003565748455002904,5.605193857299268e-45,1.1210387714598537e-44,13.474885940551758,13.467134475708008,13.48088264465332,0.0161887239664793,0.020424842834472656,0.008655192330479622,0,4800,0,1.1526516266682089e-20
1787297079821,2295,0,0,10,29.83510398864746,131.21536254882812,309.7175598144531,4.684647249432001e-20,2.0094287098395956e-18,5.605193857299268e-45,-3.0010022150544346e-20,0,0,0.014594701118767262,0.0026282798498868942,5.605193857299268e-45,1.1210387714598537e-44,13.47519302368164,13.470272064208984,13.479202270507812,0.006800853181630373,0.011518440209329128,0.008655192330479622,0,4800,0,1.4013552312286757e-21
1787297079842,2296,0,0,10,-3.576206684112549,-1347.496337890625,1469.88037109375,5.695436997150582e-21,2.5569049707990823e-19,5.605193857299268e-45,-3.648517582973811e-21,0,0,0.014236539602279663,0.0024938087444752455,5.605193857299268e-45,1.1210387714598537e-44,13.478043556213379,13.474611282348633,13.483621597290039,-0.0035176281817257404,0.0031378036364912987,0.008655192330479622,0,4800,0,1.703720693707841e-22
1787297079862,2297,0,0,10,-19.889915466308594,-860.766845703125,529.1586303710938,6.924320627797333e-22,3.2470855392321193e-20,5.605193857299268e-45,-4.435745937396024e-22,0,0,0.013744856230914593,0.002367009175941348,5.605193857299268e-45,1.1210387714598537e-44,13.477688789367676,13.473905563354492,13.485328674316406,-0.011344227008521557,-0.007799220271408558,0.006450272630900145,0,4800,0,2.0713262783351047e-23
1787297079882,2298,0,0,10,-33.1126594543457,-605.5078125,405.4195556640625,8.418356286881167e-23,4.11606405665772e-21,5.605193857299268e-45,-5.392831115111055e-23,0,0,0.011381472460925579,0.003092683618888259,5.605193857299268e-45,1.1210387714598537e-44,13.480001449584961,13.475000381469727,13.48812198638916,-0.004081492777913809,0.019874360412359238,0.002037821337580681,0,4800,0,2.5182487188703745e-24
1787297079902,2299,0,0,10,-16.73749351501465,1335.447509765625,1351.8543701171875,1.0234756326123403e-23,5.208867489836066e-22,5.605193857299268e-45,-6.556423748392208e-24,0,0,0.01194989588111639,0.002183857373893261,5.605193857299268e-45,1.1210387714598537e-44,13.479537963867188,13.472567558288574,13.489656448364258,0.01857380010187626,0.022917458787560463,0.008655192330479622,0,4800,0,3.0616026997512187e-25
1787297079922,2300,0,0,10,-0.08324944227933884,437.2409362792969,974.6355590820312,1.2443072836600342e-24,6.581628090972291e-23,5.605193857299268e-45,-7.971080022508383e-25,0,0,0.008874074555933475,0.002043596003204584,5.605193857299268e-45,1.1210387714598537e-44,13.483988761901855,13.47579574584961,13.500584602355957,0.023171795532107353,0.024456985294818878,0,0,4800,0,3.722193958966679e-26
1787297079942,2301,0,0,10,1.2337982654571533,139.00193786621094,371.5179443359375,1.5127868482882725e-25,8.3042795846937e-24,5.605193857299268e-45,-9.69097441285338e-26,0,0,0.0124233802780509,0.0022934204898774624,5.605193857299268e-45,1.1210387714598537e-44,13.486129760742188,13.48221206665039,13.4923677444458,0.022411689162254333,0.023671915754675865,0.008655192330479622,0,4800,0,4.5253183013558226e-27
1787297079962,2302,0,0,10,2.3689956665039062,126.81866455078125,293.5133361816406,1.8391949960069767e-26,1.0463904641872003e-24,5.605193857299268e-45,-1.1781962716450424e-26,0,0,0.009830138646066189,0.0027370727621018887,5.605193857299268e-45,1.1210387714598537e-44,13.489500999450684,13.475672721862793,13.495685577392578,0.021370602771639824,0.02302866242825985,0,0,4800,0,5.501730405310644e-28
1787297079982,2303,0,0,10,6.572963714599609,174.56809997558594,190.60858154296875,2.2360314358598078e-27,1.3168866777639262e-25,5.605193857299268e-45,-1.4324117442889677e-27,0,0,0.011439873836934566,0.0023046897258609533,5.605193857299268e-45,1.1210387714598537e-44,13.48938274383545,13.476035118103027,13.496345520019531,0.018506092950701714,0.020738061517477036,0.008655192330479622,0,4800,0,6.688819696992493e-29
1787297080002,2304,0,0,10,12.149962425231934,271.6355285644531,234.84352111816406,2.718491764737631e-28,1.655396568066303e-26,5.605193857299268e-45,-1.7414784576765447e-28,0,0,0.008661361411213875,0.003948175348341465,5.605193857299268e-45,1.1210387714598537e-44,13.491928100585938,13.48466682434082,13.499398231506348,0.015392478555440903,0.017335252836346626,0.002037821337580681,0,4800,0,8.132040578649588e-30
1787297080022,2305,0,0,10,16.3090877532959,188.14309692382812,247.0076446533203,3.305050761743709e-29,2.078676603834554e-27,5.605193857299268e-45,-2.117230910667174e-29,0,0,0.008375798352062702,0.0013665438164025545,5.605193857299268e-45,1.1210387714598537e-44,13.494026184082031,13.489023208618164,13.498619079589844,0.013147061690688133,0.014465223997831345,0.004244046751409769,0,4800,0,9.886664508777367e-31
1787297080042,2306,0,0,10,16.678438186645508,19.540285110473633,378.84051513671875,4.018169958003386e-30,2.607548329549961e-28,5.605193857299268e-45,-2.5740580328204576e-30,0,0,0.009524228051304817,0.003104707458987832,5.605193857299268e-45,1.1210387714598537e-44,13.49719524383545,13.49243450164795,13.503656387329102,0.011107008904218674,0.01286656130105257,0,0,4800,0,1.2019876425011202e-31
1787297080063,2307,0,0,10,0.880004346370697,-669.3892822265625,1159.816162109375,4.885155628373268e-31,3.26787279065319e-29,5.605193857299268e-45,-3.1294534878071405e-31,0,0,0.007767668459564447,0.0021200410556048155,5.605193857299268e-45,1.1210387714598537e-44,13.49763298034668,13.494494438171387,13.504290580749512,0.009462600573897362,0.01069418340921402,0.002037821337580681,0,4800,0,1.4613362264390723e-32
1787297080083,2308,0,0,10,-0.24993006885051727,-122.08560180664062,411.0431213378906,5.939207541922273e-32,4.0917540235738996e-30,5.605193857299268e-45,-3.8046849494872717e-32,0,0,0.009727565571665764,0.0033466124441474676,5.605193857299268e-45,1.1210387714598537e-44,13.500123023986816,13.496752738952637,13.506248474121094,0.009412598796188831,0.01044494565576315,0,0,4800,0,1.7766438148717362e-33
1787297080103,2309,0,0,10,-3.562953233718872,-152.48330688476562,228.71270751953125,7.220689312328895e-33,5.119031044017389e-31,5.605193857299268e-45,-4.625609208736072e-33,0,0,0.009290395304560661,0.001702737296000123,5.605193857299268e-45,1.1210387714598537e-44,13.50063419342041,13.493062973022461,13.508688926696777,0.010539739392697811,0.012014854699373245,0.004244046751409769,0,4800,0,2.1599837266054154e-34
1787297080123,2310,0,0,10,-7.961627006530762,-200.56890869140625,321.5858459472656,8.7786717088225e-34,6.399119118934318e-32,5.605193857299268e-45,-5.623659105717385e-34,0,0,0.008661864325404167,0.002844147849828005,5.605193857299268e-45,1.1210387714598537e-44,13.504307746887207,13.496317863464355,13.516287803649902,0.011291270144283772,0.012118234299123287,0.004244046751409769,0,4800,0,2.626035725651833e-35
1787297080143,2311,0,0,10,-12.86362361907959,-246.96713256835938,239.5488739013672,1.067281371456961e-34,7.993289586562567e-33,5.605193857299268e-45,-6.837055687719629e-35,0,0,0.006603287998586893,0.002724810503423214,5.605193857299268e-45,1.1210387714598537e-44,13.504801750183105,13.496410369873047,13.511061668395996,0.011804447509348392,0.013171969912946224,0.002037821337580681,0,4800,0,3.192645957171476e-36
1787297080163,2312,0,0,10,-14.926512718200684,-121.82147979736328,265.6148376464844,1.2975649621747444e-35,9.977484928829225e-34,5.605193857299268e-45,-8.312263215859434e-36,0,0,0.004952805582433939,0.002892028074711561,5.605193857299268e-45,1.1210387714598537e-44,13.505144119262695,13.50013256072998,13.513544082641602,0.012277127243578434,0.01350285205990076,0,0,4800,0,3.881511995648621e-37
1787297080183,2313,0,0,10,-16.110292434692383,-78.46015930175781,290.4673767089844,1.5775358037056983e-36,1.2445797839001701e-34,5.605193857299268e-45,-1.0105771712725061e-36,0,0,0.007009745109826326,0.0017189928330481052,5.605193857299268e-45,1.1210387714598537e-44,13.503521919250488,13.499210357666016,13.509448051452637,0.012983149848878384,0.014207456260919571,0.004244046751409769,0,4800,0,4.719012147940868e-38
1787297080203,2314,0,0,10,-7.680344581604004,468.2080993652344,687.8822021484375,1.917915505479079e-37,1.5514766207130919e-35,5.605193857299268e-45,-1.2286258712917501e-37,0,0,0.006610275246202946,0.002175544388592243,5.605193857299268e-45,1.1210387714598537e-44,13.508610725402832,13.500919342041016,13.516061782836914,0.013320139609277248,0.014241158962249756,0,0,4800,0,5.737214389518702e-39
1787297080223,2315,0,0,10,0.012221272103488445,173.1779327392578,494.60845947265625,2.331737102822295e-38,1.9328679654543612e-36,5.605193857299268e-45,-1.493721945318439e-38,0,0,0.006857301574200392,0.0016108824638649821,5.605193857299268e-45,1.1210387714598537e-44,13.510489463806152,13.50366497039795,13.521394729614258,0.013898605480790138,0.015090461820363998,0.004244046751409769,0,4800,0,6.9751032360232095e-40
1787297080243,2316,0,0,10,0.01822822540998459,22.597042083740234,194.02285766601562,2.8348478128060698e-39,2.406613076030133e-37,5.605193857299268e-45,-1.8160169487371397e-39,0,0,0.00505991792306304,0.0023124609142541885,5.605193857299268e-45,1.1210387714598537e-44,13.514836311340332,13.50876522064209,13.528700828552246,0.014272921718657017,0.014964333735406399,0,0,4800,0,8.480097786708063e-41
1787297080264,2317,0,0,10,-0.09482376277446747,-14.383140563964844,202.49942016601562,3.446521598976174e-40,2.994809395625062e-38,5.605193857299268e-45,-2.207843821436252e-40,0,0,0.0048325322568416595,0.0024482067674398422,5.605193857299268e-45,1.1210387714598537e-44,13.51822566986084,13.504830360412598,13.530428886413574,0.014235622249543667,0.015076598152518272,0,0,4800,0,1.0310754100502004e-41
1787297080284,2318,0,0,10,0.27304455637931824,22.968610763549805,242.28765869140625,4.1900225381776355e-41,3.724791448021796e-39,5.605193857299268e-45,-2.684187208414187e-41,0,0,0.006330396048724651,0.0020867844577878714,5.605193857299268e-45,1.1210387714598537e-44,13.524564743041992,13.514266014099121,13.537291526794434,0.014500913210213184,0.01550336368381977,0,0,4800,0,1.2541621255707113e-42
1787297080304,2319,0,0,10,-0.16248400509357452,-19.827465057373047,199.3765106201172,5.092318619356385e-42,4.6303385416377795e-40,5.605193857299268e-45,-3.262222824948174e-42,0,0,0.0039506517350673676,0.0028635391499847174,5.605193857299268e-45,1.1210387714598537e-44,13.523842811584473,13.516905784606934,13.535394668579102,0.014385032467544079,0.01532426755875349,0,0,4800,0,1.5274153261140506e-43
1787297080324,2320,0,0,10,0.009170722216367722,0.658515989780426,170.0833282470703,6.179726227672443e-43,5.753170975131969e-41,5.605193857299268e-45,-3.965674654039232e-43,0,0,0.005215151235461235,0.002907761838287115,5.605193857299268e-45,1.1210387714598537e-44,13.532245635986328,13.520090103149414,13.54547119140625,0.014080142602324486,0.015093166381120682,0,0,4800,0,1.8216880036222622e-44
1787297080344,2321,0,0,10,0.120232954621315,7.316939353942871,137.7158966064453,7.567011707354012e-44,7.143819571127917e-42,5.605193857299268e-45,-4.764414778704378e-44,0,0,0.005152758676558733,0.002394075971096754,5.605193857299268e-45,1.1210387714598537e-44,13.532792091369629,13.519682884216309,13.549922943115234,0.014493764378130436,0.015509144403040409,0,0,4800,0,5.605193857299268e-45
1787297080364,2322,0,0,10,0.5493552684783936,48.40170669555664,188.69985961914062,8.407790785948902e-45,8.856206294532844e-43,5.605193857299268e-45,-5.605193857299268e-45,0,0,0.004369715228676796,0.0025649124290794134,5.605193857299268e-45,1.1210387714598537e-44,13.540307998657227,13.52281379699707,13.560059547424316,0.014546691440045834,0.015446244738996029,0,0,4800,0,5.605193857299268e-45
1787297080385,2323,0,0,10,0.07320085167884827,2.1193315982818604,123.93582916259766,5.605193857299268e-45,1.1210387714598537e-43,5.605193857299268e-45,-5.605193857299268e-45,0,0,0.004657125100493431,0.0025086558889597654,5.605193857299268e-45,1.1210387714598537e-44,13.540992736816406,13.520437240600586,13.549989700317383,0.01432824321091175,0.015279415063560009,0,0,4800,0,5.605193857299268e-45
1787297080405,2324,0,0,10,0.18081310391426086,10.479328155517578,136.83152770996094,5.605193857299268e-45,1.8216880036222622e-44,5.605193857299268e-45,-5.605193857299268e-45,0,0,0.004032788798213005,0.0017161013092845678,5.605193857299268e-45,1.1210387714598537e-44,13.548901557922363,13.531028747558594,13.564041137695312,0.014517262578010559,0.01558248046785593,0,0,4800,0,5.605193857299268e-45
1787297080424,2325,0,0,10,0.10883170366287231,14.406073570251465,77.2059326171875,5.605193857299268e-45,1.1210387714598537e-44,5.605193857299268e-45,-5.605193857299268e-45,0,0,0.0020241951569914818,0.002135099843144417,5.605193857299268e-45,1.1210387714598537e-44,13.548565864562988,13.532499313354492,13.56562328338623,0.014088759198784828,0.015281644649803638,0,0,4800,0,5.605193857299268e-45
1787297080445,2326,0,0,10,0.03281475231051445,-2.4794139862060547,154.87255859375,5.605193857299268e-45,1.1210387714598537e-44,5.605193857299268e-45,-5.605193857299268e-45,0,0,0.005392526742070913,0.0025992589071393013,5.605193857299268e-45,1.1210387714598537e-44,13.555973052978516,13.530878067016602,13.573660850524902,0.014271866530179977,0.016190696507692337,0,0,4800,0,5.605193857299268e-45
1787297080465,2327,0,0,10,0.41829800605773926,37.22880554199219,208.70237731933594,5.605193857299268e-45,1.1210387714598537e-44,5.605193857299268e-45,-5.605193857299268e-45,0,0,0.0051460787653923035,0.002690461929887533,5.605193857299268e-45,1.1210387714598537e-44,13.560744285583496,13.550752639770508,13.576824188232422,0.014255519025027752,0.015578120946884155,0,0,4800,0,5.605193857299268e-45
1787297080485,2328,0,0,10,0.24759505689144135,21.328845977783203,218.7367706298828,5.605193857299268e-45,1.1210387714598537e-44,5.605193857299268e-45,-5.605193857299268e-45,0,0,0.004493140149861574,0.0023091016337275505,5.605193857299268e-45,1.1210387714598537e-44,13.567136764526367,13.549445152282715,13.575692176818848,0.01430151890963316,0.015338714234530926,0,0,4800,0,5.605193857299268e-45
1787297080505,2329,0,0,10,-0.11365297436714172,-15.21162223815918,156.70535278320312,5.605193857299268e-45,1.1210387714598537e-44,5.605193857299268e-45,-5.605193857299268e-45,0,0,0.0036448484752327204,0.0019850365351885557,5.605193857299268e-45,1.1210387714598537e-44,13.570083618164062,13.554856300354004,13.579822540283203,0.014382438734173775,0.015256217680871487,0,0,4800,0,5.605193857299268e-45
1787297080525,2330,0,0,10,0.16421905159950256,8.887808799743652,145.8634033203125,5.605193857299268e-45,1.1210387714598537e-44,5.605193857299268e-45,-5.605193857299268e-45,0,0,0.004492414649575949,0.002522537251934409,5.605193857299268e-45,1.1210387714598537e-44,13.571684837341309,13.557066917419434,13.580117225646973,0.014450671151280403,0.015379614196717739,0,0,4800,0,5.605193857299268e-45
1787297080545,2331,0,0,10,0.1877264678478241,1.1062008142471313,209.2622528076172,5.605193857299268e-45,1.1210387714598537e-44,5.605193857299268e-45,-5.605193857299268e-45,0,0,0.004565604962408543,0.001731273951008916,5.605193857299268e-45,1.1210387714598537e-44,13.573452949523926,13.555951118469238,13.580141067504883,0.014409631490707397,0.015092306770384312,0,0,4800,0,5.605193857299268e-45
1787297080566,2332,0,0,10,0.4420473873615265,40.37769317626953,153.2491912841797,5.605193857299268e-45,1.1210387714598537e-44,5.605193857299268e-45,-5.605193857299268e-45,0,0,0.004717792849987745,0.0021236930042505264,5.605193857299268e-45,1.1210387714598537e-44,13.576202392578125,13.56602954864502,13.58056640625,0.014370298944413662,0.01568162813782692,0,0,4800,0,5.605193857299268e-45
1787297080585,2333,0,0,10,-0.31372302770614624,-33.42058563232422,139.71389770507812,5.605193857299268e-45,1.1210387714598537e-44,5.605193857299268e-45,-5.605193857299268e-45,0,0,0.0030720247887074947,0.0020897621288895607,5.605193857299268e-45,1.1210387714598537e-44,13.577150344848633,13.567964553833008,13.580493927001953,0.014266923069953918,0.015796422958374023,0,0,4800,0,5.605193857299268e-45
1787297080605,2334,0,0,10,-0.14595535397529602,-23.673154830932617,185.2071075439453,5.605193857299268e-45,1.1210387714598537e-44,5.605193857299268e-45,-5.605193857299268e-45,0,0,0.0027012520004063845,0.0019591227173805237,5.605193857299268e-45,1.1210387714598537e-44,13.577754974365234,13.567808151245117,13.581257820129395,0.014373713172972202,0.015642397105693817,0,0,4800,0,5.605193857299268e-45
1787297080625,2335,0,0,10,0.04949980229139328,-4.156416416168213,157.13809204101562,5.605193857299268e-45,1.1210387714598537e-44,5.605193857299268e-45,-5.605193857299268e-45,0,0,0.002388459863141179,0.001942270784638822,5.605193857299268e-45,1.1210387714598537e-44,13.578082084655762,13.571223258972168,13.58069133758545,0.014373792335391045,0.015750600025057793,0,0,4800,0,5.605193857299268e-45
1787297080645,2336,0,0,10,-0.09410737454891205,-5.13142728805542,121.98553466796875,5.605193857299268e-45,1.1210387714598537e-44,5.605193857299268e-45,-5.605193857299268e-45,0,0,0.002750200917944312,0.00226300535723567,5.605193857299268e-45,1.1210387714598537e-44,13.578868865966797,13.573802947998047,13.580987930297852,0.014462798833847046,0.015592909418046474,0,0,4800,0,5.605193857299268e-45
1787297080666,2337,0,0,10,0.6190348863601685,59.99614715576172,206.21888732910156,5.605193857299268e-45,1.1210387714598537e-44,5.605193857299268e-45,-5.605193857299268e-45,0,0,0.004204279277473688,0.0022730210330337286,5.605193857299268e-45,1.1210387714598537e-44,13.579724311828613,13.574641227722168,13.582438468933105,0.014380253851413727,0.0156388096511364,0,0,4800,0,5.605193857299268e-45
1787297080686,2338,0,0,10,0.15728868544101715,7.671909332275391,186.89797973632812,5.605193857299268e-45,1.1210387714598537e-44,5.605193857299268e-45,-5.605193857299268e-45,0,0,0.005729008931666613,0.002651357324793935,5.605193857299268e-45,1.1210387714598537e-44,13.578015327453613,13.570150375366211,13.58083438873291,0.014546751044690609,0.015803463757038116,0,0,4800,0,5.605193857299268e-45
1787297080706,2339,0,0,10,0.15083707869052887,8.620800018310547,117.61394500732422,5.605193857299268e-45,1.1210387714598537e-44,5.605193857299268e-45,-5.605193857299268e-45,0,0,0.005735466722398996,0.0021118924487382174,5.605193857299268e-45,1.1210387714598537e-44,13.579048156738281,13.564722061157227,13.581314086914062,0.01406792737543583,0.015496303327381611,0,0,4800,0,5.605193857299268e-45
1787297080726,2340,0,0,10,0.18985848128795624,12.202152252197266,178.51641845703125,5.605193857299268e-45,1.1210387714598537e-44,5.605193857299268e-45,-5.605193857299268e-45,0,0,0.004186029080301523,0.002209683880209923,5.605193857299268e-45,1.1210387714598537e-44,13.580214500427246,13.575383186340332,13.582115173339844,0.014170375652611256,0.015032556839287281,0,0,4800,0,5.605193857299268e-45
1787297080746,2341,0,0,10,0.15130633115768433,9.671553611755371,90.35717010498047,5.605193857299268e-45,1.1210387714598537e-44,5.605193857299268e-45,-5.605193857299268e-45,0,0,0.004701488651335239,0.0017493607010692358,5.605193857299268e-45,1.1210387714598537e-44,13.578885078430176,13.57092571258545,13.583157539367676,0.014302187599241734,0.015159103088080883,0,0,4800,0,5.605193857299268e-45
1787297080766,2342,0,0,10,0.12614573538303375,6.886905193328857,126.72766876220703,5.605193857299268e-45,1.1210387714598537e-44,5.605193857299268e-45,-5.605193857299268e-45,0,0,0.0033884835429489613,0.0022258900571614504,5.605193857299268e-45,1.1210387714598537e-44,13.578969955444336,13.572525024414062,13.580704689025879,0.014229313470423222,0.015254049561917782,0,0,4800,0,5.605193857299268e-45
1787297080786,2343,0,0,10,-0.1031959056854248,-16.13750457763672,137.95924377441406,5.605193857299268e-45,1.1210387714598537e-44,5.605193857299268e-45,-5.605193857299268e-45,0,0,0.004431509878486395,0.0022295534145087004,5.605193857299268e-45,1.1210387714598537e-44,13.580367088317871,13.577281951904297,13.58220386505127,0.014488212764263153,0.015413775108754635,0,0,4800,0,5.605193857299268e-45
1787297080806,2344,0,0,10,0.24050766229629517,21.426916122436523,144.00100708007812,5.605193857299268e-45,1.1210387714598537e-44,5.605193857299268e-45,-5.605193857299268e-45,0,0,0.0033362843096256256,0.001956497086212039,5.605193857299268e-45,1.1210387714598537e-44,13.580354690551758,13.573009490966797,13.581521987915039,0.01419929787516594,0.015443806536495686,0,0,4800,0,5.605193857299268e-45
1787297080826,2345,0,0,10,-0.06822598725557327,-15.066308975219727,109.12140655517578,5.605193857299268e-45,1.1210387714598537e-44,5.605193857299268e-45,-5.605193857299268e-45,0,0,0.0043156808242201805,0.0013733012601733208,5.605193857299268e-45,1.1210387714598537e-44,13.579787254333496,13.571925163269043,13.581342697143555,0.014058765023946762,0.015695396810770035,0,0,4800,0,5.605193857299268e-45
1787297080847,2346,0,0,10,0.12823301553726196,2.9751555919647217,77.66881561279297,5.605193857299268e-45,1.1210387714598537e-44,5.605193857299268e-45,-5.605193857299268e-45,0,0,0.0038218002300709486,0.0012150714173913002,5.605193857299268e-45,1.1210387714598537e-44,13.58011245727539,13.577855110168457,13.58140754699707,0.014385874383151531,0.015788063406944275,0,0,4800,0,5.605193857299268e-45
1787297080867,2347,0,0,10,-0.1317622810602188,-24.205429077148438,143.79978942871094,5.605193857299268e-45,1.1210387714598537e-44,5.605193857299268e-45,-5.605193857299268e-45,0,0,0.0036184301134198904,0.002093464834615588,5.605193857299268e-45,1.1210387714598537e-44,13.58036994934082,13.577383041381836,13.583047866821289,0.014485543593764305,0.015577967278659344,0,0,4800,0,5.605193857299268e-45
1787297080887,2348,0,0,10,0.05522894114255905,3.734163999557495,103.65837860107422,5.605193857299268e-45,1.1210387714598537e-44,5.605193857299268e-45,-5.605193857299268e-45,0,0,0.002878342056646943,0.0018050953513011336,5.605193857299268e-45,1.1210387714598537e-44,13.58068561553955,13.577717781066895,13.583391189575195,0.014257608912885189,0.015276337042450905,0,0,4800,0,5.605193857299268e-45
1787297080907,2349,0,0,10,0.02512798085808754,2.7370481491088867,118.36316680908203,5.605193857299268e-45,1.1210387714598537e-44,5.605193857299268e-45,-5.605193857299268e-45,0,0,0.0031436916906386614,0.0023577420506626368,5.605193857299268e-45,1.1210387714598537e-44,13.580632209777832,13.578240394592285,13.580704689025879,0.014579178765416145,0.015549363568425179,0,0,4800,0,5.605193857299268e-45
1787297080927,2350,0,0,10,0.16493958234786987,15.778313636779785,127.98847198486328,5.605193857299268e-45,1.1210387714598537e-44,5.605193857299268e-45,-5.605193857299268e-45,0,0,0.003841021563857794,0.0022569685243070126,5.605193857299268e-45,1.1210387714598537e-44,13.580473899841309,13.57374382019043,13.582854270935059,0.014124289155006409,0.015266291797161102,0,0,4800,0,5.605193857299268e-45
1787297080947,2351,0,0,10,-0.05360610783100128,-0.4810848534107208,113.21573638916016,5.605193857299268e-45,1.1210387714598537e-44,5.605193857299268e-45,-5.605193857299268e-45,0,0,0.0031211248133331537,0.0019483247306197882,5.605193857299268e-45,1.1210387714598537e-44,13.58028507232666,13.573649406433105,13.581456184387207,0.01435150858014822,0.015677526593208313,0,0,4800,0,5.605193857299268e-45
1787297080967,2352,0,0,10,0.03788357228040695,5.2744550704956055,134.43856811523438,5.605193857299268e-45,1.1210387714598537e-44,5.605193857299268e-45,-5.605193857299268e-45,0,0,0.0044101509265601635,0.0031783452723175287,5.605193857299268e-45,1.1210387714598537e-44,13.581292152404785,13.57784652709961,13.585311889648438,0.014207703992724419,0.015179899521172047,0,0,4800,0,5.605193857299268e-45
1787297080987,2353,0,0,10,0.024299250915646553,-8.951913833618164,145.77391052246094,5.605193857299268e-45,1.1210387714598537e-44,5.605193857299268e-45,-5.605193857299268e-45,0,0,0.0032721844036132097,0.0022716971579939127,5.605193857299268e-45,1.1210387714598537e-44,13.579516410827637,13.572720527648926,13.580704689025879,0.014558752067387104,0.016010142862796783,0,0,4800,0,5.605193857299268e-45
1787297081007,2354,0,0,10,0.08593231439590454,9.683391571044922,113.13821411132812,5.605193857299268e-45,1.1210387714598537e-44,5.605193857299268e-45,-5.605193857299268e-45,0,0,0.00392295653000474,0.0022963257506489754,5.605193857299268e-45,1.1210387714598537e-44,13.58064079284668,13.578017234802246,13.58377456665039,0.014393649064004421,0.015966463834047318,0,0,4800,0,5.605193857299268e-45
1787297081027,2355,0,0,10,-0.07177591323852539,-7.562021732330322,171.68553161621094,5.605193857299268e-45,1.1210387714598537e-44,5.605193857299268e-45,-5.605193857299268e-45,0,0,0.004071041475981474,0.0021576443687081337,5.605193857299268e-45,1.1210387714598537e-44,13.580341339111328,13.571165084838867,13.581315994262695,0.014483042992651463,0.015304356813430786,0,0,4800,0,5.605193857299268e-45
1787297081047,2356,0,0,10,0.22125151753425598,9.176077842712402,146.383056640625,5.605193857299268e-45,1.1210387714598537e-44,5.605193857299268e-45,-5.605193857299268e-45,0,0,0.004555068910121918,0.0021912208758294582,5.605193857299268e-45,1.1210387714598537e-44,13.580850601196289,13.5791654586792,13.58220100402832,0.014436814934015274,0.015743572264909744,0,0,4800,0,5.605193857299268e-45
1787297081068,2357,0,0,10,-0.18513739109039307,-26.024242401123047,201.11160278320312,5.605193857299268e-45,1.1210387714598537e-44,5.605193857299268e-45,-5.605193857299268e-45,0,0,0.0038631667848676443,0.0025777576956897974,5.605193857299268e-45,1.1210387714598537e-44,13.580310821533203,13.571002006530762,13.585092544555664,0.014460339210927486,0.015343359671533108,0,0,4800,0,5.605193857299268e-45
1787297081088,2358,0,0,10,0.08958320319652557,8.122589111328125,219.56460571289062,5.605193857299268e-45,1.1210387714598537e-44,5.605193857299268e-45,-5.605193857299268e-45,0,0,0.006007644347846508,0.002299133688211441,5.605193857299268e-45,1.1210387714598537e-44,13.581171989440918,13.576896667480469,13.586490631103516,0.014454648829996586,0.01558302529156208,0,0,4800,0,5.605193857299268e-45
1787297081108,2359,0,0,10,-0.08888210356235504,1.6806590557098389,127.08538055419922,5.605193857299268e-45,1.1210387714598537e-44,5.605193857299268e-45,-5.605193857299268e-45,0,0,0.0031335027888417244,0.002219179878011346,5.605193857299268e-45,1.1210387714598537e-44,13.580803871154785,13.57371997833252,13.583126068115234,0.014524252153933048,0.015926681458950043,0,0,4800,0,5.605193857299268e-45
1787297081128,2360,0,0,10,0.23877936601638794,30.60619354248047,166.15232849121094,5.605193857299268e-45,1.1210387714598537e-44,5.605193857299268e-45,-5.605193857299268e-45,0,0,0.003477680031210184,0.0022415947169065475,5.605193857299268e-45,1.1210387714598537e-44,13.58207893371582,13.578460693359375,13.589849472045898,0.014426682144403458,0.015390746295452118,0,0,4800,0,5.605193857299268e-45
1787297081148,2361,0,0,10,-0.14121007919311523,-23.188629150390625,157.27145385742188,5.605193857299268e-45,1.1210387714598537e-44,5.605193857299268e-45,-5.605193857299268e-45,0,0,0.0034773738589137793,0.0029985348228365183,5.605193857299268e-45,1.1210387714598537e-44,13.58259105682373,13.579632759094238,13.587655067443848,0.014497131109237671,0.016080860048532486,0,0,4800,0,5.605193857299268e-45
1787297081168,2362,0,0,10,0.19430667161941528,15.783045768737793,126.53528594970703,5.605193857299268e-45,1.1210387714598537e-44,5.605193857299268e-45,-5.605193857299268e-45,0,0,0.003051742911338806,0.0023701745085418224,5.605193857299268e-45,1.1210387714598537e-44,13.582650184631348,13.572691917419434,13.587831497192383,0.014188138768076897,0.015010584145784378,0,0,4800,0,5.605193857299268e-45
1787297081188,2363,0,0,10,0.03622309863567352,3.5663223266601562,167.09388732910156,5.605193857299268e-45,1.1210387714598537e-44,5.605193857299268e-45,-5.605193857299268e-45,0,0,0.003009886248037219,0.0021945370826870203,5.605193857299268e-45,1.1210387714598537e-44,13.582745552062988,13.578227043151855,13.588336944580078,0.0144706005230546,0.015975069254636765,0,0,4800,0,5.605193857299268e-45
1787297081208,2364,0,0,10,-0.03902001306414604,-3.7722418308258057,103.38577270507812,5.605193857299268e-45,1.1210387714598537e-44,5.605193857299268e-45,-5.605193857299268e-45,0,0,0.001905109267681837,0.0014071634504944086,5.605193857299268e-45,1.1210387714598537e-44,13.583395004272461,13.579306602478027,13.59096622467041,0.014359458349645138,0.015611371956765652,0,0,4800,0,5.605193857299268e-45
1787297081228,2365,0,0,10,0.05281292647123337,1.4641448259353638,114.9883041381836,5.605193857299268e-45,1.1210387714598537e-44,5.605193857299268e-45,-5.605193857299268e-45,0,0,0.0022669448517262936,0.001466774963773787,5.605193857299268e-45,1.1210387714598537e-44,13.583671569824219,13.577345848083496,13.587077140808105,0.014650413766503334,0.01567889004945755,0,0,4800,0,5.605193857299268e-45
1787297081248,2366,0,0,10,-0.08937130123376846,-10.577439308166504,128.42506408691406,5.605193857299268e-45,1.1210387714598537e-44,5.605193857299268e-45,-5.605193857299268e-45,0,0,0.002540000481531024,0.0015749550657346845,5.605193857299268e-45,1.1210387714598537e-44,13.585394859313965,13.581539154052734,13.589486122131348,0.014552991837263107,0.016087878495454788,0,0,4800,0,5.605193857299268e-45
1787297081268,2367,0,0,10,-0.12890216708183289,-13.395095825195312,106.16452026367188,5.605193857299268e-45,1.1210387714598537e-44,5.605193857299268e-45,-5.605193857299268e-45,0,0,0.001465151784941554,0.0016506615793332458,5.605193857299268e-45,1.1210387714598537e-44,13.584405899047852,13.57725715637207,13.588591575622559,0.014252724125981331,0.015108197927474976,0,0,4800,0,5.605193857299268e-45
1787297081289,2368,0,0,10,0.1553981602191925,14.589444160461426,118.46773529052734,5.605193857299268e-45,1.1210387714598537e-44,5.605193857299268e-45,-5.605193857299268e-45,0,0,0.0028416269924491644,0.001752559095621109,5.605193857299268e-45,1.1210387714598537e-44,13.585442543029785,13.582707405090332,13.589366912841797,0.014274093322455883,0.01584812067449093,0,0,4800,0,5.605193857299268e-45
1787297081309,2369,0,0,10,-0.12714055180549622,-18.703128814697266,158.25076293945312,5.605193857299268e-45,1.1210387714598537e-44,5.605193857299268e-45,-5.605193857299268e-45,0,0,0.0025605249684304,0.0017313912976533175,5.605193857299268e-45,1.1210387714598537e-44,13.584481239318848,13.58089828491211,13.58851432800293,0.01451728492975235,0.01587751880288124,0,0,4800,0,5.605193857299268e-45
1787297081329,2370,0,0,10,-0.08066349476575851,-4.328620433807373,65.55622100830078,5.605193857299268e-45,1.1210387714598537e-44,5.605193857299268e-45,-5.605193857299268e-45,0,0,0.0029403255321085453,0.0019839778542518616,5.605193857299268e-45,1.1210387714598537e-44,13.5869140625,13.581421852111816,13.596211433410645,0.01427988987416029,0.01549424510449171,0,0,4800,0,5.605193857299268e-45
1787297081349,2371,0,0,10,0.11419382691383362,8.14310359954834,118.12532806396484,5.605193857299268e-45,1.1210387714598537e-44,5.605193857299268e-45,-5.605193857299268e-45,0,0,0.003631328698247671,0.0022451048716902733,5.605193857299268e-45,1.1210387714598537e-44,13.586910247802734,13.580885887145996,13.590470314025879,0.014563442207872868,0.015360252000391483,0,0,4800,0,5.605193857299268e-45
1787297081369,2372,0,0,10,-0.057768747210502625,-11.501176834106445,104.37683868408203,5.605193857299268e-45,1.1210387714598537e-44,5.605193857299268e-45,-5.605193857299268e-45,0,0,0.0042785704135894775,0.002846234245225787,5.605193857299268e-45,1.1210387714598537e-44,13.59162712097168,13.58436393737793,13.603126525878906,0.014562283642590046,0.01543666422367096,0,0,4800,0,5.605193857299268e-45
1787297081389,2373,0,0,10,-0.03040960244834423,-6.654013156890869,122.88667297363281,5.605193857299268e-45,1.1210387714598537e-44,5.605193857299268e-45,-5.605193857299268e-45,0,0,0.0038429154083132744,0.002289640251547098,5.605193857299268e-45,1.1210387714598537e-44,13.591046333312988,13.585756301879883,13.595358848571777,0.01469303946942091,0.016267577186226845,0,0,4800,0,5.605193857299268e-45
1787297081409,2374,0,0,10,0.11718305945396423,7.863448143005371,139.1702117919922,5.605193857299268e-45,1.1210387714598537e-44,5.605193857299268e-45,-5.605193857299268e-45,0,0,0.004358912818133831,0.002553042955696583,5.605193857299268e-45,1.1210387714598537e-44,13.593609809875488,13.587449073791504,13.604732513427734,0.014392414130270481,0.015682369470596313,0,0,4800,0,5.605193857299268e-45
1787297081430,2375,0,0,10,-0.1356896609067917,-11.827199935913086,141.28054809570312,5.605193857299268e-45,1.1210387714598537e-44,5.605193857299268e-45,-5.605193857299268e-45,0,0,0.0047290329821407795,0.0028746561147272587,5.605193857299268e-45,1.1210387714598537e-44,13.59497356414795,13.588337898254395,13.600640296936035,0.0146627277135849,0.01574421301484108,0,0,4800,0,5.605193857299268e-45
1787297081449,2376,0,0,10,-0.13526180386543274,-11.214040756225586,124.78115844726562,5.605193857299268e-45,1.1210387714598537e-44,5.605193857299268e-45,-5.605193857299268e-45,0,0,0.0034201249945908785,0.0026340314652770758,5.605193857299268e-45,1.1210387714598537e-44,13.597878456115723,13.59279727935791,13.603259086608887,0.014336945489048958,0.015595363453030586,0,0,4800,0,5.605193857299268e-45
1787297081470,2377,0,0,10,-0.13291341066360474,-15.943643569946289,164.9822540283203,5.605193857299268e-45,1.1210387714598537e-44,5.605193857299268e-45,-5.605193857299268e-45,0,0,0.0025453795678913593,0.0016276980750262737,5.605193857299268e-45,1.1210387714598537e-44,13.599708557128906,13.595309257507324,13.603692054748535,0.014626850374042988,0.015618800185620785,0,0,4800,0,5.605193857299268e-45
1787297081490,2378,0,0,10,0.2779013514518738,25.297645568847656,124.04701232910156,5.605193857299268e-45,1.1210387714598537e-44,5.605193857299268e-45,-5.605193857299268e-45,0,0,0.004094734787940979,0.002407118445262313,5.605193857299268e-45,1.1210387714598537e-44,13.602975845336914,13.596172332763672,13.606111526489258,0.01456205453723669,0.01587650179862976,0,0,4800,0,5.605193857299268e-45
1787297081510,2379,0,0,10,-0.19091424345970154,-30.912704467773438,279.86822509765625,5.605193857299268e-45,1.1210387714598537e-44,5.605193857299268e-45,-5.605193857299268e-45,0,0,0.004852139391005039,0.0021730607841163874,5.605193857299268e-45,1.1210387714598537e-44,13.603645324707031,13.597090721130371,13.608036041259766,0.014591610990464687,0.015550479292869568,0,0,4800,0,5.605193857299268e-45
1787297081530,2380,0,0,10,-0.08081647753715515,-8.06470012664795,210.7838134765625,5.605193857299268e-45,1.1210387714598537e-44,5.605193857299268e-45,-5.605193857299268e-45,0,0,0.004050198942422867,0.0023335027508437634,5.605193857299268e-45,1.1210387714598537e-44,13.60551929473877,13.598969459533691,13.610369682312012,0.014322008937597275,0.015123145654797554,0,0,4800,0,5.605193857299268e-45
1787297081550,2381,0,0,10,0.12051711976528168,-5.154659748077393,167.14385986328125,5.605193857299268e-45,1.1210387714598537e-44,5.605193857299268e-45,-5.605193857299268e-45,0,0,0.003504644613713026,0.0025466911029070616,5.605193857299268e-45,1.1210387714598537e-44,13.605831146240234,13.596796989440918,13.608877182006836,0.014699485152959824,0.015628783032298088,0,0,4800,0,5.605193857299268e-45
1787297081570,2382,0,0,10,-0.05867958441376686,-13.288641929626465,139.73635864257812,5.605193857299268e-45,1.1210387714598537e-44,5.605193857299268e-45,-5.605193857299268e-45,0,0,0.004034670069813728,0.0020423266105353832,5.605193857299268e-45,1.1210387714598537e-44,13.609195709228516,13.607112884521484,13.613102912902832,0.014255971647799015,0.01527263130992651,0,0,4800,0,5.605193857299268e-45
1787297081590,2383,0,0,10,0.21265274286270142,14.49160385131836,191.658203125,5.605193857299268e-45,1.1210387714598537e-44,5.605193857299268e-45,-5.605193857299268e-45,0,0,0.004431362263858318,0.002438188064843416,5.605193857299268e-45,1.1210387714598537e-44,13.609525680541992,13.607619285583496,13.614739418029785,0.014399668201804161,0.015224539674818516,0,0,4800,0,5.605193857299268e-45
1787297081611,2384,0,0,10,-0.05558891221880913,-4.614432334899902,124.9547348022461,5.605193857299268e-45,1.1210387714598537e-44,5.605193857299268e-45,-5.605193857299268e-45,0,0,0.003622680203989148,0.0021712465677410364,5.605193857299268e-45,1.1210387714598537e-44,13.612927436828613,13.606581687927246,13.619053840637207,0.014427445828914642,0.015554778277873993,0,0,4800,0,5.605193857299268e-45
1787297081630,2385,0,0,10,0.11940325796604156,16.451942443847656,125.38964080810547,5.605193857299268e-45,1.1210387714598537e-44,5.605193857299268e-45,-5.605193857299268e-45,0,0,0.0029081155080348253,0.0019392137182876468,5.605193857299268e-45,1.1210387714598537e-44,13.613216400146484,13.608419418334961,13.616271018981934,0.014295442961156368,0.015093396417796612,0,0,4800,0,5.605193857299268e-45
1787297081651,2386,0,0,10,0.10527347028255463,13.2049560546875,92.68424987792969,5.605193857299268e-45,1.1210387714598537e-44,5.605193857299268e-45,-5.605193857299268e-45,0,0,0.0030250835698097944,0.0018717434722930193,5.605193857299268e-45,1.1210387714598537e-44,13.618326187133789,13.613187789916992,13.622907638549805,0.014400829561054707,0.015433836728334427,0,0,4800,0,5.605193857299268e-45
1787297081671,2387,0,0,10,0.22087278962135315,22.152917861938477,112.20519256591797,5.605193857299268e-45,1.1210387714598537e-44,5.605193857299268e-45,-5.605193857299268e-45,0,0,0.0026039539370685816,0.0020522186532616615,5.605193857299268e-45,1.1210387714598537e-44,13.617718696594238,13.61075496673584,13.626189231872559,0.014368949458003044,0.015340110287070274,0,0,4800,0,5.605193857299268e-45
1787297081691,2388,0,0,10,0.024097060784697533,0.35648804903030396,123.65579986572266,5.605193857299268e-45,1.1210387714598537e-44,5.605193857299268e-45,-5.605193857299268e-45,0,0,0.0037326980382204056,0.0032159641850739717,5.605193857299268e-45,1.1210387714598537e-44,13.621500968933105,13.61735725402832,13.62515926361084,0.014151744544506073,0.015523387119174004,0,0,4800,0,5.605193857299268e-45
1787297081711,2389,0,0,10,0.3691106140613556,37.88564682006836,129.6231231689453,5.605193857299268e-45,1.1210387714598537e-44,5.605193857299268e-45,-5.605193857299268e-45,0,0,0.003634294029325247,0.002823116723448038,5.605193857299268e-45,1.1210387714598537e-44,13.62568473815918,13.618996620178223,13.6326904296875,0.014410451054573059,0.015962425619363785,0,0,4800,0,5.605193857299268e-45
1787297081731,2390,0,0,10,0.10959276556968689,5.72856330871582,141.6876983642578,5.605193857299268e-45,1.1210387714598537e-44,5.605193857299268e-45,-5.605193857299268e-45,0,0,0.003391316859051585,0.0032992837950587273,5.605193857299268e-45,1.1210387714598537e-44,13.628547668457031,13.621869087219238,13.632647514343262,0.014243162237107754,0.015510490164160728,0,0,4800,0,5.605193857299268e-45
1787297081751,2391,0,0,10,0.08315897732973099,-1.0383104085922241,110.57463073730469,5.605193857299268e-45,1.1210387714598537e-44,5.605193857299268e-45,-5.605193857299268e-45,0,0,0.0027169117238372564,0.001404768554493785,5.605193857299268e-45,1.1210387714598537e-44,13.629752159118652,13.625398635864258,13.6337890625,0.014790641143918037,0.01563091389834881,0,0,4800,0,5.605193857299268e-45
1787297081771,2392,0,0,10,0.5683622360229492,50.388179779052734,143.6671142578125,5.605193857299268e-45,1.1210387714598537e-44,5.605193857299268e-45,-5.605193857299268e-45,0,0,0.004071116913110018,0.0016331468941643834,5.605193857299268e-45,1.1210387714598537e-44,13.631369590759277,13.627073287963867,13.637426376342773,0.014401624910533428,0.015459786169230938,0,0,4800,0,5.605193857299268e-45
1787297081791,2393,0,0,10,0.14569874107837677,0.21385091543197632,116.93299865722656,5.605193857299268e-45,1.1210387714598537e-44,5.605193857299268e-45,-5.605193857299268e-45,0,0,0.0029420095961540937,0.0016156034544110298,5.605193857299268e-45,1.1210387714598537e-44,13.633134841918945,13.630828857421875,13.636579513549805,0.014626244083046913,0.015462062321603298,0,0,4800,0,5.605193857299268e-45
1787297081811,2394,0,0,10,-0.2565498650074005,-34.8868522644043,196.2412567138672,5.605193857299268e-45,1.1210387714598537e-44,5.605193857299268e-45,-5.605193857299268e-45,0,0,0.006898487452417612,0.0029838497284799814,5.605193857299268e-45,1.1210387714598537e-44,13.635063171386719,13.63180160522461,13.639412879943848,0.014472237788140774,0.01521858386695385,0.002037821337580681,0,4800,0,5.605193857299268e-45
1787297081831,2395,0,0,10,-0.011355367489159107,2.8772900104522705,87.45953369140625,5.605193857299268e-45,1.1210387714598537e-44,5.605193857299268e-45,-5.605193857299268e-45,0,0,0.004679192788898945,0.0025196769274771214,5.605193857299268e-45,1.1210387714598537e-44,13.635259628295898,13.63312816619873,13.638344764709473,0.014357340522110462,0.015051761642098427,0,0,4800,0,5.605193857299268e-45
1787297081852,2396,0,0,10,-0.005539753474295139,-0.3181232213973999,129.4644012451172,5.605193857299268e-45,1.1210387714598537e-44,5.605193857299268e-45,-5.605193857299268e-45,0,0,0.004867428448051214,0.0023744942154735327,5.605193857299268e-45,1.1210387714598537e-44,13.637171745300293,13.628609657287598,13.645371437072754,0.014276277273893356,0.015303662978112698,0,0,4800,0,5.605193857299268e-45
1787297081872,2397,0,0,10,-0.06880709528923035,-7.602289199829102,80.96519470214844,5.605193857299268e-45,1.1210387714598537e-44,5.605193857299268e-45,-5.605193857299268e-45,0,0,0.0031248207669705153,0.002247811295092106,5.605193857299268e-45,1.1210387714598537e-44,13.638999938964844,13.633601188659668,13.644305229187012,0.014413771219551563,0.015172552317380905,0,0,4800,0,5.605193857299268e-45
1787297081892,2398,0,0,10,-0.08224714547395706,-25.673542022705078,208.38363647460938,5.605193857299268e-45,1.1210387714598537e-44,5.605193857299268e-45,-5.605193857299268e-45,0,0,0.005777447018772364,0.002358714584261179,5.605193857299268e-45,1.1210387714598537e-44,13.643308639526367,13.639452934265137,13.65129280090332,0.014238867908716202,0.015490541234612465,0.002037821337580681,0,4800,0,5.605193857299268e-45
1787297081912,2399,0,0,10,0.05579366534948349,2.785325765609741,154.28158569335938,5.605193857299268e-45,1.1210387714598537e-44,5.605193857299268e-45,-5.605193857299268e-45,0,0,0.003698988351970911,0.0018086768686771393,5.605193857299268e-45,1.1210387714598537e-44,13.64409351348877,13.637282371520996,13.650195121765137,0.014555329456925392,0.01520333532243967,0,0,4800,0,5.605193857299268e-45
1787297081932,2400,0,0,10,0.019271912053227425,-3.1425259113311768,148.9095458984375,5.605193857299268e-45,1.1210387714598537e-44,5.605193857299268e-45,-5.605193857299268e-45,0,0,0.0037378729321062565,0.002663864754140377,5.605193857299268e-45,1.1210387714598537e-44,13.650035858154297,13.641592025756836,13.658324241638184,0.014304391108453274,0.015212928876280785,0,0,4800,0,5.605193857299268e-45
1787297081952,2401,0,0,10,-0.2595258951187134,-25.032262802124023,77.38041687011719,5.605193857299268e-45,1.1210387714598537e-44,5.605193857299268e-45,-5.605193857299268e-45,0,0,0.004265665542334318,0.002616944955661893,5.605193857299268e-45,1.1210387714598537e-44,13.651518821716309,13.64389705657959,13.655884742736816,0.014274545945227146,0.015611721202731133,0,0,4800,0,5.605193857299268e-45
1787297081972,2402,0,0,10,0.17274996638298035,16.95159149169922,115.3239517211914,5.605193857299268e-45,1.1210387714598537e-44,5.605193857299268e-45,-5.605193857299268e-45,0,0,0.003099938156083226,0.002029227325692773,5.605193857299268e-45,1.1210387714598537e-44,13.65439510345459,13.645795822143555,13.661328315734863,0.014246637001633644,0.015985693782567978,0,0,4800,0,5.605193857299268e-45
1787297081992,2403,0,0,10,-0.06232835724949837,-18.31254768371582,172.63279724121094,5.605193857299268e-45,1.1210387714598537e-44,5.605193857299268e-45,-5.605193857299268e-45,0,0,0.0031016923021525145,0.0025610041338950396,5.605193857299268e-45,1.1210387714598537e-44,13.654704093933105,13.649154663085938,13.661478996276855,0.014213737100362778,0.014962992630898952,0,0,4800,0,5.605193857299268e-45
1787297082012,2404,0,0,10,-0.1512189507484436,-14.74739933013916,124.2217025756836,5.605193857299268e-45,1.1210387714598537e-44,5.605193857299268e-45,-5.605193857299268e-45,0,0,0.0024830764159560204,0.0018445582827553153,5.605193857299268e-45,1.1210387714598537e-44,13.66080379486084,13.656155586242676,13.6653470993042,0.014228278771042824,0.015642283484339714,0,0,4800,0,5.605193857299268e-45
1787297082032,2405,0,0,10,0.13751058280467987,12.329888343811035,109.54385375976562,5.605193857299268e-45,1.1210387714598537e-44,5.605193857299268e-45,-5.605193857299268e-45,0,0,0.0023672878742218018,0.0015589558752253652,5.605193857299268e-45,1.1210387714598537e-44,13.660306930541992,13.654994010925293,13.66541862487793,0.01448026206344366,0.015343359671533108,0,0,4800,0,5.605193857299268e-45
1787297082052,2406,0,0,10,-0.022303007543087006,-12.733810424804688,141.50958251953125,5.605193857299268e-45,1.1210387714598537e-44,5.605193857299268e-45,-5.605193857299268e-45,0,0,0.004779811482876539,0.0030783868860453367,5.605193857299268e-45,1.1210387714598537e-44,13.665299415588379,13.656845092773438,13.670827865600586,0.014151155017316341,0.015353147871792316,0,0,4800,0,5.605193857299268e-45
1787297082073,2407,0,0,10,0.12646307051181793,12.087526321411133,116.10331726074219,5.605193857299268e-45,1.1210387714598537e-44,5.605193857299268e-45,-5.605193857299268e-45,0,0,0.003529211040586233,0.002525612246245146,5.605193857299268e-45,1.1210387714598537e-44,13.667305946350098,13.661088943481445,13.672009468078613,0.014252987690269947,0.01538400910794735,0,0,4800,0,5.605193857299268e-45
1787297082093,2408,0,0,10,-0.00896290224045515,1.3651745319366455,108.33843994140625,5.605193857299268e-45,1.1210387714598537e-44,5.605193857299268e-45,-5.605193857299268e-45,0,0,0.003202396910637617,0.001996212173253298,5.605193857299268e-45,1.1210387714598537e-44,13.669636726379395,13.664607048034668,13.675606727600098,0.014179393649101257,0.015356242656707764,0,0,4800,0,5.605193857299268e-45
1787297082113,2409,0,0,10,-0.180538609623909,-16.229352951049805,178.982177734375,5.605193857299268e-45,1.1210387714598537e-44,5.605193857299268e-45,-5.605193857299268e-45,0,0,0.0035568445455282927,0.002136273542419076,5.605193857299268e-45,1.1210387714598537e-44,13.672863006591797,13.666224479675293,13.678057670593262,0.01416696049273014,0.015311243943870068,0,0,4800,0,5.605193857299268e-45
1787297082133,2410,0,0,10,0.09693924337625504,13.74216079711914,113.5785140991211,5.605193857299268e-45,1.1210387714598537e-44,5.605193857299268e-45,-5.605193857299268e-45,0,0,0.002327500144019723,0.0016811600653454661,5.605193857299268e-45,1.1210387714598537e-44,13.67708683013916,13.6726713180542,13.681929588317871,0.014045699499547482,0.014967544935643673,0,0,4800,0,5.605193857299268e-45
1787297082153,2411,0,0,10,-0.36929866671562195,-22.76950454711914,126.92113494873047,5.605193857299268e-45,1.1210387714598537e-44,5.605193857299268e-45,-5.605193857299268e-45,0,0,0.0036273335572332144,0.0027893444057554007,5.605193857299268e-45,1.1210387714598537e-44,13.680543899536133,13.675670623779297,13.684357643127441,0.013998251408338547,0.01576320081949234,0,0,4800,0,5.605193857299268e-45
1787297082173,2412,0,0,10,-0.035445086658000946,-7.332664489746094,176.09747314453125,5.605193857299268e-45,1.1210387714598537e-44,5.605193857299268e-45,-5.605193857299268e-45,0,0,0.00507013127207756,0.002221619011834264,5.605193857299268e-45,1.1210387714598537e-44,13.682690620422363,13.673233032226562,13.687054634094238,0.014281203970313072,0.015049614012241364,0,0,4800,0,5.605193857299268e-45
1787297082193,2413,0,0,10,0.01471371203660965,-7.987842559814453,176.4342041015625,5.605193857299268e-45,1.1210387714598537e-44,5.605193857299268e-45,-5.605193857299268e-45,0,0,0.004248886834830046,0.001976549159735441,5.605193857299268e-45,1.1210387714598537e-44,13.683706283569336,13.679191589355469,13.686975479125977,0.01421903632581234,0.015895651653409004,0,0,4800,0,5.605193857299268e-45
1787297082213,2414,0,0,10,0.006885292939841747,3.2719690799713135,141.51165771484375,5.605193857299268e-45,1.1210387714598537e-44,5.605193857299268e-45,-5.605193857299268e-45,0,0,0.003016355447471142,0.002007945440709591,5.605193857299268e-45,1.1210387714598537e-44,13.68618106842041,13.681825637817383,13.68943977355957,0.014340026304125786,0.015404189936816692,0,0,4800,0,5.605193857299268e-45
1787297082233,2415,0,0,10,-0.11977038532495499,-13.861394882202148,180.3705596923828,5.605193857299268e-45,1.1210387714598537e-44,5.605193857299268e-45,-5.605193857299268e-45,0,0,0.003341434756293893,0.002434530295431614,5.605193857299268e-45,1.1210387714598537e-44,13.687658309936523,13.682371139526367,13.69019603729248,0.014357696287333965,0.015572047792375088,0,0,4800,0,5.605193857299268e-45
1787297082253,2416,0,0,10,-0.1885618269443512,-15.348071098327637,68.52861022949219,5.605193857299268e-45,1.1210387714598537e-44,5.605193857299268e-45,-5.605193857299268e-45,0,0,0.00263910461217165,0.002596283098682761,5.605193857299268e-45,1.1210387714598537e-44,13.689635276794434,13.685561180114746,13.69844913482666,0.014311396516859531,0.015843257308006287,0,0,4800,0,5.605193857299268e-45
1787297082273,2417,0,0,10,0.4195590615272522,35.89129638671875,133.4481964111328,5.605193857299268e-45,1.1210387714598537e-44,5.605193857299268e-45,-5.605193857299268e-45,0,0,0.003923693206161261,0.0021407976746559143,5.605193857299268e-45,1.1210387714598537e-44,13.69177532196045,13.683141708374023,13.69817066192627,0.014207913540303707,0.015235720202326775,0,0,4800,0,5.605193857299268e-45
1787297082293,2418,0,0,10,-0.20824649930000305,-27.857776641845703,142.7525177001953,5.605193857299268e-45,1.1210387714598537e-44,5.605193857299268e-45,-5.605193857299268e-45,0,0,0.004452564753592014,0.0033794359769672155,5.605193857299268e-45,1.1210387714598537e-44,13.692609786987305,13.68407917022705,13.697052955627441,0.014161037281155586,0.015511908568441868,0,0,4800,0,5.605193857299268e-45
1787297082314,2419,0,0,10,-0.26745444536209106,-23.62217140197754,175.9871063232422,5.605193857299268e-45,1.1210387714598537e-44,5.605193857299268e-45,-5.605193857299268e-45,0,0,0.0038863529916852713,0.002730509964749217,5.605193857299268e-45,1.1210387714598537e-44,13.69626235961914,13.688894271850586,13.703858375549316,0.014377178624272346,0.015244699083268642,0,0,4800,0,5.605193857299268e-45
1787297082334,2420,0,0,10,0.08871077746152878,5.406600475311279,176.72955322265625,5.605193857299268e-45,1.1210387714598537e-44,5.605193857299268e-45,-5.605193857299268e-45,0,0,0.005802596919238567,0.002672858303412795,5.605193857299268e-45,1.1210387714598537e-44,13.701009750366211,13.694283485412598,13.706676483154297,0.014300431124866009,0.015295121818780899,0,0,4800,0,5.605193857299268e-45
1787297082354,2421,0,0,10,0.18622148036956787,13.094196319580078,274.9781188964844,5.605193857299268e-45,1.1210387714598537e-44,5.605193857299268e-45,-5.605193857299268e-45,0,0,0.004621542990207672,0.002254120074212551,5.605193857299268e-45,1.1210387714598537e-44,13.705495834350586,13.698631286621094,13.710856437683105,0.01435093767940998,0.01530470047146082,0,0,4800,0,5.605193857299268e-45
1787297082374,2422,0,0,10,-0.17101672291755676,-16.753034591674805,217.0113983154297,5.605193857299268e-45,1.1210387714598537e-44,5.605193857299268e-45,-5.605193857299268e-45,0,0,0.0032071371097117662,0.0026923511177301407,5.605193857299268e-45,1.1210387714598537e-44,13.708564758300781,13.703228950500488,13.715831756591797,0.014201671816408634,0.0154475262388587,0,0,4800,0,5.605193857299268e-45
1787297082394,2423,0,0,10,0.14899517595767975,12.359463691711426,178.03343200683594,5.605193857299268e-45,1.1210387714598537e-44,5.605193857299268e-45,-5.605193857299268e-45,0,0,0.0028321619611233473,0.002626952948048711,5.605193857299268e-45,1.1210387714598537e-44,13.709919929504395,13.705948829650879,13.71708869934082,0.014426822774112225,0.015509026125073433,0,0,4800,0,5.605193857299268e-45
1787297082414,2424,0,0,10,0.0621006116271019,-2.030090570449829,163.39456176757812,5.605193857299268e-45,1.1210387714598537e-44,5.605193857299268e-45,-5.605193857299268e-45,0,0,0.0046695019118487835,0.0025036598090082407,5.605193857299268e-45,1.1210387714598537e-44,13.713112831115723,13.709284782409668,13.716109275817871,0.014154779724776745,0.015210743062198162,0,0,4800,0,5.605193857299268e-45
1787297082434,2425,0,0,10,-0.06388036161661148,-5.037405967712402,232.6484832763672,5.605193857299268e-45,1.1210387714598537e-44,5.605193857299268e-45,-5.605193857299268e-45,0,0,0.0041336361318826675,0.002226699609309435,5.605193857299268e-45,1.1210387714598537e-44,13.715250968933105,13.712398529052734,13.722882270812988,0.01426500640809536,0.015161753632128239,0,0,4800,0,5.605193857299268e-45
1787297082454,2426,0,0,10,-0.0887780487537384,-14.057543754577637,208.40869140625,5.605193857299268e-45,1.1210387714598537e-44,5.605193857299268e-45,-5.605193857299268e-45,0,0,0.003658776404336095,0.002709768246859312,5.605193857299268e-45,1.1210387714598537e-44,13.716473579406738,13.712935447692871,13.721412658691406,0.01413865014910698,0.01501229777932167,0,0,4800,0,5.605193857299268e-45
1787297082474,2427,0,0,10,0.21981298923492432,26.890291213989258,167.07041931152344,5.605193857299268e-45,1.1210387714598537e-44,5.605193857299268e-45,-5.605193857299268e-45,0,0,0.003579637035727501,0.002281228546053171,5.605193857299268e-45,1.1210387714598537e-44,13.719399452209473,13.711019515991211,13.727582931518555,0.014492867514491081,0.016346963122487068,0,0,4800,0,5.605193857299268e-45
1787297082495,2428,0,0,10,-0.016881166025996208,-2.3669228553771973,116.41683959960938,5.605193857299268e-45,1.1210387714598537e-44,5.605193857299268e-45,-5.605193857299268e-45,0,0,0.003276243805885315,0.001850452390499413,5.605193857299268e-45,1.1210387714598537e-44,13.721503257751465,13.717833518981934,13.725152969360352,0.014166630804538727,0.014872061088681221,0,0,4800,0,5.605193857299268e-45
1787297082515,2429,0,0,10,0.4132557213306427,31.176250457763672,138.47019958496094,5.605193857299268e-45,1.1210387714598537e-44,5.605193857299268e-45,-5.605193857299268e-45,0,0,0.004066525958478451,0.0021633740980178118,5.605193857299268e-45,1.1210387714598537e-44,13.725133895874023,13.718902587890625,13.730814933776855,0.014460038393735886,0.015360653400421143,0,0,4800,0,5.605193857299268e-45
1787297082535,2430,0,0,10,-0.061739951372146606,-8.042875289916992,118.86178588867188,5.605193857299268e-45,1.1210387714598537e-44,5.605193857299268e-45,-5.605193857299268e-45,0,0,0.005389259662479162,0.003639599308371544,5.605193857299268e-45,1.1210387714598537e-44,13.729077339172363,13.722023010253906,13.73553466796875,0.014217867515981197,0.015355829149484634,0,0,4800,0,5.605193857299268e-45
1787297082555,2431,0,0,10,0.19243554770946503,15.281095504760742,139.9242706298828,5.605193857299268e-45,1.1210387714598537e-44,5.605193857299268e-45,-5.605193857299268e-45,0,0,0.004656109027564526,0.002577252918854356,5.605193857299268e-45,1.1210387714598537e-44,13.73271656036377,13.726058006286621,13.737414360046387,0.01423025131225586,0.015251480042934418,0,0,4800,0,5.605193857299268e-45
1787297082575,2432,0,0,10,0.013527650386095047,-2.746105670928955,174.36935424804688,5.605193857299268e-45,1.1210387714598537e-44,5.605193857299268e-45,-5.605193857299268e-45,0,0,0.004082272760570049,0.002541410503908992,5.605193857299268e-45,1.1210387714598537e-44,13.73763656616211,13.729926109313965,13.74324893951416,0.014035394415259361,0.014738969504833221,0,0,4800,0,5.605193857299268e-45
1787297082595,2433,0,0,10,-0.015083974227309227,3.573244333267212,144.86138916015625,5.605193857299268e-45,1.1210387714598537e-44,5.605193857299268e-45,-5.605193857299268e-45,0,0,0.003996625076979399,0.002058956539258361,5.605193857299268e-45,1.1210387714598537e-44,13.738224029541016,13.730541229248047,13.740864753723145,0.014327671378850937,0.01597881130874157,0,0,4800,0,5.605193857299268e-45
1787297082615,2434,0,0,10,-0.035940639674663544,1.1013517379760742,181.3332061767578,5.605193857299268e-45,1.1210387714598537e-44,5.605193857299268e-45,-5.605193857299268e-45,0,0,0.005162785295397043,0.002127124462276697,5.605193857299268e-45,1.1210387714598537e-44,13.74087142944336,13.736618041992188,13.745399475097656,0.014239612966775894,0.015292302705347538,0,0,4800,0,5.605193857299268e-45
1787297082635,2435,0,0,10,0.2252735048532486,17.68581771850586,109.50393676757812,5.605193857299268e-45,1.1210387714598537e-44,5.605193857299268e-45,-5.605193857299268e-45,0,0,0.0035555772483348846,0.0021301640663295984,5.605193857299268e-45,1.1210387714598537e-44,13.742816925048828,13.740875244140625,13.746405601501465,0.014456793665885925,0.015397868119180202,0,0,4800,0,5.605193857299268e-45
1787297082656,2436,0,0,10,0.06607775390148163,6.097342491149902,128.47946166992188,5.605193857299268e-45,1.1210387714598537e-44,5.605193857299268e-45,-5.605193857299268e-45,0,0,0.003830717410892248,0.0024522647727280855,5.605193857299268e-45,1.1210387714598537e-44,13.746450424194336,13.740530967712402,13.751100540161133,0.014323129318654537,0.015409055165946484,0,0,4800,0,5.605193857299268e-45
1787297082675,2437,0,0,10,0.1651497334241867,13.364806175231934,95.36919403076172,5.605193857299268e-45,1.1210387714598537e-44,5.605193857299268e-45,-5.605193857299268e-45,0,0,0.0030413458589464426,0.0017694392008706927,5.605193857299268e-45,1.1210387714598537e-44,13.751974105834961,13.745207786560059,13.760205268859863,0.014387783594429493,0.015370366163551807,0,0,4800,0,5.605193857299268e-45
1787297082696,2438,0,0,10,-0.26016145944595337,-39.21954345703125,222.7447967529297,5.605193857299268e-45,1.1210387714598537e-44,5.605193857299268e-45,-5.605193857299268e-45,0,0,0.0034447864163666964,0.0021253142040222883,5.605193857299268e-45,1.1210387714598537e-44,13.754443168640137,13.748977661132812,13.759923934936523,0.014369895681738853,0.015199622139334679,0,0,4800,0,5.605193857299268e-45
1787297082716,2439,0,0,10,0.4255187511444092,36.13819122314453,136.8519287109375,5.605193857299268e-45,1.1210387714598537e-44,5.605193857299268e-45,-5.605193857299268e-45,0,0,0.0031217914074659348,0.0019343250896781683,5.605193857299268e-45,1.1210387714598537e-44,13.760594367980957,13.751626014709473,13.767237663269043,0.014316928572952747,0.01514381356537342,0,0,4800,0,5.605193857299268e-45
1787297082736,2440,0,0,10,-0.03400551900267601,-7.0552077293396,117.33549499511719,5.605193857299268e-45,1.1210387714598537e-44,5.605193857299268e-45,-5.605193857299268e-45,0,0,0.002650041365996003,0.0022230600006878376,5.605193857299268e-45,1.1210387714598537e-44,13.7654447555542,13.760261535644531,13.772324562072754,0.01407212670892477,0.015152694657444954,0,0,4800,0,5.605193857299268e-45
1787297082756,2441,0,0,10,0.31267622113227844,27.448715209960938,117.2155990600586,5.605193857299268e-45,1.1210387714598537e-44,5.605193857299268e-45,-5.605193857299268e-45,0,0,0.0028986362740397453,0.0017626024782657623,5.605193857299268e-45,1.1210387714598537e-44,13.767962455749512,13.75929069519043,13.776240348815918,0.014480018056929111,0.01575283892452717,0,0,4800,0,5.605193857299268e-45
1787297082776,2442,0,0,10,-0.08019290864467621,0.13277588784694672,89.79351043701172,5.605193857299268e-45,1.1210387714598537e-44,5.605193857299268e-45,-5.605193857299268e-45,0,0,0.00308939884416759,0.00219987821765244,5.605193857299268e-45,1.1210387714598537e-44,13.772592544555664,13.767151832580566,13.779361724853516,0.014283654280006886,0.015249799005687237,0,0,4800,0,5.605193857299268e-45
1787297082796,2443,0,0,10,0.2670270502567291,30.409326553344727,102.23234558105469,5.605193857299268e-45,1.1210387714598537e-44,5.605193857299268e-45,-5.605193857299268e-45,0,0,0.0017461811657994986,0.0016333514358848333,5.605193857299268e-45,1.1210387714598537e-44,13.776995658874512,13.770415306091309,13.782370567321777,0.01431907806545496,0.015600473619997501,0,0,4800,0,5.605193857299268e-45
1787297082816,2444,0,0,10,-0.10580118745565414,-15.240208625793457,207.1552276611328,5.605193857299268e-45,1.1210387714598537e-44,5.605193857299268e-45,-5.605193857299268e-45,0,0,0.004689559806138277,0.0037075167056173086,5.605193857299268e-45,1.1210387714598537e-44,13.782544136047363,13.774219512939453,13.788386344909668,0.014135928824543953,0.015793999657034874,0,0,4800,0,5.605193857299268e-45
1787297082836,2445,0,0,10,0.7054975032806396,62.114593505859375,168.36810302734375,5.605193857299268e-45,1.1210387714598537e-44,5.605193857299268e-45,-5.605193857299268e-45,0,0,0.004764807876199484,0.002416806062683463,5.605193857299268e-45,1.1210387714598537e-44,13.786651611328125,13.782845497131348,13.791747093200684,0.01417294330894947,0.014875517226755619,0,0,4800,0,5.605193857299268e-45
1787297082856,2446,0,0,10,0.11848889291286469,-1.6089586019515991,162.1062774658203,5.605193857299268e-45,1.1210387714598537e-44,5.605193857299268e-45,-5.605193857299268e-45,0,0,0.006281320471316576,0.0030336901545524597,5.605193857299268e-45,1.1210387714598537e-44,13.788582801818848,13.782611846923828,13.7927885055542,0.01414793636649847,0.015286549925804138,0,0,4800,0,5.605193857299268e-45
1787297082877,2447,0,0,10,0.06189066544175148,5.400097370147705,94.01806640625,5.605193857299268e-45,1.1210387714598537e-44,5.605193857299268e-45,-5.605193857299268e-45,0,0,0.0035352034028619528,0.0021909961942583323,5.605193857299268e-45,1.1210387714598537e-44,13.791043281555176,13.787993431091309,13.7933349609375,0.014368932694196701,0.015167656354606152,0,0,4800,0,5.605193857299268e-45
1787297082897,2448,0,0,10,0.18398477137088776,16.336265563964844,106.40499877929688,5.605193857299268e-45,1.1210387714598537e-44,5.605193857299268e-45,-5.605193857299268e-45,0,0,0.005019461736083031,0.0019502025097608566,5.605193857299268e-45,1.1210387714598537e-44,13.792322158813477,13.788329124450684,13.794166564941406,0.01422655675560236,0.015041431412100792,0,0,4800,0,5.605193857299268e-45
1787297082917,2449,0,0,10,0.33567455410957336,32.571598052978516,113.06959533691406,5.605193857299268e-45,1.1210387714598537e-44,5.605193857299268e-45,-5.605193857299268e-45,0,0,0.0031089121475815773,0.001960903871804476,5.605193857299268e-45,1.1210387714598537e-44,13.793785095214844,13.788411140441895,13.79622745513916,0.014398457482457161,0.015388664789497852,0,0,4800,0,5.605193857299268e-45
1787297082937,2450,0,0,10,-0.08280029892921448,-1.7230255603790283,110.9861831665039,5.605193857299268e-45,1.1210387714598537e-44,5.605193857299268e-45,-5.605193857299268e-45,0,0,0.0037657744251191616,0.0023926396388560534,5.605193857299268e-45,1.1210387714598537e-44,13.79548454284668,13.78742790222168,13.799455642700195,0.01418596412986517,0.015050332061946392,0,0,4800,0,5.605193857299268e-45
1787297082957,2451,0,0,10,-0.18888893723487854,-20.142789840698242,108.86592102050781,5.605193857299268e-45,1.1210387714598537e-44,5.605193857299268e-45,-5.605193857299268e-45,0,0,0.0024919253773987293,0.0017919951351359487,5.605193857299268e-45,1.1210387714598537e-44,13.796124458312988,13.793827056884766,13.800798416137695,0.014251535758376122,0.015448820777237415,0,0,4800,0,5.605193857299268e-45
1787297082977,2452,0,0,10,-0.08326077461242676,-13.86513614654541,154.02870178222656,5.605193857299268e-45,1.1210387714598537e-44,5.605193857299268e-45,-5.605193857299268e-45,0,0,0.004306161310523748,0.002791960956528783,5.605193857299268e-45,1.1210387714598537e-44,13.800259590148926,13.792724609375,13.804539680480957,0.014010430313646793,0.014944225549697876,0,0,4800,0,5.605193857299268e-45
1787297082997,2453,0,0,10,0.1437816172838211,21.04098892211914,125.87145233154297,5.605193857299268e-45,1.1210387714598537e-44,5.605193857299268e-45,-5.605193857299268e-45,0,0,0.0030321991071105003,0.0017054679337888956,5.605193857299268e-45,1.1210387714598537e-44,13.802986145019531,13.797844886779785,13.807894706726074,0.014330847188830376,0.015232385136187077,0,0,4800,0,5.605193857299268e-45
1787297083017,2454,0,0,10,0.019426116719841957,2.9803574085235596,133.94503784179688,5.605193857299268e-45,1.1210387714598537e-44,5.605193857299268e-45,-5.605193857299268e-45,0,0,0.004272514954209328,0.0034101640339940786,5.605193857299268e-45,1.1210387714598537e-44,13.808281898498535,13.799444198608398,13.818096160888672,0.014272584579885006,0.015175976790487766,0,0,4800,0,5.605193857299268e-45
1787297083037,2455,0,0,10,-0.11085858941078186,-14.622641563415527,141.8476104736328,5.605193857299268e-45,1.1210387714598537e-44,5.605193857299268e-45,-5.605193857299268e-45,0,0,0.003334297798573971,0.0021245372481644154,5.605193857299268e-45,1.1210387714598537e-44,13.812272071838379,13.805469512939453,13.818197250366211,0.01380093488842249,0.015128379687666893,0,0,4800,0,5.605193857299268e-45
1787297083058,2456,0,0,10,0.030879249796271324,7.610419750213623,93.71209716796875,5.605193857299268e-45,1.1210387714598537e-44,5.605193857299268e-45,-5.605193857299268e-45,0,0,0.0026816127356141806,0.0019175796769559383,5.605193857299268e-45,1.1210387714598537e-44,13.816505432128906,13.81143569946289,13.823507308959961,0.014282549731433392,0.015270822681486607,0,0,4800,0,5.605193857299268e-45
1787297083078,2457,0,0,10,-0.12283529341220856,-10.096595764160156,105.28257751464844,5.605193857299268e-45,1.1210387714598537e-44,5.605193857299268e-45,-5.605193857299268e-45,0,0,0.0023802523501217365,0.0015595933655276895,5.605193857299268e-45,1.1210387714598537e-44,13.817837715148926,13.810124397277832,13.823522567749023,0.014237591065466404,0.01487200427800417,0,0,4800,0,5.605193857299268e-45
1787297083098,2458,0,0,10,0.1269087940454483,8.327631950378418,83.509033203125,5.605193857299268e-45,1.1210387714598537e-44,5.605193857299268e-45,-5.605193857299268e-45,0,0,0.003331880085170269,0.0023090913891792297,5.605193857299268e-45,1.1210387714598537e-44,13.822158813476562,13.816797256469727,13.829727172851562,0.014189465902745724,0.01528394315391779,0,0,4800,0,5.605193857299268e-45
1787297083118,2459,0,0,10,-0.044581834226846695,-0.9334701299667358,139.4038543701172,5.605193857299268e-45,1.1210387714598537e-44,5.605193857299268e-45,-5.605193857299268e-45,0,0,0.002079789759591222,0.0013740973081439734,5.605193857299268e-45,1.1210387714598537e-44,13.82278823852539,13.819194793701172,13.827247619628906,0.01426729280501604,0.015823738649487495,0,0,4800,0,5.605193857299268e-45
1787297083138,2460,0,0,10,-0.027510305866599083,-6.000330924987793,85.53225708007812,5.605193857299268e-45,1.1210387714598537e-44,5.605193857299268e-45,-5.605193857299268e-45,0,0,0.001374884624965489,0.0014451968017965555,5.605193857299268e-45,1.1210387714598537e-44,13.828042984008789,13.821355819702148,13.833250045776367,0.014238809235394001,0.015591422095894814,0,0,4800,0,5.605193857299268e-45
1787297083158,2461,0,0,10,-0.15060332417488098,-7.489964485168457,51.645992279052734,5.605193857299268e-45,1.1210387714598537e-44,5.605193857299268e-45,-5.605193857299268e-45,0,0,0.00048233228153549135,0.0009124804055318236,5.605193857299268e-45,1.1210387714598537e-44,13.830239295959473,13.824567794799805,13.836187362670898,0.014293045736849308,0.015324101783335209,0,0,4800,0,5.605193857299268e-45
1787297083178,2462,0,0,10,-0.021369250491261482,-7.240511417388916,171.81082153320312,5.605193857299268e-45,1.1210387714598537e-44,5.605193857299268e-45,-5.605193857299268e-45,0,0,0.003324463963508606,0.002770158462226391,5.605193857299268e-45,1.1210387714598537e-44,13.836284637451172,13.827274322509766,13.844086647033691,0.013985702767968178,0.015301265753805637,0,0,4800,0,5.605193857299268e-45
1787297083198,2463,0,0,10,0.22894690930843353,17.797595977783203,148.82803344726562,5.605193857299268e-45,1.1210387714598537e-44,5.605193857299268e-45,-5.605193857299268e-45,0,0,0.0031784807797521353,0.0022923662327229977,5.605193857299268e-45,1.1210387714598537e-44,13.840113639831543,13.831587791442871,13.844929695129395,0.014283401891589165,0.015247223898768425,0,0,4800,0,5.605193857299268e-45
1787297083218,2464,0,0,10,-0.18146158754825592,-10.218316078186035,141.9008026123047,5.605193857299268e-45,1.1210387714598537e-44,5.605193857299268e-45,-5.605193857299268e-45,0,0,0.003012385917827487,0.0026293485425412655,5.605193857299268e-45,1.1210387714598537e-44,13.84492015838623,13.839133262634277,13.848759651184082,0.014160793274641037,0.015153450891375542,0,0,4800,0,5.605193857299268e-45
1787297083238,2465,0,0,10,0.117014080286026,24.285324096679688,61.79642868041992,5.605193857299268e-45,1.1210387714598537e-44,5.605193857299268e-45,-5.605193857299268e-45,0,0,0.0015648248372599483,0.0015853289514780045,5.605193857299268e-45,1.1210387714598537e-44,13.846470832824707,13.843223571777344,13.850847244262695,0.01412158738821745,0.015381177887320518,0,0,4800,0,5.605193857299268e-45
1787297083259,2466,0,0,10,-0.059448327869176865,-5.920368194580078,132.22021484375,5.605193857299268e-45,1.1210387714598537e-44,5.605193857299268e-45,-5.605193857299268e-45,0,0,0.0021698451600968838,0.0018726615235209465,5.605193857299268e-45,1.1210387714598537e-44,13.851783752441406,13.847591400146484,13.858104705810547,0.014024101197719574,0.015509124845266342,0,0,4800,0,5.605193857299268e-45
1787297083279,2467,0,0,10,-0.05610327795147896,3.1724119186401367,134.59371948242188,5.605193857299268e-45,1.1210387714598537e-44,5.605193857299268e-45,-5.605193857299268e-45,0,0,0.001663380186073482,0.0012946451315656304,5.605193857299268e-45,1.1210387714598537e-44,13.854959487915039,13.849675178527832,13.859564781188965,0.014223339967429638,0.0150662986561656,0,0,4800,0,5.605193857299268e-45
1787297083299,2468,0,0,10,-0.03393470123410225,0.4147445261478424,72.01941680908203,5.605193857299268e-45,1.1210387714598537e-44,5.605193857299268e-45,-5.605193857299268e-45,0,0,0.0023801750503480434,0.001690759090706706,5.605193857299268e-45,1.1210387714598537e-44,13.859702110290527,13.851818084716797,13.870237350463867,0.014119043946266174,0.015120096504688263,0,0,4800,0,5.605193857299268e-45
1787297083319,2469,0,0,10,-0.19006046652793884,-22.113182067871094,158.11517333984375,5.605193857299268e-45,1.1210387714598537e-44,5.605193857299268e-45,-5.605193857299268e-45,0,0,0.00358810112811625,0.002637197496369481,5.605193857299268e-45,1.1210387714598537e-44,13.865728378295898,13.85400390625,13.870964050292969,0.014186006039381027,0.015598012134432793,0,0,4800,0,5.605193857299268e-45
1787297083339,2470,0,0,10,-0.07426372170448303,-5.072371006011963,135.05848693847656,5.605193857299268e-45,1.1210387714598537e-44,5.605193857299268e-45,-5.605193857299268e-45,0,0,0.0029605389572679996,0.0031031391117721796,5.605193857299268e-45,1.1210387714598537e-44,13.869522094726562,13.868210792541504,13.873893737792969,0.013803612440824509,0.015134193934500217,0,0,4800,0,5.605193857299268e-45
1787297083359,2471,0,0,10,-0.012147456407546997,-6.361596584320068,150.2820281982422,5.605193857299268e-45,1.1210387714598537e-44,5.605193857299268e-45,-5.605193857299268e-45,0,0,0.0023583057336509228,0.0022863789927214384,5.605193857299268e-45,1.1210387714598537e-44,13.874039649963379,13.868112564086914,13.879203796386719,0.014194998890161514,0.015369034372270107,0,0,4800,0,5.605193857299268e-45
1787297083379,2472,0,0,10,0.25449368357658386,19.14632797241211,114.26742553710938,5.605193857299268e-45,1.1210387714598537e-44,5.605193857299268e-45,-5.605193857299268e-45,0,0,0.0027143522165715694,0.0024566184729337692,5.605193857299268e-45,1.1210387714598537e-44,13.87966251373291,13.875885963439941,13.884636878967285,0.013980908319354057,0.015002110041677952,0,0,4800,0,5.605193857299268e-45
1787297083399,2473,0,0,10,0.09196397662162781,-0.7220706343650818,97.27119445800781,5.605193857299268e-45,1.1210387714598537e-44,5.605193857299268e-45,-5.605193857299268e-45,0,0,0.002887658542022109,0.0018358072265982628,5.605193857299268e-45,1.1210387714598537e-44,13.883550643920898,13.871546745300293,13.891885757446289,0.014120304025709629,0.014997772872447968,0,0,4800,0,5.605193857299268e-45
1787297083419,2474,0,0,10,0.06681564450263977,5.819864273071289,104.74927520751953,5.605193857299268e-45,1.1210387714598537e-44,5.605193857299268e-45,-5.605193857299268e-45,0,0,0.004087676759809256,0.0026412007864564657,5.605193857299268e-45,1.1210387714598537e-44,13.891889572143555,13.881861686706543,13.897364616394043,0.014116852544248104,0.014898627065122128,0,0,4800,0,5.605193857299268e-45
1787297083439,2475,0,0,10,0.36270901560783386,32.43935012817383,102.4621353149414,5.605193857299268e-45,1.1210387714598537e-44,5.605193857299268e-45,-5.605193857299268e-45,0,0,0.00194356101565063,0.0014467323198914528,5.605193857299268e-45,1.1210387714598537e-44,13.893834114074707,13.886405944824219,13.897595405578613,0.014104855246841908,0.01496174093335867,0,0,4800,0,5.605193857299268e-45
1787297083459,2476,0,0,10,0.034537333995103836,3.7836527824401855,73.79936981201172,5.605193857299268e-45,1.1210387714598537e-44,5.605193857299268e-45,-5.605193857299268e-45,0,0,0.0015038092387840152,0.0017655107658356428,5.605193857299268e-45,1.1210387714598537e-44,13.89721393585205,13.893656730651855,13.899786949157715,0.014208615757524967,0.01498610433191061,0,0,4800,0,5.605193857299268e-45
1787297083480,2477,0,0,10,-0.0017435295740142465,0.04554997757077217,105.13929748535156,5.605193857299268e-45,1.1210387714598537e-44,5.605193857299268e-45,-5.605193857299268e-45,0,0,0.0025291526690125465,0.0018106438219547272,5.605193857299268e-45,1.1210387714598537e-44,13.900487899780273,13.89639663696289,13.905061721801758,0.014028859324753284,0.01525751780718565,0,0,4800,0,5.605193857299268e-45
1787297083500,2478,0,0,10,-0.10349886864423752,-10.582307815551758,88.54405975341797,5.605193857299268e-45,1.1210387714598537e-44,5.605193857299268e-45,-5.605193857299268e-45,0,0,0.0026239983271807432,0.00251847505569458,5.605193857299268e-45,1.1210387714598537e-44,13.905241012573242,13.901167869567871,13.91042709350586,0.01422183308750391,0.015096114948391914,0,0,4800,0,5.605193857299268e-45
1787297083520,2479,0,0,10,-0.25192850828170776,-20.197383880615234,78.37471008300781,5.605193857299268e-45,1.1210387714598537e-44,5.605193857299268e-45,-5.605193857299268e-45,0,0,0.0010176795767620206,0.001684296759776771,5.605193857299268e-45,1.1210387714598537e-44,13.910714149475098,13.904891014099121,13.91708755493164,0.013968400657176971,0.015372239053249359,0,0,4800,0,5.605193857299268e-45
1787297083540,2480,0,0,10,0.02048480324447155,2.214148998260498,95.46112060546875,5.605193857299268e-45,1.1210387714598537e-44,5.605193857299268e-45,-5.605193857299268e-45,0,0,0.0015426252502948046,0.0017345210071653128,5.605193857299268e-45,1.1210387714598537e-44,13.916436195373535,13.906862258911133,13.924452781677246,0.013971162959933281,0.015114200301468372,0,0,4800,0,5.605193857299268e-45
1787297083560,2481,0,0,10,-0.3125130534172058,-29.880586624145508,153.363037109375,5.605193857299268e-45,1.1210387714598537e-44,5.605193857299268e-45,-5.605193857299268e-45,0,0,0.0026181370485574007,0.001982498914003372,5.605193857299268e-45,1.1210387714598537e-44,13.919857025146484,13.910573959350586,13.924300193786621,0.014094052836298943,0.015657518059015274,0,0,4800,0,5.605193857299268e-45
1787297083580,2482,0,0,10,0.007058253977447748,-0.33430972695350647,100.18109130859375,5.605193857299268e-45,1.1210387714598537e-44,5.605193857299268e-45,-5.605193857299268e-45,0,0,0.001357948873192072,0.001688061049208045,5.605193857299268e-45,1.1210387714598537e-44,13.925470352172852,13.913453102111816,13.933348655700684,0.013885804452002048,0.015015330165624619,0,0,4800,0,5.605193857299268e-45
1787297083600,2483,0,0,10,0.23369964957237244,14.37918758392334,148.80418395996094,5.605193857299268e-45,1.1210387714598537e-44,5.605193857299268e-45,-5.605193857299268e-45,0,0,0.002753532025963068,0.001969019416719675,5.605193857299268e-45,1.1210387714598537e-44,13.93039608001709,13.925627708435059,13.93680191040039,0.014031384140253067,0.015235291793942451,0,0,4800,0,5.605193857299268e-45
1787297083620,2484,0,0,10,-0.09506750106811523,-13.906617164611816,94.29278564453125,5.605193857299268e-45,1.1210387714598537e-44,5.605193857299268e-45,-5.605193857299268e-45,0,0,0.0022225198335945606,0.0019899155013263226,5.605193857299268e-45,1.1210387714598537e-44,13.934088706970215,13.925204277038574,13.939783096313477,0.014006556943058968,0.014892254956066608,0,0,4800,0,5.605193857299268e-45
1787297083640,2485,0,0,10,0.030820321291685104,3.7468109130859375,83.42513275146484,5.605193857299268e-45,1.1210387714598537e-44,5.605193857299268e-45,-5.605193857299268e-45,0,0,0.0016174025367945433,0.001434960518963635,5.605193857299268e-45,1.1210387714598537e-44,13.942248344421387,13.936031341552734,13.947687149047852,0.014304467476904392,0.015200188383460045,0,0,4800,0,5.605193857299268e-45
1787297083660,2486,0,0,10,-0.09096020460128784,-5.785958290100098,126.62763214111328,5.605193857299268e-45,1.1210387714598537e-44,5.605193857299268e-45,-5.605193857299268e-45,0,0,0.002158403629437089,0.002027734648436308,5.605193857299268e-45,1.1210387714598537e-44,13.946318626403809,13.940079689025879,13.951385498046875,0.013897269032895565,0.014526274055242538,0,0,4800,0,5.605193857299268e-45
1787297083681,2487,0,0,10,0.3449142873287201,36.517398834228516,155.14154052734375,5.605193857299268e-45,1.1210387714598537e-44,5.605193857299268e-45,-5.605193857299268e-45,0,0,0.0023221634328365326,0.00146005442366004,5.605193857299268e-45,1.1210387714598537e-44,13.951830863952637,13.946027755737305,13.957268714904785,0.014268823899328709,0.015624619089066982,0,0,4800,0,5.605193857299268e-45
1787297083701,2488,0,0,10,-0.11498472839593887,-3.2645957469940186,102.8565902709961,5.605193857299268e-45,1.1210387714598537e-44,5.605193857299268e-45,-5.605193857299268e-45,0,0,0.0010059312917292118,0.0013401310425251722,5.605193857299268e-45,1.1210387714598537e-44,13.9561767578125,13.95065975189209,13.962251663208008,0.014150134287774563,0.015221880748867989,0,0,4800,0,5.605193857299268e-45
1787297083721,2489,0,0,10,0.06784271448850632,9.180562019348145,96.7134780883789,5.605193857299268e-45,1.1210387714598537e-44,5.605193857299268e-45,-5.605193857299268e-45,0,0,0.0017058658413589,0.0015103076584637165,5.605193857299268e-45,1.1210387714598537e-44,13.962432861328125,13.956954002380371,13.970537185668945,0.01386317890137434,0.014851718209683895,0,0,4800,0,5.605193857299268e-45
1787297083741,2490,0,0,10,-0.09021671861410141,-6.504461288452148,104.20439147949219,5.605193857299268e-45,1.1210387714598537e-44,5.605193857299268e-45,-5.605193857299268e-45,0,0,0.0016456717858090997,0.0012491043889895082,5.605193857299268e-45,1.1210387714598537e-44,13.971569061279297,13.95987319946289,13.981407165527344,0.01409995462745428,0.014946960844099522,0,0,4800,0,5.605193857299268e-45
1787297083761,2491,0,0,10,0.25119826197624207,24.822439193725586,77.35148620605469,5.605193857299268e-45,1.1210387714598537e-44,5.605193857299268e-45,-5.605193857299268e-45,0,0,0.0019220829708501697,0.0015585740329697728,5.605193857299268e-45,1.1210387714598537e-44,13.98061752319336,13.973241806030273,13.986783027648926,0.01393902488052845,0.015025709755718708,0,0,4800,0,5.605193857299268e-45
1787297083781,2492,0,0,10,-0.01350664533674717,-7.101561546325684,95.00413513183594,5.605193857299268e-45,1.1210387714598537e-44,5.605193857299268e-45,-5.605193857299268e-45,0,0,0.001917011453770101,0.0016899671172723174,5.605193857299268e-45,1.1210387714598537e-44,13.991853713989258,13.978795051574707,13.999027252197266,0.013995997607707977,0.0147785022854805,0,0,4800,0,5.605193857299268e-45
1787297083801,2493,0,0,10,-0.1007554829120636,-12.683144569396973,117.35087585449219,5.605193857299268e-45,1.1210387714598537e-44,5.605193857299268e-45,-5.605193857299268e-45,0,0,0.002124458784237504,0.0017549985786899924,5.605193857299268e-45,1.1210387714598537e-44,13.997283935546875,13.995010375976562,14.002848625183105,0.013939605094492435,0.015091993845999241,0,0,4800,0,5.605193857299268e-45
1787297083821,2494,0,0,10,-0.029229136183857918,3.643653631210327,80.53915405273438,5.605193857299268e-45,1.1210387714598537e-44,5.605193857299268e-45,-5.605193857299268e-45,0,0,0.003529538167640567,0.0025715376250445843,5.605193857299268e-45,1.1210387714598537e-44,14.003056526184082,13.995240211486816,14.006239891052246,0.013911190442740917,0.015160308219492435,0,0,4800,0,5.605193857299268e-45
1787297083842,2495,0,0,10,-0.187101349234581,-11.597975730895996,75.84690856933594,5.605193857299268e-45,1.1210387714598537e-44,5.605193857299268e-45,-5.605193857299268e-45,0,0,0.0018195322481915355,0.0023119808174669743,5.605193857299268e-45,1.1210387714598537e-44,14.004484176635742,14.00272274017334,14.007304191589355,0.014016552828252316,0.014989619143307209,0,0,4800,0,5.605193857299268e-45
1787297083862,2496,0,0,10,-0.026742609217762947,-7.655214786529541,131.48789978027344,5.605193857299268e-45,1.1210387714598537e-44,5.605193857299268e-45,-5.605193857299268e-45,0,0,0.0020844803657382727,0.0015494588296860456,5.605193857299268e-45,1.1210387714598537e-44,14.006678581237793,14.000282287597656,14.011927604675293,0.01385568454861641,0.014504923485219479,0,0,4800,0,5.605193857299268e-45
1787297083881,2497,0,0,10,0.2121874839067459,15.399332046508789,100.5638427734375,5.605193857299268e-45,1.1210387714598537e-44,5.605193857299268e-45,-5.605193857299268e-45,0,0,0.004134752321988344,0.0017227805219590664,5.605193857299268e-45,1.1210387714598537e-44,14.007821083068848,13.99960994720459,14.012223243713379,0.014039580710232258,0.014921803958714008,0,0,4800,0,5.605193857299268e-45
1787297083902,2498,0,0,10,-0.03588132932782173,-26.11684799194336,220.1521453857422,5.605193857299268e-45,1.1210387714598537e-44,5.605193857299268e-45,-5.605193857299268e-45,0,0,0.004267420619726181,0.0027031386271119118,5.605193857299268e-45,1.1210387714598537e-44,14.016074180603027,14.005595207214355,14.024401664733887,0.013872280716896057,0.014401618391275406,0,0,4800,0,5.605193857299268e-45
1787297083922,2499,0,0,10,-0.03894743695855141,-2.7214372158050537,121.14805603027344,5.605193857299268e-45,1.1210387714598537e-44,5.605193857299268e-45,-5.605193857299268e-45,0,0,0.004505725111812353,0.0011446326971054077,5.605193857299268e-45,1.1210387714598537e-44,14.022292137145996,14.014864921569824,14.026557922363281,0.013909832574427128,0.01508701965212822,0.002037821337580681,0,4800,0,5.605193857299268e-45
1787297083942,2500,0,0,10,0.03825491666793823,2.343014717102051,157.28187561035156,5.605193857299268e-45,1.1210387714598537e-44,5.605193857299268e-45,-5.605193857299268e-45,0,0,0.004217660520225763,0.0022466268856078386,5.605193857299268e-45,1.1210387714598537e-44,14.027752876281738,14.021357536315918,14.032247543334961,0.014048999175429344,0.014817177318036556,0,0,4800,0,5.605193857299268e-45
1787297083962,2501,0,0,10,0.013170898891985416,5.378792762756348,128.172119140625,5.605193857299268e-45,1.1210387714598537e-44,5.605193857299268e-45,-5.605193857299268e-45,0,0,0.004653080366551876,0.002348053501918912,5.605193857299268e-45,1.1210387714598537e-44,14.032913208007812,14.029601097106934,14.03978443145752,0.014030404388904572,0.015321388840675354,0,0,4800,0,5.605193857299268e-45
1787297083982,2502,0,0,10,-0.17986752092838287,-17.73102378845215,128.24569702148438,5.605193857299268e-45,1.1210387714598537e-44,5.605193857299268e-45,-5.605193857299268e-45,0,0,0.005886956583708525,0.0028667731676250696,5.605193857299268e-45,1.1210387714598537e-44,14.04012393951416,14.032581329345703,14.048752784729004,0.014046878553926945,0.014988886192440987,0,0,4800,0,5.605193857299268e-45
1787297084002,2503,0,0,10,-0.08381826430559158,-4.240111827850342,123.18341064453125,5.605193857299268e-45,1.1210387714598537e-44,5.605193857299268e-45,-5.605193857299268e-45,0,0,0.0026934591587632895,0.0019909844268113375,5.605193857299268e-45,1.1210387714598537e-44,14.043307304382324,14.036948204040527,14.052579879760742,0.013845600187778473,0.014789851382374763,0,0,4800,0,5.605193857299268e-45
1787297084022,2504,0,0,10,0.06823073327541351,5.374392509460449,111.10233306884766,5.605193857299268e-45,1.1210387714598537e-44,5.605193857299268e-45,-5.605193857299268e-45,0,0,0.0037892062682658434,0.002279787790030241,5.605193857299268e-45,1.1210387714598537e-44,14.051056861877441,14.044683456420898,14.058366775512695,0.013880565762519836,0.014995153062045574,0,0,4800,0,5.605193857299268e-45
1787297084042,2505,0,0,10,0.057110127061605453,4.772799968719482,108.48906707763672,5.605193857299268e-45,1.1210387714598537e-44,5.605193857299268e-45,-5.605193857299268e-45,0,0,0.004037194419652224,0.0018725944682955742,5.605193857299268e-45,1.1210387714598537e-44,14.057514190673828,14.053447723388672,14.06391429901123,0.013789237476885319,0.015136070549488068,0,0,4800,0,5.605193857299268e-45
1787297084062,2506,0,0,10,0.13105851411819458,19.65730857849121,90.97059631347656,5.605193857299268e-45,1.1210387714598537e-44,5.605193857299268e-45,-5.605193857299268e-45,0,0,0.0035183753352612257,0.003161009168252349,5.605193857299268e-45,1.1210387714598537e-44,14.064685821533203,14.058662414550781,14.072102546691895,0.013824251480400562,0.014726860448718071,0,0,4800,0,5.605193857299268e-45
1787297084083,2507,0,0,10,0.0858009085059166,6.276491641998291,136.23304748535156,5.605193857299268e-45,1.1210387714598537e-44,5.605193857299268e-45,-5.605193857299268e-45,0,0,0.003248592372983694,0.0023829552810639143,5.605193857299268e-45,1.1210387714598537e-44,14.071476936340332,14.064062118530273,14.077597618103027,0.013806771486997604,0.014837932772934437,0,0,4800,0,5.605193857299268e-45
1787297084103,2508,0,0,10,0.08063510060310364,9.3518705368042,149.3585662841797,5.605193857299268e-45,1.1210387714598537e-44,5.605193857299268e-45,-5.605193857299268e-45,0,0,0.004832127131521702,0.0025382686872035265,5.605193857299268e-45,1.1210387714598537e-44,14.079745292663574,14.072942733764648,14.086636543273926,0.013813868165016174,0.014978315681219101,0,0,4800,0,5.605193857299268e-45
1787297084123,2509,0,0,10,0.04513900354504585,-5.556150913238525,168.83583068847656,5.605193857299268e-45,1.1210387714598537e-44,5.605193857299268e-45,-5.605193857299268e-45,0,0,0.0023363446816802025,0.002260773442685604,5.605193857299268e-45,1.1210387714598537e-44,14.086709976196289,14.075170516967773,14.092354774475098,0.013761816546320915,0.014599577523767948,0,0,4800,0,5.605193857299268e-45
1787297084143,2510,0,0,10,-0.12809818983078003,-18.744985580444336,106.71135711669922,5.605193857299268e-45,1.1210387714598537e-44,5.605193857299268e-45,-5.605193857299268e-45,0,0,0.0032090344466269016,0.0029871477745473385,5.605193857299268e-45,1.1210387714598537e-44,14.094050407409668,14.089771270751953,14.09941291809082,0.013753042556345463,0.014439224265515804,0,0,4800,0,5.605193857299268e-45
1787297084163,2511,0,0,10,0.19370843470096588,18.05979347229004,118.6623306274414,5.605193857299268e-45,1.1210387714598537e-44,5.605193857299268e-45,-5.605193857299268e-45,0,0,0.0032754100393503904,0.0024929349310696125,5.605193857299268e-45,1.1210387714598537e-44,14.103561401367188,14.095632553100586,14.110479354858398,0.013841171748936176,0.01520772185176611,0,0,4800,0,5.605193857299268e-45
1787297084183,2512,0,0,10,0.09700248390436172,4.892319679260254,144.9148406982422,5.605193857299268e-45,1.1210387714598537e-44,5.605193857299268e-45,-5.605193857299268e-45,0,0,0.0037767859175801277,0.0027110427618026733,5.605193857299268e-45,1.1210387714598537e-44,14.11023998260498,14.10477352142334,14.115673065185547,0.013913560658693314,0.014593318104743958,0,0,4800,0,5.605193857299268e-45
1787297084203,2513,0,0,10,-0.041015177965164185,-7.766186237335205,128.11590576171875,5.605193857299268e-45,1.1210387714598537e-44,5.605193857299268e-45,-5.605193857299268e-45,0,0,0.0023768276441842318,0.002122972160577774,5.605193857299268e-45,1.1210387714598537e-44,14.114275932312012,14.106311798095703,14.120182991027832,0.013719692826271057,0.014811958186328411,0,0,4800,0,5.605193857299268e-45
1787297084223,2514,0,0,10,-0.021267501637339592,-7.926259517669678,165.82276916503906,5.605193857299268e-45,1.1210387714598537e-44,5.605193857299268e-45,-5.605193857299268e-45,0,0,0.004994669929146767,0.0030727216508239508,5.605193857299268e-45,1.1210387714598537e-44,14.121258735656738,14.113199234008789,14.131367683410645,0.013671332970261574,0.014727343805134296,0,0,4800,0,5.605193857299268e-45
1787297084243,2515,0,0,10,-0.13700252771377563,-11.036008834838867,123.11111450195312,5.605193857299268e-45,1.1210387714598537e-44,5.605193857299268e-45,-5.605193857299268e-45,0,0,0.0025547267869114876,0.002221654402092099,5.605193857299268e-45,1.1210387714598537e-44,14.129735946655273,14.123957633972168,14.135406494140625,0.013808006420731544,0.015084194019436836,0,0,4800,0,5.605193857299268e-45
1787297084263,2516,0,0,10,-0.11018458008766174,-13.17349910736084,103.91746520996094,5.605193857299268e-45,1.1210387714598537e-44,5.605193857299268e-45,-5.605193857299268e-45,0,0,0.0025666251312941313,0.0023024575784802437,5.605193857299268e-45,1.1210387714598537e-44,14.13778305053711,14.131022453308105,14.143902778625488,0.013693173415958881,0.01438374537974596,0,0,4800,0,5.605193857299268e-45
1787297084284,2517,0,0,10,-0.01843034103512764,-11.309282302856445,120.95980072021484,5.605193857299268e-45,1.1210387714598537e-44,5.605193857299268e-45,-5.605193857299268e-45,0,0,0.0027865904849022627,0.0018891283543780446,5.605193857299268e-45,1.1210387714598537e-44,14.1455078125,14.139328956604004,14.150847434997559,0.01377770584076643,0.014879396185278893,0,0,4800,0,5.605193857299268e-45
1787297084304,2518,0,0,10,-0.1025366261601448,-11.029147148132324,99.57815551757812,5.605193857299268e-45,1.1210387714598537e-44,5.605193857299268e-45,-5.605193857299268e-45,0,0,0.0021653487347066402,0.0020125512965023518,5.605193857299268e-45,1.1210387714598537e-44,14.1535005569458,14.14651107788086,14.161413192749023,0.013749638572335243,0.014324978925287724,0,0,4800,0,5.605193857299268e-45
1787297084324,2519,0,0,10,0.005182494875043631,0.3412041962146759,90.92877197265625,5.605193857299268e-45,1.1210387714598537e-44,5.605193857299268e-45,-5.605193857299268e-45,0,0,0.001942640170454979,0.0017132689245045185,5.605193857299268e-45,1.1210387714598537e-44,14.161111831665039,14.156346321105957,14.164880752563477,0.013856829144060612,0.01501249335706234,0,0,4800,0,5.605193857299268e-45
1787297084344,2520,0,0,10,-0.029703672975301743,-8.168493270874023,115.31926727294922,5.605193857299268e-45,1.1210387714598537e-44,5.605193857299268e-45,-5.605193857299268e-45,0,0,0.0017377237090840936,0.0016917736502364278,5.605193857299268e-45,1.1210387714598537e-44,14.169655799865723,14.152231216430664,14.180408477783203,0.013697349466383457,0.014944768510758877,0,0,4800,0,5.605193857299268e-45
1787297084364,2521,0,0,10,-0.09122363477945328,-4.157369136810303,87.69133758544922,5.605193857299268e-45,1.1210387714598537e-44,5.605193857299268e-45,-5.605193857299268e-45,0,0,0.002087230794131756,0.0019945211242884398,5.605193857299268e-45,1.1210387714598537e-44,14.176690101623535,14.17099666595459,14.1827392578125,0.01366559136658907,0.014996604062616825,0,0,4800,0,5.605193857299268e-45
1787297084384,2522,0,0,10,0.006549392361193895,-1.5782947540283203,87.39701080322266,5.605193857299268e-45,1.1210387714598537e-44,5.605193857299268e-45,-5.605193857299268e-45,0,0,0.0024222536012530327,0.0024973878171294928,5.605193857299268e-45,1.1210387714598537e-44,14.187227249145508,14.181241989135742,14.194600105285645,0.01395843643695116,0.01524678897112608,0,0,4800,0,5.605193857299268e-45
1787297084404,2523,0,0,10,-0.0709015429019928,-6.98874044418335,76.06893157958984,5.605193857299268e-45,1.1210387714598537e-44,5.605193857299268e-45,-5.605193857299268e-45,0,0,0.0014016159111633897,0.001647555734962225,5.605193857299268e-45,1.1210387714598537e-44,14.193119049072266,14.189192771911621,14.197137832641602,0.01374165341258049,0.014569336548447609,0,0,4800,0,5.605193857299268e-45
1787297084424,2524,0,0,10,-0.014567404985427856,-6.139911651611328,73.58731842041016,5.605193857299268e-45,1.1210387714598537e-44,5.605193857299268e-45,-5.605193857299268e-45,0,0,0.0025529360864311457,0.0018225525273010135,5.605193857299268e-45,1.1210387714598537e-44,14.20488452911377,14.199498176574707,14.21126937866211,0.01372066605836153,0.014503047801554203,0,0,4800,0,5.605193857299268e-45
1787297084444,2525,0,0,10,0.1016082912683487,10.508780479431152,112.81517028808594,5.605193857299268e-45,1.1210387714598537e-44,5.605193857299268e-45,-5.605193857299268e-45,0,0,0.0029763022903352976,0.0021496741101145744,5.605193857299268e-45,1.1210387714598537e-44,14.212956428527832,14.207462310791016,14.21735954284668,0.01377888023853302,0.014677002094686031,0,0,4800,0,5.605193857299268e-45
1787297084464,2526,0,0,10,0.010899380780756474,-8.406033515930176,121.70893096923828,5.605193857299268e-45,1.1210387714598537e-44,5.605193857299268e-45,-5.605193857299268e-45,0,0,0.0030532809905707836,0.0024473522789776325,5.605193857299268e-45,1.1210387714598537e-44,14.218388557434082,14.212194442749023,14.223382949829102,0.0135835912078619,0.014430828392505646,0,0,4800,0,5.605193857299268e-45
1787297084484,2527,0,0,10,0.17487339675426483,12.709046363830566,132.45877075195312,5.605193857299268e-45,1.1210387714598537e-44,5.605193857299268e-45,-5.605193857299268e-45,0,0,0.0022720282431691885,0.0021025293972343206,5.605193857299268e-45,1.1210387714598537e-44,14.222517967224121,14.217448234558105,14.227644920349121,0.013585594482719898,0.01449195109307766,0,0,4800,0,5.605193857299268e-45
1787297084505,2528,0,0,10,0.13024067878723145,9.54396915435791,85.73147583007812,5.605193857299268e-45,1.1210387714598537e-44,5.605193857299268e-45,-5.605193857299268e-45,0,0,0.004220230039209127,0.002299804473295808,5.605193857299268e-45,1.1210387714598537e-44,14.233024597167969,14.227424621582031,14.239423751831055,0.013569625094532967,0.014816438779234886,0,0,4800,0,5.605193857299268e-45
1787297084525,2529,0,0,10,-0.00503271259367466,-7.5611677169799805,131.69801330566406,5.605193857299268e-45,1.1210387714598537e-44,5.605193857299268e-45,-5.605193857299268e-45,0,0,0.0028148482087999582,0.002350013004615903,5.605193857299268e-45,1.1210387714598537e-44,14.240116119384766,14.233383178710938,14.245774269104004,0.013617138378322124,0.01473668497055769,0,0,4800,0,5.605193857299268e-45
1787297084545,2530,0,0,10,-0.023421216756105423,-11.842597961425781,130.1599884033203,5.605193857299268e-45,1.1210387714598537e-44,5.605193857299268e-45,-5.605193857299268e-45,0,0,0.003523821011185646,0.002055963035672903,5.605193857299268e-45,1.1210387714598537e-44,14.24825668334961,14.240090370178223,14.253968238830566,0.013719217851758003,0.014839719980955124,0,0,4800,0,5.605193857299268e-45
1787297084565,2531,0,0,10,-0.011001335456967354,3.7995705604553223,73.42507934570312,5.605193857299268e-45,1.1210387714598537e-44,5.605193857299268e-45,-5.605193857299268e-45,0,0,0.0020569325424730778,0.0016969161806628108,5.605193857299268e-45,1.1210387714598537e-44,14.256179809570312,14.249909400939941,14.264019012451172,0.013919217512011528,0.014815147034823895,0,0,4800,0,5.605193857299268e-45
1787297084585,2532,0,0,10,-0.15546908974647522,-11.78336238861084,82.56935119628906,5.605193857299268e-45,1.1210387714598537e-44,5.605193857299268e-45,-5.605193857299268e-45,0,0,0.0011232562828809023,0.0014920185785740614,5.605193857299268e-45,1.1210387714598537e-44,14.26496696472168,14.260228157043457,14.272110939025879,0.013851705007255077,0.014819562435150146,0,0,4800,0,5.605193857299268e-45
1787297084605,2533,0,0,10,-0.04239660128951073,1.579917550086975,66.17269897460938,5.605193857299268e-45,1.1210387714598537e-44,5.605193857299268e-45,-5.605193857299268e-45,0,0,0.0004847976379096508,0.0008602513698861003,5.605193857299268e-45,1.1210387714598537e-44,14.270801544189453,14.264923095703125,14.277681350708008,0.013804031535983086,0.015219813212752342,0,0,4800,0,5.605193857299268e-45
1787297084625,2534,0,0,10,0.0025993045419454575,1.4079033136367798,80.7733154296875,5.605193857299268e-45,1.1210387714598537e-44,5.605193857299268e-45,-5.605193857299268e-45,0,0,0.002142294542863965,0.0018216408789157867,5.605193857299268e-45,1.1210387714598537e-44,14.280431747436523,14.272907257080078,14.28946304321289,0.013605794869363308,0.014260887168347836,0,0,4800,0,5.605193857299268e-45
1787297084645,2535,0,0,10,-0.051597096025943756,-1.6312823295593262,70.59160614013672,5.605193857299268e-45,1.1210387714598537e-44,5.605193857299268e-45,-5.605193857299268e-45,0,0,0.0006042286404408514,0.0011182090966030955,5.605193857299268e-45,1.1210387714598537e-44,14.291487693786621,14.283373832702637,14.298397064208984,0.013729535043239594,0.014769774861633778,0,0,4800,0,5.605193857299268e-45
1787297084665,2536,0,0,10,-0.09217220544815063,-10.86502742767334,68.34467315673828,5.605193857299268e-45,1.1210387714598537e-44,5.605193857299268e-45,-5.605193857299268e-45,0,0,0.0017460074741393328,0.0016332630766555667,5.605193857299268e-45,1.1210387714598537e-44,14.298439979553223,14.292789459228516,14.302928924560547,0.01373068243265152,0.014607065357267857,0,0,4800,0,5.605193857299268e-45
1787297084685,2537,0,0,10,-0.05515923723578453,-4.188647747039795,78.06830596923828,5.605193857299268e-45,1.1210387714598537e-44,5.605193857299268e-45,-5.605193857299268e-45,0,0,0.0010048701660707593,0.001451440155506134,5.605193857299268e-45,1.1210387714598537e-44,14.30840015411377,14.30086898803711,14.316801071166992,0.013772114180028439,0.01435226108878851,0,0,4800,0,5.605193857299268e-45
1787297084706,2538,0,0,10,-0.033591050654649734,-2.4713666439056396,108.91798400878906,5.605193857299268e-45,1.1210387714598537e-44,5.605193857299268e-45,-5.605193857299268e-45,0,0,0.0011828190181404352,0.0012354075442999601,5.605193857299268e-45,1.1210387714598537e-44,14.318305015563965,14.312376022338867,14.323185920715332,0.013684248551726341,0.014563314616680145,0,0,4800,0,5.605193857299268e-45
1787297084726,2539,0,0,10,0.03619345650076866,4.2268147468566895,47.806610107421875,5.605193857299268e-45,1.1210387714598537e-44,5.605193857299268e-45,-5.605193857299268e-45,0,0,0.0009892354719340801,0.0012129349634051323,5.605193857299268e-45,1.1210387714598537e-44,14.325407981872559,14.32077693939209,14.330114364624023,0.01370222121477127,0.01480727456510067,0,0,4800,0,5.605193857299268e-45
1787297084746,2540,0,0,10,0.050565097481012344,8.552149772644043,140.790283203125,5.605193857299268e-45,1.1210387714598537e-44,5.605193857299268e-45,-5.605193857299268e-45,0,0,0.0021985310595482588,0.0016710648778825998,5.605193857299268e-45,1.1210387714598537e-44,14.33615493774414,14.32634449005127,14.343928337097168,0.013554774224758148,0.014891296625137329,0,0,4800,0,5.605193857299268e-45
1787297084766,2541,0,0,10,-0.14328347146511078,-19.912290573120117,110.40160369873047,5.605193857299268e-45,1.1210387714598537e-44,5.605193857299268e-45,-5.605193857299268e-45,0,0,0.002108921529725194,0.0019470982952043414,5.605193857299268e-45,1.1210387714598537e-44,14.346321105957031,14.338462829589844,14.351052284240723,0.013701627030968666,0.014959069900214672,0,0,4800,0,5.605193857299268e-45
1787297084786,2542,0,0,10,-0.05686132237315178,-16.265817642211914,170.91339111328125,5.605193857299268e-45,1.1210387714598537e-44,5.605193857299268e-45,-5.605193857299268e-45,0,0,0.003090179292485118,0.0024017891846597195,5.605193857299268e-45,1.1210387714598537e-44,14.354292869567871,14.34592056274414,14.359415054321289,0.01337619312107563,0.014083766378462315,0,0,4800,0,5.605193857299268e-45
1787297084806,2543,0,0,10,-0.15965884923934937,-12.47966480255127,148.5308074951172,5.605193857299268e-45,1.1210387714598537e-44,5.605193857299268e-45,-5.605193857299268e-45,0,0,0.0025390018709003925,0.002324600238353014,5.605193857299268e-45,1.1210387714598537e-44,14.365104675292969,14.352754592895508,14.371227264404297,0.013568560592830181,0.014944403432309628,0,0,4800,0,5.605193857299268e-45
1787297084826,2544,0,0,10,0.08449989557266235,2.587646961212158,129.66122436523438,5.605193857299268e-45,1.1210387714598537e-44,5.605193857299268e-45,-5.605193857299268e-45,0,0,0.0036191463004797697,0.002342057880014181,5.605193857299268e-45,1.1210387714598537e-44,14.374306678771973,14.366934776306152,14.381224632263184,0.013435693457722664,0.014168375171720982,0,0,4800,0,5.605193857299268e-45
1787297084846,2545,0,0,10,0.04505452513694763,5.3050031661987305,136.86488342285156,5.605193857299268e-45,1.1210387714598537e-44,5.605193857299268e-45,-5.605193857299268e-45,0,0,0.003241106867790222,0.002439743373543024,5.605193857299268e-45,1.1210387714598537e-44,14.382553100585938,14.377222061157227,14.38791561126709,0.013362517580389977,0.014487520791590214,0,0,4800,0,5.605193857299268e-45
1787297084866,2546,0,0,10,-0.07995143532752991,-5.90617561340332,186.78475952148438,5.605193857299268e-45,1.1210387714598537e-44,5.605193857299268e-45,-5.605193857299268e-45,0,0,0.0026313753332942724,0.0019716715905815363,5.605193857299268e-45,1.1210387714598537e-44,14.402996063232422,14.389482498168945,14.414271354675293,0.01336636207997799,0.01432086993008852,0,0,4800,0,5.605193857299268e-45
1787297084886,2547,0,0,10,-0.10446418076753616,-12.286432266235352,132.15953063964844,5.605193857299268e-45,1.1210387714598537e-44,5.605193857299268e-45,-5.605193857299268e-45,0,0,0.002556700725108385,0.0021581207402050495,5.605193857299268e-45,1.1210387714598537e-44,14.419342041015625,14.410835266113281,14.426864624023438,0.013761156238615513,0.01486031711101532,0,0,4800,0,5.605193857299268e-45
1787297084907,2548,0,0,10,-0.14105172455310822,-27.757343292236328,175.31153869628906,5.605193857299268e-45,1.1210387714598537e-44,5.605193857299268e-45,-5.605193857299268e-45,0,0,0.00616950960829854,0.0040301852859556675,5.605193857299268e-45,1.1210387714598537e-44,14.427033424377441,14.419679641723633,14.43127727508545,0.01333705335855484,0.014282910153269768,0,0,4800,0,5.605193857299268e-45
1787297084927,2549,0,0,10,0.040647201240062714,0.7970075011253357,190.59410095214844,5.605193857299268e-45,1.1210387714598537e-44,5.605193857299268e-45,-5.605193857299268e-45,0,0,0.0044301156885921955,0.002355293370783329,5.605193857299268e-45,1.1210387714598537e-44,14.429567337036133,14.419817924499512,14.433897018432617,0.013447441160678864,0.014153293333947659,0,0,4800,0,5.605193857299268e-45
1787297084947,2550,0,0,10,0.1497621089220047,14.064464569091797,107.51432037353516,5.605193857299268e-45,1.1210387714598537e-44,5.605193857299268e-45,-5.605193857299268e-45,0,0,0.004686648957431316,0.0018508556531742215,5.605193857299268e-45,1.1210387714598537e-44,14.435032844543457,14.429666519165039,14.444448471069336,0.01382170245051384,0.014977688901126385,0,0,4800,0,5.605193857299268e-45
1787297084967,2551,0,0,10,-0.16237974166870117,-29.504247665405273,124.10151672363281,5.605193857299268e-45,1.1210387714598537e-44,5.605193857299268e-45,-5.605193857299268e-45,0,0,0.004614959470927715,0.0021481169387698174,5.605193857299268e-45,1.1210387714598537e-44,14.443163871765137,14.435232162475586,14.450963973999023,0.013757054693996906,0.014584613963961601,0,0,4800,0,5.605193857299268e-45
1787297084987,2552,0,0,10,0.18512259423732758,3.0217087268829346,222.6971893310547,5.605193857299268e-45,1.1210387714598537e-44,5.605193857299268e-45,-5.605193857299268e-45,0,0,0.007285784464329481,0.0021984565537422895,5.605193857299268e-45,1.1210387714598537e-44,14.452406883239746,14.44490909576416,14.459230422973633,0.013560916297137737,0.014434543438255787,0.004244046751409769,0,4800,0,5.605193857299268e-45
1787297085007,2553,0,0,10,-0.16720561683177948,-16.1257381439209,147.27066040039062,5.605193857299268e-45,1.1210387714598537e-44,5.605193857299268e-45,-5.605193857299268e-45,0,0,0.004766826052218676,0.002497949404641986,5.605193857299268e-45,1.1210387714598537e-44,14.458009719848633,14.455975532531738,14.461393356323242,0.01343557145446539,0.014873120933771133,0,0,4800,0,5.605193857299268e-45
1787297085028,2554,0,0,10,-0.4838654696941376,-25.314619064331055,202.0601348876953,5.605193857299268e-45,1.1210387714598537e-44,5.605193857299268e-45,-5.605193857299268e-45,0,0,0.007664908189326525,0.0036378020886331797,5.605193857299268e-45,1.1210387714598537e-44,14.467240333557129,14.460471153259277,14.472379684448242,0.013468016870319843,0.014178548008203506,0,0,4800,0,5.605193857299268e-45
1787297085048,2555,0,0,10,0.09025106579065323,14.51206111907959,172.55335998535156,5.605193857299268e-45,1.1210387714598537e-44,5.605193857299268e-45,-5.605193857299268e-45,0,0,0.004166408441960812,0.002782637719064951,5.605193857299268e-45,1.1210387714598537e-44,14.478368759155273,14.468855857849121,14.484700202941895,0.013578255660831928,0.014864602126181126,0,0,4800,0,5.605193857299268e-45
1787297085067,2556,0,0,10,-0.05283172428607941,-2.788144588470459,109.7225570678711,5.605193857299268e-45,1.1210387714598537e-44,5.605193857299268e-45,-5.605193857299268e-45,0,0,0.0031581276562064886,0.0025362877640873194,5.605193857299268e-45,1.1210387714598537e-44,14.48697280883789,14.47911548614502,14.493608474731445,0.013484882190823555,0.014973575249314308,0,0,4800,0,5.605193857299268e-45
1787297085088,2557,0,0,10,-0.017538396641612053,6.332723140716553,137.59608459472656,5.605193857299268e-45,1.1210387714598537e-44,5.605193857299268e-45,-5.605193857299268e-45,0,0,0.0036734682507812977,0.0022670698817819357,5.605193857299268e-45,1.1210387714598537e-44,14.496917724609375,14.487626075744629,14.502425193786621,0.013627415522933006,0.014534246176481247,0,0,4800,0,5.605193857299268e-45
1787297085109,2558,0,0,10,-0.10560587793588638,-3.995767831802368,141.17587280273438,5.605193857299268e-45,1.1210387714598537e-44,5.605193857299268e-45,-5.605193857299268e-45,0,0,0.005350568797439337,0.0027931290678679943,5.605193857299268e-45,1.1210387714598537e-44,14.509404182434082,14.501333236694336,14.517805099487305,0.01332477293908596,0.01425232831388712,0,0,4800,0,5.605193857299268e-45
1787297085129,2559,0,0,10,-0.09127907454967499,-8.642984390258789,127.25789642333984,5.605193857299268e-45,1.1210387714598537e-44,5.605193857299268e-45,-5.605193857299268e-45,0,0,0.0029209593776613474,0.002943089697510004,5.605193857299268e-45,1.1210387714598537e-44,14.520660400390625,14.513059616088867,14.52846908569336,0.013650943525135517,0.014632285572588444,0,0,4800,0,5.605193857299268e-45
1787297085148,2560,0,0,10,-0.014743550680577755,-5.039248943328857,228.4879913330078,5.605193857299268e-45,1.1210387714598537e-44,5.605193857299268e-45,-5.605193857299268e-45,0,0,0.00331108714453876,0.0027221522759646177,5.605193857299268e-45,1.1210387714598537e-44,14.529702186584473,14.521687507629395,14.535204887390137,0.013645281083881855,0.014665711671113968,0,0,4800,0,5.605193857299268e-45
1787297085168,2561,0,0,10,0.14570707082748413,27.900053024291992,131.8373565673828,5.605193857299268e-45,1.1210387714598537e-44,5.605193857299268e-45,-5.605193857299268e-45,0,0,0.002385968342423439,0.002032775431871414,5.605193857299268e-45,1.1210387714598537e-44,14.536974906921387,14.53194522857666,14.542563438415527,0.013495086692273617,0.014307865872979164,0,0,4800,0,5.605193857299268e-45
1787297085188,2562,0,0,10,0.14919991791248322,13.271483421325684,111.45723724365234,5.605193857299268e-45,1.1210387714598537e-44,5.605193857299268e-45,-5.605193857299268e-45,0,0,0.0020036420319229364,0.001506156986579299,5.605193857299268e-45,1.1210387714598537e-44,14.546439170837402,14.538700103759766,14.553777694702148,0.013468132354319096,0.014538620598614216,0,0,4800,0,5.605193857299268e-45
1787297085208,2563,0,0,10,-0.1424584686756134,-16.735084533691406,155.28623962402344,5.605193857299268e-45,1.1210387714598537e-44,5.605193857299268e-45,-5.605193857299268e-45,0,0,0.0037636070046573877,0.0017631053924560547,5.605193857299268e-45,1.1210387714598537e-44,14.55606460571289,14.547980308532715,14.56190013885498,0.013931578025221825,0.014642252586781979,0,0,4800,0,5.605193857299268e-45
1787297085228,2564,0,0,10,0.11933886259794235,8.14394760131836,109.34629821777344,5.605193857299268e-45,1.1210387714598537e-44,5.605193857299268e-45,-5.605193857299268e-45,0,0,0.0028521623462438583,0.0017888637958094478,5.605193857299268e-45,1.1210387714598537e-44,14.564309120178223,14.559199333190918,14.572840690612793,0.013269311748445034,0.014176633208990097,0,0,4800,0,5.605193857299268e-45
1787297085249,2565,0,0,10,0.11822011321783066,5.546695709228516,113.28720092773438,5.605193857299268e-45,1.1210387714598537e-44,5.605193857299268e-45,-5.605193857299268e-45,0,0,0.0024894217494875193,0.0020389347337186337,5.605193857299268e-45,1.1210387714598537e-44,14.572684288024902,14.5634126663208,14.57986068725586,0.013431420549750328,0.014649746008217335,0,0,4800,0,5.605193857299268e-45
1787297085268,2566,0,0,10,0.0011191540397703648,-10.775724411010742,190.4684295654297,5.605193857299268e-45,1.1210387714598537e-44,5.605193857299268e-45,-5.605193857299268e-45,0,0,0.0027901979628950357,0.002049129456281662,5.605193857299268e-45,1.1210387714598537e-44,14.58417797088623,14.579626083374023,14.5922212600708,0.013307358138263226,0.014362743124365807,0,0,4800,0,5.605193857299268e-45
1787297085289,2567,0,0,10,-0.027080418542027473,-12.093108177185059,158.170166015625,5.605193857299268e-45,1.1210387714598537e-44,5.605193857299268e-45,-5.605193857299268e-45,0,0,0.003126218682155013,0.002539884066209197,5.605193857299268e-45,1.1210387714598537e-44,14.591991424560547,14.586214065551758,14.599428176879883,0.013652953319251537,0.014669645577669144,0,0,4800,0,5.605193857299268e-45
1787297085309,2568,0,0,10,-0.03670642897486687,-6.335085868835449,117.38219451904297,5.605193857299268e-45,1.1210387714598537e-44,5.605193857299268e-45,-5.605193857299268e-45,0,0,0.0024390490725636482,0.002075954806059599,5.605193857299268e-45,1.1210387714598537e-44,14.605273246765137,14.597542762756348,14.6161470413208,0.013579022139310837,0.014783534221351147,0,0,4800,0,5.605193857299268e-45
1787297085329,2569,0,0,10,0.05357349291443825,0.8415195941925049,80.78043365478516,5.605193857299268e-45,1.1210387714598537e-44,5.605193857299268e-45,-5.605193857299268e-45,0,0,0.0015435355016961694,0.0017338654724881053,5.605193857299268e-45,1.1210387714598537e-44,14.615438461303711,14.609121322631836,14.622157096862793,0.013356599025428295,0.015199241228401661,0,0,4800,0,5.605193857299268e-45
1787297085349,2570,0,0,10,0.013868983834981918,-8.924762725830078,114.24874114990234,5.605193857299268e-45,1.1210387714598537e-44,5.605193857299268e-45,-5.605193857299268e-45,0,0,0.004862372763454914,0.0028148896526545286,5.605193857299268e-45,1.1210387714598537e-44,14.627182960510254,14.6148042678833,14.636975288391113,0.01338278129696846,0.014757905155420303,0,0,4800,0,5.605193857299268e-45
1787297085369,2571,0,0,10,0.13575635850429535,10.167186737060547,84.35314178466797,5.605193857299268e-45,1.1210387714598537e-44,5.605193857299268e-45,-5.605193857299268e-45,0,0,0.003359296126291156,0.001747512724250555,5.605193857299268e-45,1.1210387714598537e-44,14.636707305908203,14.629353523254395,14.643083572387695,0.013361828401684761,0.014618732035160065,0,0,4800,0,5.605193857299268e-45
1787297085389,2572,0,0,10,-0.21055755019187927,-21.170120239257812,111.4310531616211,5.605193857299268e-45,1.1210387714598537e-44,5.605193857299268e-45,-5.605193857299268e-45,0,0,0.0037672945763915777,0.0020752958953380585,5.605193857299268e-45,1.1210387714598537e-44,14.641613006591797,14.635626792907715,14.645866394042969,0.013184642419219017,0.014091132208704948,0,0,4800,0,5.605193857299268e-45
1787297085409,2573,0,0,10,0.2815125584602356,29.930397033691406,157.2997589111328,5.605193857299268e-45,1.1210387714598537e-44,5.605193857299268e-45,-5.605193857299268e-45,0,0,0.0036202939227223396,0.002237977460026741,5.605193857299268e-45,1.1210387714598537e-44,14.648118019104004,14.643512725830078,14.65746784210205,0.013360865414142609,0.014327555894851685,0,0,4800,0,5.605193857299268e-45
1787297085429,2574,0,0,10,-0.0413815937936306,-18.991531372070312,171.79208374023438,5.605193857299268e-45,1.1210387714598537e-44,5.605193857299268e-45,-5.605193857299268e-45,0,0,0.004384569823741913,0.0029200324788689613,5.605193857299268e-45,1.1210387714598537e-44,14.658194541931152,14.650465965270996,14.663951873779297,0.013084025122225285,0.013694323599338531,0,0,4800,0,5.605193857299268e-45
